solid OpenSCAD_Model
  facet normal 0.980801 0.195013 0
    outer loop
      vertex -54.4171 -14.7389 37
      vertex -54.4681 -14.4824 15
      vertex -54.4681 -14.4824 37
    endloop
  endfacet
  facet normal 0.980801 0.195013 0
    outer loop
      vertex -54.4681 -14.4824 15
      vertex -54.4171 -14.7389 37
      vertex -54.4171 -14.7389 15
    endloop
  endfacet
  facet normal 0.997862 0.0653521 0
    outer loop
      vertex -54.4 -15 37
      vertex -54.4171 -14.7389 15
      vertex -54.4171 -14.7389 37
    endloop
  endfacet
  facet normal 0.997862 0.0653521 0
    outer loop
      vertex -54.4171 -14.7389 15
      vertex -54.4 -15 37
      vertex -54.4 -15 15
    endloop
  endfacet
  facet normal 0.94695 0.321382 0
    outer loop
      vertex -54.4681 -14.4824 37
      vertex -54.5522 -14.2346 15
      vertex -54.5522 -14.2346 37
    endloop
  endfacet
  facet normal 0.94695 0.321382 0
    outer loop
      vertex -54.5522 -14.2346 15
      vertex -54.4681 -14.4824 37
      vertex -54.4681 -14.4824 15
    endloop
  endfacet
  facet normal 0.831344 0.555758 0
    outer loop
      vertex -54.6679 -14 37
      vertex -54.8133 -13.7825 15
      vertex -54.8133 -13.7825 37
    endloop
  endfacet
  facet normal 0.831344 0.555758 0
    outer loop
      vertex -54.8133 -13.7825 15
      vertex -54.6679 -14 37
      vertex -54.6679 -14 15
    endloop
  endfacet
  facet normal -0.751842 0.659343 0
    outer loop
      vertex -57.9867 -13.7825 15
      vertex -57.8142 -13.5858 37
      vertex -57.8142 -13.5858 15
    endloop
  endfacet
  facet normal -0.751842 0.659343 0
    outer loop
      vertex -57.8142 -13.5858 37
      vertex -57.9867 -13.7825 15
      vertex -57.9867 -13.7825 37
    endloop
  endfacet
  facet normal 0.89686 0.442314 0
    outer loop
      vertex -54.5522 -14.2346 37
      vertex -54.6679 -14 15
      vertex -54.6679 -14 37
    endloop
  endfacet
  facet normal 0.89686 0.442314 0
    outer loop
      vertex -54.6679 -14 15
      vertex -54.5522 -14.2346 37
      vertex -54.5522 -14.2346 15
    endloop
  endfacet
  facet normal -0.831521 -0.555494 0
    outer loop
      vertex -57.9867 -16.2175 15
      vertex -58.132 -16 37
      vertex -58.132 -16 15
    endloop
  endfacet
  facet normal -0.831521 -0.555494 0
    outer loop
      vertex -58.132 -16 37
      vertex -57.9867 -16.2175 15
      vertex -57.9867 -16.2175 37
    endloop
  endfacet
  facet normal 0.831344 -0.555758 0
    outer loop
      vertex -54.8133 -16.2175 37
      vertex -54.6679 -16 15
      vertex -54.6679 -16 37
    endloop
  endfacet
  facet normal 0.831344 -0.555758 0
    outer loop
      vertex -54.6679 -16 15
      vertex -54.8133 -16.2175 37
      vertex -54.8133 -16.2175 15
    endloop
  endfacet
  facet normal -0.555758 0.831344 0
    outer loop
      vertex -57.4 -13.2679 15
      vertex -57.6175 -13.4133 37
      vertex -57.4 -13.2679 37
    endloop
  endfacet
  facet normal -0.555758 0.831344 0
    outer loop
      vertex -57.6175 -13.4133 37
      vertex -57.4 -13.2679 15
      vertex -57.6175 -13.4133 15
    endloop
  endfacet
  facet normal 0.442314 0.89686 -0
    outer loop
      vertex -55.4 -13.2679 15
      vertex -55.6346 -13.1522 37
      vertex -55.4 -13.2679 37
    endloop
  endfacet
  facet normal 0.442314 0.89686 0
    outer loop
      vertex -55.6346 -13.1522 37
      vertex -55.4 -13.2679 15
      vertex -55.6346 -13.1522 15
    endloop
  endfacet
  facet normal -0.980801 0.195013 0
    outer loop
      vertex -58.3829 -14.7389 15
      vertex -58.3319 -14.4824 37
      vertex -58.3319 -14.4824 15
    endloop
  endfacet
  facet normal -0.980801 0.195013 0
    outer loop
      vertex -58.3319 -14.4824 37
      vertex -58.3829 -14.7389 15
      vertex -58.3829 -14.7389 37
    endloop
  endfacet
  facet normal 0.555494 -0.831521 0
    outer loop
      vertex -55.4 -16.732 15
      vertex -55.1825 -16.5867 37
      vertex -55.4 -16.732 37
    endloop
  endfacet
  facet normal 0.555494 -0.831521 0
    outer loop
      vertex -55.1825 -16.5867 37
      vertex -55.4 -16.732 15
      vertex -55.1825 -16.5867 15
    endloop
  endfacet
  facet normal -0.896709 0.442621 0
    outer loop
      vertex -58.2478 -14.2346 15
      vertex -58.132 -14 37
      vertex -58.132 -14 15
    endloop
  endfacet
  facet normal -0.896709 0.442621 0
    outer loop
      vertex -58.132 -14 37
      vertex -58.2478 -14.2346 15
      vertex -58.2478 -14.2346 37
    endloop
  endfacet
  facet normal 0.751842 0.659343 0
    outer loop
      vertex -54.8133 -13.7825 37
      vertex -54.9858 -13.5858 15
      vertex -54.9858 -13.5858 37
    endloop
  endfacet
  facet normal 0.751842 0.659343 0
    outer loop
      vertex -54.9858 -13.5858 15
      vertex -54.8133 -13.7825 37
      vertex -54.8133 -13.7825 15
    endloop
  endfacet
  facet normal -0.94695 -0.321382 0
    outer loop
      vertex -58.2478 -15.7654 15
      vertex -58.3319 -15.5176 37
      vertex -58.3319 -15.5176 15
    endloop
  endfacet
  facet normal -0.94695 -0.321382 0
    outer loop
      vertex -58.3319 -15.5176 37
      vertex -58.2478 -15.7654 15
      vertex -58.2478 -15.7654 37
    endloop
  endfacet
  facet normal 0 0 -1
    outer loop
      vertex -54.4171 -15.2611 15
      vertex -54.4171 -14.7389 15
      vertex -54.4 -15 15
    endloop
  endfacet
  facet normal 0 0 -1
    outer loop
      vertex -54.4681 -15.5176 15
      vertex -54.4171 -14.7389 15
      vertex -54.4171 -15.2611 15
    endloop
  endfacet
  facet normal 0 0 -1
    outer loop
      vertex -54.4681 -15.5176 15
      vertex -54.4681 -14.4824 15
      vertex -54.4171 -14.7389 15
    endloop
  endfacet
  facet normal 0 0 -1
    outer loop
      vertex -54.5522 -15.7654 15
      vertex -54.4681 -14.4824 15
      vertex -54.4681 -15.5176 15
    endloop
  endfacet
  facet normal 0 0 -1
    outer loop
      vertex -54.5522 -15.7654 15
      vertex -54.5522 -14.2346 15
      vertex -54.4681 -14.4824 15
    endloop
  endfacet
  facet normal 0 0 -1
    outer loop
      vertex -54.6679 -16 15
      vertex -54.5522 -14.2346 15
      vertex -54.5522 -15.7654 15
    endloop
  endfacet
  facet normal 0 0 -1
    outer loop
      vertex -54.6679 -16 15
      vertex -54.6679 -14 15
      vertex -54.5522 -14.2346 15
    endloop
  endfacet
  facet normal 0 0 -1
    outer loop
      vertex -54.8133 -16.2175 15
      vertex -54.6679 -14 15
      vertex -54.6679 -16 15
    endloop
  endfacet
  facet normal 0 0 -1
    outer loop
      vertex -54.8133 -16.2175 15
      vertex -54.8133 -13.7825 15
      vertex -54.6679 -14 15
    endloop
  endfacet
  facet normal 0 0 -1
    outer loop
      vertex -54.9858 -16.4142 15
      vertex -54.8133 -13.7825 15
      vertex -54.8133 -16.2175 15
    endloop
  endfacet
  facet normal 0 0 -1
    outer loop
      vertex -54.9858 -16.4142 15
      vertex -54.9858 -13.5858 15
      vertex -54.8133 -13.7825 15
    endloop
  endfacet
  facet normal 0 0 -1
    outer loop
      vertex -55.1825 -16.5867 15
      vertex -54.9858 -13.5858 15
      vertex -54.9858 -16.4142 15
    endloop
  endfacet
  facet normal 0 0 -1
    outer loop
      vertex -55.1825 -16.5867 15
      vertex -55.1825 -13.4133 15
      vertex -54.9858 -13.5858 15
    endloop
  endfacet
  facet normal 0 0 -1
    outer loop
      vertex -55.4 -16.732 15
      vertex -55.1825 -13.4133 15
      vertex -55.1825 -16.5867 15
    endloop
  endfacet
  facet normal 0 0 -1
    outer loop
      vertex -55.4 -16.732 15
      vertex -55.4 -13.2679 15
      vertex -55.1825 -13.4133 15
    endloop
  endfacet
  facet normal 0 0 -1
    outer loop
      vertex -55.6346 -16.8478 15
      vertex -55.4 -13.2679 15
      vertex -55.4 -16.732 15
    endloop
  endfacet
  facet normal 0 0 -1
    outer loop
      vertex -55.6346 -16.8478 15
      vertex -55.6346 -13.1522 15
      vertex -55.4 -13.2679 15
    endloop
  endfacet
  facet normal 0 0 -1
    outer loop
      vertex -55.8824 -16.9319 15
      vertex -55.6346 -13.1522 15
      vertex -55.6346 -16.8478 15
    endloop
  endfacet
  facet normal 0 0 -1
    outer loop
      vertex -55.8824 -16.9319 15
      vertex -55.8824 -13.0681 15
      vertex -55.6346 -13.1522 15
    endloop
  endfacet
  facet normal 0 0 -1
    outer loop
      vertex -56.1389 -16.9829 15
      vertex -55.8824 -13.0681 15
      vertex -55.8824 -16.9319 15
    endloop
  endfacet
  facet normal 0 0 -1
    outer loop
      vertex -56.1389 -16.9829 15
      vertex -56.1389 -13.0171 15
      vertex -55.8824 -13.0681 15
    endloop
  endfacet
  facet normal 0 0 -1
    outer loop
      vertex -56.4 -17 15
      vertex -56.1389 -13.0171 15
      vertex -56.1389 -16.9829 15
    endloop
  endfacet
  facet normal 0 0 -1
    outer loop
      vertex -56.4 -17 15
      vertex -56.4 -13 15
      vertex -56.1389 -13.0171 15
    endloop
  endfacet
  facet normal 0 0 -1
    outer loop
      vertex -56.6611 -16.9829 15
      vertex -56.4 -13 15
      vertex -56.4 -17 15
    endloop
  endfacet
  facet normal 0 0 -1
    outer loop
      vertex -56.6611 -16.9829 15
      vertex -56.6611 -13.0171 15
      vertex -56.4 -13 15
    endloop
  endfacet
  facet normal 0 0 -1
    outer loop
      vertex -56.9176 -16.9319 15
      vertex -56.6611 -13.0171 15
      vertex -56.6611 -16.9829 15
    endloop
  endfacet
  facet normal 0 0 -1
    outer loop
      vertex -56.9176 -16.9319 15
      vertex -56.9176 -13.0681 15
      vertex -56.6611 -13.0171 15
    endloop
  endfacet
  facet normal 0 0 -1
    outer loop
      vertex -57.1654 -16.8478 15
      vertex -56.9176 -13.0681 15
      vertex -56.9176 -16.9319 15
    endloop
  endfacet
  facet normal 0 0 -1
    outer loop
      vertex -57.1654 -16.8478 15
      vertex -57.1654 -13.1522 15
      vertex -56.9176 -13.0681 15
    endloop
  endfacet
  facet normal 0 0 -1
    outer loop
      vertex -57.4 -16.732 15
      vertex -57.1654 -13.1522 15
      vertex -57.1654 -16.8478 15
    endloop
  endfacet
  facet normal 0 0 -1
    outer loop
      vertex -57.4 -16.732 15
      vertex -57.4 -13.2679 15
      vertex -57.1654 -13.1522 15
    endloop
  endfacet
  facet normal 0 0 -1
    outer loop
      vertex -57.6175 -16.5867 15
      vertex -57.4 -13.2679 15
      vertex -57.4 -16.732 15
    endloop
  endfacet
  facet normal 0 0 -1
    outer loop
      vertex -57.6175 -16.5867 15
      vertex -57.6175 -13.4133 15
      vertex -57.4 -13.2679 15
    endloop
  endfacet
  facet normal 0 0 -1
    outer loop
      vertex -57.8142 -16.4142 15
      vertex -57.6175 -13.4133 15
      vertex -57.6175 -16.5867 15
    endloop
  endfacet
  facet normal 0 0 -1
    outer loop
      vertex -57.8142 -16.4142 15
      vertex -57.8142 -13.5858 15
      vertex -57.6175 -13.4133 15
    endloop
  endfacet
  facet normal 0 0 -1
    outer loop
      vertex -57.9867 -16.2175 15
      vertex -57.8142 -13.5858 15
      vertex -57.8142 -16.4142 15
    endloop
  endfacet
  facet normal 0 0 -1
    outer loop
      vertex -57.9867 -16.2175 15
      vertex -57.9867 -13.7825 15
      vertex -57.8142 -13.5858 15
    endloop
  endfacet
  facet normal 0 0 -1
    outer loop
      vertex -58.132 -16 15
      vertex -57.9867 -13.7825 15
      vertex -57.9867 -16.2175 15
    endloop
  endfacet
  facet normal 0 0 -1
    outer loop
      vertex -58.132 -16 15
      vertex -58.132 -14 15
      vertex -57.9867 -13.7825 15
    endloop
  endfacet
  facet normal 0 0 -1
    outer loop
      vertex -58.2478 -15.7654 15
      vertex -58.132 -14 15
      vertex -58.132 -16 15
    endloop
  endfacet
  facet normal 0 0 -1
    outer loop
      vertex -58.2478 -15.7654 15
      vertex -58.2478 -14.2346 15
      vertex -58.132 -14 15
    endloop
  endfacet
  facet normal 0 0 -1
    outer loop
      vertex -58.3319 -15.5176 15
      vertex -58.2478 -14.2346 15
      vertex -58.2478 -15.7654 15
    endloop
  endfacet
  facet normal 0 0 -1
    outer loop
      vertex -58.3319 -15.5176 15
      vertex -58.3319 -14.4824 15
      vertex -58.2478 -14.2346 15
    endloop
  endfacet
  facet normal 0 0 -1
    outer loop
      vertex -58.3829 -15.2611 15
      vertex -58.3319 -14.4824 15
      vertex -58.3319 -15.5176 15
    endloop
  endfacet
  facet normal 0 0 -1
    outer loop
      vertex -58.3829 -15.2611 15
      vertex -58.3829 -14.7389 15
      vertex -58.3319 -14.4824 15
    endloop
  endfacet
  facet normal 0 -0 -1
    outer loop
      vertex -58.3829 -14.7389 15
      vertex -58.3829 -15.2611 15
      vertex -58.4 -15 15
    endloop
  endfacet
  facet normal -0.751842 -0.659343 0
    outer loop
      vertex -57.8142 -16.4142 15
      vertex -57.9867 -16.2175 37
      vertex -57.9867 -16.2175 15
    endloop
  endfacet
  facet normal -0.751842 -0.659343 0
    outer loop
      vertex -57.9867 -16.2175 37
      vertex -57.8142 -16.4142 15
      vertex -57.8142 -16.4142 37
    endloop
  endfacet
  facet normal -0.659343 0.751842 0
    outer loop
      vertex -57.6175 -13.4133 15
      vertex -57.8142 -13.5858 37
      vertex -57.6175 -13.4133 37
    endloop
  endfacet
  facet normal -0.659343 0.751842 0
    outer loop
      vertex -57.8142 -13.5858 37
      vertex -57.6175 -13.4133 15
      vertex -57.8142 -13.5858 15
    endloop
  endfacet
  facet normal -0.0653521 -0.997862 0
    outer loop
      vertex -56.6611 -16.9829 15
      vertex -56.4 -17 37
      vertex -56.6611 -16.9829 37
    endloop
  endfacet
  facet normal -0.0653521 -0.997862 -0
    outer loop
      vertex -56.4 -17 37
      vertex -56.6611 -16.9829 15
      vertex -56.4 -17 15
    endloop
  endfacet
  facet normal -0.321382 0.94695 0
    outer loop
      vertex -56.9176 -13.0681 15
      vertex -57.1654 -13.1522 37
      vertex -56.9176 -13.0681 37
    endloop
  endfacet
  facet normal -0.321382 0.94695 0
    outer loop
      vertex -57.1654 -13.1522 37
      vertex -56.9176 -13.0681 15
      vertex -57.1654 -13.1522 15
    endloop
  endfacet
  facet normal -0.997862 -0.0653521 0
    outer loop
      vertex -58.3829 -15.2611 15
      vertex -58.4 -15 37
      vertex -58.4 -15 15
    endloop
  endfacet
  facet normal -0.997862 -0.0653521 0
    outer loop
      vertex -58.4 -15 37
      vertex -58.3829 -15.2611 15
      vertex -58.3829 -15.2611 37
    endloop
  endfacet
  facet normal 0.997862 -0.0653521 0
    outer loop
      vertex -54.4171 -15.2611 37
      vertex -54.4 -15 15
      vertex -54.4 -15 37
    endloop
  endfacet
  facet normal 0.997862 -0.0653521 0
    outer loop
      vertex -54.4 -15 15
      vertex -54.4171 -15.2611 37
      vertex -54.4171 -15.2611 15
    endloop
  endfacet
  facet normal 0.321382 -0.94695 0
    outer loop
      vertex -55.8824 -16.9319 15
      vertex -55.6346 -16.8478 37
      vertex -55.8824 -16.9319 37
    endloop
  endfacet
  facet normal 0.321382 -0.94695 0
    outer loop
      vertex -55.6346 -16.8478 37
      vertex -55.8824 -16.9319 15
      vertex -55.6346 -16.8478 15
    endloop
  endfacet
  facet normal 0.659343 -0.751842 0
    outer loop
      vertex -55.1825 -16.5867 15
      vertex -54.9858 -16.4142 37
      vertex -55.1825 -16.5867 37
    endloop
  endfacet
  facet normal 0.659343 -0.751842 0
    outer loop
      vertex -54.9858 -16.4142 37
      vertex -55.1825 -16.5867 15
      vertex -54.9858 -16.4142 15
    endloop
  endfacet
  facet normal 0.442621 -0.896709 0
    outer loop
      vertex -55.6346 -16.8478 15
      vertex -55.4 -16.732 37
      vertex -55.6346 -16.8478 37
    endloop
  endfacet
  facet normal 0.442621 -0.896709 0
    outer loop
      vertex -55.4 -16.732 37
      vertex -55.6346 -16.8478 15
      vertex -55.4 -16.732 15
    endloop
  endfacet
  facet normal 0.555758 0.831344 -0
    outer loop
      vertex -55.1825 -13.4133 15
      vertex -55.4 -13.2679 37
      vertex -55.1825 -13.4133 37
    endloop
  endfacet
  facet normal 0.555758 0.831344 0
    outer loop
      vertex -55.4 -13.2679 37
      vertex -55.1825 -13.4133 15
      vertex -55.4 -13.2679 15
    endloop
  endfacet
  facet normal -0.831521 0.555494 0
    outer loop
      vertex -58.132 -14 15
      vertex -57.9867 -13.7825 37
      vertex -57.9867 -13.7825 15
    endloop
  endfacet
  facet normal -0.831521 0.555494 0
    outer loop
      vertex -57.9867 -13.7825 37
      vertex -58.132 -14 15
      vertex -58.132 -14 37
    endloop
  endfacet
  facet normal 0.751842 -0.659343 0
    outer loop
      vertex -54.9858 -16.4142 37
      vertex -54.8133 -16.2175 15
      vertex -54.8133 -16.2175 37
    endloop
  endfacet
  facet normal 0.751842 -0.659343 0
    outer loop
      vertex -54.8133 -16.2175 15
      vertex -54.9858 -16.4142 37
      vertex -54.9858 -16.4142 15
    endloop
  endfacet
  facet normal -0.94695 0.321382 0
    outer loop
      vertex -58.3319 -14.4824 15
      vertex -58.2478 -14.2346 37
      vertex -58.2478 -14.2346 15
    endloop
  endfacet
  facet normal -0.94695 0.321382 0
    outer loop
      vertex -58.2478 -14.2346 37
      vertex -58.3319 -14.4824 15
      vertex -58.3319 -14.4824 37
    endloop
  endfacet
  facet normal -0.195013 0.980801 0
    outer loop
      vertex -56.6611 -13.0171 15
      vertex -56.9176 -13.0681 37
      vertex -56.6611 -13.0171 37
    endloop
  endfacet
  facet normal -0.195013 0.980801 0
    outer loop
      vertex -56.9176 -13.0681 37
      vertex -56.6611 -13.0171 15
      vertex -56.9176 -13.0681 15
    endloop
  endfacet
  facet normal 0 0 -1
    outer loop
      vertex -57.6175 -13.4133 37
      vertex -69.1979 -12.5979 37
      vertex -57.4 -13.2679 37
    endloop
  endfacet
  facet normal 0 0 -1
    outer loop
      vertex -57.4 13.2679 37
      vertex -68.7145 13.5781 37
      vertex -68.7 13.8 37
    endloop
  endfacet
  facet normal 0 0 -1
    outer loop
      vertex -69.3651 -12.4513 37
      vertex -57.4 -13.2679 37
      vertex -69.1979 -12.5979 37
    endloop
  endfacet
  facet normal 0 0 -1
    outer loop
      vertex -57.4 13.2679 37
      vertex -68.7579 13.36 37
      vertex -68.7145 13.5781 37
    endloop
  endfacet
  facet normal 0 0 -1
    outer loop
      vertex -57.4 -13.2679 37
      vertex -69.3651 -12.4513 37
      vertex -57.1654 -13.1522 37
    endloop
  endfacet
  facet normal -0 0 -1
    outer loop
      vertex -57.4 13.2679 37
      vertex -68.8294 13.1494 37
      vertex -68.7579 13.36 37
    endloop
  endfacet
  facet normal 0 0 -1
    outer loop
      vertex -69.55 -12.3278 37
      vertex -57.1654 -13.1522 37
      vertex -69.3651 -12.4513 37
    endloop
  endfacet
  facet normal 0 0 -1
    outer loop
      vertex -57.4 13.2679 37
      vertex -68.9278 12.95 37
      vertex -68.8294 13.1494 37
    endloop
  endfacet
  facet normal 0 0 -1
    outer loop
      vertex -57.1654 -13.1522 37
      vertex -69.55 -12.3278 37
      vertex -49.2136 -2.94526 37
    endloop
  endfacet
  facet normal 0 0 -1
    outer loop
      vertex -57.4 13.2679 37
      vertex -69.0513 12.7651 37
      vertex -68.9278 12.95 37
    endloop
  endfacet
  facet normal 0 0 -1
    outer loop
      vertex -69.55 12.3278 37
      vertex -49.2136 -2.94526 37
      vertex -69.55 -12.3278 37
    endloop
  endfacet
  facet normal 0 0 -1
    outer loop
      vertex -57.4 13.2679 37
      vertex -69.1979 12.5979 37
      vertex -69.0513 12.7651 37
    endloop
  endfacet
  facet normal 0 0 -1
    outer loop
      vertex -49.2136 -2.94526 37
      vertex -69.55 12.3278 37
      vertex -57.1654 13.1522 37
    endloop
  endfacet
  facet normal 0 0 -1
    outer loop
      vertex -57.4 13.2679 37
      vertex -69.3651 12.4513 37
      vertex -69.1979 12.5979 37
    endloop
  endfacet
  facet normal -0 0 -1
    outer loop
      vertex -57.1654 13.1522 37
      vertex -69.55 12.3278 37
      vertex -57.4 13.2679 37
    endloop
  endfacet
  facet normal 0 0 -1
    outer loop
      vertex -57.4 13.2679 37
      vertex -69.55 12.3278 37
      vertex -69.3651 12.4513 37
    endloop
  endfacet
  facet normal 0 0 -1
    outer loop
      vertex -69.7494 -12.2294 37
      vertex -69.55 12.3278 37
      vertex -69.55 -12.3278 37
    endloop
  endfacet
  facet normal 0 0 -1
    outer loop
      vertex -69.7494 -12.2294 37
      vertex -69.7494 12.2294 37
      vertex -69.55 12.3278 37
    endloop
  endfacet
  facet normal 0 0 -1
    outer loop
      vertex -69.96 -12.1579 37
      vertex -69.7494 12.2294 37
      vertex -69.7494 -12.2294 37
    endloop
  endfacet
  facet normal 0 0 -1
    outer loop
      vertex -69.96 -12.1579 37
      vertex -69.96 12.1579 37
      vertex -69.7494 12.2294 37
    endloop
  endfacet
  facet normal 0 0 -1
    outer loop
      vertex -70.1781 -12.1145 37
      vertex -69.96 12.1579 37
      vertex -69.96 -12.1579 37
    endloop
  endfacet
  facet normal 0 0 -1
    outer loop
      vertex -70.1781 -12.1145 37
      vertex -70.1781 12.1145 37
      vertex -69.96 12.1579 37
    endloop
  endfacet
  facet normal 0 0 -1
    outer loop
      vertex -70.4 -12.1 37
      vertex -70.1781 12.1145 37
      vertex -70.1781 -12.1145 37
    endloop
  endfacet
  facet normal 0 0 -1
    outer loop
      vertex -70.4 -12.1 37
      vertex -70.4 12.1 37
      vertex -70.1781 12.1145 37
    endloop
  endfacet
  facet normal 0 0 -1
    outer loop
      vertex -70.6219 -12.1145 37
      vertex -70.4 12.1 37
      vertex -70.4 -12.1 37
    endloop
  endfacet
  facet normal 0 0 -1
    outer loop
      vertex -70.6219 -12.1145 37
      vertex -70.6219 12.1145 37
      vertex -70.4 12.1 37
    endloop
  endfacet
  facet normal 0 0 -1
    outer loop
      vertex -70.84 -12.1579 37
      vertex -70.6219 12.1145 37
      vertex -70.6219 -12.1145 37
    endloop
  endfacet
  facet normal 0 0 -1
    outer loop
      vertex -70.84 -12.1579 37
      vertex -70.84 12.1579 37
      vertex -70.6219 12.1145 37
    endloop
  endfacet
  facet normal 0 0 -1
    outer loop
      vertex -71.0506 -12.2294 37
      vertex -70.84 12.1579 37
      vertex -70.84 -12.1579 37
    endloop
  endfacet
  facet normal 0 0 -1
    outer loop
      vertex -71.0506 -12.2294 37
      vertex -71.0506 12.2294 37
      vertex -70.84 12.1579 37
    endloop
  endfacet
  facet normal 0 0 -1
    outer loop
      vertex -71.25 -12.3278 37
      vertex -71.0506 12.2294 37
      vertex -71.0506 -12.2294 37
    endloop
  endfacet
  facet normal 0 0 -1
    outer loop
      vertex -71.25 -12.3278 37
      vertex -71.25 12.3278 37
      vertex -71.0506 12.2294 37
    endloop
  endfacet
  facet normal 0 0 -1
    outer loop
      vertex -71.4349 -12.4513 37
      vertex -71.25 12.3278 37
      vertex -71.25 -12.3278 37
    endloop
  endfacet
  facet normal 0 0 -1
    outer loop
      vertex -71.4349 -12.4513 37
      vertex -71.4349 12.4513 37
      vertex -71.25 12.3278 37
    endloop
  endfacet
  facet normal 0 0 -1
    outer loop
      vertex -71.6021 -12.5979 37
      vertex -71.4349 12.4513 37
      vertex -71.4349 -12.4513 37
    endloop
  endfacet
  facet normal 0 0 -1
    outer loop
      vertex -71.6021 -12.5979 37
      vertex -71.6021 12.5979 37
      vertex -71.4349 12.4513 37
    endloop
  endfacet
  facet normal 0 0 -1
    outer loop
      vertex -71.7487 -12.7651 37
      vertex -71.6021 12.5979 37
      vertex -71.6021 -12.5979 37
    endloop
  endfacet
  facet normal 0 0 -1
    outer loop
      vertex -71.7487 -12.7651 37
      vertex -71.7487 12.7651 37
      vertex -71.6021 12.5979 37
    endloop
  endfacet
  facet normal 0 0 -1
    outer loop
      vertex -74.4 -15.4 37
      vertex -71.7487 -12.7651 37
      vertex -71.8722 -12.95 37
    endloop
  endfacet
  facet normal -0 0 -1
    outer loop
      vertex -71.7487 -12.7651 37
      vertex -74.4 -15.4 37
      vertex -71.7487 12.7651 37
    endloop
  endfacet
  facet normal 0 0 -1
    outer loop
      vertex -74.4 -15.4 37
      vertex -71.8722 -12.95 37
      vertex -71.9706 -13.1494 37
    endloop
  endfacet
  facet normal 0 0 -1
    outer loop
      vertex -74.4 15.4 37
      vertex -71.7487 12.7651 37
      vertex -74.4 -15.4 37
    endloop
  endfacet
  facet normal 0 0 -1
    outer loop
      vertex -74.4 -15.4 37
      vertex -71.9706 -13.1494 37
      vertex -72.0421 -13.36 37
    endloop
  endfacet
  facet normal 0 0 -1
    outer loop
      vertex -71.7487 12.7651 37
      vertex -74.4 15.4 37
      vertex -71.8722 12.95 37
    endloop
  endfacet
  facet normal 0 0 -1
    outer loop
      vertex -74.4 -15.4 37
      vertex -72.0421 -13.36 37
      vertex -72.0855 -13.5781 37
    endloop
  endfacet
  facet normal 0 0 -1
    outer loop
      vertex -71.8722 12.95 37
      vertex -74.4 15.4 37
      vertex -71.9706 13.1494 37
    endloop
  endfacet
  facet normal 0 0 -1
    outer loop
      vertex -74.4 -15.4 37
      vertex -72.0855 -13.5781 37
      vertex -72.1 -13.8 37
    endloop
  endfacet
  facet normal 0 0 -1
    outer loop
      vertex -71.9706 13.1494 37
      vertex -74.4 15.4 37
      vertex -72.0421 13.36 37
    endloop
  endfacet
  facet normal 0 0 -1
    outer loop
      vertex -55.4 -13.2679 37
      vertex -48.3717 -6.08724 37
      vertex -55.1825 -13.4133 37
    endloop
  endfacet
  facet normal 0 0 -1
    outer loop
      vertex -49.2136 -2.94526 37
      vertex -54.4171 14.7389 37
      vertex -54.4 15 37
    endloop
  endfacet
  facet normal -0 0 -1
    outer loop
      vertex -48.3717 -6.08724 37
      vertex -55.4 -13.2679 37
      vertex -48.6806 -5.625 37
    endloop
  endfacet
  facet normal 0 0 -1
    outer loop
      vertex -49.2136 -2.94526 37
      vertex -54.4681 14.4824 37
      vertex -54.4171 14.7389 37
    endloop
  endfacet
  facet normal 0 0 -1
    outer loop
      vertex -55.6346 -13.1522 37
      vertex -48.6806 -5.625 37
      vertex -55.4 -13.2679 37
    endloop
  endfacet
  facet normal 0 0 -1
    outer loop
      vertex -49.2136 -2.94526 37
      vertex -54.5522 14.2346 37
      vertex -54.4681 14.4824 37
    endloop
  endfacet
  facet normal -0 0 -1
    outer loop
      vertex -48.6806 -5.625 37
      vertex -55.6346 -13.1522 37
      vertex -48.9265 -5.1264 37
    endloop
  endfacet
  facet normal 0 0 -1
    outer loop
      vertex -49.2136 -2.94526 37
      vertex -54.6679 14 37
      vertex -54.5522 14.2346 37
    endloop
  endfacet
  facet normal 0 0 -1
    outer loop
      vertex -55.8824 -13.0681 37
      vertex -48.9265 -5.1264 37
      vertex -55.6346 -13.1522 37
    endloop
  endfacet
  facet normal 0 0 -1
    outer loop
      vertex -49.2136 -2.94526 37
      vertex -54.8133 13.7825 37
      vertex -54.6679 14 37
    endloop
  endfacet
  facet normal 0 0 -1
    outer loop
      vertex -56.1389 -13.0171 37
      vertex -48.9265 -5.1264 37
      vertex -55.8824 -13.0681 37
    endloop
  endfacet
  facet normal 0 0 -1
    outer loop
      vertex -49.2136 -2.94526 37
      vertex -54.9858 13.5858 37
      vertex -54.8133 13.7825 37
    endloop
  endfacet
  facet normal -0 0 -1
    outer loop
      vertex -48.9265 -5.1264 37
      vertex -56.1389 -13.0171 37
      vertex -49.1052 -4.59998 37
    endloop
  endfacet
  facet normal 0 0 -1
    outer loop
      vertex -49.2136 -2.94526 37
      vertex -55.1825 13.4133 37
      vertex -54.9858 13.5858 37
    endloop
  endfacet
  facet normal 0 0 -1
    outer loop
      vertex -56.4 -13 37
      vertex -49.1052 -4.59998 37
      vertex -56.1389 -13.0171 37
    endloop
  endfacet
  facet normal 0 0 -1
    outer loop
      vertex -49.2136 -2.94526 37
      vertex -55.4 13.2679 37
      vertex -55.1825 13.4133 37
    endloop
  endfacet
  facet normal -0 0 -1
    outer loop
      vertex -49.1052 -4.59998 37
      vertex -56.4 -13 37
      vertex -49.2136 -4.05474 37
    endloop
  endfacet
  facet normal 0 0 -1
    outer loop
      vertex -49.2136 -2.94526 37
      vertex -55.6346 13.1522 37
      vertex -55.4 13.2679 37
    endloop
  endfacet
  facet normal 0 0 -1
    outer loop
      vertex -56.6611 -13.0171 37
      vertex -49.2136 -4.05474 37
      vertex -56.4 -13 37
    endloop
  endfacet
  facet normal 0 0 -1
    outer loop
      vertex -49.2136 -2.94526 37
      vertex -55.8824 13.0681 37
      vertex -55.6346 13.1522 37
    endloop
  endfacet
  facet normal -0 0 -1
    outer loop
      vertex -49.2136 -4.05474 37
      vertex -56.6611 -13.0171 37
      vertex -49.25 -3.5 37
    endloop
  endfacet
  facet normal 0 0 -1
    outer loop
      vertex -49.2136 -2.94526 37
      vertex -56.1389 13.0171 37
      vertex -55.8824 13.0681 37
    endloop
  endfacet
  facet normal 0 0 -1
    outer loop
      vertex -56.9176 -13.0681 37
      vertex -49.25 -3.5 37
      vertex -56.6611 -13.0171 37
    endloop
  endfacet
  facet normal 0 0 -1
    outer loop
      vertex -49.2136 -2.94526 37
      vertex -56.4 13 37
      vertex -56.1389 13.0171 37
    endloop
  endfacet
  facet normal -0 0 -1
    outer loop
      vertex -49.25 -3.5 37
      vertex -56.9176 -13.0681 37
      vertex -49.2136 -2.94526 37
    endloop
  endfacet
  facet normal 0 0 -1
    outer loop
      vertex -49.2136 -2.94526 37
      vertex -56.6611 13.0171 37
      vertex -56.4 13 37
    endloop
  endfacet
  facet normal 0 0 -1
    outer loop
      vertex -57.1654 -13.1522 37
      vertex -49.2136 -2.94526 37
      vertex -56.9176 -13.0681 37
    endloop
  endfacet
  facet normal 0 0 -1
    outer loop
      vertex -49.2136 -2.94526 37
      vertex -56.9176 13.0681 37
      vertex -56.6611 13.0171 37
    endloop
  endfacet
  facet normal 0 0 -1
    outer loop
      vertex -57.8142 -13.5858 37
      vertex -69.0513 -12.7651 37
      vertex -57.6175 -13.4133 37
    endloop
  endfacet
  facet normal 0 0 -1
    outer loop
      vertex -49.2136 -2.94526 37
      vertex -57.1654 13.1522 37
      vertex -56.9176 13.0681 37
    endloop
  endfacet
  facet normal 0 0 -1
    outer loop
      vertex -57.9867 -13.7825 37
      vertex -68.9278 -12.95 37
      vertex -57.8142 -13.5858 37
    endloop
  endfacet
  facet normal 0 0 -1
    outer loop
      vertex -69.0513 -12.7651 37
      vertex -57.8142 -13.5858 37
      vertex -68.9278 -12.95 37
    endloop
  endfacet
  facet normal 0 0 -1
    outer loop
      vertex -58.132 -14 37
      vertex -68.8294 -13.1494 37
      vertex -57.9867 -13.7825 37
    endloop
  endfacet
  facet normal 0 0 -1
    outer loop
      vertex -68.9278 -12.95 37
      vertex -57.9867 -13.7825 37
      vertex -68.8294 -13.1494 37
    endloop
  endfacet
  facet normal 0 0 -1
    outer loop
      vertex -68.8294 -13.1494 37
      vertex -58.132 -14 37
      vertex -68.7579 -13.36 37
    endloop
  endfacet
  facet normal 0 0 -1
    outer loop
      vertex -69.1979 -12.5979 37
      vertex -57.6175 -13.4133 37
      vertex -69.0513 -12.7651 37
    endloop
  endfacet
  facet normal 0 0 -1
    outer loop
      vertex -58.2478 -14.2346 37
      vertex -68.7579 -13.36 37
      vertex -58.132 -14 37
    endloop
  endfacet
  facet normal 0 0 -1
    outer loop
      vertex -57.4 13.2679 37
      vertex -68.7 13.8 37
      vertex -57.6175 13.4133 37
    endloop
  endfacet
  facet normal 0 0 -1
    outer loop
      vertex -68.7579 -13.36 37
      vertex -58.2478 -14.2346 37
      vertex -68.7145 -13.5781 37
    endloop
  endfacet
  facet normal 0 0 -1
    outer loop
      vertex -57.6175 13.4133 37
      vertex -68.7 13.8 37
      vertex -57.8142 13.5858 37
    endloop
  endfacet
  facet normal 0 0 -1
    outer loop
      vertex -58.3319 -14.4824 37
      vertex -68.7145 -13.5781 37
      vertex -58.2478 -14.2346 37
    endloop
  endfacet
  facet normal 0 0 -1
    outer loop
      vertex -57.8142 13.5858 37
      vertex -68.7 13.8 37
      vertex -57.9867 13.7825 37
    endloop
  endfacet
  facet normal 0 0 -1
    outer loop
      vertex -68.7145 -13.5781 37
      vertex -58.3319 -14.4824 37
      vertex -68.7 -13.8 37
    endloop
  endfacet
  facet normal 0 0 -1
    outer loop
      vertex -57.9867 13.7825 37
      vertex -68.7 13.8 37
      vertex -58.132 14 37
    endloop
  endfacet
  facet normal 0 0 -1
    outer loop
      vertex -68.7 -13.8 37
      vertex -58.3319 -14.4824 37
      vertex -58.3829 -14.7389 37
    endloop
  endfacet
  facet normal -0 0 -1
    outer loop
      vertex -58.132 14 37
      vertex -68.7 13.8 37
      vertex -58.2478 14.2346 37
    endloop
  endfacet
  facet normal 0 0 -1
    outer loop
      vertex -68.7145 -14.0219 37
      vertex -58.3829 -14.7389 37
      vertex -58.4 -15 37
    endloop
  endfacet
  facet normal -0 0 -1
    outer loop
      vertex -58.2478 14.2346 37
      vertex -68.7 13.8 37
      vertex -58.3319 14.4824 37
    endloop
  endfacet
  facet normal -0 0 -1
    outer loop
      vertex -47.1 0.192937 37
      vertex -47.125 0.180608 37
      vertex -47.1 3.5 37
    endloop
  endfacet
  facet normal 0 0 -1
    outer loop
      vertex -23.2235 13.8978 37
      vertex -23.1987 14 37
      vertex -23.1031 13.8569 37
    endloop
  endfacet
  facet normal 0 0 -1
    outer loop
      vertex -23.6084 13.9743 37
      vertex -23.1987 14 37
      vertex -23.2235 13.8978 37
    endloop
  endfacet
  facet normal -0 0 -1
    outer loop
      vertex -23.1987 14 37
      vertex -23.6084 13.9743 37
      vertex -23.3144 14.2346 37
    endloop
  endfacet
  facet normal -0 0 -1
    outer loop
      vertex -23.3985 14.4824 37
      vertex -24 14 37
      vertex -23.4496 14.7389 37
    endloop
  endfacet
  facet normal 0 0 -1
    outer loop
      vertex -24 14 37
      vertex -23.3985 14.4824 37
      vertex -23.6084 13.9743 37
    endloop
  endfacet
  facet normal -0 0 -1
    outer loop
      vertex -23.3144 14.2346 37
      vertex -23.6084 13.9743 37
      vertex -23.3985 14.4824 37
    endloop
  endfacet
  facet normal 0 0 -1
    outer loop
      vertex -21.1022 -10.2235 37
      vertex -5 -16.35 37
      vertex -21.0257 -10.6084 37
    endloop
  endfacet
  facet normal 0 0 -1
    outer loop
      vertex -5 -16.35 37
      vertex -21.0257 10.6084 37
      vertex -21 11 37
    endloop
  endfacet
  facet normal 0 0 -1
    outer loop
      vertex -21.2284 -9.85195 37
      vertex -5 -16.35 37
      vertex -21.1022 -10.2235 37
    endloop
  endfacet
  facet normal 0 0 -1
    outer loop
      vertex -5 -16.35 37
      vertex -21.1022 10.2235 37
      vertex -21.0257 10.6084 37
    endloop
  endfacet
  facet normal 0 0 -1
    outer loop
      vertex -21.4019 -9.5 37
      vertex -5 -16.35 37
      vertex -21.2284 -9.85195 37
    endloop
  endfacet
  facet normal 0 0 -1
    outer loop
      vertex -5 -16.35 37
      vertex -21.2284 9.85195 37
      vertex -21.1022 10.2235 37
    endloop
  endfacet
  facet normal 0 0 -1
    outer loop
      vertex -21.4019 9.5 37
      vertex -5 -16.35 37
      vertex -21.4019 -9.5 37
    endloop
  endfacet
  facet normal 0 0 -1
    outer loop
      vertex -5 -16.35 37
      vertex -21.4019 9.5 37
      vertex -21.2284 9.85195 37
    endloop
  endfacet
  facet normal 0 0 -1
    outer loop
      vertex -21.6199 -9.17372 37
      vertex -21.4019 9.5 37
      vertex -21.4019 -9.5 37
    endloop
  endfacet
  facet normal 0 0 -1
    outer loop
      vertex -21.6199 -9.17372 37
      vertex -21.6199 9.17372 37
      vertex -21.4019 9.5 37
    endloop
  endfacet
  facet normal 0 0 -1
    outer loop
      vertex -21.8787 -8.87868 37
      vertex -21.6199 9.17372 37
      vertex -21.6199 -9.17372 37
    endloop
  endfacet
  facet normal 0 0 -1
    outer loop
      vertex -21.8787 -8.87868 37
      vertex -21.8787 8.87868 37
      vertex -21.6199 9.17372 37
    endloop
  endfacet
  facet normal 0 0 -1
    outer loop
      vertex -22.1737 -8.61994 37
      vertex -21.8787 8.87868 37
      vertex -21.8787 -8.87868 37
    endloop
  endfacet
  facet normal 0 0 -1
    outer loop
      vertex -22.1737 -8.61994 37
      vertex -22.1737 8.61994 37
      vertex -21.8787 8.87868 37
    endloop
  endfacet
  facet normal 0 0 -1
    outer loop
      vertex -22.5 -8.40192 37
      vertex -22.1737 8.61994 37
      vertex -22.1737 -8.61994 37
    endloop
  endfacet
  facet normal 0 0 -1
    outer loop
      vertex -22.5 -8.40192 37
      vertex -22.5 8.40192 37
      vertex -22.1737 8.61994 37
    endloop
  endfacet
  facet normal 0 0 -1
    outer loop
      vertex -22.852 -8.22836 37
      vertex -22.5 8.40192 37
      vertex -22.5 -8.40192 37
    endloop
  endfacet
  facet normal 0 0 -1
    outer loop
      vertex -22.852 -8.22836 37
      vertex -22.852 8.22836 37
      vertex -22.5 8.40192 37
    endloop
  endfacet
  facet normal 0 0 -1
    outer loop
      vertex -23.2235 -8.10222 37
      vertex -22.852 8.22836 37
      vertex -22.852 -8.22836 37
    endloop
  endfacet
  facet normal 0 0 -1
    outer loop
      vertex -23.2235 -8.10222 37
      vertex -23.2235 8.10222 37
      vertex -22.852 8.22836 37
    endloop
  endfacet
  facet normal 0 0 -1
    outer loop
      vertex -23.6084 -8.02567 37
      vertex -23.2235 8.10222 37
      vertex -23.2235 -8.10222 37
    endloop
  endfacet
  facet normal 0 0 -1
    outer loop
      vertex -23.6084 -8.02567 37
      vertex -23.6084 8.02567 37
      vertex -23.2235 8.10222 37
    endloop
  endfacet
  facet normal 0 0 -1
    outer loop
      vertex -24 -8 37
      vertex -23.6084 8.02567 37
      vertex -23.6084 -8.02567 37
    endloop
  endfacet
  facet normal 0 0 -1
    outer loop
      vertex -24 -8 37
      vertex -24 8 37
      vertex -23.6084 8.02567 37
    endloop
  endfacet
  facet normal 0 0 -1
    outer loop
      vertex -24.3916 -8.02567 37
      vertex -24 8 37
      vertex -24 -8 37
    endloop
  endfacet
  facet normal 0 0 -1
    outer loop
      vertex -24.3916 -8.02567 37
      vertex -24.3916 8.02567 37
      vertex -24 8 37
    endloop
  endfacet
  facet normal 0 0 -1
    outer loop
      vertex -24.7765 -8.10222 37
      vertex -24.3916 8.02567 37
      vertex -24.3916 -8.02567 37
    endloop
  endfacet
  facet normal 0 0 -1
    outer loop
      vertex -24.7765 -8.10222 37
      vertex -24.7765 8.10222 37
      vertex -24.3916 8.02567 37
    endloop
  endfacet
  facet normal 0 0 -1
    outer loop
      vertex -25.148 -8.22836 37
      vertex -24.7765 8.10222 37
      vertex -24.7765 -8.10222 37
    endloop
  endfacet
  facet normal 0 0 -1
    outer loop
      vertex -25.148 -8.22836 37
      vertex -25.148 8.22836 37
      vertex -24.7765 8.10222 37
    endloop
  endfacet
  facet normal 0 0 -1
    outer loop
      vertex -25.5 -8.40192 37
      vertex -25.148 8.22836 37
      vertex -25.148 -8.22836 37
    endloop
  endfacet
  facet normal 0 0 -1
    outer loop
      vertex -25.5 -8.40192 37
      vertex -25.5 8.40192 37
      vertex -25.148 8.22836 37
    endloop
  endfacet
  facet normal 0 0 -1
    outer loop
      vertex -40.8948 -2.40002 37
      vertex -25.5 -8.40192 37
      vertex -25.8263 -8.61994 37
    endloop
  endfacet
  facet normal 0 0 -1
    outer loop
      vertex -25.5 -8.40192 37
      vertex -40.8948 -2.40002 37
      vertex -25.5 8.40192 37
    endloop
  endfacet
  facet normal 0 0 -1
    outer loop
      vertex -40.7864 -2.94526 37
      vertex -25.8263 -8.61994 37
      vertex -26.1213 -8.87868 37
    endloop
  endfacet
  facet normal -0 0 -1
    outer loop
      vertex -25.5 8.40192 37
      vertex -40.8948 -2.40002 37
      vertex -25.8263 8.61994 37
    endloop
  endfacet
  facet normal 0 0 -1
    outer loop
      vertex -40.75 -3.5 37
      vertex -26.1213 -8.87868 37
      vertex -26.3801 -9.17372 37
    endloop
  endfacet
  facet normal 0 0 -1
    outer loop
      vertex -41.0735 -1.8736 37
      vertex -25.8263 8.61994 37
      vertex -40.8948 -2.40002 37
    endloop
  endfacet
  facet normal 0 0 -1
    outer loop
      vertex -40.7864 -4.05474 37
      vertex -26.3801 -9.17372 37
      vertex -26.5981 -9.5 37
    endloop
  endfacet
  facet normal -0 0 -1
    outer loop
      vertex -25.8263 8.61994 37
      vertex -41.0735 -1.8736 37
      vertex -26.1213 8.87868 37
    endloop
  endfacet
  facet normal 0 0 -1
    outer loop
      vertex -40.8948 -4.59998 37
      vertex -26.5981 -9.5 37
      vertex -26.7716 -9.85195 37
    endloop
  endfacet
  facet normal 0 0 -1
    outer loop
      vertex -41.3194 -1.375 37
      vertex -26.1213 8.87868 37
      vertex -41.0735 -1.8736 37
    endloop
  endfacet
  facet normal 0 0 -1
    outer loop
      vertex -41.0735 -5.1264 37
      vertex -26.7716 -9.85195 37
      vertex -26.8978 -10.2235 37
    endloop
  endfacet
  facet normal -0 0 -1
    outer loop
      vertex -26.1213 8.87868 37
      vertex -41.3194 -1.375 37
      vertex -26.3801 9.17372 37
    endloop
  endfacet
  facet normal 0 0 -1
    outer loop
      vertex -41.3194 -5.625 37
      vertex -26.8978 -10.2235 37
      vertex -26.9743 -10.6084 37
    endloop
  endfacet
  facet normal 0 0 -1
    outer loop
      vertex -42.9 3.5 37
      vertex -26.3801 9.17372 37
      vertex -41.3194 -1.375 37
    endloop
  endfacet
  facet normal 0 0 -1
    outer loop
      vertex -41.3194 -5.625 37
      vertex -26.9743 -10.6084 37
      vertex -27 -11 37
    endloop
  endfacet
  facet normal 0 0 -1
    outer loop
      vertex -42.918 3.7741 37
      vertex -26.3801 9.17372 37
      vertex -42.9 3.5 37
    endloop
  endfacet
  facet normal 0 0 -1
    outer loop
      vertex -19.5348 -14.4824 37
      vertex -5 -16.35 37
      vertex -19.4838 -14.7389 37
    endloop
  endfacet
  facet normal 0 0 -1
    outer loop
      vertex -5 -16.35 37
      vertex -19.4838 14.7389 37
      vertex -19.4667 15 37
    endloop
  endfacet
  facet normal 0 0 -1
    outer loop
      vertex -19.6189 -14.2346 37
      vertex -5 -16.35 37
      vertex -19.5348 -14.4824 37
    endloop
  endfacet
  facet normal 0 0 -1
    outer loop
      vertex -5 -16.35 37
      vertex -19.5348 14.4824 37
      vertex -19.4838 14.7389 37
    endloop
  endfacet
  facet normal 0 0 -1
    outer loop
      vertex -19.7346 -14 37
      vertex -5 -16.35 37
      vertex -19.6189 -14.2346 37
    endloop
  endfacet
  facet normal 0 0 -1
    outer loop
      vertex -5 -16.35 37
      vertex -19.6189 14.2346 37
      vertex -19.5348 14.4824 37
    endloop
  endfacet
  facet normal 0 0 -1
    outer loop
      vertex -19.88 -13.7825 37
      vertex -21.0257 -10.6084 37
      vertex -19.7346 -14 37
    endloop
  endfacet
  facet normal 0 0 -1
    outer loop
      vertex -5 -16.35 37
      vertex -19.7346 14 37
      vertex -19.6189 14.2346 37
    endloop
  endfacet
  facet normal 0 0 -1
    outer loop
      vertex -21.0257 -10.6084 37
      vertex -19.88 -13.7825 37
      vertex -21 -11 37
    endloop
  endfacet
  facet normal 0 0 -1
    outer loop
      vertex -19.7346 -14 37
      vertex -21.0257 -10.6084 37
      vertex -5 -16.35 37
    endloop
  endfacet
  facet normal 0 0 -1
    outer loop
      vertex -21 -11 37
      vertex -19.88 -13.7825 37
      vertex -20.0525 -13.5858 37
    endloop
  endfacet
  facet normal 0 0 -1
    outer loop
      vertex -5 -16.35 37
      vertex -21 11 37
      vertex -19.7346 14 37
    endloop
  endfacet
  facet normal 0 0 -1
    outer loop
      vertex -21.0257 -11.3916 37
      vertex -20.0525 -13.5858 37
      vertex -20.2491 -13.4133 37
    endloop
  endfacet
  facet normal 0 0 -1
    outer loop
      vertex -19.7346 14 37
      vertex -21 11 37
      vertex -19.88 13.7825 37
    endloop
  endfacet
  facet normal 0 0 -1
    outer loop
      vertex -21.1022 -11.7765 37
      vertex -20.2491 -13.4133 37
      vertex -20.4667 -13.2679 37
    endloop
  endfacet
  facet normal 0 0 -1
    outer loop
      vertex -19.88 13.7825 37
      vertex -21 11 37
      vertex -20.0525 13.5858 37
    endloop
  endfacet
  facet normal 0 0 -1
    outer loop
      vertex -21.1022 -11.7765 37
      vertex -20.4667 -13.2679 37
      vertex -20.7013 -13.1522 37
    endloop
  endfacet
  facet normal 0 0 -1
    outer loop
      vertex -21.0257 11.3916 37
      vertex -20.0525 13.5858 37
      vertex -21 11 37
    endloop
  endfacet
  facet normal 0 0 -1
    outer loop
      vertex -21.2284 -12.148 37
      vertex -20.7013 -13.1522 37
      vertex -20.949 -13.0681 37
    endloop
  endfacet
  facet normal 0 0 -1
    outer loop
      vertex -20.0525 13.5858 37
      vertex -21.0257 11.3916 37
      vertex -20.2491 13.4133 37
    endloop
  endfacet
  facet normal 0 0 -1
    outer loop
      vertex -21.1022 11.7765 37
      vertex -20.2491 13.4133 37
      vertex -21.0257 11.3916 37
    endloop
  endfacet
  facet normal 0 0 -1
    outer loop
      vertex -20.0525 -13.5858 37
      vertex -21.0257 -11.3916 37
      vertex -21 -11 37
    endloop
  endfacet
  facet normal 0 0 -1
    outer loop
      vertex -20.2491 -13.4133 37
      vertex -21.1022 -11.7765 37
      vertex -21.0257 -11.3916 37
    endloop
  endfacet
  facet normal 0 0 -1
    outer loop
      vertex -21.4019 -12.5 37
      vertex -20.949 -13.0681 37
      vertex -21.2056 -13.0171 37
    endloop
  endfacet
  facet normal 0 0 -1
    outer loop
      vertex -20.7013 -13.1522 37
      vertex -21.2284 -12.148 37
      vertex -21.1022 -11.7765 37
    endloop
  endfacet
  facet normal 0 0 -1
    outer loop
      vertex -20.949 -13.0681 37
      vertex -21.4019 -12.5 37
      vertex -21.2284 -12.148 37
    endloop
  endfacet
  facet normal 0 0 -1
    outer loop
      vertex -21.4667 -13 37
      vertex -21.4019 -12.5 37
      vertex -21.2056 -13.0171 37
    endloop
  endfacet
  facet normal 0 0 -1
    outer loop
      vertex -21.4667 -13 37
      vertex -21.6199 -12.8263 37
      vertex -21.4019 -12.5 37
    endloop
  endfacet
  facet normal 0 0 -1
    outer loop
      vertex -21.7277 -13.0171 37
      vertex -21.6199 -12.8263 37
      vertex -21.4667 -13 37
    endloop
  endfacet
  facet normal 0 0 -1
    outer loop
      vertex -21.6199 -12.8263 37
      vertex -21.7277 -13.0171 37
      vertex -21.7999 -13.0315 37
    endloop
  endfacet
  facet normal 0 0 -1
    outer loop
      vertex -19.5348 -15.5176 37
      vertex -5 -16.35 37
      vertex -5 -18.4 37
    endloop
  endfacet
  facet normal 0 0 -1
    outer loop
      vertex -5 -16.35 37
      vertex -19.4838 -15.2611 37
      vertex -19.4667 -15 37
    endloop
  endfacet
  facet normal 0 0 -1
    outer loop
      vertex -5 -16.35 37
      vertex -19.5348 -15.5176 37
      vertex -19.4838 -15.2611 37
    endloop
  endfacet
  facet normal 0 0 -1
    outer loop
      vertex -5 -18.4 37
      vertex -19.6189 -15.7654 37
      vertex -19.5348 -15.5176 37
    endloop
  endfacet
  facet normal 0 0 -1
    outer loop
      vertex -5 -18.4 37
      vertex -19.7346 -16 37
      vertex -19.6189 -15.7654 37
    endloop
  endfacet
  facet normal 0 0 -1
    outer loop
      vertex -5 -18.4 37
      vertex -19.88 -16.2175 37
      vertex -19.7346 -16 37
    endloop
  endfacet
  facet normal 0 0 -1
    outer loop
      vertex -5 -18.4 37
      vertex -20.0525 -16.4142 37
      vertex -19.88 -16.2175 37
    endloop
  endfacet
  facet normal 0 0 -1
    outer loop
      vertex -5 -18.4 37
      vertex -20.2491 -16.5867 37
      vertex -20.0525 -16.4142 37
    endloop
  endfacet
  facet normal 0 0 -1
    outer loop
      vertex -5 -18.4 37
      vertex -20.4667 -16.732 37
      vertex -20.2491 -16.5867 37
    endloop
  endfacet
  facet normal 0 0 -1
    outer loop
      vertex -5 -18.4 37
      vertex -20.7013 -16.8478 37
      vertex -20.4667 -16.732 37
    endloop
  endfacet
  facet normal 0 0 -1
    outer loop
      vertex -5 -18.4 37
      vertex -20.949 -16.9319 37
      vertex -20.7013 -16.8478 37
    endloop
  endfacet
  facet normal 0 0 -1
    outer loop
      vertex -5 -18.4 37
      vertex -21.2056 -16.9829 37
      vertex -20.949 -16.9319 37
    endloop
  endfacet
  facet normal 0 0 -1
    outer loop
      vertex -5 -18.4 37
      vertex -21.4667 -17 37
      vertex -21.2056 -16.9829 37
    endloop
  endfacet
  facet normal 0 0 -1
    outer loop
      vertex -5 -18.4 37
      vertex -21.7277 -16.9829 37
      vertex -21.4667 -17 37
    endloop
  endfacet
  facet normal 0 0 -1
    outer loop
      vertex -24.3916 -13.9743 37
      vertex -23.4667 -15 37
      vertex -23.4496 -15.2611 37
    endloop
  endfacet
  facet normal 0 0 -1
    outer loop
      vertex -23.4667 -15 37
      vertex -24 -14 37
      vertex -23.6084 -13.9743 37
    endloop
  endfacet
  facet normal 0 0 -1
    outer loop
      vertex -24.7765 -13.8978 37
      vertex -23.4496 -15.2611 37
      vertex -23.3985 -15.5176 37
    endloop
  endfacet
  facet normal 0 0 -1
    outer loop
      vertex -25.148 -13.7716 37
      vertex -23.3985 -15.5176 37
      vertex -23.3144 -15.7654 37
    endloop
  endfacet
  facet normal 0 0 -1
    outer loop
      vertex -23.4667 -15 37
      vertex -24.3916 -13.9743 37
      vertex -24 -14 37
    endloop
  endfacet
  facet normal 0 0 -1
    outer loop
      vertex -25.5 -13.5981 37
      vertex -23.3144 -15.7654 37
      vertex -23.1987 -16 37
    endloop
  endfacet
  facet normal 0 0 -1
    outer loop
      vertex -23.4496 -15.2611 37
      vertex -24.7765 -13.8978 37
      vertex -24.3916 -13.9743 37
    endloop
  endfacet
  facet normal 0 0 -1
    outer loop
      vertex -25.8263 -13.3801 37
      vertex -23.1987 -16 37
      vertex -23.0534 -16.2175 37
    endloop
  endfacet
  facet normal 0 0 -1
    outer loop
      vertex -23.3985 -15.5176 37
      vertex -25.148 -13.7716 37
      vertex -24.7765 -13.8978 37
    endloop
  endfacet
  facet normal 0 0 -1
    outer loop
      vertex -23.3144 -15.7654 37
      vertex -25.5 -13.5981 37
      vertex -25.148 -13.7716 37
    endloop
  endfacet
  facet normal 0 0 -1
    outer loop
      vertex -54.8133 -16.2175 37
      vertex -23.0534 -16.2175 37
      vertex -22.8809 -16.4142 37
    endloop
  endfacet
  facet normal 0 0 -1
    outer loop
      vertex -23.1987 -16 37
      vertex -25.8263 -13.3801 37
      vertex -25.5 -13.5981 37
    endloop
  endfacet
  facet normal 0 0 -1
    outer loop
      vertex -23.0534 -16.2175 37
      vertex -54.8133 -16.2175 37
      vertex -25.8263 -13.3801 37
    endloop
  endfacet
  facet normal 0 0 -1
    outer loop
      vertex -26.1213 -8.87868 37
      vertex -40.75 -3.5 37
      vertex -40.7864 -2.94526 37
    endloop
  endfacet
  facet normal 0 0 -1
    outer loop
      vertex -41.6283 -6.08724 37
      vertex -27 -11 37
      vertex -26.9743 -11.3916 37
    endloop
  endfacet
  facet normal 0 0 -1
    outer loop
      vertex -41.9948 -6.5052 37
      vertex -26.9743 -11.3916 37
      vertex -26.8978 -11.7765 37
    endloop
  endfacet
  facet normal 0 0 -1
    outer loop
      vertex -42.4128 -6.87175 37
      vertex -26.8978 -11.7765 37
      vertex -26.7716 -12.148 37
    endloop
  endfacet
  facet normal 0 0 -1
    outer loop
      vertex -42.875 -7.18061 37
      vertex -26.7716 -12.148 37
      vertex -26.5981 -12.5 37
    endloop
  endfacet
  facet normal 0 0 -1
    outer loop
      vertex -43.3736 -7.42649 37
      vertex -26.5981 -12.5 37
      vertex -26.3801 -12.8263 37
    endloop
  endfacet
  facet normal 0 0 -1
    outer loop
      vertex -43.9 -7.60518 37
      vertex -26.3801 -12.8263 37
      vertex -26.1213 -13.1213 37
    endloop
  endfacet
  facet normal -0 0 -1
    outer loop
      vertex -25.8263 -13.3801 37
      vertex -54.8133 -16.2175 37
      vertex -26.1213 -13.1213 37
    endloop
  endfacet
  facet normal 0 0 -1
    outer loop
      vertex -54.9858 -16.4142 37
      vertex -22.8809 -16.4142 37
      vertex -22.6842 -16.5867 37
    endloop
  endfacet
  facet normal 0 0 -1
    outer loop
      vertex -26.3801 -9.17372 37
      vertex -40.7864 -4.05474 37
      vertex -40.75 -3.5 37
    endloop
  endfacet
  facet normal 0 0 -1
    outer loop
      vertex -26.5981 -9.5 37
      vertex -40.8948 -4.59998 37
      vertex -40.7864 -4.05474 37
    endloop
  endfacet
  facet normal 0 0 -1
    outer loop
      vertex -55.1825 -16.5867 37
      vertex -22.6842 -16.5867 37
      vertex -22.4667 -16.732 37
    endloop
  endfacet
  facet normal 0 0 -1
    outer loop
      vertex -26.7716 -9.85195 37
      vertex -41.0735 -5.1264 37
      vertex -40.8948 -4.59998 37
    endloop
  endfacet
  facet normal 0 0 -1
    outer loop
      vertex -26.8978 -10.2235 37
      vertex -41.3194 -5.625 37
      vertex -41.0735 -5.1264 37
    endloop
  endfacet
  facet normal 0 0 -1
    outer loop
      vertex -27 -11 37
      vertex -41.6283 -6.08724 37
      vertex -41.3194 -5.625 37
    endloop
  endfacet
  facet normal 0 0 -1
    outer loop
      vertex -26.9743 -11.3916 37
      vertex -41.9948 -6.5052 37
      vertex -41.6283 -6.08724 37
    endloop
  endfacet
  facet normal 0 0 -1
    outer loop
      vertex -26.8978 -11.7765 37
      vertex -42.4128 -6.87175 37
      vertex -41.9948 -6.5052 37
    endloop
  endfacet
  facet normal 0 0 -1
    outer loop
      vertex -26.7716 -12.148 37
      vertex -42.875 -7.18061 37
      vertex -42.4128 -6.87175 37
    endloop
  endfacet
  facet normal 0 0 -1
    outer loop
      vertex -55.4 -16.732 37
      vertex -22.4667 -16.732 37
      vertex -22.232 -16.8478 37
    endloop
  endfacet
  facet normal 0 0 -1
    outer loop
      vertex -26.5981 -12.5 37
      vertex -43.3736 -7.42649 37
      vertex -42.875 -7.18061 37
    endloop
  endfacet
  facet normal 0 0 -1
    outer loop
      vertex -26.3801 -12.8263 37
      vertex -43.9 -7.60518 37
      vertex -43.3736 -7.42649 37
    endloop
  endfacet
  facet normal -0 0 -1
    outer loop
      vertex -26.1213 -13.1213 37
      vertex -54.6679 -16 37
      vertex -43.9 -7.60518 37
    endloop
  endfacet
  facet normal 0 -0 -1
    outer loop
      vertex -54.5522 -15.7654 37
      vertex -43.9 -7.60518 37
      vertex -54.6679 -16 37
    endloop
  endfacet
  facet normal 0 0 -1
    outer loop
      vertex -43.9 -7.60518 37
      vertex -54.5522 -15.7654 37
      vertex -44.4453 -7.71364 37
    endloop
  endfacet
  facet normal 0 -0 -1
    outer loop
      vertex -54.4681 -15.5176 37
      vertex -44.4453 -7.71364 37
      vertex -54.5522 -15.7654 37
    endloop
  endfacet
  facet normal 0 -0 -1
    outer loop
      vertex -54.4171 -15.2611 37
      vertex -45 -7.75 37
      vertex -54.4681 -15.5176 37
    endloop
  endfacet
  facet normal 0 0 -1
    outer loop
      vertex -54.9858 -13.5858 37
      vertex -48.0052 -6.5052 37
      vertex -54.8133 -13.7825 37
    endloop
  endfacet
  facet normal -0 0 -1
    outer loop
      vertex -47.5872 -6.87175 37
      vertex -54.8133 -13.7825 37
      vertex -48.0052 -6.5052 37
    endloop
  endfacet
  facet normal 0 0 -1
    outer loop
      vertex -54.8133 -13.7825 37
      vertex -47.5872 -6.87175 37
      vertex -54.6679 -14 37
    endloop
  endfacet
  facet normal -0 0 -1
    outer loop
      vertex -47.125 -7.18061 37
      vertex -54.6679 -14 37
      vertex -47.5872 -6.87175 37
    endloop
  endfacet
  facet normal 0 0 -1
    outer loop
      vertex -54.6679 -14 37
      vertex -47.125 -7.18061 37
      vertex -54.5522 -14.2346 37
    endloop
  endfacet
  facet normal -0 0 -1
    outer loop
      vertex -46.6264 -7.42649 37
      vertex -54.5522 -14.2346 37
      vertex -47.125 -7.18061 37
    endloop
  endfacet
  facet normal 0 0 -1
    outer loop
      vertex -54.5522 -14.2346 37
      vertex -46.6264 -7.42649 37
      vertex -54.4681 -14.4824 37
    endloop
  endfacet
  facet normal 0 0 -1
    outer loop
      vertex -54.4681 -14.4824 37
      vertex -46.6264 -7.42649 37
      vertex -54.4171 -14.7389 37
    endloop
  endfacet
  facet normal -0 0 -1
    outer loop
      vertex -46.1 -7.60518 37
      vertex -54.4171 -14.7389 37
      vertex -46.6264 -7.42649 37
    endloop
  endfacet
  facet normal -0 0 -1
    outer loop
      vertex -45 -7.75 37
      vertex -54.4171 -15.2611 37
      vertex -45.5547 -7.71364 37
    endloop
  endfacet
  facet normal 0 0 -1
    outer loop
      vertex -55.6346 -16.8478 37
      vertex -22.232 -16.8478 37
      vertex -21.9843 -16.9319 37
    endloop
  endfacet
  facet normal 0 0 -1
    outer loop
      vertex -55.8824 -16.9319 37
      vertex -21.9843 -16.9319 37
      vertex -21.7277 -16.9829 37
    endloop
  endfacet
  facet normal 0 0 -1
    outer loop
      vertex -56.1389 -16.9829 37
      vertex -21.7277 -16.9829 37
      vertex -5 -18.4 37
    endloop
  endfacet
  facet normal 0 0 -1
    outer loop
      vertex -54.4171 -14.7389 37
      vertex -46.1 -7.60518 37
      vertex -54.4 -15 37
    endloop
  endfacet
  facet normal -0 0 -1
    outer loop
      vertex -45.5547 -7.71364 37
      vertex -54.4 -15 37
      vertex -46.1 -7.60518 37
    endloop
  endfacet
  facet normal 0 -0 -1
    outer loop
      vertex -54.4 -15 37
      vertex -45.5547 -7.71364 37
      vertex -54.4171 -15.2611 37
    endloop
  endfacet
  facet normal 0 0 -1
    outer loop
      vertex -44.4453 -7.71364 37
      vertex -54.4681 -15.5176 37
      vertex -45 -7.75 37
    endloop
  endfacet
  facet normal 0 0 -1
    outer loop
      vertex -26.1213 -13.1213 37
      vertex -54.8133 -16.2175 37
      vertex -54.6679 -16 37
    endloop
  endfacet
  facet normal 0 0 -1
    outer loop
      vertex -22.8809 -16.4142 37
      vertex -54.9858 -16.4142 37
      vertex -54.8133 -16.2175 37
    endloop
  endfacet
  facet normal 0 0 -1
    outer loop
      vertex -22.6842 -16.5867 37
      vertex -55.1825 -16.5867 37
      vertex -54.9858 -16.4142 37
    endloop
  endfacet
  facet normal 0 0 -1
    outer loop
      vertex -22.4667 -16.732 37
      vertex -55.4 -16.732 37
      vertex -55.1825 -16.5867 37
    endloop
  endfacet
  facet normal 0 0 -1
    outer loop
      vertex -22.232 -16.8478 37
      vertex -55.6346 -16.8478 37
      vertex -55.4 -16.732 37
    endloop
  endfacet
  facet normal 0 0 -1
    outer loop
      vertex -21.9843 -16.9319 37
      vertex -55.8824 -16.9319 37
      vertex -55.6346 -16.8478 37
    endloop
  endfacet
  facet normal 0 0 -1
    outer loop
      vertex -21.7277 -16.9829 37
      vertex -56.1389 -16.9829 37
      vertex -55.8824 -16.9319 37
    endloop
  endfacet
  facet normal 0 0 -1
    outer loop
      vertex -5 -18.4 37
      vertex -56.4 -17 37
      vertex -56.1389 -16.9829 37
    endloop
  endfacet
  facet normal -0 0 -1
    outer loop
      vertex -58.3319 14.4824 37
      vertex -68.7 13.8 37
      vertex -58.3829 14.7389 37
    endloop
  endfacet
  facet normal 0 0 -1
    outer loop
      vertex -68.7579 -14.24 37
      vertex -58.4 -15 37
      vertex -58.3829 -15.2611 37
    endloop
  endfacet
  facet normal 0 0 -1
    outer loop
      vertex -68.8294 -14.4506 37
      vertex -58.3829 -15.2611 37
      vertex -58.3319 -15.5176 37
    endloop
  endfacet
  facet normal 0 0 -1
    outer loop
      vertex -68.9278 -14.65 37
      vertex -58.3319 -15.5176 37
      vertex -58.2478 -15.7654 37
    endloop
  endfacet
  facet normal 0 0 -1
    outer loop
      vertex -69.0513 -14.8349 37
      vertex -58.2478 -15.7654 37
      vertex -58.132 -16 37
    endloop
  endfacet
  facet normal 0 0 -1
    outer loop
      vertex -69.1979 -15.0021 37
      vertex -58.132 -16 37
      vertex -57.9867 -16.2175 37
    endloop
  endfacet
  facet normal 0 0 -1
    outer loop
      vertex -71.4 -18.4 37
      vertex -57.9867 -16.2175 37
      vertex -57.8142 -16.4142 37
    endloop
  endfacet
  facet normal 0 0 -1
    outer loop
      vertex -71.4 -18.4 37
      vertex -57.8142 -16.4142 37
      vertex -57.6175 -16.5867 37
    endloop
  endfacet
  facet normal 0 0 -1
    outer loop
      vertex -71.4 -18.4 37
      vertex -57.6175 -16.5867 37
      vertex -57.4 -16.732 37
    endloop
  endfacet
  facet normal 0 0 -1
    outer loop
      vertex -71.4 -18.4 37
      vertex -57.4 -16.732 37
      vertex -57.1654 -16.8478 37
    endloop
  endfacet
  facet normal 0 0 -1
    outer loop
      vertex -71.4 -18.4 37
      vertex -57.1654 -16.8478 37
      vertex -56.9176 -16.9319 37
    endloop
  endfacet
  facet normal 0 0 -1
    outer loop
      vertex -58.3829 -14.7389 37
      vertex -68.7145 -14.0219 37
      vertex -68.7 -13.8 37
    endloop
  endfacet
  facet normal 0 0 -1
    outer loop
      vertex -58.4 -15 37
      vertex -68.7579 -14.24 37
      vertex -68.7145 -14.0219 37
    endloop
  endfacet
  facet normal 0 0 -1
    outer loop
      vertex -58.3829 -15.2611 37
      vertex -68.8294 -14.4506 37
      vertex -68.7579 -14.24 37
    endloop
  endfacet
  facet normal 0 0 -1
    outer loop
      vertex -58.3319 -15.5176 37
      vertex -68.9278 -14.65 37
      vertex -68.8294 -14.4506 37
    endloop
  endfacet
  facet normal 0 0 -1
    outer loop
      vertex -71.4 -18.4 37
      vertex -56.9176 -16.9319 37
      vertex -56.6611 -16.9829 37
    endloop
  endfacet
  facet normal 0 0 -1
    outer loop
      vertex -58.2478 -15.7654 37
      vertex -69.0513 -14.8349 37
      vertex -68.9278 -14.65 37
    endloop
  endfacet
  facet normal 0 0 -1
    outer loop
      vertex -58.132 -16 37
      vertex -69.1979 -15.0021 37
      vertex -69.0513 -14.8349 37
    endloop
  endfacet
  facet normal -0 0 -1
    outer loop
      vertex -57.9867 -16.2175 37
      vertex -71.4 -18.4 37
      vertex -69.1979 -15.0021 37
    endloop
  endfacet
  facet normal 0 0 -1
    outer loop
      vertex -69.1979 -15.0021 37
      vertex -71.4 -18.4 37
      vertex -69.3651 -15.1487 37
    endloop
  endfacet
  facet normal 0 0 -1
    outer loop
      vertex -69.3651 -15.1487 37
      vertex -71.4 -18.4 37
      vertex -69.55 -15.2722 37
    endloop
  endfacet
  facet normal 0 0 -1
    outer loop
      vertex -69.55 -15.2722 37
      vertex -71.4 -18.4 37
      vertex -69.7494 -15.3706 37
    endloop
  endfacet
  facet normal 0 0 -1
    outer loop
      vertex -69.7494 -15.3706 37
      vertex -71.4 -18.4 37
      vertex -69.96 -15.4421 37
    endloop
  endfacet
  facet normal 0 0 -1
    outer loop
      vertex -69.96 -15.4421 37
      vertex -71.4 -18.4 37
      vertex -70.1781 -15.4855 37
    endloop
  endfacet
  facet normal 0 0 -1
    outer loop
      vertex -70.1781 -15.4855 37
      vertex -71.4 -18.4 37
      vertex -70.4 -15.5 37
    endloop
  endfacet
  facet normal 0 0 -1
    outer loop
      vertex -71.4 -18.4 37
      vertex -56.4 -17 37
      vertex -5 -18.4 37
    endloop
  endfacet
  facet normal 0 0 -1
    outer loop
      vertex -71.4 -18.4 37
      vertex -56.6611 -16.9829 37
      vertex -56.4 -17 37
    endloop
  endfacet
  facet normal -0 0 -1
    outer loop
      vertex -70.4 -15.5 37
      vertex -71.4 -18.4 37
      vertex -70.6219 -15.4855 37
    endloop
  endfacet
  facet normal 0 0 -1
    outer loop
      vertex -71.4 -18.4 37
      vertex -70.84 -15.4421 37
      vertex -70.6219 -15.4855 37
    endloop
  endfacet
  facet normal 0 0 -1
    outer loop
      vertex -71.4 -18.4 37
      vertex -71.0506 -15.3706 37
      vertex -70.84 -15.4421 37
    endloop
  endfacet
  facet normal 0 0 -1
    outer loop
      vertex -71.7916 -18.3743 37
      vertex -71.0506 -15.3706 37
      vertex -71.4 -18.4 37
    endloop
  endfacet
  facet normal 0 0 -1
    outer loop
      vertex -72.1764 -18.2978 37
      vertex -71.0506 -15.3706 37
      vertex -71.7916 -18.3743 37
    endloop
  endfacet
  facet normal -0 0 -1
    outer loop
      vertex -71.0506 -15.3706 37
      vertex -72.1764 -18.2978 37
      vertex -71.25 -15.2722 37
    endloop
  endfacet
  facet normal 0 0 -1
    outer loop
      vertex -72.548 -18.1716 37
      vertex -71.25 -15.2722 37
      vertex -72.1764 -18.2978 37
    endloop
  endfacet
  facet normal 0 0 -1
    outer loop
      vertex -72.9 -17.9981 37
      vertex -71.25 -15.2722 37
      vertex -72.548 -18.1716 37
    endloop
  endfacet
  facet normal 0 0 -1
    outer loop
      vertex -73.2263 -17.78 37
      vertex -71.25 -15.2722 37
      vertex -72.9 -17.9981 37
    endloop
  endfacet
  facet normal -0 0 -1
    outer loop
      vertex -71.25 -15.2722 37
      vertex -73.2263 -17.78 37
      vertex -71.4349 -15.1487 37
    endloop
  endfacet
  facet normal 0 0 -1
    outer loop
      vertex -73.5213 -17.5213 37
      vertex -71.4349 -15.1487 37
      vertex -73.2263 -17.78 37
    endloop
  endfacet
  facet normal 0 0 -1
    outer loop
      vertex -73.78 -17.2263 37
      vertex -71.4349 -15.1487 37
      vertex -73.5213 -17.5213 37
    endloop
  endfacet
  facet normal 0 0 -1
    outer loop
      vertex -74.1716 -16.548 37
      vertex -71.6021 -15.0021 37
      vertex -73.9981 -16.9 37
    endloop
  endfacet
  facet normal 0 0 -1
    outer loop
      vertex -73.9981 -16.9 37
      vertex -71.6021 -15.0021 37
      vertex -73.78 -17.2263 37
    endloop
  endfacet
  facet normal -0 0 -1
    outer loop
      vertex -71.4349 -15.1487 37
      vertex -73.78 -17.2263 37
      vertex -71.6021 -15.0021 37
    endloop
  endfacet
  facet normal 0 0 -1
    outer loop
      vertex -20.2491 13.4133 37
      vertex -21.1022 11.7765 37
      vertex -20.4667 13.2679 37
    endloop
  endfacet
  facet normal 0 0 -1
    outer loop
      vertex -20.4667 13.2679 37
      vertex -21.1022 11.7765 37
      vertex -20.7013 13.1522 37
    endloop
  endfacet
  facet normal 0 0 -1
    outer loop
      vertex -21.2284 12.148 37
      vertex -20.7013 13.1522 37
      vertex -21.1022 11.7765 37
    endloop
  endfacet
  facet normal 0 0 -1
    outer loop
      vertex -20.7013 13.1522 37
      vertex -21.2284 12.148 37
      vertex -20.949 13.0681 37
    endloop
  endfacet
  facet normal 0 0 -1
    outer loop
      vertex -21.4019 12.5 37
      vertex -20.949 13.0681 37
      vertex -21.2284 12.148 37
    endloop
  endfacet
  facet normal 0 0 -1
    outer loop
      vertex -20.949 13.0681 37
      vertex -21.4019 12.5 37
      vertex -21.2056 13.0171 37
    endloop
  endfacet
  facet normal 0 0 -1
    outer loop
      vertex -21.4019 12.5 37
      vertex -21.4667 13 37
      vertex -21.2056 13.0171 37
    endloop
  endfacet
  facet normal 0 0 -1
    outer loop
      vertex -21.6199 12.8263 37
      vertex -21.4667 13 37
      vertex -21.4019 12.5 37
    endloop
  endfacet
  facet normal 0 0 -1
    outer loop
      vertex -21.6199 12.8263 37
      vertex -21.7277 13.0171 37
      vertex -21.4667 13 37
    endloop
  endfacet
  facet normal -0 -0 -1
    outer loop
      vertex -21.7277 13.0171 37
      vertex -21.6199 12.8263 37
      vertex -21.7999 13.0315 37
    endloop
  endfacet
  facet normal 0 0 -1
    outer loop
      vertex -23.1987 -14 37
      vertex -23.2235 -13.8978 37
      vertex -23.1031 -13.8569 37
    endloop
  endfacet
  facet normal 0 0 -1
    outer loop
      vertex -23.6084 -13.9743 37
      vertex -23.1987 -14 37
      vertex -23.3144 -14.2346 37
    endloop
  endfacet
  facet normal 0 0 -1
    outer loop
      vertex -23.6084 -13.9743 37
      vertex -23.3144 -14.2346 37
      vertex -23.3985 -14.4824 37
    endloop
  endfacet
  facet normal 0 0 -1
    outer loop
      vertex -23.1987 -14 37
      vertex -23.6084 -13.9743 37
      vertex -23.2235 -13.8978 37
    endloop
  endfacet
  facet normal 0 0 -1
    outer loop
      vertex -23.4496 -14.7389 37
      vertex -23.6084 -13.9743 37
      vertex -23.3985 -14.4824 37
    endloop
  endfacet
  facet normal 0 0 -1
    outer loop
      vertex -23.6084 -13.9743 37
      vertex -23.4496 -14.7389 37
      vertex -23.4667 -15 37
    endloop
  endfacet
  facet normal 0 0 -1
    outer loop
      vertex 21.7277 -13.0171 37
      vertex 21.6199 -12.8263 37
      vertex 21.7999 -13.0315 37
    endloop
  endfacet
  facet normal 0 0 -1
    outer loop
      vertex 21.4667 -13 37
      vertex 21.6199 -12.8263 37
      vertex 21.7277 -13.0171 37
    endloop
  endfacet
  facet normal 0 0 -1
    outer loop
      vertex 21.4667 -13 37
      vertex 21.4019 -12.5 37
      vertex 21.6199 -12.8263 37
    endloop
  endfacet
  facet normal 0 0 -1
    outer loop
      vertex 21.2056 -13.0171 37
      vertex 21.4019 -12.5 37
      vertex 21.4667 -13 37
    endloop
  endfacet
  facet normal 0 0 -1
    outer loop
      vertex 20.949 -13.0681 37
      vertex 21.4019 -12.5 37
      vertex 21.2056 -13.0171 37
    endloop
  endfacet
  facet normal -0 0 -1
    outer loop
      vertex 21.4019 -12.5 37
      vertex 20.949 -13.0681 37
      vertex 21.2284 -12.148 37
    endloop
  endfacet
  facet normal 0 0 -1
    outer loop
      vertex 20.7013 -13.1522 37
      vertex 21.2284 -12.148 37
      vertex 20.949 -13.0681 37
    endloop
  endfacet
  facet normal 0 0 -1
    outer loop
      vertex 20.2491 -13.4133 37
      vertex 21.1022 -11.7765 37
      vertex 20.4667 -13.2679 37
    endloop
  endfacet
  facet normal 0 0 -1
    outer loop
      vertex 20.4667 -13.2679 37
      vertex 21.1022 -11.7765 37
      vertex 20.7013 -13.1522 37
    endloop
  endfacet
  facet normal -0 0 -1
    outer loop
      vertex 21.2284 -12.148 37
      vertex 20.7013 -13.1522 37
      vertex 21.1022 -11.7765 37
    endloop
  endfacet
  facet normal 0 0 -1
    outer loop
      vertex 24.3916 13.9743 37
      vertex 23.4496 14.7389 37
      vertex 23.4667 15 37
    endloop
  endfacet
  facet normal 0 0 -1
    outer loop
      vertex 24 14 37
      vertex 23.3985 14.4824 37
      vertex 23.4496 14.7389 37
    endloop
  endfacet
  facet normal 0 0 -1
    outer loop
      vertex 23.6084 13.9743 37
      vertex 23.3144 14.2346 37
      vertex 23.3985 14.4824 37
    endloop
  endfacet
  facet normal 0 0 -1
    outer loop
      vertex 23.1987 14 37
      vertex 23.6084 13.9743 37
      vertex 23.2235 13.8978 37
    endloop
  endfacet
  facet normal 0 0 -1
    outer loop
      vertex 23.6084 13.9743 37
      vertex 23.1987 14 37
      vertex 23.3144 14.2346 37
    endloop
  endfacet
  facet normal 0 -0 -1
    outer loop
      vertex 23.1987 14 37
      vertex 23.2235 13.8978 37
      vertex 23.1031 13.8569 37
    endloop
  endfacet
  facet normal 0 0 -1
    outer loop
      vertex 26.3801 -9.17372 37
      vertex 40.7864 -4.05474 37
      vertex 26.5981 -9.5 37
    endloop
  endfacet
  facet normal 0 0 -1
    outer loop
      vertex 40.8948 -2.40002 37
      vertex 26.9743 10.6084 37
      vertex 27 11 37
    endloop
  endfacet
  facet normal -0 0 -1
    outer loop
      vertex 40.7864 -4.05474 37
      vertex 26.3801 -9.17372 37
      vertex 40.75 -3.5 37
    endloop
  endfacet
  facet normal 0 0 -1
    outer loop
      vertex 40.8948 -2.40002 37
      vertex 26.8978 10.2235 37
      vertex 26.9743 10.6084 37
    endloop
  endfacet
  facet normal 0 0 -1
    outer loop
      vertex 26.1213 -8.87868 37
      vertex 40.75 -3.5 37
      vertex 26.3801 -9.17372 37
    endloop
  endfacet
  facet normal 0 0 -1
    outer loop
      vertex 40.8948 -2.40002 37
      vertex 26.7716 9.85195 37
      vertex 26.8978 10.2235 37
    endloop
  endfacet
  facet normal -0 0 -1
    outer loop
      vertex 40.75 -3.5 37
      vertex 26.1213 -8.87868 37
      vertex 40.7864 -2.94526 37
    endloop
  endfacet
  facet normal 0 0 -1
    outer loop
      vertex 40.8948 -2.40002 37
      vertex 26.5981 9.5 37
      vertex 26.7716 9.85195 37
    endloop
  endfacet
  facet normal 0 0 -1
    outer loop
      vertex 25.8263 -8.61994 37
      vertex 40.7864 -2.94526 37
      vertex 26.1213 -8.87868 37
    endloop
  endfacet
  facet normal 0 0 -1
    outer loop
      vertex 40.8948 -2.40002 37
      vertex 26.3801 9.17372 37
      vertex 26.5981 9.5 37
    endloop
  endfacet
  facet normal -0 0 -1
    outer loop
      vertex 40.7864 -2.94526 37
      vertex 25.8263 -8.61994 37
      vertex 40.8948 -2.40002 37
    endloop
  endfacet
  facet normal 0 0 -1
    outer loop
      vertex 40.8948 -2.40002 37
      vertex 26.1213 8.87868 37
      vertex 26.3801 9.17372 37
    endloop
  endfacet
  facet normal 0 0 -1
    outer loop
      vertex 25.5 -8.40192 37
      vertex 40.8948 -2.40002 37
      vertex 25.8263 -8.61994 37
    endloop
  endfacet
  facet normal 0 0 -1
    outer loop
      vertex 40.8948 -2.40002 37
      vertex 25.8263 8.61994 37
      vertex 26.1213 8.87868 37
    endloop
  endfacet
  facet normal 0 0 -1
    outer loop
      vertex 25.5 8.40192 37
      vertex 40.8948 -2.40002 37
      vertex 25.5 -8.40192 37
    endloop
  endfacet
  facet normal 0 0 -1
    outer loop
      vertex 40.8948 -2.40002 37
      vertex 25.5 8.40192 37
      vertex 25.8263 8.61994 37
    endloop
  endfacet
  facet normal 0 0 -1
    outer loop
      vertex 25.148 -8.22836 37
      vertex 25.5 8.40192 37
      vertex 25.5 -8.40192 37
    endloop
  endfacet
  facet normal 0 0 -1
    outer loop
      vertex 25.148 -8.22836 37
      vertex 25.148 8.22836 37
      vertex 25.5 8.40192 37
    endloop
  endfacet
  facet normal 0 0 -1
    outer loop
      vertex 24.7765 -8.10222 37
      vertex 25.148 8.22836 37
      vertex 25.148 -8.22836 37
    endloop
  endfacet
  facet normal 0 0 -1
    outer loop
      vertex 24.7765 -8.10222 37
      vertex 24.7765 8.10222 37
      vertex 25.148 8.22836 37
    endloop
  endfacet
  facet normal 0 0 -1
    outer loop
      vertex 24.3916 -8.02567 37
      vertex 24.7765 8.10222 37
      vertex 24.7765 -8.10222 37
    endloop
  endfacet
  facet normal 0 0 -1
    outer loop
      vertex 24.3916 -8.02567 37
      vertex 24.3916 8.02567 37
      vertex 24.7765 8.10222 37
    endloop
  endfacet
  facet normal 0 0 -1
    outer loop
      vertex 24 -8 37
      vertex 24.3916 8.02567 37
      vertex 24.3916 -8.02567 37
    endloop
  endfacet
  facet normal 0 0 -1
    outer loop
      vertex 24 -8 37
      vertex 24 8 37
      vertex 24.3916 8.02567 37
    endloop
  endfacet
  facet normal 0 0 -1
    outer loop
      vertex 23.6084 -8.02567 37
      vertex 24 8 37
      vertex 24 -8 37
    endloop
  endfacet
  facet normal 0 0 -1
    outer loop
      vertex 23.6084 -8.02567 37
      vertex 23.6084 8.02567 37
      vertex 24 8 37
    endloop
  endfacet
  facet normal 0 0 -1
    outer loop
      vertex 23.2235 -8.10222 37
      vertex 23.6084 8.02567 37
      vertex 23.6084 -8.02567 37
    endloop
  endfacet
  facet normal 0 0 -1
    outer loop
      vertex 23.2235 -8.10222 37
      vertex 23.2235 8.10222 37
      vertex 23.6084 8.02567 37
    endloop
  endfacet
  facet normal 0 0 -1
    outer loop
      vertex 22.852 -8.22836 37
      vertex 23.2235 8.10222 37
      vertex 23.2235 -8.10222 37
    endloop
  endfacet
  facet normal 0 0 -1
    outer loop
      vertex 22.852 -8.22836 37
      vertex 22.852 8.22836 37
      vertex 23.2235 8.10222 37
    endloop
  endfacet
  facet normal 0 0 -1
    outer loop
      vertex 22.5 -8.40192 37
      vertex 22.852 8.22836 37
      vertex 22.852 -8.22836 37
    endloop
  endfacet
  facet normal 0 0 -1
    outer loop
      vertex 22.5 -8.40192 37
      vertex 22.5 8.40192 37
      vertex 22.852 8.22836 37
    endloop
  endfacet
  facet normal 0 0 -1
    outer loop
      vertex 22.1737 -8.61994 37
      vertex 22.5 8.40192 37
      vertex 22.5 -8.40192 37
    endloop
  endfacet
  facet normal 0 0 -1
    outer loop
      vertex 22.1737 -8.61994 37
      vertex 22.1737 8.61994 37
      vertex 22.5 8.40192 37
    endloop
  endfacet
  facet normal 0 0 -1
    outer loop
      vertex 21.8787 -8.87868 37
      vertex 22.1737 8.61994 37
      vertex 22.1737 -8.61994 37
    endloop
  endfacet
  facet normal 0 0 -1
    outer loop
      vertex 21.8787 -8.87868 37
      vertex 21.8787 8.87868 37
      vertex 22.1737 8.61994 37
    endloop
  endfacet
  facet normal 0 0 -1
    outer loop
      vertex 21.6199 -9.17372 37
      vertex 21.8787 8.87868 37
      vertex 21.8787 -8.87868 37
    endloop
  endfacet
  facet normal 0 0 -1
    outer loop
      vertex 21.6199 -9.17372 37
      vertex 21.6199 9.17372 37
      vertex 21.8787 8.87868 37
    endloop
  endfacet
  facet normal 0 0 -1
    outer loop
      vertex 21.4019 -9.5 37
      vertex 21.6199 9.17372 37
      vertex 21.6199 -9.17372 37
    endloop
  endfacet
  facet normal 0 0 -1
    outer loop
      vertex 21.4019 -9.5 37
      vertex 21.4019 9.5 37
      vertex 21.6199 9.17372 37
    endloop
  endfacet
  facet normal 0 0 -1
    outer loop
      vertex 21.2284 -9.85195 37
      vertex 21.4019 9.5 37
      vertex 21.4019 -9.5 37
    endloop
  endfacet
  facet normal 0 0 -1
    outer loop
      vertex 21.2284 -9.85195 37
      vertex 21.2284 9.85195 37
      vertex 21.4019 9.5 37
    endloop
  endfacet
  facet normal 0 0 -1
    outer loop
      vertex 21.1022 -10.2235 37
      vertex 21.2284 9.85195 37
      vertex 21.2284 -9.85195 37
    endloop
  endfacet
  facet normal 0 0 -1
    outer loop
      vertex 21.1022 -10.2235 37
      vertex 21.1022 10.2235 37
      vertex 21.2284 9.85195 37
    endloop
  endfacet
  facet normal 0 0 -1
    outer loop
      vertex 21.0257 -10.6084 37
      vertex 21.1022 10.2235 37
      vertex 21.1022 -10.2235 37
    endloop
  endfacet
  facet normal 0 0 -1
    outer loop
      vertex 21.0257 -10.6084 37
      vertex 21.0257 10.6084 37
      vertex 21.1022 10.2235 37
    endloop
  endfacet
  facet normal 0 0 -1
    outer loop
      vertex 21 -11 37
      vertex 21.0257 10.6084 37
      vertex 21.0257 -10.6084 37
    endloop
  endfacet
  facet normal -0 0 -1
    outer loop
      vertex 21.0257 10.6084 37
      vertex 21 -11 37
      vertex 21 11 37
    endloop
  endfacet
  facet normal 0 0 -1
    outer loop
      vertex 23.3985 -14.4824 37
      vertex 24 -14 37
      vertex 23.4496 -14.7389 37
    endloop
  endfacet
  facet normal -0 0 -1
    outer loop
      vertex 24 -14 37
      vertex 23.3985 -14.4824 37
      vertex 23.6084 -13.9743 37
    endloop
  endfacet
  facet normal 0 0 -1
    outer loop
      vertex 23.3144 -14.2346 37
      vertex 23.6084 -13.9743 37
      vertex 23.3985 -14.4824 37
    endloop
  endfacet
  facet normal 0 0 -1
    outer loop
      vertex 23.1987 -14 37
      vertex 23.6084 -13.9743 37
      vertex 23.3144 -14.2346 37
    endloop
  endfacet
  facet normal -0 0 -1
    outer loop
      vertex 23.6084 -13.9743 37
      vertex 23.1987 -14 37
      vertex 23.2235 -13.8978 37
    endloop
  endfacet
  facet normal -0 0 -1
    outer loop
      vertex 23.2235 -13.8978 37
      vertex 23.1987 -14 37
      vertex 23.1031 -13.8569 37
    endloop
  endfacet
  facet normal 0 0 -1
    outer loop
      vertex 21.6199 12.8263 37
      vertex 21.7277 13.0171 37
      vertex 21.7999 13.0315 37
    endloop
  endfacet
  facet normal 0 0 -1
    outer loop
      vertex 21.6199 12.8263 37
      vertex 21.4667 13 37
      vertex 21.7277 13.0171 37
    endloop
  endfacet
  facet normal 0 0 -1
    outer loop
      vertex 21.4019 12.5 37
      vertex 21.4667 13 37
      vertex 21.6199 12.8263 37
    endloop
  endfacet
  facet normal 0 0 -1
    outer loop
      vertex 20.949 13.0681 37
      vertex 21.4019 12.5 37
      vertex 21.2284 12.148 37
    endloop
  endfacet
  facet normal 0 0 -1
    outer loop
      vertex 21.4019 12.5 37
      vertex 21.2056 13.0171 37
      vertex 21.4667 13 37
    endloop
  endfacet
  facet normal 0 0 -1
    outer loop
      vertex 20.7013 13.1522 37
      vertex 21.2284 12.148 37
      vertex 21.1022 11.7765 37
    endloop
  endfacet
  facet normal 0 0 -1
    outer loop
      vertex 20.2491 13.4133 37
      vertex 21.1022 11.7765 37
      vertex 21.0257 11.3916 37
    endloop
  endfacet
  facet normal 0 0 -1
    outer loop
      vertex 21.4019 12.5 37
      vertex 20.949 13.0681 37
      vertex 21.2056 13.0171 37
    endloop
  endfacet
  facet normal 0 0 -1
    outer loop
      vertex 20.0525 13.5858 37
      vertex 21.0257 11.3916 37
      vertex 21 11 37
    endloop
  endfacet
  facet normal -0 0 -1
    outer loop
      vertex 21.1022 -11.7765 37
      vertex 20.2491 -13.4133 37
      vertex 21.0257 -11.3916 37
    endloop
  endfacet
  facet normal 0 0 -1
    outer loop
      vertex 20.0525 -13.5858 37
      vertex 21.0257 -11.3916 37
      vertex 20.2491 -13.4133 37
    endloop
  endfacet
  facet normal 0 0 -1
    outer loop
      vertex 21.2284 12.148 37
      vertex 20.7013 13.1522 37
      vertex 20.949 13.0681 37
    endloop
  endfacet
  facet normal -0 0 -1
    outer loop
      vertex 21.0257 -11.3916 37
      vertex 20.0525 -13.5858 37
      vertex 21 -11 37
    endloop
  endfacet
  facet normal 0 0 -1
    outer loop
      vertex 21.1022 11.7765 37
      vertex 20.4667 13.2679 37
      vertex 20.7013 13.1522 37
    endloop
  endfacet
  facet normal -0 0 -1
    outer loop
      vertex 21 -11 37
      vertex 5 -16.35 37
      vertex 21 11 37
    endloop
  endfacet
  facet normal 0 0 -1
    outer loop
      vertex 21.1022 11.7765 37
      vertex 20.2491 13.4133 37
      vertex 20.4667 13.2679 37
    endloop
  endfacet
  facet normal 0 0 -1
    outer loop
      vertex 19.88 -13.7825 37
      vertex 21 -11 37
      vertex 20.0525 -13.5858 37
    endloop
  endfacet
  facet normal 0 -0 -1
    outer loop
      vertex 19.7346 14 37
      vertex 21 11 37
      vertex 5 -16.35 37
    endloop
  endfacet
  facet normal 0 0 -1
    outer loop
      vertex 19.7346 -14 37
      vertex 21 -11 37
      vertex 19.88 -13.7825 37
    endloop
  endfacet
  facet normal 0 0 -1
    outer loop
      vertex 21.0257 11.3916 37
      vertex 20.0525 13.5858 37
      vertex 20.2491 13.4133 37
    endloop
  endfacet
  facet normal 0 0 -1
    outer loop
      vertex 21 -11 37
      vertex 19.7346 -14 37
      vertex 5 -16.35 37
    endloop
  endfacet
  facet normal 0 0 -1
    outer loop
      vertex 21 11 37
      vertex 19.88 13.7825 37
      vertex 20.0525 13.5858 37
    endloop
  endfacet
  facet normal 0 0 -1
    outer loop
      vertex 5 -16.35 37
      vertex 19.7346 -14 37
      vertex 19.6189 -14.2346 37
    endloop
  endfacet
  facet normal 0 0 -1
    outer loop
      vertex 21 11 37
      vertex 19.7346 14 37
      vertex 19.88 13.7825 37
    endloop
  endfacet
  facet normal 0 0 -1
    outer loop
      vertex 5 -16.35 37
      vertex 19.6189 -14.2346 37
      vertex 19.5348 -14.4824 37
    endloop
  endfacet
  facet normal -0 0 -1
    outer loop
      vertex 19.7346 14 37
      vertex 5 -16.35 37
      vertex 19.6189 14.2346 37
    endloop
  endfacet
  facet normal 0 0 -1
    outer loop
      vertex 5 -16.35 37
      vertex 19.5348 -14.4824 37
      vertex 19.4838 -14.7389 37
    endloop
  endfacet
  facet normal 0 0 -1
    outer loop
      vertex -19.4667 15 37
      vertex 19.6189 14.2346 37
      vertex 5 -16.35 37
    endloop
  endfacet
  facet normal 0 0 -1
    outer loop
      vertex 5 -16.35 37
      vertex 19.4838 -14.7389 37
      vertex 19.4667 -15 37
    endloop
  endfacet
  facet normal 0 0 -1
    outer loop
      vertex 19.6189 14.2346 37
      vertex -19.4667 15 37
      vertex 19.5348 14.4824 37
    endloop
  endfacet
  facet normal -0 0 -1
    outer loop
      vertex 42.9 0.192937 37
      vertex 42.875 0.180608 37
      vertex 42.9 3.5 37
    endloop
  endfacet
  facet normal 0 0 -1
    outer loop
      vertex 57.6175 -13.4133 37
      vertex 69.0513 -12.7651 37
      vertex 57.8142 -13.5858 37
    endloop
  endfacet
  facet normal 0 0 -1
    outer loop
      vertex 69.3651 12.4513 37
      vertex 58.3829 14.7389 37
      vertex 58.4 15 37
    endloop
  endfacet
  facet normal -0 0 -1
    outer loop
      vertex 69.0513 -12.7651 37
      vertex 57.6175 -13.4133 37
      vertex 69.1979 -12.5979 37
    endloop
  endfacet
  facet normal 0 0 -1
    outer loop
      vertex 69.3651 12.4513 37
      vertex 58.3319 14.4824 37
      vertex 58.3829 14.7389 37
    endloop
  endfacet
  facet normal -0 0 -1
    outer loop
      vertex 69.1979 -12.5979 37
      vertex 57.6175 -13.4133 37
      vertex 69.3651 -12.4513 37
    endloop
  endfacet
  facet normal 0 0 -1
    outer loop
      vertex 69.3651 12.4513 37
      vertex 58.2478 14.2346 37
      vertex 58.3319 14.4824 37
    endloop
  endfacet
  facet normal 0 0 -1
    outer loop
      vertex 57.4 -13.2679 37
      vertex 69.3651 -12.4513 37
      vertex 57.6175 -13.4133 37
    endloop
  endfacet
  facet normal 0 0 -1
    outer loop
      vertex 69.3651 12.4513 37
      vertex 58.132 14 37
      vertex 58.2478 14.2346 37
    endloop
  endfacet
  facet normal -0 0 -1
    outer loop
      vertex 69.3651 -12.4513 37
      vertex 57.4 -13.2679 37
      vertex 69.55 -12.3278 37
    endloop
  endfacet
  facet normal 0 0 -1
    outer loop
      vertex 69.3651 12.4513 37
      vertex 57.9867 13.7825 37
      vertex 58.132 14 37
    endloop
  endfacet
  facet normal 0 0 -1
    outer loop
      vertex 57.1654 -13.1522 37
      vertex 69.55 -12.3278 37
      vertex 57.4 -13.2679 37
    endloop
  endfacet
  facet normal 0 0 -1
    outer loop
      vertex 69.3651 12.4513 37
      vertex 57.8142 13.5858 37
      vertex 57.9867 13.7825 37
    endloop
  endfacet
  facet normal 0 0 -1
    outer loop
      vertex 49.2136 -2.94526 37
      vertex 69.55 -12.3278 37
      vertex 57.1654 -13.1522 37
    endloop
  endfacet
  facet normal 0 0 -1
    outer loop
      vertex 69.3651 12.4513 37
      vertex 57.6175 13.4133 37
      vertex 57.8142 13.5858 37
    endloop
  endfacet
  facet normal 0 0 -1
    outer loop
      vertex 69.55 -12.3278 37
      vertex 49.2136 -2.94526 37
      vertex 69.55 12.3278 37
    endloop
  endfacet
  facet normal 0 0 -1
    outer loop
      vertex 69.3651 12.4513 37
      vertex 57.4 13.2679 37
      vertex 57.6175 13.4133 37
    endloop
  endfacet
  facet normal 0 0 -1
    outer loop
      vertex 49.1052 -2.40002 37
      vertex 69.55 12.3278 37
      vertex 49.2136 -2.94526 37
    endloop
  endfacet
  facet normal 0 0 -1
    outer loop
      vertex 69.3651 12.4513 37
      vertex 57.1654 13.1522 37
      vertex 57.4 13.2679 37
    endloop
  endfacet
  facet normal 0 0 -1
    outer loop
      vertex 49.2136 -2.94526 37
      vertex 57.1654 -13.1522 37
      vertex 56.9176 -13.0681 37
    endloop
  endfacet
  facet normal 0 -0 -1
    outer loop
      vertex 57.1654 13.1522 37
      vertex 69.55 12.3278 37
      vertex 49.1052 -2.40002 37
    endloop
  endfacet
  facet normal 0 0 -1
    outer loop
      vertex 49.25 -3.5 37
      vertex 56.9176 -13.0681 37
      vertex 56.6611 -13.0171 37
    endloop
  endfacet
  facet normal 0 0 -1
    outer loop
      vertex 69.55 12.3278 37
      vertex 57.1654 13.1522 37
      vertex 69.3651 12.4513 37
    endloop
  endfacet
  facet normal 0 0 -1
    outer loop
      vertex 49.2136 -4.05474 37
      vertex 56.6611 -13.0171 37
      vertex 56.4 -13 37
    endloop
  endfacet
  facet normal 0 0 -1
    outer loop
      vertex 57.1654 13.1522 37
      vertex 49.1052 -2.40002 37
      vertex 56.9176 13.0681 37
    endloop
  endfacet
  facet normal 0 0 -1
    outer loop
      vertex 49.1052 -4.59998 37
      vertex 56.4 -13 37
      vertex 56.1389 -13.0171 37
    endloop
  endfacet
  facet normal 0 0 -1
    outer loop
      vertex 48.9265 -1.8736 37
      vertex 56.9176 13.0681 37
      vertex 49.1052 -2.40002 37
    endloop
  endfacet
  facet normal 0 0 -1
    outer loop
      vertex 48.9265 -5.1264 37
      vertex 56.1389 -13.0171 37
      vertex 55.8824 -13.0681 37
    endloop
  endfacet
  facet normal 0 0 -1
    outer loop
      vertex 56.9176 13.0681 37
      vertex 48.9265 -1.8736 37
      vertex 56.6611 13.0171 37
    endloop
  endfacet
  facet normal 0 0 -1
    outer loop
      vertex 48.9265 -5.1264 37
      vertex 55.8824 -13.0681 37
      vertex 55.6346 -13.1522 37
    endloop
  endfacet
  facet normal 0 0 -1
    outer loop
      vertex 48.6806 -1.375 37
      vertex 56.6611 13.0171 37
      vertex 48.9265 -1.8736 37
    endloop
  endfacet
  facet normal 0 0 -1
    outer loop
      vertex 48.6806 -5.625 37
      vertex 55.6346 -13.1522 37
      vertex 55.4 -13.2679 37
    endloop
  endfacet
  facet normal 0 0 -1
    outer loop
      vertex 56.6611 13.0171 37
      vertex 48.6806 -1.375 37
      vertex 56.4 13 37
    endloop
  endfacet
  facet normal 0 0 -1
    outer loop
      vertex 48.3717 -6.08724 37
      vertex 55.4 -13.2679 37
      vertex 55.1825 -13.4133 37
    endloop
  endfacet
  facet normal 0 0 -1
    outer loop
      vertex 47.1 3.5 37
      vertex 56.4 13 37
      vertex 48.6806 -1.375 37
    endloop
  endfacet
  facet normal 0 0 -1
    outer loop
      vertex 48.0052 -6.5052 37
      vertex 55.1825 -13.4133 37
      vertex 54.9858 -13.5858 37
    endloop
  endfacet
  facet normal 0 0 -1
    outer loop
      vertex 47.082 3.7741 37
      vertex 56.4 13 37
      vertex 47.1 3.5 37
    endloop
  endfacet
  facet normal 0 0 -1
    outer loop
      vertex 48.0052 -6.5052 37
      vertex 54.9858 -13.5858 37
      vertex 54.8133 -13.7825 37
    endloop
  endfacet
  facet normal -0 0 -1
    outer loop
      vertex 56.4 13 37
      vertex 47.082 3.7741 37
      vertex 56.1389 13.0171 37
    endloop
  endfacet
  facet normal 0 0 -1
    outer loop
      vertex 47.5872 -6.87175 37
      vertex 54.8133 -13.7825 37
      vertex 54.6679 -14 37
    endloop
  endfacet
  facet normal 0 0 -1
    outer loop
      vertex 47.0284 4.04352 37
      vertex 56.1389 13.0171 37
      vertex 47.082 3.7741 37
    endloop
  endfacet
  facet normal 0 0 -1
    outer loop
      vertex 47.125 -7.18061 37
      vertex 54.6679 -14 37
      vertex 54.5522 -14.2346 37
    endloop
  endfacet
  facet normal -0 0 -1
    outer loop
      vertex 56.1389 13.0171 37
      vertex 47.0284 4.04352 37
      vertex 55.8824 13.0681 37
    endloop
  endfacet
  facet normal 0 0 -1
    outer loop
      vertex 46.6264 -7.42649 37
      vertex 54.5522 -14.2346 37
      vertex 54.4681 -14.4824 37
    endloop
  endfacet
  facet normal 0 0 -1
    outer loop
      vertex 46.9401 4.30363 37
      vertex 55.8824 13.0681 37
      vertex 47.0284 4.04352 37
    endloop
  endfacet
  facet normal 0 0 -1
    outer loop
      vertex 46.6264 -7.42649 37
      vertex 54.4681 -14.4824 37
      vertex 54.4171 -14.7389 37
    endloop
  endfacet
  facet normal -0 0 -1
    outer loop
      vertex 55.8824 13.0681 37
      vertex 46.9401 4.30363 37
      vertex 55.6346 13.1522 37
    endloop
  endfacet
  facet normal 0 0 -1
    outer loop
      vertex 46.1 -7.60518 37
      vertex 54.4171 -14.7389 37
      vertex 54.4 -15 37
    endloop
  endfacet
  facet normal 0 0 -1
    outer loop
      vertex 46.8187 4.55 37
      vertex 55.6346 13.1522 37
      vertex 46.9401 4.30363 37
    endloop
  endfacet
  facet normal 0 0 -1
    outer loop
      vertex 71.9706 -13.1494 37
      vertex 74.4 -15.4 37
      vertex 72.0421 -13.36 37
    endloop
  endfacet
  facet normal 0 0 -1
    outer loop
      vertex 74.4 15.4 37
      vertex 72.0855 13.5781 37
      vertex 72.1 13.8 37
    endloop
  endfacet
  facet normal 0 0 -1
    outer loop
      vertex 71.8722 -12.95 37
      vertex 74.4 -15.4 37
      vertex 71.9706 -13.1494 37
    endloop
  endfacet
  facet normal 0 0 -1
    outer loop
      vertex 74.4 15.4 37
      vertex 72.0421 13.36 37
      vertex 72.0855 13.5781 37
    endloop
  endfacet
  facet normal 0 0 -1
    outer loop
      vertex 71.7487 -12.7651 37
      vertex 74.4 -15.4 37
      vertex 71.8722 -12.95 37
    endloop
  endfacet
  facet normal 0 0 -1
    outer loop
      vertex 74.4 15.4 37
      vertex 71.9706 13.1494 37
      vertex 72.0421 13.36 37
    endloop
  endfacet
  facet normal 0 0 -1
    outer loop
      vertex 74.4 -15.4 37
      vertex 71.7487 -12.7651 37
      vertex 74.4 15.4 37
    endloop
  endfacet
  facet normal 0 0 -1
    outer loop
      vertex 74.4 15.4 37
      vertex 71.8722 12.95 37
      vertex 71.9706 13.1494 37
    endloop
  endfacet
  facet normal 0 0 -1
    outer loop
      vertex 71.7487 12.7651 37
      vertex 74.4 15.4 37
      vertex 71.7487 -12.7651 37
    endloop
  endfacet
  facet normal 0 0 -1
    outer loop
      vertex 74.4 15.4 37
      vertex 71.7487 12.7651 37
      vertex 71.8722 12.95 37
    endloop
  endfacet
  facet normal 0 0 -1
    outer loop
      vertex 71.6021 -12.5979 37
      vertex 71.7487 12.7651 37
      vertex 71.7487 -12.7651 37
    endloop
  endfacet
  facet normal 0 0 -1
    outer loop
      vertex 71.6021 -12.5979 37
      vertex 71.6021 12.5979 37
      vertex 71.7487 12.7651 37
    endloop
  endfacet
  facet normal 0 0 -1
    outer loop
      vertex 71.4349 -12.4513 37
      vertex 71.6021 12.5979 37
      vertex 71.6021 -12.5979 37
    endloop
  endfacet
  facet normal 0 0 -1
    outer loop
      vertex 71.4349 -12.4513 37
      vertex 71.4349 12.4513 37
      vertex 71.6021 12.5979 37
    endloop
  endfacet
  facet normal 0 0 -1
    outer loop
      vertex 71.25 -12.3278 37
      vertex 71.4349 12.4513 37
      vertex 71.4349 -12.4513 37
    endloop
  endfacet
  facet normal 0 0 -1
    outer loop
      vertex 71.25 -12.3278 37
      vertex 71.25 12.3278 37
      vertex 71.4349 12.4513 37
    endloop
  endfacet
  facet normal 0 0 -1
    outer loop
      vertex 71.0506 -12.2294 37
      vertex 71.25 12.3278 37
      vertex 71.25 -12.3278 37
    endloop
  endfacet
  facet normal 0 0 -1
    outer loop
      vertex 71.0506 -12.2294 37
      vertex 71.0506 12.2294 37
      vertex 71.25 12.3278 37
    endloop
  endfacet
  facet normal 0 0 -1
    outer loop
      vertex 70.84 -12.1579 37
      vertex 71.0506 12.2294 37
      vertex 71.0506 -12.2294 37
    endloop
  endfacet
  facet normal 0 0 -1
    outer loop
      vertex 70.84 -12.1579 37
      vertex 70.84 12.1579 37
      vertex 71.0506 12.2294 37
    endloop
  endfacet
  facet normal 0 0 -1
    outer loop
      vertex 70.6219 -12.1145 37
      vertex 70.84 12.1579 37
      vertex 70.84 -12.1579 37
    endloop
  endfacet
  facet normal 0 0 -1
    outer loop
      vertex 70.6219 -12.1145 37
      vertex 70.6219 12.1145 37
      vertex 70.84 12.1579 37
    endloop
  endfacet
  facet normal 0 0 -1
    outer loop
      vertex 70.4 -12.1 37
      vertex 70.6219 12.1145 37
      vertex 70.6219 -12.1145 37
    endloop
  endfacet
  facet normal 0 0 -1
    outer loop
      vertex 70.4 -12.1 37
      vertex 70.4 12.1 37
      vertex 70.6219 12.1145 37
    endloop
  endfacet
  facet normal 0 0 -1
    outer loop
      vertex 70.1781 -12.1145 37
      vertex 70.4 12.1 37
      vertex 70.4 -12.1 37
    endloop
  endfacet
  facet normal 0 0 -1
    outer loop
      vertex 70.1781 -12.1145 37
      vertex 70.1781 12.1145 37
      vertex 70.4 12.1 37
    endloop
  endfacet
  facet normal 0 0 -1
    outer loop
      vertex 69.96 -12.1579 37
      vertex 70.1781 12.1145 37
      vertex 70.1781 -12.1145 37
    endloop
  endfacet
  facet normal 0 0 -1
    outer loop
      vertex 69.96 -12.1579 37
      vertex 69.96 12.1579 37
      vertex 70.1781 12.1145 37
    endloop
  endfacet
  facet normal 0 0 -1
    outer loop
      vertex 69.7494 -12.2294 37
      vertex 69.96 12.1579 37
      vertex 69.96 -12.1579 37
    endloop
  endfacet
  facet normal 0 0 -1
    outer loop
      vertex 69.7494 -12.2294 37
      vertex 69.7494 12.2294 37
      vertex 69.96 12.1579 37
    endloop
  endfacet
  facet normal 0 0 -1
    outer loop
      vertex 69.55 -12.3278 37
      vertex 69.7494 12.2294 37
      vertex 69.7494 -12.2294 37
    endloop
  endfacet
  facet normal 0 0 -1
    outer loop
      vertex 69.55 -12.3278 37
      vertex 69.55 12.3278 37
      vertex 69.7494 12.2294 37
    endloop
  endfacet
  facet normal 0 0 -1
    outer loop
      vertex 57.8142 -13.5858 37
      vertex 68.9278 -12.95 37
      vertex 57.9867 -13.7825 37
    endloop
  endfacet
  facet normal -0 0 -1
    outer loop
      vertex 68.9278 -12.95 37
      vertex 57.8142 -13.5858 37
      vertex 69.0513 -12.7651 37
    endloop
  endfacet
  facet normal -0 0 -1
    outer loop
      vertex 68.7579 -13.36 37
      vertex 58.132 -14 37
      vertex 68.8294 -13.1494 37
    endloop
  endfacet
  facet normal 0 0 -1
    outer loop
      vertex 57.9867 -13.7825 37
      vertex 68.8294 -13.1494 37
      vertex 58.132 -14 37
    endloop
  endfacet
  facet normal 0 0 -1
    outer loop
      vertex 58.132 -14 37
      vertex 68.7579 -13.36 37
      vertex 58.2478 -14.2346 37
    endloop
  endfacet
  facet normal -0 0 -1
    outer loop
      vertex 68.8294 -13.1494 37
      vertex 57.9867 -13.7825 37
      vertex 68.9278 -12.95 37
    endloop
  endfacet
  facet normal -0 0 -1
    outer loop
      vertex 68.7145 -13.5781 37
      vertex 58.2478 -14.2346 37
      vertex 68.7579 -13.36 37
    endloop
  endfacet
  facet normal 0 0 -1
    outer loop
      vertex 69.3651 12.4513 37
      vertex 58.4 15 37
      vertex 69.1979 12.5979 37
    endloop
  endfacet
  facet normal 0 0 -1
    outer loop
      vertex 58.2478 -14.2346 37
      vertex 68.7145 -13.5781 37
      vertex 58.3319 -14.4824 37
    endloop
  endfacet
  facet normal 0 0 -1
    outer loop
      vertex 69.1979 12.5979 37
      vertex 58.4 15 37
      vertex 69.0513 12.7651 37
    endloop
  endfacet
  facet normal -0 0 -1
    outer loop
      vertex 68.7 -13.8 37
      vertex 58.3319 -14.4824 37
      vertex 68.7145 -13.5781 37
    endloop
  endfacet
  facet normal 0 0 -1
    outer loop
      vertex 69.0513 12.7651 37
      vertex 58.4 15 37
      vertex 68.9278 12.95 37
    endloop
  endfacet
  facet normal 0 0 -1
    outer loop
      vertex 58.3319 -14.4824 37
      vertex 68.7 -13.8 37
      vertex 58.3829 -14.7389 37
    endloop
  endfacet
  facet normal 0 0 -1
    outer loop
      vertex 68.9278 12.95 37
      vertex 58.4 15 37
      vertex 68.8294 13.1494 37
    endloop
  endfacet
  facet normal -0 0 -1
    outer loop
      vertex 68.7145 -14.0219 37
      vertex 58.3829 -14.7389 37
      vertex 68.7 -13.8 37
    endloop
  endfacet
  facet normal 0 0 -1
    outer loop
      vertex 68.8294 13.1494 37
      vertex 58.4 15 37
      vertex 68.7579 13.36 37
    endloop
  endfacet
  facet normal 0 0 -1
    outer loop
      vertex 71.8722 -14.65 37
      vertex 74.4 -15.4 37
      vertex 74.3743 -15.7916 37
    endloop
  endfacet
  facet normal 0 0 -1
    outer loop
      vertex 72.0855 -13.5781 37
      vertex 74.4 -15.4 37
      vertex 72.1 -13.8 37
    endloop
  endfacet
  facet normal 0 0 -1
    outer loop
      vertex 71.7487 -14.8349 37
      vertex 74.3743 -15.7916 37
      vertex 74.2978 -16.1764 37
    endloop
  endfacet
  facet normal 0 0 -1
    outer loop
      vertex 72.0421 -13.36 37
      vertex 74.4 -15.4 37
      vertex 72.0855 -13.5781 37
    endloop
  endfacet
  facet normal 0 0 -1
    outer loop
      vertex 71.7487 -14.8349 37
      vertex 74.2978 -16.1764 37
      vertex 74.1716 -16.548 37
    endloop
  endfacet
  facet normal 0 0 -1
    outer loop
      vertex 72.0855 14.0219 37
      vertex 74.4 15.4 37
      vertex 72.1 13.8 37
    endloop
  endfacet
  facet normal 0 0 -1
    outer loop
      vertex 71.6021 -15.0021 37
      vertex 74.1716 -16.548 37
      vertex 73.9981 -16.9 37
    endloop
  endfacet
  facet normal 0 0 -1
    outer loop
      vertex 72.0421 14.24 37
      vertex 74.4 15.4 37
      vertex 72.0855 14.0219 37
    endloop
  endfacet
  facet normal 0 0 -1
    outer loop
      vertex 71.6021 -15.0021 37
      vertex 73.9981 -16.9 37
      vertex 73.78 -17.2263 37
    endloop
  endfacet
  facet normal 0 0 -1
    outer loop
      vertex 71.9706 14.4506 37
      vertex 74.4 15.4 37
      vertex 72.0421 14.24 37
    endloop
  endfacet
  facet normal 0 0 -1
    outer loop
      vertex 71.4349 -15.1487 37
      vertex 73.78 -17.2263 37
      vertex 73.5213 -17.5213 37
    endloop
  endfacet
  facet normal 0 0 -1
    outer loop
      vertex 71.8722 14.65 37
      vertex 74.4 15.4 37
      vertex 71.9706 14.4506 37
    endloop
  endfacet
  facet normal 0 0 -1
    outer loop
      vertex 71.4349 -15.1487 37
      vertex 73.5213 -17.5213 37
      vertex 73.2263 -17.78 37
    endloop
  endfacet
  facet normal -0 0 -1
    outer loop
      vertex 74.4 15.4 37
      vertex 71.8722 14.65 37
      vertex 74.3743 15.7916 37
    endloop
  endfacet
  facet normal 0 0 -1
    outer loop
      vertex 71.25 -15.2722 37
      vertex 73.2263 -17.78 37
      vertex 72.9 -17.9981 37
    endloop
  endfacet
  facet normal 0 0 -1
    outer loop
      vertex 71.7487 14.8349 37
      vertex 74.3743 15.7916 37
      vertex 71.8722 14.65 37
    endloop
  endfacet
  facet normal 0 0 -1
    outer loop
      vertex 71.25 -15.2722 37
      vertex 72.9 -17.9981 37
      vertex 72.548 -18.1716 37
    endloop
  endfacet
  facet normal -0 0 -1
    outer loop
      vertex 74.3743 15.7916 37
      vertex 71.7487 14.8349 37
      vertex 74.2978 16.1764 37
    endloop
  endfacet
  facet normal 0 0 -1
    outer loop
      vertex 71.25 -15.2722 37
      vertex 72.548 -18.1716 37
      vertex 72.1764 -18.2978 37
    endloop
  endfacet
  facet normal -0 0 -1
    outer loop
      vertex 74.2978 16.1764 37
      vertex 71.7487 14.8349 37
      vertex 74.1716 16.548 37
    endloop
  endfacet
  facet normal 0 0 -1
    outer loop
      vertex 71.6021 15.0021 37
      vertex 74.1716 16.548 37
      vertex 71.7487 14.8349 37
    endloop
  endfacet
  facet normal 0 0 -1
    outer loop
      vertex 74.4 -15.4 37
      vertex 72.0855 -14.0219 37
      vertex 72.1 -13.8 37
    endloop
  endfacet
  facet normal 0 0 -1
    outer loop
      vertex 74.4 -15.4 37
      vertex 72.0421 -14.24 37
      vertex 72.0855 -14.0219 37
    endloop
  endfacet
  facet normal 0 0 -1
    outer loop
      vertex 74.4 -15.4 37
      vertex 71.9706 -14.4506 37
      vertex 72.0421 -14.24 37
    endloop
  endfacet
  facet normal 0 0 -1
    outer loop
      vertex 74.4 -15.4 37
      vertex 71.8722 -14.65 37
      vertex 71.9706 -14.4506 37
    endloop
  endfacet
  facet normal 0 0 -1
    outer loop
      vertex 71.0506 -15.3706 37
      vertex 72.1764 -18.2978 37
      vertex 71.7916 -18.3743 37
    endloop
  endfacet
  facet normal 0 0 -1
    outer loop
      vertex 74.3743 -15.7916 37
      vertex 71.7487 -14.8349 37
      vertex 71.8722 -14.65 37
    endloop
  endfacet
  facet normal 0 0 -1
    outer loop
      vertex 74.1716 -16.548 37
      vertex 71.6021 -15.0021 37
      vertex 71.7487 -14.8349 37
    endloop
  endfacet
  facet normal 0 0 -1
    outer loop
      vertex 73.78 -17.2263 37
      vertex 71.4349 -15.1487 37
      vertex 71.6021 -15.0021 37
    endloop
  endfacet
  facet normal 0 0 -1
    outer loop
      vertex 71.0506 -15.3706 37
      vertex 71.7916 -18.3743 37
      vertex 71.4 -18.4 37
    endloop
  endfacet
  facet normal 0 0 -1
    outer loop
      vertex 73.2263 -17.78 37
      vertex 71.25 -15.2722 37
      vertex 71.4349 -15.1487 37
    endloop
  endfacet
  facet normal 0 0 -1
    outer loop
      vertex 72.1764 -18.2978 37
      vertex 71.0506 -15.3706 37
      vertex 71.25 -15.2722 37
    endloop
  endfacet
  facet normal 0 0 -1
    outer loop
      vertex 71.4 -18.4 37
      vertex 70.84 -15.4421 37
      vertex 71.0506 -15.3706 37
    endloop
  endfacet
  facet normal 0 0 -1
    outer loop
      vertex 71.4 -18.4 37
      vertex 70.6219 -15.4855 37
      vertex 70.84 -15.4421 37
    endloop
  endfacet
  facet normal 0 0 -1
    outer loop
      vertex 71.4 -18.4 37
      vertex 70.4 -15.5 37
      vertex 70.6219 -15.4855 37
    endloop
  endfacet
  facet normal 0 0 -1
    outer loop
      vertex 71.4 -18.4 37
      vertex 70.1781 -15.4855 37
      vertex 70.4 -15.5 37
    endloop
  endfacet
  facet normal 0 0 -1
    outer loop
      vertex 71.4 -18.4 37
      vertex 69.96 -15.4421 37
      vertex 70.1781 -15.4855 37
    endloop
  endfacet
  facet normal 0 0 -1
    outer loop
      vertex 71.4 -18.4 37
      vertex 69.7494 -15.3706 37
      vertex 69.96 -15.4421 37
    endloop
  endfacet
  facet normal 0 0 -1
    outer loop
      vertex 71.4 -18.4 37
      vertex 69.55 -15.2722 37
      vertex 69.7494 -15.3706 37
    endloop
  endfacet
  facet normal 0 0 -1
    outer loop
      vertex 71.4 -18.4 37
      vertex 69.3651 -15.1487 37
      vertex 69.55 -15.2722 37
    endloop
  endfacet
  facet normal 0 0 -1
    outer loop
      vertex 71.4 -18.4 37
      vertex 69.1979 -15.0021 37
      vertex 69.3651 -15.1487 37
    endloop
  endfacet
  facet normal 0 0 -1
    outer loop
      vertex 57.9867 -16.2175 37
      vertex 69.1979 -15.0021 37
      vertex 71.4 -18.4 37
    endloop
  endfacet
  facet normal 0 -0 -1
    outer loop
      vertex 58.132 -16 37
      vertex 69.1979 -15.0021 37
      vertex 57.9867 -16.2175 37
    endloop
  endfacet
  facet normal 0 0 -1
    outer loop
      vertex 68.7579 13.36 37
      vertex 58.4 15 37
      vertex 68.7145 13.5781 37
    endloop
  endfacet
  facet normal 0 0 -1
    outer loop
      vertex 58.3829 -14.7389 37
      vertex 68.7145 -14.0219 37
      vertex 58.4 -15 37
    endloop
  endfacet
  facet normal -0 0 -1
    outer loop
      vertex 68.7579 -14.24 37
      vertex 58.4 -15 37
      vertex 68.7145 -14.0219 37
    endloop
  endfacet
  facet normal 0 0 -1
    outer loop
      vertex 58.3829 -15.2611 37
      vertex 68.7579 -14.24 37
      vertex 68.8294 -14.4506 37
    endloop
  endfacet
  facet normal 0 0 -1
    outer loop
      vertex 58.3319 -15.5176 37
      vertex 68.8294 -14.4506 37
      vertex 68.9278 -14.65 37
    endloop
  endfacet
  facet normal -0 0 -1
    outer loop
      vertex 69.1979 -15.0021 37
      vertex 58.132 -16 37
      vertex 69.0513 -14.8349 37
    endloop
  endfacet
  facet normal 0 0 -1
    outer loop
      vertex 68.7579 -14.24 37
      vertex 58.3829 -15.2611 37
      vertex 58.4 -15 37
    endloop
  endfacet
  facet normal 0 0 -1
    outer loop
      vertex 68.8294 -14.4506 37
      vertex 58.3319 -15.5176 37
      vertex 58.3829 -15.2611 37
    endloop
  endfacet
  facet normal 0 0 -1
    outer loop
      vertex 68.9278 -14.65 37
      vertex 58.2478 -15.7654 37
      vertex 58.3319 -15.5176 37
    endloop
  endfacet
  facet normal -0 0 -1
    outer loop
      vertex 69.0513 -14.8349 37
      vertex 58.2478 -15.7654 37
      vertex 68.9278 -14.65 37
    endloop
  endfacet
  facet normal 0 -0 -1
    outer loop
      vertex 58.2478 -15.7654 37
      vertex 69.0513 -14.8349 37
      vertex 58.132 -16 37
    endloop
  endfacet
  facet normal 0 0 -1
    outer loop
      vertex 71.4 -18.4 37
      vertex 57.8142 -16.4142 37
      vertex 57.9867 -16.2175 37
    endloop
  endfacet
  facet normal 0 0 -1
    outer loop
      vertex 71.4 -18.4 37
      vertex 57.6175 -16.5867 37
      vertex 57.8142 -16.4142 37
    endloop
  endfacet
  facet normal 0 0 -1
    outer loop
      vertex 71.4 -18.4 37
      vertex 57.4 -16.732 37
      vertex 57.6175 -16.5867 37
    endloop
  endfacet
  facet normal 0 0 -1
    outer loop
      vertex 71.4 -18.4 37
      vertex 57.1654 -16.8478 37
      vertex 57.4 -16.732 37
    endloop
  endfacet
  facet normal 0 0 -1
    outer loop
      vertex 71.4 -18.4 37
      vertex 56.9176 -16.9319 37
      vertex 57.1654 -16.8478 37
    endloop
  endfacet
  facet normal 0 0 -1
    outer loop
      vertex 71.4 -18.4 37
      vertex 56.6611 -16.9829 37
      vertex 56.9176 -16.9319 37
    endloop
  endfacet
  facet normal 0 0 -1
    outer loop
      vertex 71.4 -18.4 37
      vertex 56.4 -17 37
      vertex 56.6611 -16.9829 37
    endloop
  endfacet
  facet normal 0 0 -1
    outer loop
      vertex 71.4 -18.4 37
      vertex 56.1389 -16.9829 37
      vertex 56.4 -17 37
    endloop
  endfacet
  facet normal 0 0 -1
    outer loop
      vertex 56.9176 -13.0681 37
      vertex 49.25 -3.5 37
      vertex 49.2136 -2.94526 37
    endloop
  endfacet
  facet normal 0 0 -1
    outer loop
      vertex 45.5547 -7.71364 37
      vertex 54.4 -15 37
      vertex 54.4171 -15.2611 37
    endloop
  endfacet
  facet normal 0 0 -1
    outer loop
      vertex 45 -7.75 37
      vertex 54.4171 -15.2611 37
      vertex 54.4681 -15.5176 37
    endloop
  endfacet
  facet normal 0 0 -1
    outer loop
      vertex 44.4453 -7.71364 37
      vertex 54.4681 -15.5176 37
      vertex 54.5522 -15.7654 37
    endloop
  endfacet
  facet normal 0 0 -1
    outer loop
      vertex 56.6611 -13.0171 37
      vertex 49.2136 -4.05474 37
      vertex 49.25 -3.5 37
    endloop
  endfacet
  facet normal 0 0 -1
    outer loop
      vertex 56.4 -13 37
      vertex 49.1052 -4.59998 37
      vertex 49.2136 -4.05474 37
    endloop
  endfacet
  facet normal 0 0 -1
    outer loop
      vertex 56.1389 -13.0171 37
      vertex 48.9265 -5.1264 37
      vertex 49.1052 -4.59998 37
    endloop
  endfacet
  facet normal 0 0 -1
    outer loop
      vertex 43.9 -7.60518 37
      vertex 54.5522 -15.7654 37
      vertex 54.6679 -16 37
    endloop
  endfacet
  facet normal 0 0 -1
    outer loop
      vertex 55.6346 -13.1522 37
      vertex 48.6806 -5.625 37
      vertex 48.9265 -5.1264 37
    endloop
  endfacet
  facet normal 0 0 -1
    outer loop
      vertex 55.4 -13.2679 37
      vertex 48.3717 -6.08724 37
      vertex 48.6806 -5.625 37
    endloop
  endfacet
  facet normal 0 0 -1
    outer loop
      vertex 55.1825 -13.4133 37
      vertex 48.0052 -6.5052 37
      vertex 48.3717 -6.08724 37
    endloop
  endfacet
  facet normal 0 0 -1
    outer loop
      vertex 26.1213 -13.1213 37
      vertex 54.6679 -16 37
      vertex 54.8133 -16.2175 37
    endloop
  endfacet
  facet normal 0 0 -1
    outer loop
      vertex 54.8133 -13.7825 37
      vertex 47.5872 -6.87175 37
      vertex 48.0052 -6.5052 37
    endloop
  endfacet
  facet normal 0 0 -1
    outer loop
      vertex 54.6679 -14 37
      vertex 47.125 -7.18061 37
      vertex 47.5872 -6.87175 37
    endloop
  endfacet
  facet normal 0 0 -1
    outer loop
      vertex 54.5522 -14.2346 37
      vertex 46.6264 -7.42649 37
      vertex 47.125 -7.18061 37
    endloop
  endfacet
  facet normal 0 0 -1
    outer loop
      vertex 23.0534 -16.2175 37
      vertex 54.8133 -16.2175 37
      vertex 54.9858 -16.4142 37
    endloop
  endfacet
  facet normal 0 0 -1
    outer loop
      vertex 54.4171 -14.7389 37
      vertex 46.1 -7.60518 37
      vertex 46.6264 -7.42649 37
    endloop
  endfacet
  facet normal 0 0 -1
    outer loop
      vertex 54.4 -15 37
      vertex 45.5547 -7.71364 37
      vertex 46.1 -7.60518 37
    endloop
  endfacet
  facet normal 0 0 -1
    outer loop
      vertex 54.4171 -15.2611 37
      vertex 45 -7.75 37
      vertex 45.5547 -7.71364 37
    endloop
  endfacet
  facet normal 0 0 -1
    outer loop
      vertex 22.8809 -16.4142 37
      vertex 54.9858 -16.4142 37
      vertex 55.1825 -16.5867 37
    endloop
  endfacet
  facet normal 0 0 -1
    outer loop
      vertex 54.4681 -15.5176 37
      vertex 44.4453 -7.71364 37
      vertex 45 -7.75 37
    endloop
  endfacet
  facet normal 0 0 -1
    outer loop
      vertex 54.5522 -15.7654 37
      vertex 43.9 -7.60518 37
      vertex 44.4453 -7.71364 37
    endloop
  endfacet
  facet normal 0 0 -1
    outer loop
      vertex 54.6679 -16 37
      vertex 26.3801 -12.8263 37
      vertex 43.9 -7.60518 37
    endloop
  endfacet
  facet normal -0 0 -1
    outer loop
      vertex 43.9 -7.60518 37
      vertex 26.3801 -12.8263 37
      vertex 43.3736 -7.42649 37
    endloop
  endfacet
  facet normal 0 -0 -1
    outer loop
      vertex 26.5981 -12.5 37
      vertex 43.3736 -7.42649 37
      vertex 26.3801 -12.8263 37
    endloop
  endfacet
  facet normal 0 0 -1
    outer loop
      vertex 26.7716 -9.85195 37
      vertex 41.0735 -5.1264 37
      vertex 26.8978 -10.2235 37
    endloop
  endfacet
  facet normal -0 0 -1
    outer loop
      vertex 41.3194 -5.625 37
      vertex 26.8978 -10.2235 37
      vertex 41.0735 -5.1264 37
    endloop
  endfacet
  facet normal 0 0 -1
    outer loop
      vertex 26.8978 -10.2235 37
      vertex 41.3194 -5.625 37
      vertex 26.9743 -10.6084 37
    endloop
  endfacet
  facet normal 0 0 -1
    outer loop
      vertex 26.9743 -10.6084 37
      vertex 41.3194 -5.625 37
      vertex 27 -11 37
    endloop
  endfacet
  facet normal -0 0 -1
    outer loop
      vertex 41.6283 -6.08724 37
      vertex 27 -11 37
      vertex 41.3194 -5.625 37
    endloop
  endfacet
  facet normal 0 0 -1
    outer loop
      vertex 26.9743 -11.3916 37
      vertex 41.6283 -6.08724 37
      vertex 41.9948 -6.5052 37
    endloop
  endfacet
  facet normal 0 0 -1
    outer loop
      vertex 26.8978 -11.7765 37
      vertex 41.9948 -6.5052 37
      vertex 42.4128 -6.87175 37
    endloop
  endfacet
  facet normal -0 0 -1
    outer loop
      vertex 43.3736 -7.42649 37
      vertex 26.5981 -12.5 37
      vertex 42.875 -7.18061 37
    endloop
  endfacet
  facet normal 0 0 -1
    outer loop
      vertex 22.6842 -16.5867 37
      vertex 55.1825 -16.5867 37
      vertex 55.4 -16.732 37
    endloop
  endfacet
  facet normal 0 0 -1
    outer loop
      vertex 22.4667 -16.732 37
      vertex 55.4 -16.732 37
      vertex 55.6346 -16.8478 37
    endloop
  endfacet
  facet normal 0 0 -1
    outer loop
      vertex 22.232 -16.8478 37
      vertex 55.6346 -16.8478 37
      vertex 55.8824 -16.9319 37
    endloop
  endfacet
  facet normal 0 0 -1
    outer loop
      vertex 41.6283 -6.08724 37
      vertex 26.9743 -11.3916 37
      vertex 27 -11 37
    endloop
  endfacet
  facet normal 0 0 -1
    outer loop
      vertex 21.9843 -16.9319 37
      vertex 55.8824 -16.9319 37
      vertex 56.1389 -16.9829 37
    endloop
  endfacet
  facet normal 0 0 -1
    outer loop
      vertex 41.9948 -6.5052 37
      vertex 26.8978 -11.7765 37
      vertex 26.9743 -11.3916 37
    endloop
  endfacet
  facet normal 0 0 -1
    outer loop
      vertex 42.4128 -6.87175 37
      vertex 26.7716 -12.148 37
      vertex 26.8978 -11.7765 37
    endloop
  endfacet
  facet normal -0 0 -1
    outer loop
      vertex 42.875 -7.18061 37
      vertex 26.7716 -12.148 37
      vertex 42.4128 -6.87175 37
    endloop
  endfacet
  facet normal 0 -0 -1
    outer loop
      vertex 26.7716 -12.148 37
      vertex 42.875 -7.18061 37
      vertex 26.5981 -12.5 37
    endloop
  endfacet
  facet normal 0 0 -1
    outer loop
      vertex 54.6679 -16 37
      vertex 26.1213 -13.1213 37
      vertex 26.3801 -12.8263 37
    endloop
  endfacet
  facet normal 0 0 -1
    outer loop
      vertex 54.8133 -16.2175 37
      vertex 25.8263 -13.3801 37
      vertex 26.1213 -13.1213 37
    endloop
  endfacet
  facet normal 0 0 -1
    outer loop
      vertex 54.8133 -16.2175 37
      vertex 23.0534 -16.2175 37
      vertex 25.8263 -13.3801 37
    endloop
  endfacet
  facet normal 0 -0 -1
    outer loop
      vertex 23.1987 -16 37
      vertex 25.8263 -13.3801 37
      vertex 23.0534 -16.2175 37
    endloop
  endfacet
  facet normal 0 0 -1
    outer loop
      vertex 25.8263 -13.3801 37
      vertex 23.1987 -16 37
      vertex 25.5 -13.5981 37
    endloop
  endfacet
  facet normal 0 0 -1
    outer loop
      vertex 25.5 -13.5981 37
      vertex 23.3144 -15.7654 37
      vertex 25.148 -13.7716 37
    endloop
  endfacet
  facet normal 0 -0 -1
    outer loop
      vertex 23.3985 -15.5176 37
      vertex 25.148 -13.7716 37
      vertex 23.3144 -15.7654 37
    endloop
  endfacet
  facet normal 0 0 -1
    outer loop
      vertex 21.7277 -16.9829 37
      vertex 56.1389 -16.9829 37
      vertex 71.4 -18.4 37
    endloop
  endfacet
  facet normal 0 -0 -1
    outer loop
      vertex 23.4496 -15.2611 37
      vertex 24.7765 -13.8978 37
      vertex 23.3985 -15.5176 37
    endloop
  endfacet
  facet normal 0 0 -1
    outer loop
      vertex 23.4496 -14.7389 37
      vertex 24.3916 -13.9743 37
      vertex 23.4667 -15 37
    endloop
  endfacet
  facet normal 0 0 -1
    outer loop
      vertex 24.3916 -13.9743 37
      vertex 23.4496 -14.7389 37
      vertex 24 -14 37
    endloop
  endfacet
  facet normal 0 -0 -1
    outer loop
      vertex 23.4667 -15 37
      vertex 24.3916 -13.9743 37
      vertex 23.4496 -15.2611 37
    endloop
  endfacet
  facet normal 0 0 -1
    outer loop
      vertex 24.7765 -13.8978 37
      vertex 23.4496 -15.2611 37
      vertex 24.3916 -13.9743 37
    endloop
  endfacet
  facet normal 0 0 -1
    outer loop
      vertex 25.148 -13.7716 37
      vertex 23.3985 -15.5176 37
      vertex 24.7765 -13.8978 37
    endloop
  endfacet
  facet normal 0 -0 -1
    outer loop
      vertex 23.3144 -15.7654 37
      vertex 25.5 -13.5981 37
      vertex 23.1987 -16 37
    endloop
  endfacet
  facet normal 0 0 -1
    outer loop
      vertex 54.9858 -16.4142 37
      vertex 22.8809 -16.4142 37
      vertex 23.0534 -16.2175 37
    endloop
  endfacet
  facet normal 0 0 -1
    outer loop
      vertex 55.1825 -16.5867 37
      vertex 22.6842 -16.5867 37
      vertex 22.8809 -16.4142 37
    endloop
  endfacet
  facet normal 0 0 -1
    outer loop
      vertex 55.4 -16.732 37
      vertex 22.4667 -16.732 37
      vertex 22.6842 -16.5867 37
    endloop
  endfacet
  facet normal 0 0 -1
    outer loop
      vertex 55.6346 -16.8478 37
      vertex 22.232 -16.8478 37
      vertex 22.4667 -16.732 37
    endloop
  endfacet
  facet normal 0 0 -1
    outer loop
      vertex 55.8824 -16.9319 37
      vertex 21.9843 -16.9319 37
      vertex 22.232 -16.8478 37
    endloop
  endfacet
  facet normal 0 0 -1
    outer loop
      vertex 56.1389 -16.9829 37
      vertex 21.7277 -16.9829 37
      vertex 21.9843 -16.9319 37
    endloop
  endfacet
  facet normal 0 0 -1
    outer loop
      vertex 71.4 -18.4 37
      vertex 21.4667 -17 37
      vertex 21.7277 -16.9829 37
    endloop
  endfacet
  facet normal -0 0 -1
    outer loop
      vertex 19.4838 -15.2611 37
      vertex 5 -16.35 37
      vertex 19.4667 -15 37
    endloop
  endfacet
  facet normal -0 0 -1
    outer loop
      vertex 19.5348 -15.5176 37
      vertex 5 -16.35 37
      vertex 19.4838 -15.2611 37
    endloop
  endfacet
  facet normal 0 0 -1
    outer loop
      vertex 5 -16.35 37
      vertex 19.5348 -15.5176 37
      vertex 5 -18.4 37
    endloop
  endfacet
  facet normal -0 0 -1
    outer loop
      vertex 19.6189 -15.7654 37
      vertex 5 -18.4 37
      vertex 19.5348 -15.5176 37
    endloop
  endfacet
  facet normal -0 0 -1
    outer loop
      vertex 19.7346 -16 37
      vertex 5 -18.4 37
      vertex 19.6189 -15.7654 37
    endloop
  endfacet
  facet normal -0 0 -1
    outer loop
      vertex 19.88 -16.2175 37
      vertex 5 -18.4 37
      vertex 19.7346 -16 37
    endloop
  endfacet
  facet normal -0 0 -1
    outer loop
      vertex 20.0525 -16.4142 37
      vertex 5 -18.4 37
      vertex 19.88 -16.2175 37
    endloop
  endfacet
  facet normal -0 0 -1
    outer loop
      vertex 20.2491 -16.5867 37
      vertex 5 -18.4 37
      vertex 20.0525 -16.4142 37
    endloop
  endfacet
  facet normal -0 0 -1
    outer loop
      vertex 20.4667 -16.732 37
      vertex 5 -18.4 37
      vertex 20.2491 -16.5867 37
    endloop
  endfacet
  facet normal -0 0 -1
    outer loop
      vertex 20.7013 -16.8478 37
      vertex 5 -18.4 37
      vertex 20.4667 -16.732 37
    endloop
  endfacet
  facet normal -0 0 -1
    outer loop
      vertex 20.949 -16.9319 37
      vertex 5 -18.4 37
      vertex 20.7013 -16.8478 37
    endloop
  endfacet
  facet normal -0 0 -1
    outer loop
      vertex 21.2056 -16.9829 37
      vertex 5 -18.4 37
      vertex 20.949 -16.9319 37
    endloop
  endfacet
  facet normal -0 0 -1
    outer loop
      vertex 21.4667 -17 37
      vertex 5 -18.4 37
      vertex 21.2056 -16.9829 37
    endloop
  endfacet
  facet normal 0 0 -1
    outer loop
      vertex 5 -18.4 37
      vertex 21.4667 -17 37
      vertex 71.4 -18.4 37
    endloop
  endfacet
  facet normal -0 0 -1
    outer loop
      vertex 74.1716 16.548 37
      vertex 71.6021 15.0021 37
      vertex 73.9981 16.9 37
    endloop
  endfacet
  facet normal -0 0 -1
    outer loop
      vertex 73.9981 16.9 37
      vertex 71.6021 15.0021 37
      vertex 73.78 17.2263 37
    endloop
  endfacet
  facet normal 0 0 -1
    outer loop
      vertex 71.4349 15.1487 37
      vertex 73.78 17.2263 37
      vertex 71.6021 15.0021 37
    endloop
  endfacet
  facet normal -0 0 -1
    outer loop
      vertex 73.78 17.2263 37
      vertex 71.4349 15.1487 37
      vertex 73.5213 17.5213 37
    endloop
  endfacet
  facet normal -0 0 -1
    outer loop
      vertex 73.5213 17.5213 37
      vertex 71.4349 15.1487 37
      vertex 73.2263 17.78 37
    endloop
  endfacet
  facet normal 0 0 -1
    outer loop
      vertex 71.25 15.2722 37
      vertex 73.2263 17.78 37
      vertex 71.4349 15.1487 37
    endloop
  endfacet
  facet normal -0 0 -1
    outer loop
      vertex 73.2263 17.78 37
      vertex 71.25 15.2722 37
      vertex 72.9 17.9981 37
    endloop
  endfacet
  facet normal -0 0 -1
    outer loop
      vertex 72.9 17.9981 37
      vertex 71.25 15.2722 37
      vertex 72.548 18.1716 37
    endloop
  endfacet
  facet normal -0 0 -1
    outer loop
      vertex 72.548 18.1716 37
      vertex 71.25 15.2722 37
      vertex 72.1764 18.2978 37
    endloop
  endfacet
  facet normal 0 0 -1
    outer loop
      vertex 71.0506 15.3706 37
      vertex 72.1764 18.2978 37
      vertex 71.25 15.2722 37
    endloop
  endfacet
  facet normal -0 0 -1
    outer loop
      vertex 72.1764 18.2978 37
      vertex 71.0506 15.3706 37
      vertex 71.7916 18.3743 37
    endloop
  endfacet
  facet normal -0 0 -1
    outer loop
      vertex 71.7916 18.3743 37
      vertex 71.0506 15.3706 37
      vertex 71.4 18.4 37
    endloop
  endfacet
  facet normal 0 0 -1
    outer loop
      vertex 70.84 15.4421 37
      vertex 71.4 18.4 37
      vertex 71.0506 15.3706 37
    endloop
  endfacet
  facet normal 0 0 -1
    outer loop
      vertex 70.6219 15.4855 37
      vertex 71.4 18.4 37
      vertex 70.84 15.4421 37
    endloop
  endfacet
  facet normal 0 0 -1
    outer loop
      vertex 70.4 15.5 37
      vertex 71.4 18.4 37
      vertex 70.6219 15.4855 37
    endloop
  endfacet
  facet normal 0 0 -1
    outer loop
      vertex 70.1781 15.4855 37
      vertex 71.4 18.4 37
      vertex 70.4 15.5 37
    endloop
  endfacet
  facet normal 0 0 -1
    outer loop
      vertex 69.96 15.4421 37
      vertex 71.4 18.4 37
      vertex 70.1781 15.4855 37
    endloop
  endfacet
  facet normal 0 0 -1
    outer loop
      vertex 69.7494 15.3706 37
      vertex 71.4 18.4 37
      vertex 69.96 15.4421 37
    endloop
  endfacet
  facet normal 0 0 -1
    outer loop
      vertex 69.55 15.2722 37
      vertex 71.4 18.4 37
      vertex 69.7494 15.3706 37
    endloop
  endfacet
  facet normal 0 0 -1
    outer loop
      vertex 69.3651 15.1487 37
      vertex 71.4 18.4 37
      vertex 69.55 15.2722 37
    endloop
  endfacet
  facet normal 0 0 -1
    outer loop
      vertex 69.1979 15.0021 37
      vertex 71.4 18.4 37
      vertex 69.3651 15.1487 37
    endloop
  endfacet
  facet normal 0 0 -1
    outer loop
      vertex 58.132 16 37
      vertex 69.1979 15.0021 37
      vertex 69.0513 14.8349 37
    endloop
  endfacet
  facet normal 0 0 -1
    outer loop
      vertex 58.2478 15.7654 37
      vertex 69.0513 14.8349 37
      vertex 68.9278 14.65 37
    endloop
  endfacet
  facet normal 0 0 -1
    outer loop
      vertex 68.7145 13.5781 37
      vertex 58.4 15 37
      vertex 68.7 13.8 37
    endloop
  endfacet
  facet normal 0 0 -1
    outer loop
      vertex 68.7 13.8 37
      vertex 58.4 15 37
      vertex 68.7145 14.0219 37
    endloop
  endfacet
  facet normal 0 0 -1
    outer loop
      vertex 68.7145 14.0219 37
      vertex 58.4 15 37
      vertex 68.7579 14.24 37
    endloop
  endfacet
  facet normal 0 0 -1
    outer loop
      vertex 58.3829 15.2611 37
      vertex 68.7579 14.24 37
      vertex 58.4 15 37
    endloop
  endfacet
  facet normal 0 0 -1
    outer loop
      vertex 68.7579 14.24 37
      vertex 58.3829 15.2611 37
      vertex 68.8294 14.4506 37
    endloop
  endfacet
  facet normal 0 0 -1
    outer loop
      vertex 58.3319 15.5176 37
      vertex 68.8294 14.4506 37
      vertex 58.3829 15.2611 37
    endloop
  endfacet
  facet normal 0 0 -1
    outer loop
      vertex 68.8294 14.4506 37
      vertex 58.3319 15.5176 37
      vertex 68.9278 14.65 37
    endloop
  endfacet
  facet normal 0 0 -1
    outer loop
      vertex 58.2478 15.7654 37
      vertex 68.9278 14.65 37
      vertex 58.3319 15.5176 37
    endloop
  endfacet
  facet normal 0 0 -1
    outer loop
      vertex 69.0513 14.8349 37
      vertex 58.2478 15.7654 37
      vertex 58.132 16 37
    endloop
  endfacet
  facet normal 0 0 -1
    outer loop
      vertex 69.1979 15.0021 37
      vertex 58.132 16 37
      vertex 57.9867 16.2175 37
    endloop
  endfacet
  facet normal 0 0 -1
    outer loop
      vertex 69.1979 15.0021 37
      vertex 57.9867 16.2175 37
      vertex 71.4 18.4 37
    endloop
  endfacet
  facet normal 0 0 -1
    outer loop
      vertex 57.8142 16.4142 37
      vertex 71.4 18.4 37
      vertex 57.9867 16.2175 37
    endloop
  endfacet
  facet normal 0 0 -1
    outer loop
      vertex 57.6175 16.5867 37
      vertex 71.4 18.4 37
      vertex 57.8142 16.4142 37
    endloop
  endfacet
  facet normal 0 0 -1
    outer loop
      vertex 57.4 16.732 37
      vertex 71.4 18.4 37
      vertex 57.6175 16.5867 37
    endloop
  endfacet
  facet normal 0 0 -1
    outer loop
      vertex 57.1654 16.8478 37
      vertex 71.4 18.4 37
      vertex 57.4 16.732 37
    endloop
  endfacet
  facet normal 0 0 -1
    outer loop
      vertex 56.9176 16.9319 37
      vertex 71.4 18.4 37
      vertex 57.1654 16.8478 37
    endloop
  endfacet
  facet normal 0 0 -1
    outer loop
      vertex 56.6611 16.9829 37
      vertex 71.4 18.4 37
      vertex 56.9176 16.9319 37
    endloop
  endfacet
  facet normal 0 0 -1
    outer loop
      vertex 56.4 17 37
      vertex 71.4 18.4 37
      vertex 56.6611 16.9829 37
    endloop
  endfacet
  facet normal 0 0 -1
    outer loop
      vertex 56.1389 16.9829 37
      vertex 71.4 18.4 37
      vertex 56.4 17 37
    endloop
  endfacet
  facet normal -0 0 -1
    outer loop
      vertex 55.6346 13.1522 37
      vertex 46.8187 4.55 37
      vertex 55.4 13.2679 37
    endloop
  endfacet
  facet normal 0 0 -1
    outer loop
      vertex 46.666 4.7784 37
      vertex 55.4 13.2679 37
      vertex 46.8187 4.55 37
    endloop
  endfacet
  facet normal 0 0 -1
    outer loop
      vertex 46.4849 4.98492 37
      vertex 55.1825 13.4133 37
      vertex 46.666 4.7784 37
    endloop
  endfacet
  facet normal -0 0 -1
    outer loop
      vertex 55.1825 13.4133 37
      vertex 46.4849 4.98492 37
      vertex 54.9858 13.5858 37
    endloop
  endfacet
  facet normal 0 0 -1
    outer loop
      vertex 46.2784 5.16604 37
      vertex 54.9858 13.5858 37
      vertex 46.4849 4.98492 37
    endloop
  endfacet
  facet normal -0 0 -1
    outer loop
      vertex 54.9858 13.5858 37
      vertex 46.2784 5.16604 37
      vertex 54.8133 13.7825 37
    endloop
  endfacet
  facet normal -0 0 -1
    outer loop
      vertex 54.8133 13.7825 37
      vertex 46.2784 5.16604 37
      vertex 54.6679 14 37
    endloop
  endfacet
  facet normal 0 0 -1
    outer loop
      vertex 47.1 3.5 37
      vertex 48.6806 -1.375 37
      vertex 48.3717 -0.912764 37
    endloop
  endfacet
  facet normal 0 0 -1
    outer loop
      vertex 47.1 3.5 37
      vertex 48.3717 -0.912764 37
      vertex 48.0052 -0.494796 37
    endloop
  endfacet
  facet normal 0 0 -1
    outer loop
      vertex 47.1 3.5 37
      vertex 48.0052 -0.494796 37
      vertex 47.5872 -0.128248 37
    endloop
  endfacet
  facet normal 0 0 -1
    outer loop
      vertex 47.1 3.5 37
      vertex 47.5872 -0.128248 37
      vertex 47.125 0.180608 37
    endloop
  endfacet
  facet normal 0 0 -1
    outer loop
      vertex 47.1 3.5 37
      vertex 47.125 0.180608 37
      vertex 47.1 0.192937 37
    endloop
  endfacet
  facet normal -0 0 -1
    outer loop
      vertex 55.4 13.2679 37
      vertex 46.666 4.7784 37
      vertex 55.1825 13.4133 37
    endloop
  endfacet
  facet normal 0 0 -1
    outer loop
      vertex 46.05 5.31865 37
      vertex 54.6679 14 37
      vertex 46.2784 5.16604 37
    endloop
  endfacet
  facet normal -0 0 -1
    outer loop
      vertex 54.6679 14 37
      vertex 46.05 5.31865 37
      vertex 54.5522 14.2346 37
    endloop
  endfacet
  facet normal 0 0 -1
    outer loop
      vertex 45.8036 5.44015 37
      vertex 54.5522 14.2346 37
      vertex 46.05 5.31865 37
    endloop
  endfacet
  facet normal -0 0 -1
    outer loop
      vertex 54.5522 14.2346 37
      vertex 45.8036 5.44015 37
      vertex 54.4681 14.4824 37
    endloop
  endfacet
  facet normal 0 0 -1
    outer loop
      vertex 45.5435 5.52844 37
      vertex 54.4681 14.4824 37
      vertex 45.8036 5.44015 37
    endloop
  endfacet
  facet normal -0 0 -1
    outer loop
      vertex 54.4681 14.4824 37
      vertex 45.5435 5.52844 37
      vertex 54.4171 14.7389 37
    endloop
  endfacet
  facet normal 0 0 -1
    outer loop
      vertex 45.2741 5.58203 37
      vertex 54.4171 14.7389 37
      vertex 45.5435 5.52844 37
    endloop
  endfacet
  facet normal -0 0 -1
    outer loop
      vertex 54.4171 14.7389 37
      vertex 45.2741 5.58203 37
      vertex 54.4 15 37
    endloop
  endfacet
  facet normal 0 0 -1
    outer loop
      vertex 45 5.6 37
      vertex 54.4 15 37
      vertex 45.2741 5.58203 37
    endloop
  endfacet
  facet normal -0 0 -1
    outer loop
      vertex 54.4 15 37
      vertex 45 5.6 37
      vertex 54.4171 15.2611 37
    endloop
  endfacet
  facet normal 0 0 -1
    outer loop
      vertex 44.7259 5.58203 37
      vertex 54.4171 15.2611 37
      vertex 45 5.6 37
    endloop
  endfacet
  facet normal -0 0 -1
    outer loop
      vertex 54.4171 15.2611 37
      vertex 44.7259 5.58203 37
      vertex 54.4681 15.5176 37
    endloop
  endfacet
  facet normal 0 0 -1
    outer loop
      vertex 44.4565 5.52844 37
      vertex 54.4681 15.5176 37
      vertex 44.7259 5.58203 37
    endloop
  endfacet
  facet normal 0 0 -1
    outer loop
      vertex 26.5981 12.5 37
      vertex 54.4681 15.5176 37
      vertex 44.4565 5.52844 37
    endloop
  endfacet
  facet normal -0 0 -1
    outer loop
      vertex 54.4681 15.5176 37
      vertex 26.5981 12.5 37
      vertex 54.5522 15.7654 37
    endloop
  endfacet
  facet normal 0 0 -1
    outer loop
      vertex 26.3801 12.8263 37
      vertex 54.5522 15.7654 37
      vertex 26.5981 12.5 37
    endloop
  endfacet
  facet normal -0 0 -1
    outer loop
      vertex 54.5522 15.7654 37
      vertex 26.3801 12.8263 37
      vertex 54.6679 16 37
    endloop
  endfacet
  facet normal 0 0 -1
    outer loop
      vertex 26.5981 12.5 37
      vertex 44.4565 5.52844 37
      vertex 44.1964 5.44015 37
    endloop
  endfacet
  facet normal 0 0 -1
    outer loop
      vertex 26.7716 12.148 37
      vertex 44.1964 5.44015 37
      vertex 43.95 5.31865 37
    endloop
  endfacet
  facet normal 0 0 -1
    outer loop
      vertex 26.8978 11.7765 37
      vertex 43.95 5.31865 37
      vertex 43.7216 5.16604 37
    endloop
  endfacet
  facet normal 0 0 -1
    outer loop
      vertex 26.9743 11.3916 37
      vertex 43.7216 5.16604 37
      vertex 43.5151 4.98492 37
    endloop
  endfacet
  facet normal 0 0 -1
    outer loop
      vertex 42.4128 -0.128248 37
      vertex 42.9 3.5 37
      vertex 42.875 0.180608 37
    endloop
  endfacet
  facet normal 0 0 -1
    outer loop
      vertex 41.9948 -0.494796 37
      vertex 42.9 3.5 37
      vertex 42.4128 -0.128248 37
    endloop
  endfacet
  facet normal 0 0 -1
    outer loop
      vertex 41.6283 -0.912764 37
      vertex 42.9 3.5 37
      vertex 41.9948 -0.494796 37
    endloop
  endfacet
  facet normal 0 0 -1
    outer loop
      vertex 41.3194 -1.375 37
      vertex 42.9 3.5 37
      vertex 41.6283 -0.912764 37
    endloop
  endfacet
  facet normal 0 0 -1
    outer loop
      vertex 27 11 37
      vertex 42.9 3.5 37
      vertex 41.3194 -1.375 37
    endloop
  endfacet
  facet normal 0 0 -1
    outer loop
      vertex 42.9 3.5 37
      vertex 27 11 37
      vertex 42.918 3.7741 37
    endloop
  endfacet
  facet normal 0 0 -1
    outer loop
      vertex 27 11 37
      vertex 41.3194 -1.375 37
      vertex 41.0735 -1.8736 37
    endloop
  endfacet
  facet normal 0 0 -1
    outer loop
      vertex 27 11 37
      vertex 41.0735 -1.8736 37
      vertex 40.8948 -2.40002 37
    endloop
  endfacet
  facet normal -0 0 -1
    outer loop
      vertex 41.0735 -5.1264 37
      vertex 26.7716 -9.85195 37
      vertex 40.8948 -4.59998 37
    endloop
  endfacet
  facet normal 0 0 -1
    outer loop
      vertex 26.5981 -9.5 37
      vertex 40.8948 -4.59998 37
      vertex 26.7716 -9.85195 37
    endloop
  endfacet
  facet normal -0 0 -1
    outer loop
      vertex 40.8948 -4.59998 37
      vertex 26.5981 -9.5 37
      vertex 40.7864 -4.05474 37
    endloop
  endfacet
  facet normal 0 0 -1
    outer loop
      vertex 42.918 3.7741 37
      vertex 27 11 37
      vertex 42.9716 4.04352 37
    endloop
  endfacet
  facet normal 0 0 -1
    outer loop
      vertex 42.9716 4.04352 37
      vertex 27 11 37
      vertex 43.0599 4.30363 37
    endloop
  endfacet
  facet normal 0 0 -1
    outer loop
      vertex 43.0599 4.30363 37
      vertex 27 11 37
      vertex 43.1813 4.55 37
    endloop
  endfacet
  facet normal 0 0 -1
    outer loop
      vertex 43.1813 4.55 37
      vertex 27 11 37
      vertex 43.334 4.7784 37
    endloop
  endfacet
  facet normal 0 0 -1
    outer loop
      vertex 43.334 4.7784 37
      vertex 27 11 37
      vertex 43.5151 4.98492 37
    endloop
  endfacet
  facet normal 0 0 -1
    outer loop
      vertex 26.9743 11.3916 37
      vertex 43.5151 4.98492 37
      vertex 27 11 37
    endloop
  endfacet
  facet normal 0 0 -1
    outer loop
      vertex 43.7216 5.16604 37
      vertex 26.9743 11.3916 37
      vertex 26.8978 11.7765 37
    endloop
  endfacet
  facet normal 0 0 -1
    outer loop
      vertex 43.95 5.31865 37
      vertex 26.8978 11.7765 37
      vertex 26.7716 12.148 37
    endloop
  endfacet
  facet normal 0 0 -1
    outer loop
      vertex 44.1964 5.44015 37
      vertex 26.7716 12.148 37
      vertex 26.5981 12.5 37
    endloop
  endfacet
  facet normal 0 0 -1
    outer loop
      vertex 26.1213 13.1213 37
      vertex 54.6679 16 37
      vertex 26.3801 12.8263 37
    endloop
  endfacet
  facet normal -0 0 -1
    outer loop
      vertex 54.6679 16 37
      vertex 26.1213 13.1213 37
      vertex 54.8133 16.2175 37
    endloop
  endfacet
  facet normal 0 0 -1
    outer loop
      vertex 25.8263 13.3801 37
      vertex 54.8133 16.2175 37
      vertex 26.1213 13.1213 37
    endloop
  endfacet
  facet normal 0 0 -1
    outer loop
      vertex 23.0534 16.2175 37
      vertex 54.8133 16.2175 37
      vertex 25.8263 13.3801 37
    endloop
  endfacet
  facet normal 0 0 -1
    outer loop
      vertex 54.8133 16.2175 37
      vertex 23.0534 16.2175 37
      vertex 54.9858 16.4142 37
    endloop
  endfacet
  facet normal 0 0 -1
    outer loop
      vertex 22.8809 16.4142 37
      vertex 54.9858 16.4142 37
      vertex 23.0534 16.2175 37
    endloop
  endfacet
  facet normal 0 0 -1
    outer loop
      vertex 54.9858 16.4142 37
      vertex 22.8809 16.4142 37
      vertex 55.1825 16.5867 37
    endloop
  endfacet
  facet normal 0 0 -1
    outer loop
      vertex 22.6842 16.5867 37
      vertex 55.1825 16.5867 37
      vertex 22.8809 16.4142 37
    endloop
  endfacet
  facet normal 0 0 -1
    outer loop
      vertex 55.1825 16.5867 37
      vertex 22.6842 16.5867 37
      vertex 55.4 16.732 37
    endloop
  endfacet
  facet normal 0 0 -1
    outer loop
      vertex 23.1987 16 37
      vertex 25.8263 13.3801 37
      vertex 25.5 13.5981 37
    endloop
  endfacet
  facet normal 0 0 -1
    outer loop
      vertex 23.3144 15.7654 37
      vertex 25.5 13.5981 37
      vertex 25.148 13.7716 37
    endloop
  endfacet
  facet normal 0 0 -1
    outer loop
      vertex 23.3985 15.5176 37
      vertex 25.148 13.7716 37
      vertex 24.7765 13.8978 37
    endloop
  endfacet
  facet normal 0 0 -1
    outer loop
      vertex 23.4496 15.2611 37
      vertex 24.7765 13.8978 37
      vertex 24.3916 13.9743 37
    endloop
  endfacet
  facet normal 0 0 -1
    outer loop
      vertex 23.4496 14.7389 37
      vertex 24.3916 13.9743 37
      vertex 24 14 37
    endloop
  endfacet
  facet normal 0 0 -1
    outer loop
      vertex 25.5 13.5981 37
      vertex 23.3144 15.7654 37
      vertex 23.1987 16 37
    endloop
  endfacet
  facet normal 0 0 -1
    outer loop
      vertex 23.3985 14.4824 37
      vertex 24 14 37
      vertex 23.6084 13.9743 37
    endloop
  endfacet
  facet normal 0 0 -1
    outer loop
      vertex 24.3916 13.9743 37
      vertex 23.4667 15 37
      vertex 23.4496 15.2611 37
    endloop
  endfacet
  facet normal 0 0 -1
    outer loop
      vertex 24.7765 13.8978 37
      vertex 23.4496 15.2611 37
      vertex 23.3985 15.5176 37
    endloop
  endfacet
  facet normal 0 0 -1
    outer loop
      vertex 25.148 13.7716 37
      vertex 23.3985 15.5176 37
      vertex 23.3144 15.7654 37
    endloop
  endfacet
  facet normal 0 0 -1
    outer loop
      vertex 25.8263 13.3801 37
      vertex 23.1987 16 37
      vertex 23.0534 16.2175 37
    endloop
  endfacet
  facet normal 0 0 -1
    outer loop
      vertex 22.4667 16.732 37
      vertex 55.4 16.732 37
      vertex 22.6842 16.5867 37
    endloop
  endfacet
  facet normal 0 0 -1
    outer loop
      vertex 55.4 16.732 37
      vertex 22.4667 16.732 37
      vertex 55.6346 16.8478 37
    endloop
  endfacet
  facet normal 0 0 -1
    outer loop
      vertex 22.232 16.8478 37
      vertex 55.6346 16.8478 37
      vertex 22.4667 16.732 37
    endloop
  endfacet
  facet normal 0 0 -1
    outer loop
      vertex 55.6346 16.8478 37
      vertex 22.232 16.8478 37
      vertex 55.8824 16.9319 37
    endloop
  endfacet
  facet normal 0 0 -1
    outer loop
      vertex 21.9843 16.9319 37
      vertex 55.8824 16.9319 37
      vertex 22.232 16.8478 37
    endloop
  endfacet
  facet normal 0 0 -1
    outer loop
      vertex 55.8824 16.9319 37
      vertex 21.9843 16.9319 37
      vertex 56.1389 16.9829 37
    endloop
  endfacet
  facet normal 0 0 -1
    outer loop
      vertex 21.7277 16.9829 37
      vertex 56.1389 16.9829 37
      vertex 21.9843 16.9319 37
    endloop
  endfacet
  facet normal 0 0 -1
    outer loop
      vertex 56.1389 16.9829 37
      vertex 21.7277 16.9829 37
      vertex 71.4 18.4 37
    endloop
  endfacet
  facet normal 0 0 -1
    outer loop
      vertex 21.4667 17 37
      vertex 71.4 18.4 37
      vertex 21.7277 16.9829 37
    endloop
  endfacet
  facet normal 0 0 -1
    outer loop
      vertex 19.5348 14.4824 37
      vertex -19.4667 15 37
      vertex 19.4838 14.7389 37
    endloop
  endfacet
  facet normal 0 0 -1
    outer loop
      vertex 19.4838 14.7389 37
      vertex -19.4667 15 37
      vertex 19.4667 15 37
    endloop
  endfacet
  facet normal 0 0 -1
    outer loop
      vertex 19.4667 15 37
      vertex -19.4667 15 37
      vertex 19.4838 15.2611 37
    endloop
  endfacet
  facet normal 0 0 -1
    outer loop
      vertex -19.4838 15.2611 37
      vertex 19.4838 15.2611 37
      vertex -19.4667 15 37
    endloop
  endfacet
  facet normal 0 0 -1
    outer loop
      vertex -19.4667 15 37
      vertex 5 -16.35 37
      vertex -5 -16.35 37
    endloop
  endfacet
  facet normal 0 0 -1
    outer loop
      vertex 19.4838 15.2611 37
      vertex -19.4838 15.2611 37
      vertex 19.5348 15.5176 37
    endloop
  endfacet
  facet normal 0 0 -1
    outer loop
      vertex -19.5348 15.5176 37
      vertex 19.5348 15.5176 37
      vertex -19.4838 15.2611 37
    endloop
  endfacet
  facet normal 0 0 -1
    outer loop
      vertex -19.4838 -14.7389 37
      vertex -5 -16.35 37
      vertex -19.4667 -15 37
    endloop
  endfacet
  facet normal 0 0 -1
    outer loop
      vertex 19.5348 15.5176 37
      vertex -19.5348 15.5176 37
      vertex 19.6189 15.7654 37
    endloop
  endfacet
  facet normal 0 0 -1
    outer loop
      vertex -19.6189 15.7654 37
      vertex 19.6189 15.7654 37
      vertex -19.5348 15.5176 37
    endloop
  endfacet
  facet normal 0 0 -1
    outer loop
      vertex 19.6189 15.7654 37
      vertex -19.6189 15.7654 37
      vertex 19.7346 16 37
    endloop
  endfacet
  facet normal 0 0 -1
    outer loop
      vertex -19.7346 16 37
      vertex 19.7346 16 37
      vertex -19.6189 15.7654 37
    endloop
  endfacet
  facet normal 0 0 -1
    outer loop
      vertex 19.7346 16 37
      vertex -19.7346 16 37
      vertex 19.88 16.2175 37
    endloop
  endfacet
  facet normal 0 0 -1
    outer loop
      vertex -19.88 16.2175 37
      vertex 19.88 16.2175 37
      vertex -19.7346 16 37
    endloop
  endfacet
  facet normal 0 0 -1
    outer loop
      vertex 19.88 16.2175 37
      vertex -19.88 16.2175 37
      vertex 20.0525 16.4142 37
    endloop
  endfacet
  facet normal 0 0 -1
    outer loop
      vertex -20.0525 16.4142 37
      vertex 20.0525 16.4142 37
      vertex -19.88 16.2175 37
    endloop
  endfacet
  facet normal 0 0 -1
    outer loop
      vertex 20.0525 16.4142 37
      vertex -20.0525 16.4142 37
      vertex 20.2491 16.5867 37
    endloop
  endfacet
  facet normal 0 0 -1
    outer loop
      vertex -20.2491 16.5867 37
      vertex 20.2491 16.5867 37
      vertex -20.0525 16.4142 37
    endloop
  endfacet
  facet normal 0 0 -1
    outer loop
      vertex 20.2491 16.5867 37
      vertex -20.2491 16.5867 37
      vertex 20.4667 16.732 37
    endloop
  endfacet
  facet normal 0 0 -1
    outer loop
      vertex -20.4667 16.732 37
      vertex 20.4667 16.732 37
      vertex -20.2491 16.5867 37
    endloop
  endfacet
  facet normal 0 0 -1
    outer loop
      vertex 20.4667 16.732 37
      vertex -20.4667 16.732 37
      vertex 20.7013 16.8478 37
    endloop
  endfacet
  facet normal 0 0 -1
    outer loop
      vertex -20.7013 16.8478 37
      vertex 20.7013 16.8478 37
      vertex -20.4667 16.732 37
    endloop
  endfacet
  facet normal 0 0 -1
    outer loop
      vertex 20.7013 16.8478 37
      vertex -20.7013 16.8478 37
      vertex 20.949 16.9319 37
    endloop
  endfacet
  facet normal 0 0 -1
    outer loop
      vertex -20.949 16.9319 37
      vertex 20.949 16.9319 37
      vertex -20.7013 16.8478 37
    endloop
  endfacet
  facet normal 0 0 -1
    outer loop
      vertex 20.949 16.9319 37
      vertex -20.949 16.9319 37
      vertex 21.2056 16.9829 37
    endloop
  endfacet
  facet normal 0 0 -1
    outer loop
      vertex -21.2056 16.9829 37
      vertex 21.2056 16.9829 37
      vertex -20.949 16.9319 37
    endloop
  endfacet
  facet normal 0 0 -1
    outer loop
      vertex 21.2056 16.9829 37
      vertex -21.2056 16.9829 37
      vertex 21.4667 17 37
    endloop
  endfacet
  facet normal 0 0 -1
    outer loop
      vertex -21.4667 17 37
      vertex 21.4667 17 37
      vertex -21.2056 16.9829 37
    endloop
  endfacet
  facet normal 0 0 -1
    outer loop
      vertex 21.4667 17 37
      vertex -21.4667 17 37
      vertex 71.4 18.4 37
    endloop
  endfacet
  facet normal 0 0 -1
    outer loop
      vertex -24.3916 13.9743 37
      vertex -23.4496 14.7389 37
      vertex -24 14 37
    endloop
  endfacet
  facet normal -0 0 -1
    outer loop
      vertex -23.4496 14.7389 37
      vertex -24.3916 13.9743 37
      vertex -23.4667 15 37
    endloop
  endfacet
  facet normal -0 0 -1
    outer loop
      vertex -23.4667 15 37
      vertex -24.3916 13.9743 37
      vertex -23.4496 15.2611 37
    endloop
  endfacet
  facet normal 0 0 -1
    outer loop
      vertex -24.7765 13.8978 37
      vertex -23.4496 15.2611 37
      vertex -24.3916 13.9743 37
    endloop
  endfacet
  facet normal -0 0 -1
    outer loop
      vertex -23.4496 15.2611 37
      vertex -24.7765 13.8978 37
      vertex -23.3985 15.5176 37
    endloop
  endfacet
  facet normal 0 0 -1
    outer loop
      vertex -25.148 13.7716 37
      vertex -23.3985 15.5176 37
      vertex -24.7765 13.8978 37
    endloop
  endfacet
  facet normal -0 0 -1
    outer loop
      vertex -23.3985 15.5176 37
      vertex -25.148 13.7716 37
      vertex -23.3144 15.7654 37
    endloop
  endfacet
  facet normal 0 0 -1
    outer loop
      vertex -25.5 13.5981 37
      vertex -23.3144 15.7654 37
      vertex -25.148 13.7716 37
    endloop
  endfacet
  facet normal -0 0 -1
    outer loop
      vertex -23.3144 15.7654 37
      vertex -25.5 13.5981 37
      vertex -23.1987 16 37
    endloop
  endfacet
  facet normal 0 0 -1
    outer loop
      vertex -25.8263 13.3801 37
      vertex -23.1987 16 37
      vertex -25.5 13.5981 37
    endloop
  endfacet
  facet normal -0 0 -1
    outer loop
      vertex -23.1987 16 37
      vertex -25.8263 13.3801 37
      vertex -23.0534 16.2175 37
    endloop
  endfacet
  facet normal 0 0 -1
    outer loop
      vertex -54.8133 16.2175 37
      vertex -23.0534 16.2175 37
      vertex -25.8263 13.3801 37
    endloop
  endfacet
  facet normal 0 0 -1
    outer loop
      vertex -54.8133 16.2175 37
      vertex -25.8263 13.3801 37
      vertex -26.1213 13.1213 37
    endloop
  endfacet
  facet normal 0 0 -1
    outer loop
      vertex -25.8263 -8.61994 37
      vertex -40.7864 -2.94526 37
      vertex -40.8948 -2.40002 37
    endloop
  endfacet
  facet normal -0 0 -1
    outer loop
      vertex -26.3801 9.17372 37
      vertex -42.918 3.7741 37
      vertex -26.5981 9.5 37
    endloop
  endfacet
  facet normal 0 0 -1
    outer loop
      vertex -42.9716 4.04352 37
      vertex -26.5981 9.5 37
      vertex -42.918 3.7741 37
    endloop
  endfacet
  facet normal -0 0 -1
    outer loop
      vertex -26.5981 9.5 37
      vertex -42.9716 4.04352 37
      vertex -26.7716 9.85195 37
    endloop
  endfacet
  facet normal 0 0 -1
    outer loop
      vertex -43.0599 4.30363 37
      vertex -26.7716 9.85195 37
      vertex -42.9716 4.04352 37
    endloop
  endfacet
  facet normal -0 0 -1
    outer loop
      vertex -26.7716 9.85195 37
      vertex -43.0599 4.30363 37
      vertex -26.8978 10.2235 37
    endloop
  endfacet
  facet normal 0 0 -1
    outer loop
      vertex -43.1813 4.55 37
      vertex -26.8978 10.2235 37
      vertex -43.0599 4.30363 37
    endloop
  endfacet
  facet normal -0 0 -1
    outer loop
      vertex -26.8978 10.2235 37
      vertex -43.1813 4.55 37
      vertex -26.9743 10.6084 37
    endloop
  endfacet
  facet normal 0 0 -1
    outer loop
      vertex -43.334 4.7784 37
      vertex -26.9743 10.6084 37
      vertex -43.1813 4.55 37
    endloop
  endfacet
  facet normal -0 0 -1
    outer loop
      vertex -26.9743 10.6084 37
      vertex -43.334 4.7784 37
      vertex -27 11 37
    endloop
  endfacet
  facet normal -0 0 -1
    outer loop
      vertex -27 11 37
      vertex -43.5151 4.98492 37
      vertex -26.9743 11.3916 37
    endloop
  endfacet
  facet normal 0 0 -1
    outer loop
      vertex -42.9 3.5 37
      vertex -41.3194 -1.375 37
      vertex -41.6283 -0.912764 37
    endloop
  endfacet
  facet normal 0 0 -1
    outer loop
      vertex -42.9 3.5 37
      vertex -41.6283 -0.912764 37
      vertex -41.9948 -0.494796 37
    endloop
  endfacet
  facet normal 0 0 -1
    outer loop
      vertex -42.9 3.5 37
      vertex -41.9948 -0.494796 37
      vertex -42.4128 -0.128248 37
    endloop
  endfacet
  facet normal 0 0 -1
    outer loop
      vertex -43.5151 4.98492 37
      vertex -27 11 37
      vertex -43.334 4.7784 37
    endloop
  endfacet
  facet normal 0 0 -1
    outer loop
      vertex -42.9 3.5 37
      vertex -42.4128 -0.128248 37
      vertex -42.875 0.180608 37
    endloop
  endfacet
  facet normal 0 0 -1
    outer loop
      vertex -42.9 3.5 37
      vertex -42.875 0.180608 37
      vertex -42.9 0.192937 37
    endloop
  endfacet
  facet normal 0 0 -1
    outer loop
      vertex -43.7216 5.16604 37
      vertex -26.9743 11.3916 37
      vertex -43.5151 4.98492 37
    endloop
  endfacet
  facet normal -0 0 -1
    outer loop
      vertex -26.9743 11.3916 37
      vertex -43.7216 5.16604 37
      vertex -26.8978 11.7765 37
    endloop
  endfacet
  facet normal 0 0 -1
    outer loop
      vertex -43.95 5.31865 37
      vertex -26.8978 11.7765 37
      vertex -43.7216 5.16604 37
    endloop
  endfacet
  facet normal -0 0 -1
    outer loop
      vertex -26.8978 11.7765 37
      vertex -43.95 5.31865 37
      vertex -26.7716 12.148 37
    endloop
  endfacet
  facet normal 0 0 -1
    outer loop
      vertex -44.1964 5.44015 37
      vertex -26.7716 12.148 37
      vertex -43.95 5.31865 37
    endloop
  endfacet
  facet normal -0 0 -1
    outer loop
      vertex -26.7716 12.148 37
      vertex -44.1964 5.44015 37
      vertex -26.5981 12.5 37
    endloop
  endfacet
  facet normal 0 0 -1
    outer loop
      vertex -44.4565 5.52844 37
      vertex -26.5981 12.5 37
      vertex -44.1964 5.44015 37
    endloop
  endfacet
  facet normal 0 0 -1
    outer loop
      vertex -54.4681 15.5176 37
      vertex -26.5981 12.5 37
      vertex -44.4565 5.52844 37
    endloop
  endfacet
  facet normal 0 0 -1
    outer loop
      vertex -54.5522 15.7654 37
      vertex -26.5981 12.5 37
      vertex -54.4681 15.5176 37
    endloop
  endfacet
  facet normal 0 0 -1
    outer loop
      vertex -26.3801 12.8263 37
      vertex -54.6679 16 37
      vertex -26.1213 13.1213 37
    endloop
  endfacet
  facet normal 0 0 -1
    outer loop
      vertex -54.8133 16.2175 37
      vertex -26.1213 13.1213 37
      vertex -54.6679 16 37
    endloop
  endfacet
  facet normal 0 0 -1
    outer loop
      vertex -26.5981 12.5 37
      vertex -54.5522 15.7654 37
      vertex -26.3801 12.8263 37
    endloop
  endfacet
  facet normal 0 0 -1
    outer loop
      vertex -54.4681 15.5176 37
      vertex -44.4565 5.52844 37
      vertex -44.7259 5.58203 37
    endloop
  endfacet
  facet normal 0 0 -1
    outer loop
      vertex -54.4171 15.2611 37
      vertex -44.7259 5.58203 37
      vertex -45 5.6 37
    endloop
  endfacet
  facet normal 0 0 -1
    outer loop
      vertex -54.4 15 37
      vertex -45 5.6 37
      vertex -45.2741 5.58203 37
    endloop
  endfacet
  facet normal 0 0 -1
    outer loop
      vertex -54.6679 16 37
      vertex -26.3801 12.8263 37
      vertex -54.5522 15.7654 37
    endloop
  endfacet
  facet normal 0 0 -1
    outer loop
      vertex -54.4 15 37
      vertex -45.2741 5.58203 37
      vertex -45.5435 5.52844 37
    endloop
  endfacet
  facet normal 0 0 -1
    outer loop
      vertex -54.4 15 37
      vertex -45.5435 5.52844 37
      vertex -45.8036 5.44015 37
    endloop
  endfacet
  facet normal 0 0 -1
    outer loop
      vertex -47.5872 -0.128248 37
      vertex -47.1 3.5 37
      vertex -47.125 0.180608 37
    endloop
  endfacet
  facet normal 0 0 -1
    outer loop
      vertex -48.0052 -0.494796 37
      vertex -47.1 3.5 37
      vertex -47.5872 -0.128248 37
    endloop
  endfacet
  facet normal 0 0 -1
    outer loop
      vertex -48.3717 -0.912764 37
      vertex -47.1 3.5 37
      vertex -48.0052 -0.494796 37
    endloop
  endfacet
  facet normal 0 0 -1
    outer loop
      vertex -48.6806 -1.375 37
      vertex -47.1 3.5 37
      vertex -48.3717 -0.912764 37
    endloop
  endfacet
  facet normal -0 0 -1
    outer loop
      vertex -47.1 3.5 37
      vertex -48.6806 -1.375 37
      vertex -47.082 3.7741 37
    endloop
  endfacet
  facet normal 0 0 -1
    outer loop
      vertex -54.4 15 37
      vertex -47.082 3.7741 37
      vertex -48.6806 -1.375 37
    endloop
  endfacet
  facet normal 0 0 -1
    outer loop
      vertex -54.4 15 37
      vertex -48.6806 -1.375 37
      vertex -48.9265 -1.8736 37
    endloop
  endfacet
  facet normal 0 0 -1
    outer loop
      vertex -54.4 15 37
      vertex -48.9265 -1.8736 37
      vertex -49.1052 -2.40002 37
    endloop
  endfacet
  facet normal 0 0 -1
    outer loop
      vertex -55.1825 -13.4133 37
      vertex -48.0052 -6.5052 37
      vertex -54.9858 -13.5858 37
    endloop
  endfacet
  facet normal -0 0 -1
    outer loop
      vertex -48.0052 -6.5052 37
      vertex -55.1825 -13.4133 37
      vertex -48.3717 -6.08724 37
    endloop
  endfacet
  facet normal 0 0 -1
    outer loop
      vertex -49.2136 -2.94526 37
      vertex -54.4 15 37
      vertex -49.1052 -2.40002 37
    endloop
  endfacet
  facet normal 0 0 -1
    outer loop
      vertex -47.082 3.7741 37
      vertex -54.4 15 37
      vertex -47.0284 4.04352 37
    endloop
  endfacet
  facet normal 0 0 -1
    outer loop
      vertex -47.0284 4.04352 37
      vertex -54.4 15 37
      vertex -46.9401 4.30363 37
    endloop
  endfacet
  facet normal 0 0 -1
    outer loop
      vertex -54.4 15 37
      vertex -46.8187 4.55 37
      vertex -46.9401 4.30363 37
    endloop
  endfacet
  facet normal 0 0 -1
    outer loop
      vertex -54.4 15 37
      vertex -46.666 4.7784 37
      vertex -46.8187 4.55 37
    endloop
  endfacet
  facet normal 0 0 -1
    outer loop
      vertex -54.4 15 37
      vertex -46.4849 4.98492 37
      vertex -46.666 4.7784 37
    endloop
  endfacet
  facet normal 0 0 -1
    outer loop
      vertex -54.4 15 37
      vertex -46.2784 5.16604 37
      vertex -46.4849 4.98492 37
    endloop
  endfacet
  facet normal 0 0 -1
    outer loop
      vertex -54.4 15 37
      vertex -46.05 5.31865 37
      vertex -46.2784 5.16604 37
    endloop
  endfacet
  facet normal 0 0 -1
    outer loop
      vertex -54.4 15 37
      vertex -45.8036 5.44015 37
      vertex -46.05 5.31865 37
    endloop
  endfacet
  facet normal 0 0 -1
    outer loop
      vertex -45 5.6 37
      vertex -54.4 15 37
      vertex -54.4171 15.2611 37
    endloop
  endfacet
  facet normal 0 0 -1
    outer loop
      vertex -44.7259 5.58203 37
      vertex -54.4171 15.2611 37
      vertex -54.4681 15.5176 37
    endloop
  endfacet
  facet normal 0 0 -1
    outer loop
      vertex -23.0534 16.2175 37
      vertex -54.8133 16.2175 37
      vertex -22.8809 16.4142 37
    endloop
  endfacet
  facet normal 0 0 -1
    outer loop
      vertex -54.9858 16.4142 37
      vertex -22.8809 16.4142 37
      vertex -54.8133 16.2175 37
    endloop
  endfacet
  facet normal 0 0 -1
    outer loop
      vertex -22.8809 16.4142 37
      vertex -54.9858 16.4142 37
      vertex -22.6842 16.5867 37
    endloop
  endfacet
  facet normal 0 0 -1
    outer loop
      vertex -55.1825 16.5867 37
      vertex -22.6842 16.5867 37
      vertex -54.9858 16.4142 37
    endloop
  endfacet
  facet normal 0 0 -1
    outer loop
      vertex -22.6842 16.5867 37
      vertex -55.1825 16.5867 37
      vertex -22.4667 16.732 37
    endloop
  endfacet
  facet normal 0 0 -1
    outer loop
      vertex -55.4 16.732 37
      vertex -22.4667 16.732 37
      vertex -55.1825 16.5867 37
    endloop
  endfacet
  facet normal 0 0 -1
    outer loop
      vertex -22.4667 16.732 37
      vertex -55.4 16.732 37
      vertex -22.232 16.8478 37
    endloop
  endfacet
  facet normal 0 0 -1
    outer loop
      vertex -55.6346 16.8478 37
      vertex -22.232 16.8478 37
      vertex -55.4 16.732 37
    endloop
  endfacet
  facet normal 0 0 -1
    outer loop
      vertex -22.232 16.8478 37
      vertex -55.6346 16.8478 37
      vertex -21.9843 16.9319 37
    endloop
  endfacet
  facet normal 0 0 -1
    outer loop
      vertex -55.8824 16.9319 37
      vertex -21.9843 16.9319 37
      vertex -55.6346 16.8478 37
    endloop
  endfacet
  facet normal 0 0 -1
    outer loop
      vertex -21.9843 16.9319 37
      vertex -55.8824 16.9319 37
      vertex -21.7277 16.9829 37
    endloop
  endfacet
  facet normal 0 0 -1
    outer loop
      vertex -56.1389 16.9829 37
      vertex -21.7277 16.9829 37
      vertex -55.8824 16.9319 37
    endloop
  endfacet
  facet normal 0 0 -1
    outer loop
      vertex -21.7277 16.9829 37
      vertex -56.1389 16.9829 37
      vertex -21.4667 17 37
    endloop
  endfacet
  facet normal 0 0 -1
    outer loop
      vertex -71.4 18.4 37
      vertex -21.4667 17 37
      vertex -56.1389 16.9829 37
    endloop
  endfacet
  facet normal 0 0 -1
    outer loop
      vertex -71.4 18.4 37
      vertex -56.1389 16.9829 37
      vertex -56.4 17 37
    endloop
  endfacet
  facet normal 0 0 -1
    outer loop
      vertex -68.7145 14.0219 37
      vertex -58.3829 14.7389 37
      vertex -68.7 13.8 37
    endloop
  endfacet
  facet normal -0 0 -1
    outer loop
      vertex -58.3829 14.7389 37
      vertex -68.7145 14.0219 37
      vertex -58.4 15 37
    endloop
  endfacet
  facet normal 0 0 -1
    outer loop
      vertex -68.7579 14.24 37
      vertex -58.4 15 37
      vertex -68.7145 14.0219 37
    endloop
  endfacet
  facet normal -0 0 -1
    outer loop
      vertex -58.4 15 37
      vertex -68.7579 14.24 37
      vertex -58.3829 15.2611 37
    endloop
  endfacet
  facet normal 0 0 -1
    outer loop
      vertex -68.8294 14.4506 37
      vertex -58.3829 15.2611 37
      vertex -68.7579 14.24 37
    endloop
  endfacet
  facet normal -0 0 -1
    outer loop
      vertex -58.3829 15.2611 37
      vertex -68.8294 14.4506 37
      vertex -58.3319 15.5176 37
    endloop
  endfacet
  facet normal 0 0 -1
    outer loop
      vertex -68.9278 14.65 37
      vertex -58.3319 15.5176 37
      vertex -68.8294 14.4506 37
    endloop
  endfacet
  facet normal -0 0 -1
    outer loop
      vertex -58.3319 15.5176 37
      vertex -68.9278 14.65 37
      vertex -58.2478 15.7654 37
    endloop
  endfacet
  facet normal 0 0 -1
    outer loop
      vertex -69.0513 14.8349 37
      vertex -58.2478 15.7654 37
      vertex -68.9278 14.65 37
    endloop
  endfacet
  facet normal -0 0 -1
    outer loop
      vertex -58.2478 15.7654 37
      vertex -69.0513 14.8349 37
      vertex -58.132 16 37
    endloop
  endfacet
  facet normal 0 0 -1
    outer loop
      vertex -69.1979 15.0021 37
      vertex -58.132 16 37
      vertex -69.0513 14.8349 37
    endloop
  endfacet
  facet normal -0 0 -1
    outer loop
      vertex -58.132 16 37
      vertex -69.1979 15.0021 37
      vertex -57.9867 16.2175 37
    endloop
  endfacet
  facet normal 0 0 -1
    outer loop
      vertex -71.4 18.4 37
      vertex -57.9867 16.2175 37
      vertex -69.1979 15.0021 37
    endloop
  endfacet
  facet normal 0 0 -1
    outer loop
      vertex -57.9867 16.2175 37
      vertex -71.4 18.4 37
      vertex -57.8142 16.4142 37
    endloop
  endfacet
  facet normal 0 0 -1
    outer loop
      vertex -57.8142 16.4142 37
      vertex -71.4 18.4 37
      vertex -57.6175 16.5867 37
    endloop
  endfacet
  facet normal 0 0 -1
    outer loop
      vertex -57.6175 16.5867 37
      vertex -71.4 18.4 37
      vertex -57.4 16.732 37
    endloop
  endfacet
  facet normal 0 0 -1
    outer loop
      vertex -57.4 16.732 37
      vertex -71.4 18.4 37
      vertex -57.1654 16.8478 37
    endloop
  endfacet
  facet normal 0 0 -1
    outer loop
      vertex -57.1654 16.8478 37
      vertex -71.4 18.4 37
      vertex -56.9176 16.9319 37
    endloop
  endfacet
  facet normal 0 0 -1
    outer loop
      vertex -71.4 18.4 37
      vertex -69.1979 15.0021 37
      vertex -69.3651 15.1487 37
    endloop
  endfacet
  facet normal 0 0 -1
    outer loop
      vertex -71.4 18.4 37
      vertex -69.3651 15.1487 37
      vertex -69.55 15.2722 37
    endloop
  endfacet
  facet normal 0 0 -1
    outer loop
      vertex -71.4 18.4 37
      vertex -69.55 15.2722 37
      vertex -69.7494 15.3706 37
    endloop
  endfacet
  facet normal 0 0 -1
    outer loop
      vertex -71.4 18.4 37
      vertex -69.7494 15.3706 37
      vertex -69.96 15.4421 37
    endloop
  endfacet
  facet normal 0 0 -1
    outer loop
      vertex -71.4 18.4 37
      vertex -69.96 15.4421 37
      vertex -70.1781 15.4855 37
    endloop
  endfacet
  facet normal 0 0 -1
    outer loop
      vertex -71.4 18.4 37
      vertex -70.1781 15.4855 37
      vertex -70.4 15.5 37
    endloop
  endfacet
  facet normal 0 0 -1
    outer loop
      vertex -71.4 18.4 37
      vertex -70.4 15.5 37
      vertex -70.6219 15.4855 37
    endloop
  endfacet
  facet normal 0 0 -1
    outer loop
      vertex -21.4667 17 37
      vertex -71.4 18.4 37
      vertex 71.4 18.4 37
    endloop
  endfacet
  facet normal 0 0 -1
    outer loop
      vertex -56.6611 16.9829 37
      vertex -71.4 18.4 37
      vertex -56.4 17 37
    endloop
  endfacet
  facet normal 0 0 -1
    outer loop
      vertex -56.9176 16.9319 37
      vertex -71.4 18.4 37
      vertex -56.6611 16.9829 37
    endloop
  endfacet
  facet normal 0 0 -1
    outer loop
      vertex -70.84 15.4421 37
      vertex -71.4 18.4 37
      vertex -70.6219 15.4855 37
    endloop
  endfacet
  facet normal 0 0 -1
    outer loop
      vertex -71.0506 15.3706 37
      vertex -71.4 18.4 37
      vertex -70.84 15.4421 37
    endloop
  endfacet
  facet normal 0 0 -1
    outer loop
      vertex -72.1764 18.2978 37
      vertex -71.0506 15.3706 37
      vertex -71.25 15.2722 37
    endloop
  endfacet
  facet normal 0 0 -1
    outer loop
      vertex -73.2263 17.78 37
      vertex -71.25 15.2722 37
      vertex -71.4349 15.1487 37
    endloop
  endfacet
  facet normal 0 0 -1
    outer loop
      vertex -73.78 17.2263 37
      vertex -71.4349 15.1487 37
      vertex -71.6021 15.0021 37
    endloop
  endfacet
  facet normal 0 0 -1
    outer loop
      vertex -74.1716 16.548 37
      vertex -71.6021 15.0021 37
      vertex -71.7487 14.8349 37
    endloop
  endfacet
  facet normal 0 0 -1
    outer loop
      vertex -71.0506 15.3706 37
      vertex -71.7916 18.3743 37
      vertex -71.4 18.4 37
    endloop
  endfacet
  facet normal 0 0 -1
    outer loop
      vertex -74.3743 15.7916 37
      vertex -71.7487 14.8349 37
      vertex -71.8722 14.65 37
    endloop
  endfacet
  facet normal 0 0 -1
    outer loop
      vertex -74.4 15.4 37
      vertex -71.8722 14.65 37
      vertex -71.9706 14.4506 37
    endloop
  endfacet
  facet normal 0 0 -1
    outer loop
      vertex -74.4 15.4 37
      vertex -71.9706 14.4506 37
      vertex -72.0421 14.24 37
    endloop
  endfacet
  facet normal 0 0 -1
    outer loop
      vertex -74.4 15.4 37
      vertex -72.0421 14.24 37
      vertex -72.0855 14.0219 37
    endloop
  endfacet
  facet normal 0 0 -1
    outer loop
      vertex -71.0506 15.3706 37
      vertex -72.1764 18.2978 37
      vertex -71.7916 18.3743 37
    endloop
  endfacet
  facet normal 0 0 -1
    outer loop
      vertex -74.4 15.4 37
      vertex -72.0855 14.0219 37
      vertex -72.1 13.8 37
    endloop
  endfacet
  facet normal 0 0 -1
    outer loop
      vertex -72.0421 13.36 37
      vertex -74.4 15.4 37
      vertex -72.0855 13.5781 37
    endloop
  endfacet
  facet normal -0 0 -1
    outer loop
      vertex -71.6021 -15.0021 37
      vertex -74.1716 -16.548 37
      vertex -71.7487 -14.8349 37
    endloop
  endfacet
  facet normal 0 0 -1
    outer loop
      vertex -72.0855 13.5781 37
      vertex -74.4 15.4 37
      vertex -72.1 13.8 37
    endloop
  endfacet
  facet normal 0 0 -1
    outer loop
      vertex -74.2978 -16.1764 37
      vertex -71.7487 -14.8349 37
      vertex -74.1716 -16.548 37
    endloop
  endfacet
  facet normal 0 0 -1
    outer loop
      vertex -71.8722 14.65 37
      vertex -74.4 15.4 37
      vertex -74.3743 15.7916 37
    endloop
  endfacet
  facet normal 0 0 -1
    outer loop
      vertex -74.3743 -15.7916 37
      vertex -71.7487 -14.8349 37
      vertex -74.2978 -16.1764 37
    endloop
  endfacet
  facet normal 0 0 -1
    outer loop
      vertex -71.25 15.2722 37
      vertex -72.548 18.1716 37
      vertex -72.1764 18.2978 37
    endloop
  endfacet
  facet normal -0 0 -1
    outer loop
      vertex -71.7487 -14.8349 37
      vertex -74.3743 -15.7916 37
      vertex -71.8722 -14.65 37
    endloop
  endfacet
  facet normal 0 0 -1
    outer loop
      vertex -71.25 15.2722 37
      vertex -72.9 17.9981 37
      vertex -72.548 18.1716 37
    endloop
  endfacet
  facet normal 0 0 -1
    outer loop
      vertex -74.4 -15.4 37
      vertex -71.8722 -14.65 37
      vertex -74.3743 -15.7916 37
    endloop
  endfacet
  facet normal 0 0 -1
    outer loop
      vertex -71.25 15.2722 37
      vertex -73.2263 17.78 37
      vertex -72.9 17.9981 37
    endloop
  endfacet
  facet normal -0 0 -1
    outer loop
      vertex -71.8722 -14.65 37
      vertex -74.4 -15.4 37
      vertex -71.9706 -14.4506 37
    endloop
  endfacet
  facet normal 0 0 -1
    outer loop
      vertex -71.4349 15.1487 37
      vertex -73.5213 17.5213 37
      vertex -73.2263 17.78 37
    endloop
  endfacet
  facet normal -0 0 -1
    outer loop
      vertex -71.9706 -14.4506 37
      vertex -74.4 -15.4 37
      vertex -72.0421 -14.24 37
    endloop
  endfacet
  facet normal 0 0 -1
    outer loop
      vertex -71.4349 15.1487 37
      vertex -73.78 17.2263 37
      vertex -73.5213 17.5213 37
    endloop
  endfacet
  facet normal -0 0 -1
    outer loop
      vertex -72.0421 -14.24 37
      vertex -74.4 -15.4 37
      vertex -72.0855 -14.0219 37
    endloop
  endfacet
  facet normal 0 0 -1
    outer loop
      vertex -71.6021 15.0021 37
      vertex -73.9981 16.9 37
      vertex -73.78 17.2263 37
    endloop
  endfacet
  facet normal -0 0 -1
    outer loop
      vertex -72.0855 -14.0219 37
      vertex -74.4 -15.4 37
      vertex -72.1 -13.8 37
    endloop
  endfacet
  facet normal 0 0 -1
    outer loop
      vertex -71.6021 15.0021 37
      vertex -74.1716 16.548 37
      vertex -73.9981 16.9 37
    endloop
  endfacet
  facet normal 0 0 -1
    outer loop
      vertex -71.7487 14.8349 37
      vertex -74.2978 16.1764 37
      vertex -74.1716 16.548 37
    endloop
  endfacet
  facet normal 0 0 -1
    outer loop
      vertex -71.7487 14.8349 37
      vertex -74.3743 15.7916 37
      vertex -74.2978 16.1764 37
    endloop
  endfacet
  facet normal 0 0 -1
    outer loop
      vertex -22.7607 -11.1632 37
      vertex -22.7607 -10.8368 37
      vertex -22.75 -11 37
    endloop
  endfacet
  facet normal 0 0 -1
    outer loop
      vertex -22.7926 -11.3235 37
      vertex -22.7607 -10.8368 37
      vertex -22.7607 -11.1632 37
    endloop
  endfacet
  facet normal 0 0 -1
    outer loop
      vertex -22.7926 -11.3235 37
      vertex -22.7926 -10.6765 37
      vertex -22.7607 -10.8368 37
    endloop
  endfacet
  facet normal 0 0 -1
    outer loop
      vertex -22.8451 -11.4784 37
      vertex -22.7926 -10.6765 37
      vertex -22.7926 -11.3235 37
    endloop
  endfacet
  facet normal 0 0 -1
    outer loop
      vertex -22.8451 -11.4784 37
      vertex -22.8451 -10.5216 37
      vertex -22.7926 -10.6765 37
    endloop
  endfacet
  facet normal 0 0 -1
    outer loop
      vertex -22.9175 -11.625 37
      vertex -22.8451 -10.5216 37
      vertex -22.8451 -11.4784 37
    endloop
  endfacet
  facet normal 0 0 -1
    outer loop
      vertex -22.9175 -11.625 37
      vertex -22.9175 -10.375 37
      vertex -22.8451 -10.5216 37
    endloop
  endfacet
  facet normal 0 0 -1
    outer loop
      vertex -23.0083 -11.761 37
      vertex -22.9175 -10.375 37
      vertex -22.9175 -11.625 37
    endloop
  endfacet
  facet normal 0 0 -1
    outer loop
      vertex -23.0083 -11.761 37
      vertex -23.0083 -10.239 37
      vertex -22.9175 -10.375 37
    endloop
  endfacet
  facet normal 0 0 -1
    outer loop
      vertex -23.1161 -11.8839 37
      vertex -23.0083 -10.239 37
      vertex -23.0083 -11.761 37
    endloop
  endfacet
  facet normal 0 0 -1
    outer loop
      vertex -23.1161 -11.8839 37
      vertex -23.1161 -10.1161 37
      vertex -23.0083 -10.239 37
    endloop
  endfacet
  facet normal 0 0 -1
    outer loop
      vertex -23.239 -11.9917 37
      vertex -23.1161 -10.1161 37
      vertex -23.1161 -11.8839 37
    endloop
  endfacet
  facet normal 0 0 -1
    outer loop
      vertex -23.239 -11.9917 37
      vertex -23.239 -10.0083 37
      vertex -23.1161 -10.1161 37
    endloop
  endfacet
  facet normal 0 0 -1
    outer loop
      vertex -23.375 -12.0825 37
      vertex -23.239 -10.0083 37
      vertex -23.239 -11.9917 37
    endloop
  endfacet
  facet normal 0 0 -1
    outer loop
      vertex -23.375 -12.0825 37
      vertex -23.375 -9.91747 37
      vertex -23.239 -10.0083 37
    endloop
  endfacet
  facet normal 0 0 -1
    outer loop
      vertex -23.5216 -12.1548 37
      vertex -23.375 -9.91747 37
      vertex -23.375 -12.0825 37
    endloop
  endfacet
  facet normal 0 0 -1
    outer loop
      vertex -23.5216 -12.1548 37
      vertex -23.5216 -9.84515 37
      vertex -23.375 -9.91747 37
    endloop
  endfacet
  facet normal 0 0 -1
    outer loop
      vertex -23.6765 -12.2074 37
      vertex -23.5216 -9.84515 37
      vertex -23.5216 -12.1548 37
    endloop
  endfacet
  facet normal 0 0 -1
    outer loop
      vertex -23.6765 -12.2074 37
      vertex -23.6765 -9.79259 37
      vertex -23.5216 -9.84515 37
    endloop
  endfacet
  facet normal 0 0 -1
    outer loop
      vertex -23.8368 -12.2393 37
      vertex -23.6765 -9.79259 37
      vertex -23.6765 -12.2074 37
    endloop
  endfacet
  facet normal 0 0 -1
    outer loop
      vertex -23.8368 -12.2393 37
      vertex -23.8368 -9.76069 37
      vertex -23.6765 -9.79259 37
    endloop
  endfacet
  facet normal 0 0 -1
    outer loop
      vertex -24 -12.25 37
      vertex -23.8368 -9.76069 37
      vertex -23.8368 -12.2393 37
    endloop
  endfacet
  facet normal 0 0 -1
    outer loop
      vertex -24 -12.25 37
      vertex -24 -9.75 37
      vertex -23.8368 -9.76069 37
    endloop
  endfacet
  facet normal 0 0 -1
    outer loop
      vertex -24.1632 -12.2393 37
      vertex -24 -9.75 37
      vertex -24 -12.25 37
    endloop
  endfacet
  facet normal 0 0 -1
    outer loop
      vertex -24.1632 -12.2393 37
      vertex -24.1632 -9.76069 37
      vertex -24 -9.75 37
    endloop
  endfacet
  facet normal 0 0 -1
    outer loop
      vertex -24.3235 -12.2074 37
      vertex -24.1632 -9.76069 37
      vertex -24.1632 -12.2393 37
    endloop
  endfacet
  facet normal 0 0 -1
    outer loop
      vertex -24.3235 -12.2074 37
      vertex -24.3235 -9.79259 37
      vertex -24.1632 -9.76069 37
    endloop
  endfacet
  facet normal 0 0 -1
    outer loop
      vertex -24.4784 -12.1548 37
      vertex -24.3235 -9.79259 37
      vertex -24.3235 -12.2074 37
    endloop
  endfacet
  facet normal 0 0 -1
    outer loop
      vertex -24.4784 -12.1548 37
      vertex -24.4784 -9.84515 37
      vertex -24.3235 -9.79259 37
    endloop
  endfacet
  facet normal 0 0 -1
    outer loop
      vertex -24.625 -12.0825 37
      vertex -24.4784 -9.84515 37
      vertex -24.4784 -12.1548 37
    endloop
  endfacet
  facet normal 0 0 -1
    outer loop
      vertex -24.625 -12.0825 37
      vertex -24.625 -9.91747 37
      vertex -24.4784 -9.84515 37
    endloop
  endfacet
  facet normal 0 0 -1
    outer loop
      vertex -24.761 -11.9917 37
      vertex -24.625 -9.91747 37
      vertex -24.625 -12.0825 37
    endloop
  endfacet
  facet normal 0 0 -1
    outer loop
      vertex -24.761 -11.9917 37
      vertex -24.761 -10.0083 37
      vertex -24.625 -9.91747 37
    endloop
  endfacet
  facet normal 0 0 -1
    outer loop
      vertex -24.8839 -11.8839 37
      vertex -24.761 -10.0083 37
      vertex -24.761 -11.9917 37
    endloop
  endfacet
  facet normal 0 0 -1
    outer loop
      vertex -24.8839 -11.8839 37
      vertex -24.8839 -10.1161 37
      vertex -24.761 -10.0083 37
    endloop
  endfacet
  facet normal 0 0 -1
    outer loop
      vertex -24.9917 -11.761 37
      vertex -24.8839 -10.1161 37
      vertex -24.8839 -11.8839 37
    endloop
  endfacet
  facet normal 0 0 -1
    outer loop
      vertex -24.9917 -11.761 37
      vertex -24.9917 -10.239 37
      vertex -24.8839 -10.1161 37
    endloop
  endfacet
  facet normal 0 0 -1
    outer loop
      vertex -25.0825 -11.625 37
      vertex -24.9917 -10.239 37
      vertex -24.9917 -11.761 37
    endloop
  endfacet
  facet normal 0 0 -1
    outer loop
      vertex -25.0825 -11.625 37
      vertex -25.0825 -10.375 37
      vertex -24.9917 -10.239 37
    endloop
  endfacet
  facet normal 0 0 -1
    outer loop
      vertex -25.1549 -11.4784 37
      vertex -25.0825 -10.375 37
      vertex -25.0825 -11.625 37
    endloop
  endfacet
  facet normal 0 0 -1
    outer loop
      vertex -25.1549 -11.4784 37
      vertex -25.1549 -10.5216 37
      vertex -25.0825 -10.375 37
    endloop
  endfacet
  facet normal 0 0 -1
    outer loop
      vertex -25.2074 -11.3235 37
      vertex -25.1549 -10.5216 37
      vertex -25.1549 -11.4784 37
    endloop
  endfacet
  facet normal 0 0 -1
    outer loop
      vertex -25.2074 -11.3235 37
      vertex -25.2074 -10.6765 37
      vertex -25.1549 -10.5216 37
    endloop
  endfacet
  facet normal 0 0 -1
    outer loop
      vertex -25.2393 -11.1632 37
      vertex -25.2074 -10.6765 37
      vertex -25.2074 -11.3235 37
    endloop
  endfacet
  facet normal 0 0 -1
    outer loop
      vertex -25.2393 -11.1632 37
      vertex -25.2393 -10.8368 37
      vertex -25.2074 -10.6765 37
    endloop
  endfacet
  facet normal 0 -0 -1
    outer loop
      vertex -25.2393 -10.8368 37
      vertex -25.2393 -11.1632 37
      vertex -25.25 -11 37
    endloop
  endfacet
  facet normal 0 0 -1
    outer loop
      vertex 25.2393 -11.1632 37
      vertex 25.2393 -10.8368 37
      vertex 25.25 -11 37
    endloop
  endfacet
  facet normal 0 0 -1
    outer loop
      vertex 25.2074 -11.3235 37
      vertex 25.2393 -10.8368 37
      vertex 25.2393 -11.1632 37
    endloop
  endfacet
  facet normal 0 0 -1
    outer loop
      vertex 25.2074 -11.3235 37
      vertex 25.2074 -10.6765 37
      vertex 25.2393 -10.8368 37
    endloop
  endfacet
  facet normal 0 0 -1
    outer loop
      vertex 25.1549 -11.4784 37
      vertex 25.2074 -10.6765 37
      vertex 25.2074 -11.3235 37
    endloop
  endfacet
  facet normal 0 0 -1
    outer loop
      vertex 25.1549 -11.4784 37
      vertex 25.1549 -10.5216 37
      vertex 25.2074 -10.6765 37
    endloop
  endfacet
  facet normal 0 0 -1
    outer loop
      vertex 25.0825 -11.625 37
      vertex 25.1549 -10.5216 37
      vertex 25.1549 -11.4784 37
    endloop
  endfacet
  facet normal 0 0 -1
    outer loop
      vertex 25.0825 -11.625 37
      vertex 25.0825 -10.375 37
      vertex 25.1549 -10.5216 37
    endloop
  endfacet
  facet normal 0 0 -1
    outer loop
      vertex 24.9917 -11.761 37
      vertex 25.0825 -10.375 37
      vertex 25.0825 -11.625 37
    endloop
  endfacet
  facet normal 0 0 -1
    outer loop
      vertex 24.9917 -11.761 37
      vertex 24.9917 -10.239 37
      vertex 25.0825 -10.375 37
    endloop
  endfacet
  facet normal 0 0 -1
    outer loop
      vertex 24.8839 -11.8839 37
      vertex 24.9917 -10.239 37
      vertex 24.9917 -11.761 37
    endloop
  endfacet
  facet normal 0 0 -1
    outer loop
      vertex 24.8839 -11.8839 37
      vertex 24.8839 -10.1161 37
      vertex 24.9917 -10.239 37
    endloop
  endfacet
  facet normal 0 0 -1
    outer loop
      vertex 24.761 -11.9917 37
      vertex 24.8839 -10.1161 37
      vertex 24.8839 -11.8839 37
    endloop
  endfacet
  facet normal 0 0 -1
    outer loop
      vertex 24.761 -11.9917 37
      vertex 24.761 -10.0083 37
      vertex 24.8839 -10.1161 37
    endloop
  endfacet
  facet normal 0 0 -1
    outer loop
      vertex 24.625 -12.0825 37
      vertex 24.761 -10.0083 37
      vertex 24.761 -11.9917 37
    endloop
  endfacet
  facet normal 0 0 -1
    outer loop
      vertex 24.625 -12.0825 37
      vertex 24.625 -9.91747 37
      vertex 24.761 -10.0083 37
    endloop
  endfacet
  facet normal 0 0 -1
    outer loop
      vertex 24.4784 -12.1548 37
      vertex 24.625 -9.91747 37
      vertex 24.625 -12.0825 37
    endloop
  endfacet
  facet normal 0 0 -1
    outer loop
      vertex 24.4784 -12.1548 37
      vertex 24.4784 -9.84515 37
      vertex 24.625 -9.91747 37
    endloop
  endfacet
  facet normal 0 0 -1
    outer loop
      vertex 24.3235 -12.2074 37
      vertex 24.4784 -9.84515 37
      vertex 24.4784 -12.1548 37
    endloop
  endfacet
  facet normal 0 0 -1
    outer loop
      vertex 24.3235 -12.2074 37
      vertex 24.3235 -9.79259 37
      vertex 24.4784 -9.84515 37
    endloop
  endfacet
  facet normal 0 0 -1
    outer loop
      vertex 24.1632 -12.2393 37
      vertex 24.3235 -9.79259 37
      vertex 24.3235 -12.2074 37
    endloop
  endfacet
  facet normal 0 0 -1
    outer loop
      vertex 24.1632 -12.2393 37
      vertex 24.1632 -9.76069 37
      vertex 24.3235 -9.79259 37
    endloop
  endfacet
  facet normal 0 0 -1
    outer loop
      vertex 24 -12.25 37
      vertex 24.1632 -9.76069 37
      vertex 24.1632 -12.2393 37
    endloop
  endfacet
  facet normal 0 0 -1
    outer loop
      vertex 24 -12.25 37
      vertex 24 -9.75 37
      vertex 24.1632 -9.76069 37
    endloop
  endfacet
  facet normal 0 0 -1
    outer loop
      vertex 23.8368 -12.2393 37
      vertex 24 -9.75 37
      vertex 24 -12.25 37
    endloop
  endfacet
  facet normal 0 0 -1
    outer loop
      vertex 23.8368 -12.2393 37
      vertex 23.8368 -9.76069 37
      vertex 24 -9.75 37
    endloop
  endfacet
  facet normal 0 0 -1
    outer loop
      vertex 23.6765 -12.2074 37
      vertex 23.8368 -9.76069 37
      vertex 23.8368 -12.2393 37
    endloop
  endfacet
  facet normal 0 0 -1
    outer loop
      vertex 23.6765 -12.2074 37
      vertex 23.6765 -9.79259 37
      vertex 23.8368 -9.76069 37
    endloop
  endfacet
  facet normal 0 0 -1
    outer loop
      vertex 23.5216 -12.1548 37
      vertex 23.6765 -9.79259 37
      vertex 23.6765 -12.2074 37
    endloop
  endfacet
  facet normal 0 0 -1
    outer loop
      vertex 23.5216 -12.1548 37
      vertex 23.5216 -9.84515 37
      vertex 23.6765 -9.79259 37
    endloop
  endfacet
  facet normal 0 0 -1
    outer loop
      vertex 23.375 -12.0825 37
      vertex 23.5216 -9.84515 37
      vertex 23.5216 -12.1548 37
    endloop
  endfacet
  facet normal 0 0 -1
    outer loop
      vertex 23.375 -12.0825 37
      vertex 23.375 -9.91747 37
      vertex 23.5216 -9.84515 37
    endloop
  endfacet
  facet normal 0 0 -1
    outer loop
      vertex 23.239 -11.9917 37
      vertex 23.375 -9.91747 37
      vertex 23.375 -12.0825 37
    endloop
  endfacet
  facet normal 0 0 -1
    outer loop
      vertex 23.239 -11.9917 37
      vertex 23.239 -10.0083 37
      vertex 23.375 -9.91747 37
    endloop
  endfacet
  facet normal 0 0 -1
    outer loop
      vertex 23.1161 -11.8839 37
      vertex 23.239 -10.0083 37
      vertex 23.239 -11.9917 37
    endloop
  endfacet
  facet normal 0 0 -1
    outer loop
      vertex 23.1161 -11.8839 37
      vertex 23.1161 -10.1161 37
      vertex 23.239 -10.0083 37
    endloop
  endfacet
  facet normal 0 0 -1
    outer loop
      vertex 23.0083 -11.761 37
      vertex 23.1161 -10.1161 37
      vertex 23.1161 -11.8839 37
    endloop
  endfacet
  facet normal 0 0 -1
    outer loop
      vertex 23.0083 -11.761 37
      vertex 23.0083 -10.239 37
      vertex 23.1161 -10.1161 37
    endloop
  endfacet
  facet normal 0 0 -1
    outer loop
      vertex 22.9175 -11.625 37
      vertex 23.0083 -10.239 37
      vertex 23.0083 -11.761 37
    endloop
  endfacet
  facet normal 0 0 -1
    outer loop
      vertex 22.9175 -11.625 37
      vertex 22.9175 -10.375 37
      vertex 23.0083 -10.239 37
    endloop
  endfacet
  facet normal 0 0 -1
    outer loop
      vertex 22.8451 -11.4784 37
      vertex 22.9175 -10.375 37
      vertex 22.9175 -11.625 37
    endloop
  endfacet
  facet normal 0 0 -1
    outer loop
      vertex 22.8451 -11.4784 37
      vertex 22.8451 -10.5216 37
      vertex 22.9175 -10.375 37
    endloop
  endfacet
  facet normal 0 0 -1
    outer loop
      vertex 22.7926 -11.3235 37
      vertex 22.8451 -10.5216 37
      vertex 22.8451 -11.4784 37
    endloop
  endfacet
  facet normal 0 0 -1
    outer loop
      vertex 22.7926 -11.3235 37
      vertex 22.7926 -10.6765 37
      vertex 22.8451 -10.5216 37
    endloop
  endfacet
  facet normal 0 0 -1
    outer loop
      vertex 22.7607 -11.1632 37
      vertex 22.7926 -10.6765 37
      vertex 22.7926 -11.3235 37
    endloop
  endfacet
  facet normal 0 0 -1
    outer loop
      vertex 22.7607 -11.1632 37
      vertex 22.7607 -10.8368 37
      vertex 22.7926 -10.6765 37
    endloop
  endfacet
  facet normal 0 -0 -1
    outer loop
      vertex 22.7607 -10.8368 37
      vertex 22.7607 -11.1632 37
      vertex 22.75 -11 37
    endloop
  endfacet
  facet normal 0 0 -1
    outer loop
      vertex -22.7607 10.8368 37
      vertex -22.7607 11.1632 37
      vertex -22.75 11 37
    endloop
  endfacet
  facet normal 0 0 -1
    outer loop
      vertex -22.7926 10.6765 37
      vertex -22.7607 11.1632 37
      vertex -22.7607 10.8368 37
    endloop
  endfacet
  facet normal 0 0 -1
    outer loop
      vertex -22.7926 10.6765 37
      vertex -22.7926 11.3235 37
      vertex -22.7607 11.1632 37
    endloop
  endfacet
  facet normal 0 0 -1
    outer loop
      vertex -22.8451 10.5216 37
      vertex -22.7926 11.3235 37
      vertex -22.7926 10.6765 37
    endloop
  endfacet
  facet normal 0 0 -1
    outer loop
      vertex -22.8451 10.5216 37
      vertex -22.8451 11.4784 37
      vertex -22.7926 11.3235 37
    endloop
  endfacet
  facet normal 0 0 -1
    outer loop
      vertex -22.9175 10.375 37
      vertex -22.8451 11.4784 37
      vertex -22.8451 10.5216 37
    endloop
  endfacet
  facet normal 0 0 -1
    outer loop
      vertex -22.9175 10.375 37
      vertex -22.9175 11.625 37
      vertex -22.8451 11.4784 37
    endloop
  endfacet
  facet normal 0 0 -1
    outer loop
      vertex -23.0083 10.239 37
      vertex -22.9175 11.625 37
      vertex -22.9175 10.375 37
    endloop
  endfacet
  facet normal 0 0 -1
    outer loop
      vertex -23.0083 10.239 37
      vertex -23.0083 11.761 37
      vertex -22.9175 11.625 37
    endloop
  endfacet
  facet normal 0 0 -1
    outer loop
      vertex -23.1161 10.1161 37
      vertex -23.0083 11.761 37
      vertex -23.0083 10.239 37
    endloop
  endfacet
  facet normal 0 0 -1
    outer loop
      vertex -23.1161 10.1161 37
      vertex -23.1161 11.8839 37
      vertex -23.0083 11.761 37
    endloop
  endfacet
  facet normal 0 0 -1
    outer loop
      vertex -23.239 10.0083 37
      vertex -23.1161 11.8839 37
      vertex -23.1161 10.1161 37
    endloop
  endfacet
  facet normal 0 0 -1
    outer loop
      vertex -23.239 10.0083 37
      vertex -23.239 11.9917 37
      vertex -23.1161 11.8839 37
    endloop
  endfacet
  facet normal 0 0 -1
    outer loop
      vertex -23.375 9.91747 37
      vertex -23.239 11.9917 37
      vertex -23.239 10.0083 37
    endloop
  endfacet
  facet normal 0 0 -1
    outer loop
      vertex -23.375 9.91747 37
      vertex -23.375 12.0825 37
      vertex -23.239 11.9917 37
    endloop
  endfacet
  facet normal 0 0 -1
    outer loop
      vertex -23.5216 9.84515 37
      vertex -23.375 12.0825 37
      vertex -23.375 9.91747 37
    endloop
  endfacet
  facet normal 0 0 -1
    outer loop
      vertex -23.5216 9.84515 37
      vertex -23.5216 12.1548 37
      vertex -23.375 12.0825 37
    endloop
  endfacet
  facet normal 0 0 -1
    outer loop
      vertex -23.6765 9.79259 37
      vertex -23.5216 12.1548 37
      vertex -23.5216 9.84515 37
    endloop
  endfacet
  facet normal 0 0 -1
    outer loop
      vertex -23.6765 9.79259 37
      vertex -23.6765 12.2074 37
      vertex -23.5216 12.1548 37
    endloop
  endfacet
  facet normal 0 0 -1
    outer loop
      vertex -23.8368 9.76069 37
      vertex -23.6765 12.2074 37
      vertex -23.6765 9.79259 37
    endloop
  endfacet
  facet normal 0 0 -1
    outer loop
      vertex -23.8368 9.76069 37
      vertex -23.8368 12.2393 37
      vertex -23.6765 12.2074 37
    endloop
  endfacet
  facet normal 0 0 -1
    outer loop
      vertex -24 9.75 37
      vertex -23.8368 12.2393 37
      vertex -23.8368 9.76069 37
    endloop
  endfacet
  facet normal 0 0 -1
    outer loop
      vertex -24 9.75 37
      vertex -24 12.25 37
      vertex -23.8368 12.2393 37
    endloop
  endfacet
  facet normal 0 0 -1
    outer loop
      vertex -24.1632 9.76069 37
      vertex -24 12.25 37
      vertex -24 9.75 37
    endloop
  endfacet
  facet normal 0 0 -1
    outer loop
      vertex -24.1632 9.76069 37
      vertex -24.1632 12.2393 37
      vertex -24 12.25 37
    endloop
  endfacet
  facet normal 0 0 -1
    outer loop
      vertex -24.3235 9.79259 37
      vertex -24.1632 12.2393 37
      vertex -24.1632 9.76069 37
    endloop
  endfacet
  facet normal 0 0 -1
    outer loop
      vertex -24.3235 9.79259 37
      vertex -24.3235 12.2074 37
      vertex -24.1632 12.2393 37
    endloop
  endfacet
  facet normal 0 0 -1
    outer loop
      vertex -24.4784 9.84515 37
      vertex -24.3235 12.2074 37
      vertex -24.3235 9.79259 37
    endloop
  endfacet
  facet normal 0 0 -1
    outer loop
      vertex -24.4784 9.84515 37
      vertex -24.4784 12.1548 37
      vertex -24.3235 12.2074 37
    endloop
  endfacet
  facet normal 0 0 -1
    outer loop
      vertex -24.625 9.91747 37
      vertex -24.4784 12.1548 37
      vertex -24.4784 9.84515 37
    endloop
  endfacet
  facet normal 0 0 -1
    outer loop
      vertex -24.625 9.91747 37
      vertex -24.625 12.0825 37
      vertex -24.4784 12.1548 37
    endloop
  endfacet
  facet normal 0 0 -1
    outer loop
      vertex -24.761 10.0083 37
      vertex -24.625 12.0825 37
      vertex -24.625 9.91747 37
    endloop
  endfacet
  facet normal 0 0 -1
    outer loop
      vertex -24.761 10.0083 37
      vertex -24.761 11.9917 37
      vertex -24.625 12.0825 37
    endloop
  endfacet
  facet normal 0 0 -1
    outer loop
      vertex -24.8839 10.1161 37
      vertex -24.761 11.9917 37
      vertex -24.761 10.0083 37
    endloop
  endfacet
  facet normal 0 0 -1
    outer loop
      vertex -24.8839 10.1161 37
      vertex -24.8839 11.8839 37
      vertex -24.761 11.9917 37
    endloop
  endfacet
  facet normal 0 0 -1
    outer loop
      vertex -24.9917 10.239 37
      vertex -24.8839 11.8839 37
      vertex -24.8839 10.1161 37
    endloop
  endfacet
  facet normal 0 0 -1
    outer loop
      vertex -24.9917 10.239 37
      vertex -24.9917 11.761 37
      vertex -24.8839 11.8839 37
    endloop
  endfacet
  facet normal 0 0 -1
    outer loop
      vertex -25.0825 10.375 37
      vertex -24.9917 11.761 37
      vertex -24.9917 10.239 37
    endloop
  endfacet
  facet normal 0 0 -1
    outer loop
      vertex -25.0825 10.375 37
      vertex -25.0825 11.625 37
      vertex -24.9917 11.761 37
    endloop
  endfacet
  facet normal 0 0 -1
    outer loop
      vertex -25.1549 10.5216 37
      vertex -25.0825 11.625 37
      vertex -25.0825 10.375 37
    endloop
  endfacet
  facet normal 0 0 -1
    outer loop
      vertex -25.1549 10.5216 37
      vertex -25.1549 11.4784 37
      vertex -25.0825 11.625 37
    endloop
  endfacet
  facet normal 0 0 -1
    outer loop
      vertex -25.2074 10.6765 37
      vertex -25.1549 11.4784 37
      vertex -25.1549 10.5216 37
    endloop
  endfacet
  facet normal 0 0 -1
    outer loop
      vertex -25.2074 10.6765 37
      vertex -25.2074 11.3235 37
      vertex -25.1549 11.4784 37
    endloop
  endfacet
  facet normal 0 0 -1
    outer loop
      vertex -25.2393 10.8368 37
      vertex -25.2074 11.3235 37
      vertex -25.2074 10.6765 37
    endloop
  endfacet
  facet normal 0 0 -1
    outer loop
      vertex -25.2393 10.8368 37
      vertex -25.2393 11.1632 37
      vertex -25.2074 11.3235 37
    endloop
  endfacet
  facet normal 0 -0 -1
    outer loop
      vertex -25.2393 11.1632 37
      vertex -25.2393 10.8368 37
      vertex -25.25 11 37
    endloop
  endfacet
  facet normal 0 0 -1
    outer loop
      vertex 25.2393 10.8368 37
      vertex 25.2393 11.1632 37
      vertex 25.25 11 37
    endloop
  endfacet
  facet normal 0 0 -1
    outer loop
      vertex 25.2074 10.6765 37
      vertex 25.2393 11.1632 37
      vertex 25.2393 10.8368 37
    endloop
  endfacet
  facet normal 0 0 -1
    outer loop
      vertex 25.2074 10.6765 37
      vertex 25.2074 11.3235 37
      vertex 25.2393 11.1632 37
    endloop
  endfacet
  facet normal 0 0 -1
    outer loop
      vertex 25.1549 10.5216 37
      vertex 25.2074 11.3235 37
      vertex 25.2074 10.6765 37
    endloop
  endfacet
  facet normal 0 0 -1
    outer loop
      vertex 25.1549 10.5216 37
      vertex 25.1549 11.4784 37
      vertex 25.2074 11.3235 37
    endloop
  endfacet
  facet normal 0 0 -1
    outer loop
      vertex 25.0825 10.375 37
      vertex 25.1549 11.4784 37
      vertex 25.1549 10.5216 37
    endloop
  endfacet
  facet normal 0 0 -1
    outer loop
      vertex 25.0825 10.375 37
      vertex 25.0825 11.625 37
      vertex 25.1549 11.4784 37
    endloop
  endfacet
  facet normal 0 0 -1
    outer loop
      vertex 24.9917 10.239 37
      vertex 25.0825 11.625 37
      vertex 25.0825 10.375 37
    endloop
  endfacet
  facet normal 0 0 -1
    outer loop
      vertex 24.9917 10.239 37
      vertex 24.9917 11.761 37
      vertex 25.0825 11.625 37
    endloop
  endfacet
  facet normal 0 0 -1
    outer loop
      vertex 24.8839 10.1161 37
      vertex 24.9917 11.761 37
      vertex 24.9917 10.239 37
    endloop
  endfacet
  facet normal 0 0 -1
    outer loop
      vertex 24.8839 10.1161 37
      vertex 24.8839 11.8839 37
      vertex 24.9917 11.761 37
    endloop
  endfacet
  facet normal 0 0 -1
    outer loop
      vertex 24.761 10.0083 37
      vertex 24.8839 11.8839 37
      vertex 24.8839 10.1161 37
    endloop
  endfacet
  facet normal 0 0 -1
    outer loop
      vertex 24.761 10.0083 37
      vertex 24.761 11.9917 37
      vertex 24.8839 11.8839 37
    endloop
  endfacet
  facet normal 0 0 -1
    outer loop
      vertex 24.625 9.91747 37
      vertex 24.761 11.9917 37
      vertex 24.761 10.0083 37
    endloop
  endfacet
  facet normal 0 0 -1
    outer loop
      vertex 24.625 9.91747 37
      vertex 24.625 12.0825 37
      vertex 24.761 11.9917 37
    endloop
  endfacet
  facet normal 0 0 -1
    outer loop
      vertex 24.4784 9.84515 37
      vertex 24.625 12.0825 37
      vertex 24.625 9.91747 37
    endloop
  endfacet
  facet normal 0 0 -1
    outer loop
      vertex 24.4784 9.84515 37
      vertex 24.4784 12.1548 37
      vertex 24.625 12.0825 37
    endloop
  endfacet
  facet normal 0 0 -1
    outer loop
      vertex 24.3235 9.79259 37
      vertex 24.4784 12.1548 37
      vertex 24.4784 9.84515 37
    endloop
  endfacet
  facet normal 0 0 -1
    outer loop
      vertex 24.3235 9.79259 37
      vertex 24.3235 12.2074 37
      vertex 24.4784 12.1548 37
    endloop
  endfacet
  facet normal 0 0 -1
    outer loop
      vertex 24.1632 9.76069 37
      vertex 24.3235 12.2074 37
      vertex 24.3235 9.79259 37
    endloop
  endfacet
  facet normal 0 0 -1
    outer loop
      vertex 24.1632 9.76069 37
      vertex 24.1632 12.2393 37
      vertex 24.3235 12.2074 37
    endloop
  endfacet
  facet normal 0 0 -1
    outer loop
      vertex 24 9.75 37
      vertex 24.1632 12.2393 37
      vertex 24.1632 9.76069 37
    endloop
  endfacet
  facet normal 0 0 -1
    outer loop
      vertex 24 9.75 37
      vertex 24 12.25 37
      vertex 24.1632 12.2393 37
    endloop
  endfacet
  facet normal 0 0 -1
    outer loop
      vertex 23.8368 9.76069 37
      vertex 24 12.25 37
      vertex 24 9.75 37
    endloop
  endfacet
  facet normal 0 0 -1
    outer loop
      vertex 23.8368 9.76069 37
      vertex 23.8368 12.2393 37
      vertex 24 12.25 37
    endloop
  endfacet
  facet normal 0 0 -1
    outer loop
      vertex 23.6765 9.79259 37
      vertex 23.8368 12.2393 37
      vertex 23.8368 9.76069 37
    endloop
  endfacet
  facet normal 0 0 -1
    outer loop
      vertex 23.6765 9.79259 37
      vertex 23.6765 12.2074 37
      vertex 23.8368 12.2393 37
    endloop
  endfacet
  facet normal 0 0 -1
    outer loop
      vertex 23.5216 9.84515 37
      vertex 23.6765 12.2074 37
      vertex 23.6765 9.79259 37
    endloop
  endfacet
  facet normal 0 0 -1
    outer loop
      vertex 23.5216 9.84515 37
      vertex 23.5216 12.1548 37
      vertex 23.6765 12.2074 37
    endloop
  endfacet
  facet normal 0 0 -1
    outer loop
      vertex 23.375 9.91747 37
      vertex 23.5216 12.1548 37
      vertex 23.5216 9.84515 37
    endloop
  endfacet
  facet normal 0 0 -1
    outer loop
      vertex 23.375 9.91747 37
      vertex 23.375 12.0825 37
      vertex 23.5216 12.1548 37
    endloop
  endfacet
  facet normal 0 0 -1
    outer loop
      vertex 23.239 10.0083 37
      vertex 23.375 12.0825 37
      vertex 23.375 9.91747 37
    endloop
  endfacet
  facet normal 0 0 -1
    outer loop
      vertex 23.239 10.0083 37
      vertex 23.239 11.9917 37
      vertex 23.375 12.0825 37
    endloop
  endfacet
  facet normal 0 0 -1
    outer loop
      vertex 23.1161 10.1161 37
      vertex 23.239 11.9917 37
      vertex 23.239 10.0083 37
    endloop
  endfacet
  facet normal 0 0 -1
    outer loop
      vertex 23.1161 10.1161 37
      vertex 23.1161 11.8839 37
      vertex 23.239 11.9917 37
    endloop
  endfacet
  facet normal 0 0 -1
    outer loop
      vertex 23.0083 10.239 37
      vertex 23.1161 11.8839 37
      vertex 23.1161 10.1161 37
    endloop
  endfacet
  facet normal 0 0 -1
    outer loop
      vertex 23.0083 10.239 37
      vertex 23.0083 11.761 37
      vertex 23.1161 11.8839 37
    endloop
  endfacet
  facet normal 0 0 -1
    outer loop
      vertex 22.9175 10.375 37
      vertex 23.0083 11.761 37
      vertex 23.0083 10.239 37
    endloop
  endfacet
  facet normal 0 0 -1
    outer loop
      vertex 22.9175 10.375 37
      vertex 22.9175 11.625 37
      vertex 23.0083 11.761 37
    endloop
  endfacet
  facet normal 0 0 -1
    outer loop
      vertex 22.8451 10.5216 37
      vertex 22.9175 11.625 37
      vertex 22.9175 10.375 37
    endloop
  endfacet
  facet normal 0 0 -1
    outer loop
      vertex 22.8451 10.5216 37
      vertex 22.8451 11.4784 37
      vertex 22.9175 11.625 37
    endloop
  endfacet
  facet normal 0 0 -1
    outer loop
      vertex 22.7926 10.6765 37
      vertex 22.8451 11.4784 37
      vertex 22.8451 10.5216 37
    endloop
  endfacet
  facet normal 0 0 -1
    outer loop
      vertex 22.7926 10.6765 37
      vertex 22.7926 11.3235 37
      vertex 22.8451 11.4784 37
    endloop
  endfacet
  facet normal 0 0 -1
    outer loop
      vertex 22.7607 10.8368 37
      vertex 22.7926 11.3235 37
      vertex 22.7926 10.6765 37
    endloop
  endfacet
  facet normal 0 0 -1
    outer loop
      vertex 22.7607 10.8368 37
      vertex 22.7607 11.1632 37
      vertex 22.7926 11.3235 37
    endloop
  endfacet
  facet normal 0 -0 -1
    outer loop
      vertex 22.7607 11.1632 37
      vertex 22.7607 10.8368 37
      vertex 22.75 11 37
    endloop
  endfacet
  facet normal -0.321382 -0.94695 0
    outer loop
      vertex -57.1654 -16.8478 15
      vertex -56.9176 -16.9319 37
      vertex -57.1654 -16.8478 37
    endloop
  endfacet
  facet normal -0.321382 -0.94695 -0
    outer loop
      vertex -56.9176 -16.9319 37
      vertex -57.1654 -16.8478 15
      vertex -56.9176 -16.9319 15
    endloop
  endfacet
  facet normal -0.442621 -0.896709 0
    outer loop
      vertex -57.4 -16.732 15
      vertex -57.1654 -16.8478 37
      vertex -57.4 -16.732 37
    endloop
  endfacet
  facet normal -0.442621 -0.896709 -0
    outer loop
      vertex -57.1654 -16.8478 37
      vertex -57.4 -16.732 15
      vertex -57.1654 -16.8478 15
    endloop
  endfacet
  facet normal 0.0653521 0.997862 -0
    outer loop
      vertex -56.1389 -13.0171 15
      vertex -56.4 -13 37
      vertex -56.1389 -13.0171 37
    endloop
  endfacet
  facet normal 0.0653521 0.997862 0
    outer loop
      vertex -56.4 -13 37
      vertex -56.1389 -13.0171 15
      vertex -56.4 -13 15
    endloop
  endfacet
  facet normal -0.980801 -0.195013 0
    outer loop
      vertex -58.3319 -15.5176 15
      vertex -58.3829 -15.2611 37
      vertex -58.3829 -15.2611 15
    endloop
  endfacet
  facet normal -0.980801 -0.195013 0
    outer loop
      vertex -58.3829 -15.2611 37
      vertex -58.3319 -15.5176 15
      vertex -58.3319 -15.5176 37
    endloop
  endfacet
  facet normal 0.0653521 -0.997862 0
    outer loop
      vertex -56.4 -17 15
      vertex -56.1389 -16.9829 37
      vertex -56.4 -17 37
    endloop
  endfacet
  facet normal 0.0653521 -0.997862 0
    outer loop
      vertex -56.1389 -16.9829 37
      vertex -56.4 -17 15
      vertex -56.1389 -16.9829 15
    endloop
  endfacet
  facet normal 0.195013 -0.980801 0
    outer loop
      vertex -56.1389 -16.9829 15
      vertex -55.8824 -16.9319 37
      vertex -56.1389 -16.9829 37
    endloop
  endfacet
  facet normal 0.195013 -0.980801 0
    outer loop
      vertex -55.8824 -16.9319 37
      vertex -56.1389 -16.9829 15
      vertex -55.8824 -16.9319 15
    endloop
  endfacet
  facet normal 0.89686 -0.442314 0
    outer loop
      vertex -54.6679 -16 37
      vertex -54.5522 -15.7654 15
      vertex -54.5522 -15.7654 37
    endloop
  endfacet
  facet normal 0.89686 -0.442314 0
    outer loop
      vertex -54.5522 -15.7654 15
      vertex -54.6679 -16 37
      vertex -54.6679 -16 15
    endloop
  endfacet
  facet normal -0.659343 -0.751842 0
    outer loop
      vertex -57.8142 -16.4142 15
      vertex -57.6175 -16.5867 37
      vertex -57.8142 -16.4142 37
    endloop
  endfacet
  facet normal -0.659343 -0.751842 -0
    outer loop
      vertex -57.6175 -16.5867 37
      vertex -57.8142 -16.4142 15
      vertex -57.6175 -16.5867 15
    endloop
  endfacet
  facet normal 0.659343 0.751842 -0
    outer loop
      vertex -54.9858 -13.5858 15
      vertex -55.1825 -13.4133 37
      vertex -54.9858 -13.5858 37
    endloop
  endfacet
  facet normal 0.659343 0.751842 0
    outer loop
      vertex -55.1825 -13.4133 37
      vertex -54.9858 -13.5858 15
      vertex -55.1825 -13.4133 15
    endloop
  endfacet
  facet normal 0.321382 0.94695 -0
    outer loop
      vertex -55.6346 -13.1522 15
      vertex -55.8824 -13.0681 37
      vertex -55.6346 -13.1522 37
    endloop
  endfacet
  facet normal 0.321382 0.94695 0
    outer loop
      vertex -55.8824 -13.0681 37
      vertex -55.6346 -13.1522 15
      vertex -55.8824 -13.0681 15
    endloop
  endfacet
  facet normal -0.195013 -0.980801 0
    outer loop
      vertex -56.9176 -16.9319 15
      vertex -56.6611 -16.9829 37
      vertex -56.9176 -16.9319 37
    endloop
  endfacet
  facet normal -0.195013 -0.980801 -0
    outer loop
      vertex -56.6611 -16.9829 37
      vertex -56.9176 -16.9319 15
      vertex -56.6611 -16.9829 15
    endloop
  endfacet
  facet normal -0.442314 0.89686 0
    outer loop
      vertex -57.1654 -13.1522 15
      vertex -57.4 -13.2679 37
      vertex -57.1654 -13.1522 37
    endloop
  endfacet
  facet normal -0.442314 0.89686 0
    outer loop
      vertex -57.4 -13.2679 37
      vertex -57.1654 -13.1522 15
      vertex -57.4 -13.2679 15
    endloop
  endfacet
  facet normal 0.94695 -0.321382 0
    outer loop
      vertex -54.5522 -15.7654 37
      vertex -54.4681 -15.5176 15
      vertex -54.4681 -15.5176 37
    endloop
  endfacet
  facet normal 0.94695 -0.321382 0
    outer loop
      vertex -54.4681 -15.5176 15
      vertex -54.5522 -15.7654 37
      vertex -54.5522 -15.7654 15
    endloop
  endfacet
  facet normal -0.0653521 0.997862 0
    outer loop
      vertex -56.4 -13 15
      vertex -56.6611 -13.0171 37
      vertex -56.4 -13 37
    endloop
  endfacet
  facet normal -0.0653521 0.997862 0
    outer loop
      vertex -56.6611 -13.0171 37
      vertex -56.4 -13 15
      vertex -56.6611 -13.0171 15
    endloop
  endfacet
  facet normal 0.980801 -0.195013 0
    outer loop
      vertex -54.4681 -15.5176 37
      vertex -54.4171 -15.2611 15
      vertex -54.4171 -15.2611 37
    endloop
  endfacet
  facet normal 0.980801 -0.195013 0
    outer loop
      vertex -54.4171 -15.2611 15
      vertex -54.4681 -15.5176 37
      vertex -54.4681 -15.5176 15
    endloop
  endfacet
  facet normal -0.997862 0.0653521 0
    outer loop
      vertex -58.4 -15 15
      vertex -58.3829 -14.7389 37
      vertex -58.3829 -14.7389 15
    endloop
  endfacet
  facet normal -0.997862 0.0653521 0
    outer loop
      vertex -58.3829 -14.7389 37
      vertex -58.4 -15 15
      vertex -58.4 -15 37
    endloop
  endfacet
  facet normal 0.195013 0.980801 -0
    outer loop
      vertex -55.8824 -13.0681 15
      vertex -56.1389 -13.0171 37
      vertex -55.8824 -13.0681 37
    endloop
  endfacet
  facet normal 0.195013 0.980801 0
    outer loop
      vertex -56.1389 -13.0171 37
      vertex -55.8824 -13.0681 15
      vertex -56.1389 -13.0171 15
    endloop
  endfacet
  facet normal -0.896709 -0.442621 0
    outer loop
      vertex -58.132 -16 15
      vertex -58.2478 -15.7654 37
      vertex -58.2478 -15.7654 15
    endloop
  endfacet
  facet normal -0.896709 -0.442621 0
    outer loop
      vertex -58.2478 -15.7654 37
      vertex -58.132 -16 15
      vertex -58.132 -16 37
    endloop
  endfacet
  facet normal -0.555494 -0.831521 0
    outer loop
      vertex -57.6175 -16.5867 15
      vertex -57.4 -16.732 37
      vertex -57.6175 -16.5867 37
    endloop
  endfacet
  facet normal -0.555494 -0.831521 -0
    outer loop
      vertex -57.4 -16.732 37
      vertex -57.6175 -16.5867 15
      vertex -57.4 -16.732 15
    endloop
  endfacet
  facet normal 0.751842 0.659343 0
    outer loop
      vertex -19.88 -13.7825 37
      vertex -20.0525 -13.5858 15
      vertex -20.0525 -13.5858 37
    endloop
  endfacet
  facet normal 0.751842 0.659343 0
    outer loop
      vertex -20.0525 -13.5858 15
      vertex -19.88 -13.7825 37
      vertex -19.88 -13.7825 15
    endloop
  endfacet
  facet normal 0.980801 0.195013 0
    outer loop
      vertex -19.4838 -14.7389 37
      vertex -19.5348 -14.4824 15
      vertex -19.5348 -14.4824 37
    endloop
  endfacet
  facet normal 0.980801 0.195013 0
    outer loop
      vertex -19.5348 -14.4824 15
      vertex -19.4838 -14.7389 37
      vertex -19.4838 -14.7389 15
    endloop
  endfacet
  facet normal 0.997862 0.0653521 0
    outer loop
      vertex -19.4667 -15 37
      vertex -19.4838 -14.7389 15
      vertex -19.4838 -14.7389 37
    endloop
  endfacet
  facet normal 0.997862 0.0653521 0
    outer loop
      vertex -19.4838 -14.7389 15
      vertex -19.4667 -15 37
      vertex -19.4667 -15 15
    endloop
  endfacet
  facet normal 0.94695 0.321382 0
    outer loop
      vertex -19.5348 -14.4824 37
      vertex -19.6189 -14.2346 15
      vertex -19.6189 -14.2346 37
    endloop
  endfacet
  facet normal 0.94695 0.321382 0
    outer loop
      vertex -19.6189 -14.2346 15
      vertex -19.5348 -14.4824 37
      vertex -19.5348 -14.4824 15
    endloop
  endfacet
  facet normal -0.980727 -0.195381 0
    outer loop
      vertex -23.3985 -15.5176 15
      vertex -23.4496 -15.2611 37
      vertex -23.4496 -15.2611 15
    endloop
  endfacet
  facet normal -0.980727 -0.195381 0
    outer loop
      vertex -23.4496 -15.2611 37
      vertex -23.3985 -15.5176 15
      vertex -23.3985 -15.5176 37
    endloop
  endfacet
  facet normal 0 0 -1
    outer loop
      vertex -19.4838 -15.2611 15
      vertex -19.4838 -14.7389 15
      vertex -19.4667 -15 15
    endloop
  endfacet
  facet normal 0 0 -1
    outer loop
      vertex -19.5348 -15.5176 15
      vertex -19.4838 -14.7389 15
      vertex -19.4838 -15.2611 15
    endloop
  endfacet
  facet normal 0 0 -1
    outer loop
      vertex -19.5348 -15.5176 15
      vertex -19.5348 -14.4824 15
      vertex -19.4838 -14.7389 15
    endloop
  endfacet
  facet normal 0 0 -1
    outer loop
      vertex -19.6189 -15.7654 15
      vertex -19.5348 -14.4824 15
      vertex -19.5348 -15.5176 15
    endloop
  endfacet
  facet normal 0 0 -1
    outer loop
      vertex -19.6189 -15.7654 15
      vertex -19.6189 -14.2346 15
      vertex -19.5348 -14.4824 15
    endloop
  endfacet
  facet normal 0 0 -1
    outer loop
      vertex -19.7346 -16 15
      vertex -19.6189 -14.2346 15
      vertex -19.6189 -15.7654 15
    endloop
  endfacet
  facet normal 0 0 -1
    outer loop
      vertex -19.7346 -16 15
      vertex -19.7346 -14 15
      vertex -19.6189 -14.2346 15
    endloop
  endfacet
  facet normal 0 0 -1
    outer loop
      vertex -19.88 -16.2175 15
      vertex -19.7346 -14 15
      vertex -19.7346 -16 15
    endloop
  endfacet
  facet normal 0 0 -1
    outer loop
      vertex -19.88 -16.2175 15
      vertex -19.88 -13.7825 15
      vertex -19.7346 -14 15
    endloop
  endfacet
  facet normal 0 0 -1
    outer loop
      vertex -20.0525 -16.4142 15
      vertex -19.88 -13.7825 15
      vertex -19.88 -16.2175 15
    endloop
  endfacet
  facet normal 0 0 -1
    outer loop
      vertex -20.0525 -16.4142 15
      vertex -20.0525 -13.5858 15
      vertex -19.88 -13.7825 15
    endloop
  endfacet
  facet normal 0 0 -1
    outer loop
      vertex -20.2491 -16.5867 15
      vertex -20.0525 -13.5858 15
      vertex -20.0525 -16.4142 15
    endloop
  endfacet
  facet normal 0 0 -1
    outer loop
      vertex -20.2491 -16.5867 15
      vertex -20.2491 -13.4133 15
      vertex -20.0525 -13.5858 15
    endloop
  endfacet
  facet normal 0 0 -1
    outer loop
      vertex -20.4667 -16.732 15
      vertex -20.2491 -13.4133 15
      vertex -20.2491 -16.5867 15
    endloop
  endfacet
  facet normal 0 0 -1
    outer loop
      vertex -20.4667 -16.732 15
      vertex -20.4667 -13.2679 15
      vertex -20.2491 -13.4133 15
    endloop
  endfacet
  facet normal 0 0 -1
    outer loop
      vertex -20.7013 -16.8478 15
      vertex -20.4667 -13.2679 15
      vertex -20.4667 -16.732 15
    endloop
  endfacet
  facet normal 0 0 -1
    outer loop
      vertex -20.7013 -16.8478 15
      vertex -20.7013 -13.1522 15
      vertex -20.4667 -13.2679 15
    endloop
  endfacet
  facet normal 0 0 -1
    outer loop
      vertex -20.949 -16.9319 15
      vertex -20.7013 -13.1522 15
      vertex -20.7013 -16.8478 15
    endloop
  endfacet
  facet normal 0 0 -1
    outer loop
      vertex -20.949 -16.9319 15
      vertex -20.949 -13.0681 15
      vertex -20.7013 -13.1522 15
    endloop
  endfacet
  facet normal 0 0 -1
    outer loop
      vertex -21.2056 -16.9829 15
      vertex -20.949 -13.0681 15
      vertex -20.949 -16.9319 15
    endloop
  endfacet
  facet normal 0 0 -1
    outer loop
      vertex -21.2056 -16.9829 15
      vertex -21.2056 -13.0171 15
      vertex -20.949 -13.0681 15
    endloop
  endfacet
  facet normal 0 0 -1
    outer loop
      vertex -21.4667 -17 15
      vertex -21.2056 -13.0171 15
      vertex -21.2056 -16.9829 15
    endloop
  endfacet
  facet normal 0 0 -1
    outer loop
      vertex -21.4667 -17 15
      vertex -21.4667 -13 15
      vertex -21.2056 -13.0171 15
    endloop
  endfacet
  facet normal 0 0 -1
    outer loop
      vertex -21.7277 -16.9829 15
      vertex -21.4667 -13 15
      vertex -21.4667 -17 15
    endloop
  endfacet
  facet normal 0 0 -1
    outer loop
      vertex -21.7277 -16.9829 15
      vertex -21.7277 -13.0171 15
      vertex -21.4667 -13 15
    endloop
  endfacet
  facet normal 0 0 -1
    outer loop
      vertex -21.9843 -16.9319 15
      vertex -21.7277 -13.0171 15
      vertex -21.7277 -16.9829 15
    endloop
  endfacet
  facet normal 0 0 -1
    outer loop
      vertex -21.9843 -16.9319 15
      vertex -21.9843 -13.0681 15
      vertex -21.7277 -13.0171 15
    endloop
  endfacet
  facet normal 0 0 -1
    outer loop
      vertex -22.232 -16.8478 15
      vertex -21.9843 -13.0681 15
      vertex -21.9843 -16.9319 15
    endloop
  endfacet
  facet normal 0 0 -1
    outer loop
      vertex -22.232 -16.8478 15
      vertex -22.232 -13.1522 15
      vertex -21.9843 -13.0681 15
    endloop
  endfacet
  facet normal 0 0 -1
    outer loop
      vertex -22.4667 -16.732 15
      vertex -22.232 -13.1522 15
      vertex -22.232 -16.8478 15
    endloop
  endfacet
  facet normal 0 0 -1
    outer loop
      vertex -22.4667 -16.732 15
      vertex -22.4667 -13.2679 15
      vertex -22.232 -13.1522 15
    endloop
  endfacet
  facet normal 0 0 -1
    outer loop
      vertex -22.6842 -16.5867 15
      vertex -22.4667 -13.2679 15
      vertex -22.4667 -16.732 15
    endloop
  endfacet
  facet normal 0 0 -1
    outer loop
      vertex -22.6842 -16.5867 15
      vertex -22.6842 -13.4133 15
      vertex -22.4667 -13.2679 15
    endloop
  endfacet
  facet normal 0 0 -1
    outer loop
      vertex -22.8809 -16.4142 15
      vertex -22.6842 -13.4133 15
      vertex -22.6842 -16.5867 15
    endloop
  endfacet
  facet normal 0 0 -1
    outer loop
      vertex -22.8809 -16.4142 15
      vertex -22.8809 -13.5858 15
      vertex -22.6842 -13.4133 15
    endloop
  endfacet
  facet normal 0 0 -1
    outer loop
      vertex -23.0534 -16.2175 15
      vertex -22.8809 -13.5858 15
      vertex -22.8809 -16.4142 15
    endloop
  endfacet
  facet normal 0 0 -1
    outer loop
      vertex -23.0534 -16.2175 15
      vertex -23.0534 -13.7825 15
      vertex -22.8809 -13.5858 15
    endloop
  endfacet
  facet normal 0 0 -1
    outer loop
      vertex -23.1987 -16 15
      vertex -23.0534 -13.7825 15
      vertex -23.0534 -16.2175 15
    endloop
  endfacet
  facet normal 0 0 -1
    outer loop
      vertex -23.1987 -16 15
      vertex -23.1987 -14 15
      vertex -23.0534 -13.7825 15
    endloop
  endfacet
  facet normal 0 0 -1
    outer loop
      vertex -23.3144 -15.7654 15
      vertex -23.1987 -14 15
      vertex -23.1987 -16 15
    endloop
  endfacet
  facet normal 0 0 -1
    outer loop
      vertex -23.3144 -15.7654 15
      vertex -23.3144 -14.2346 15
      vertex -23.1987 -14 15
    endloop
  endfacet
  facet normal 0 0 -1
    outer loop
      vertex -23.3985 -15.5176 15
      vertex -23.3144 -14.2346 15
      vertex -23.3144 -15.7654 15
    endloop
  endfacet
  facet normal 0 0 -1
    outer loop
      vertex -23.3985 -15.5176 15
      vertex -23.3985 -14.4824 15
      vertex -23.3144 -14.2346 15
    endloop
  endfacet
  facet normal 0 0 -1
    outer loop
      vertex -23.4496 -15.2611 15
      vertex -23.3985 -14.4824 15
      vertex -23.3985 -15.5176 15
    endloop
  endfacet
  facet normal 0 0 -1
    outer loop
      vertex -23.4496 -15.2611 15
      vertex -23.4496 -14.7389 15
      vertex -23.3985 -14.4824 15
    endloop
  endfacet
  facet normal 0 -0 -1
    outer loop
      vertex -23.4496 -14.7389 15
      vertex -23.4496 -15.2611 15
      vertex -23.4667 -15 15
    endloop
  endfacet
  facet normal -0.321498 0.94691 0
    outer loop
      vertex -21.9843 -13.0681 15
      vertex -22.232 -13.1522 32
      vertex -21.9843 -13.0681 32
    endloop
  endfacet
  facet normal -0.321498 0.94691 0
    outer loop
      vertex -22.232 -13.1522 32
      vertex -21.9843 -13.0681 15
      vertex -22.232 -13.1522 15
    endloop
  endfacet
  facet normal 0.980801 -0.195013 0
    outer loop
      vertex -19.5348 -15.5176 37
      vertex -19.4838 -15.2611 15
      vertex -19.4838 -15.2611 37
    endloop
  endfacet
  facet normal 0.980801 -0.195013 0
    outer loop
      vertex -19.4838 -15.2611 15
      vertex -19.5348 -15.5176 37
      vertex -19.5348 -15.5176 15
    endloop
  endfacet
  facet normal -0.659343 0.751842 0
    outer loop
      vertex -22.6842 -13.4133 15
      vertex -22.8809 -13.5858 32
      vertex -22.6842 -13.4133 32
    endloop
  endfacet
  facet normal -0.659343 0.751842 0
    outer loop
      vertex -22.8809 -13.5858 32
      vertex -22.6842 -13.4133 15
      vertex -22.8809 -13.5858 15
    endloop
  endfacet
  facet normal 0.19494 0.980815 -0
    outer loop
      vertex -20.949 -13.0681 15
      vertex -21.2056 -13.0171 37
      vertex -20.949 -13.0681 37
    endloop
  endfacet
  facet normal 0.19494 0.980815 0
    outer loop
      vertex -21.2056 -13.0171 37
      vertex -20.949 -13.0681 15
      vertex -21.2056 -13.0171 15
    endloop
  endfacet
  facet normal 0.321498 -0.94691 0
    outer loop
      vertex -20.949 -16.9319 15
      vertex -20.7013 -16.8478 37
      vertex -20.949 -16.9319 37
    endloop
  endfacet
  facet normal 0.321498 -0.94691 0
    outer loop
      vertex -20.7013 -16.8478 37
      vertex -20.949 -16.9319 15
      vertex -20.7013 -16.8478 15
    endloop
  endfacet
  facet normal 0.831344 0.555758 0
    outer loop
      vertex -19.7346 -14 37
      vertex -19.88 -13.7825 15
      vertex -19.88 -13.7825 37
    endloop
  endfacet
  facet normal 0.831344 0.555758 0
    outer loop
      vertex -19.88 -13.7825 15
      vertex -19.7346 -14 37
      vertex -19.7346 -14 15
    endloop
  endfacet
  facet normal 0.89686 0.442314 0
    outer loop
      vertex -19.6189 -14.2346 37
      vertex -19.7346 -14 15
      vertex -19.7346 -14 37
    endloop
  endfacet
  facet normal 0.89686 0.442314 0
    outer loop
      vertex -19.7346 -14 15
      vertex -19.6189 -14.2346 37
      vertex -19.6189 -14.2346 15
    endloop
  endfacet
  facet normal -0.195594 0.980685 0
    outer loop
      vertex -21.7277 -13.0171 37
      vertex -21.7999 -13.0315 32
      vertex -21.7999 -13.0315 37
    endloop
  endfacet
  facet normal -0.195594 0.980685 0
    outer loop
      vertex -21.7277 -13.0171 15
      vertex -21.7999 -13.0315 32
      vertex -21.7277 -13.0171 37
    endloop
  endfacet
  facet normal -0.194684 0.980866 4.01758e-06
    outer loop
      vertex -21.7277 -13.0171 15
      vertex -21.9843 -13.0681 32
      vertex -21.7999 -13.0315 32
    endloop
  endfacet
  facet normal -0.19494 0.980815 0
    outer loop
      vertex -21.9843 -13.0681 32
      vertex -21.7277 -13.0171 15
      vertex -21.9843 -13.0681 15
    endloop
  endfacet
  facet normal -0.442162 0.896935 0
    outer loop
      vertex -22.232 -13.1522 15
      vertex -22.4667 -13.2679 32
      vertex -22.232 -13.1522 32
    endloop
  endfacet
  facet normal -0.442162 0.896935 0
    outer loop
      vertex -22.4667 -13.2679 32
      vertex -22.232 -13.1522 15
      vertex -22.4667 -13.2679 15
    endloop
  endfacet
  facet normal -0.831534 0.555474 0
    outer loop
      vertex -23.0534 -13.7825 15
      vertex -23.1031 -13.8569 32
      vertex -23.0534 -13.7825 32
    endloop
  endfacet
  facet normal -0.831521 0.555494 1.28186e-07
    outer loop
      vertex -23.1987 -14 15
      vertex -23.1031 -13.8569 32
      vertex -23.0534 -13.7825 15
    endloop
  endfacet
  facet normal -0.831514 0.555504 0
    outer loop
      vertex -23.1987 -14 37
      vertex -23.1031 -13.8569 32
      vertex -23.1987 -14 15
    endloop
  endfacet
  facet normal -0.831514 0.555504 0
    outer loop
      vertex -23.1031 -13.8569 32
      vertex -23.1987 -14 37
      vertex -23.1031 -13.8569 37
    endloop
  endfacet
  facet normal 0.94695 -0.321382 0
    outer loop
      vertex -19.6189 -15.7654 37
      vertex -19.5348 -15.5176 15
      vertex -19.5348 -15.5176 37
    endloop
  endfacet
  facet normal 0.94695 -0.321382 0
    outer loop
      vertex -19.5348 -15.5176 15
      vertex -19.6189 -15.7654 37
      vertex -19.6189 -15.7654 15
    endloop
  endfacet
  facet normal 0.321498 0.94691 -0
    outer loop
      vertex -20.7013 -13.1522 15
      vertex -20.949 -13.0681 37
      vertex -20.7013 -13.1522 37
    endloop
  endfacet
  facet normal 0.321498 0.94691 0
    outer loop
      vertex -20.949 -13.0681 37
      vertex -20.7013 -13.1522 15
      vertex -20.949 -13.0681 15
    endloop
  endfacet
  facet normal -0.751842 -0.659343 0
    outer loop
      vertex -22.8809 -16.4142 15
      vertex -23.0534 -16.2175 37
      vertex -23.0534 -16.2175 15
    endloop
  endfacet
  facet normal -0.751842 -0.659343 0
    outer loop
      vertex -23.0534 -16.2175 37
      vertex -22.8809 -16.4142 15
      vertex -22.8809 -16.4142 37
    endloop
  endfacet
  facet normal 0.89686 -0.442314 0
    outer loop
      vertex -19.7346 -16 37
      vertex -19.6189 -15.7654 15
      vertex -19.6189 -15.7654 37
    endloop
  endfacet
  facet normal 0.89686 -0.442314 0
    outer loop
      vertex -19.6189 -15.7654 15
      vertex -19.7346 -16 37
      vertex -19.7346 -16 15
    endloop
  endfacet
  facet normal -0.89686 0.442314 0
    outer loop
      vertex -23.3144 -14.2346 15
      vertex -23.1987 -14 37
      vertex -23.1987 -14 15
    endloop
  endfacet
  facet normal -0.89686 0.442314 0
    outer loop
      vertex -23.1987 -14 37
      vertex -23.3144 -14.2346 15
      vertex -23.3144 -14.2346 37
    endloop
  endfacet
  facet normal 0.659533 0.751676 -0
    outer loop
      vertex -20.0525 -13.5858 15
      vertex -20.2491 -13.4133 37
      vertex -20.0525 -13.5858 37
    endloop
  endfacet
  facet normal 0.659533 0.751676 0
    outer loop
      vertex -20.2491 -13.4133 37
      vertex -20.0525 -13.5858 15
      vertex -20.2491 -13.4133 15
    endloop
  endfacet
  facet normal 0.555582 0.831462 -0
    outer loop
      vertex -20.2491 -13.4133 15
      vertex -20.4667 -13.2679 37
      vertex -20.2491 -13.4133 37
    endloop
  endfacet
  facet normal 0.555582 0.831462 0
    outer loop
      vertex -20.4667 -13.2679 37
      vertex -20.2491 -13.4133 15
      vertex -20.4667 -13.2679 15
    endloop
  endfacet
  facet normal -0.0653771 -0.997861 0
    outer loop
      vertex -21.7277 -16.9829 15
      vertex -21.4667 -17 37
      vertex -21.7277 -16.9829 37
    endloop
  endfacet
  facet normal -0.0653771 -0.997861 -0
    outer loop
      vertex -21.4667 -17 37
      vertex -21.7277 -16.9829 15
      vertex -21.4667 -17 15
    endloop
  endfacet
  facet normal 0.19494 -0.980815 0
    outer loop
      vertex -21.2056 -16.9829 15
      vertex -20.949 -16.9319 37
      vertex -21.2056 -16.9829 37
    endloop
  endfacet
  facet normal 0.19494 -0.980815 0
    outer loop
      vertex -20.949 -16.9319 37
      vertex -21.2056 -16.9829 15
      vertex -20.949 -16.9319 15
    endloop
  endfacet
  facet normal -0.89686 -0.442314 0
    outer loop
      vertex -23.1987 -16 15
      vertex -23.3144 -15.7654 37
      vertex -23.3144 -15.7654 15
    endloop
  endfacet
  facet normal -0.89686 -0.442314 0
    outer loop
      vertex -23.3144 -15.7654 37
      vertex -23.1987 -16 15
      vertex -23.1987 -16 37
    endloop
  endfacet
  facet normal 0.555317 -0.831638 0
    outer loop
      vertex -20.4667 -16.732 15
      vertex -20.2491 -16.5867 37
      vertex -20.4667 -16.732 37
    endloop
  endfacet
  facet normal 0.555317 -0.831638 0
    outer loop
      vertex -20.2491 -16.5867 37
      vertex -20.4667 -16.732 15
      vertex -20.2491 -16.5867 15
    endloop
  endfacet
  facet normal -0.555758 0.831344 0
    outer loop
      vertex -22.4667 -13.2679 15
      vertex -22.6842 -13.4133 32
      vertex -22.4667 -13.2679 32
    endloop
  endfacet
  facet normal -0.555758 0.831344 0
    outer loop
      vertex -22.6842 -13.4133 32
      vertex -22.4667 -13.2679 15
      vertex -22.6842 -13.4133 15
    endloop
  endfacet
  facet normal 0.0653521 0.997862 -0
    outer loop
      vertex -21.2056 -13.0171 15
      vertex -21.4667 -13 37
      vertex -21.2056 -13.0171 37
    endloop
  endfacet
  facet normal 0.0653521 0.997862 0
    outer loop
      vertex -21.4667 -13 37
      vertex -21.2056 -13.0171 15
      vertex -21.4667 -13 15
    endloop
  endfacet
  facet normal -0.321498 -0.94691 0
    outer loop
      vertex -22.232 -16.8478 15
      vertex -21.9843 -16.9319 37
      vertex -22.232 -16.8478 37
    endloop
  endfacet
  facet normal -0.321498 -0.94691 -0
    outer loop
      vertex -21.9843 -16.9319 37
      vertex -22.232 -16.8478 15
      vertex -21.9843 -16.9319 15
    endloop
  endfacet
  facet normal 0.442314 0.89686 -0
    outer loop
      vertex -20.4667 -13.2679 15
      vertex -20.7013 -13.1522 37
      vertex -20.4667 -13.2679 37
    endloop
  endfacet
  facet normal 0.442314 0.89686 0
    outer loop
      vertex -20.7013 -13.1522 37
      vertex -20.4667 -13.2679 15
      vertex -20.7013 -13.1522 15
    endloop
  endfacet
  facet normal -0.555494 -0.831521 0
    outer loop
      vertex -22.6842 -16.5867 15
      vertex -22.4667 -16.732 37
      vertex -22.6842 -16.5867 37
    endloop
  endfacet
  facet normal -0.555494 -0.831521 -0
    outer loop
      vertex -22.4667 -16.732 37
      vertex -22.6842 -16.5867 15
      vertex -22.4667 -16.732 15
    endloop
  endfacet
  facet normal -0.997862 0.0653521 0
    outer loop
      vertex -23.4667 -15 15
      vertex -23.4496 -14.7389 37
      vertex -23.4496 -14.7389 15
    endloop
  endfacet
  facet normal -0.997862 0.0653521 0
    outer loop
      vertex -23.4496 -14.7389 37
      vertex -23.4667 -15 15
      vertex -23.4667 -15 37
    endloop
  endfacet
  facet normal 0.997862 -0.0653521 0
    outer loop
      vertex -19.4838 -15.2611 37
      vertex -19.4667 -15 15
      vertex -19.4667 -15 37
    endloop
  endfacet
  facet normal 0.997862 -0.0653521 0
    outer loop
      vertex -19.4667 -15 15
      vertex -19.4838 -15.2611 37
      vertex -19.4838 -15.2611 15
    endloop
  endfacet
  facet normal 0.0653521 -0.997862 0
    outer loop
      vertex -21.4667 -17 15
      vertex -21.2056 -16.9829 37
      vertex -21.4667 -17 37
    endloop
  endfacet
  facet normal 0.0653521 -0.997862 0
    outer loop
      vertex -21.2056 -16.9829 37
      vertex -21.4667 -17 15
      vertex -21.2056 -16.9829 15
    endloop
  endfacet
  facet normal -0.442469 -0.896784 0
    outer loop
      vertex -22.4667 -16.732 15
      vertex -22.232 -16.8478 37
      vertex -22.4667 -16.732 37
    endloop
  endfacet
  facet normal -0.442469 -0.896784 -0
    outer loop
      vertex -22.232 -16.8478 37
      vertex -22.4667 -16.732 15
      vertex -22.232 -16.8478 15
    endloop
  endfacet
  facet normal 0.442621 -0.896709 0
    outer loop
      vertex -20.7013 -16.8478 15
      vertex -20.4667 -16.732 37
      vertex -20.7013 -16.8478 37
    endloop
  endfacet
  facet normal 0.442621 -0.896709 0
    outer loop
      vertex -20.4667 -16.732 37
      vertex -20.7013 -16.8478 15
      vertex -20.4667 -16.732 15
    endloop
  endfacet
  facet normal -0.831521 -0.555494 0
    outer loop
      vertex -23.0534 -16.2175 15
      vertex -23.1987 -16 37
      vertex -23.1987 -16 15
    endloop
  endfacet
  facet normal -0.831521 -0.555494 0
    outer loop
      vertex -23.1987 -16 37
      vertex -23.0534 -16.2175 15
      vertex -23.0534 -16.2175 37
    endloop
  endfacet
  facet normal -0.751842 0.659343 0
    outer loop
      vertex -23.0534 -13.7825 15
      vertex -22.8809 -13.5858 32
      vertex -22.8809 -13.5858 15
    endloop
  endfacet
  facet normal -0.751842 0.659343 0
    outer loop
      vertex -22.8809 -13.5858 32
      vertex -23.0534 -13.7825 15
      vertex -23.0534 -13.7825 32
    endloop
  endfacet
  facet normal -0.980727 0.195381 0
    outer loop
      vertex -23.4496 -14.7389 15
      vertex -23.3985 -14.4824 37
      vertex -23.3985 -14.4824 15
    endloop
  endfacet
  facet normal -0.980727 0.195381 0
    outer loop
      vertex -23.3985 -14.4824 37
      vertex -23.4496 -14.7389 15
      vertex -23.4496 -14.7389 37
    endloop
  endfacet
  facet normal -0.0653771 0.997861 0
    outer loop
      vertex -21.4667 -13 15
      vertex -21.7277 -13.0171 37
      vertex -21.4667 -13 37
    endloop
  endfacet
  facet normal -0.0653771 0.997861 0
    outer loop
      vertex -21.7277 -13.0171 37
      vertex -21.4667 -13 15
      vertex -21.7277 -13.0171 15
    endloop
  endfacet
  facet normal 0.659533 -0.751676 0
    outer loop
      vertex -20.2491 -16.5867 15
      vertex -20.0525 -16.4142 37
      vertex -20.2491 -16.5867 37
    endloop
  endfacet
  facet normal 0.659533 -0.751676 0
    outer loop
      vertex -20.0525 -16.4142 37
      vertex -20.2491 -16.5867 15
      vertex -20.0525 -16.4142 15
    endloop
  endfacet
  facet normal -0.659343 -0.751842 0
    outer loop
      vertex -22.8809 -16.4142 15
      vertex -22.6842 -16.5867 37
      vertex -22.8809 -16.4142 37
    endloop
  endfacet
  facet normal -0.659343 -0.751842 -0
    outer loop
      vertex -22.6842 -16.5867 37
      vertex -22.8809 -16.4142 15
      vertex -22.6842 -16.5867 15
    endloop
  endfacet
  facet normal 0.831344 -0.555758 0
    outer loop
      vertex -19.88 -16.2175 37
      vertex -19.7346 -16 15
      vertex -19.7346 -16 37
    endloop
  endfacet
  facet normal 0.831344 -0.555758 0
    outer loop
      vertex -19.7346 -16 15
      vertex -19.88 -16.2175 37
      vertex -19.88 -16.2175 15
    endloop
  endfacet
  facet normal -0.19494 -0.980815 0
    outer loop
      vertex -21.9843 -16.9319 15
      vertex -21.7277 -16.9829 37
      vertex -21.9843 -16.9319 37
    endloop
  endfacet
  facet normal -0.19494 -0.980815 -0
    outer loop
      vertex -21.7277 -16.9829 37
      vertex -21.9843 -16.9319 15
      vertex -21.7277 -16.9829 15
    endloop
  endfacet
  facet normal -0.94695 -0.321382 0
    outer loop
      vertex -23.3144 -15.7654 15
      vertex -23.3985 -15.5176 37
      vertex -23.3985 -15.5176 15
    endloop
  endfacet
  facet normal -0.94695 -0.321382 0
    outer loop
      vertex -23.3985 -15.5176 37
      vertex -23.3144 -15.7654 15
      vertex -23.3144 -15.7654 37
    endloop
  endfacet
  facet normal -0.997862 -0.0653521 0
    outer loop
      vertex -23.4496 -15.2611 15
      vertex -23.4667 -15 37
      vertex -23.4667 -15 15
    endloop
  endfacet
  facet normal -0.997862 -0.0653521 0
    outer loop
      vertex -23.4667 -15 37
      vertex -23.4496 -15.2611 15
      vertex -23.4496 -15.2611 37
    endloop
  endfacet
  facet normal -0.94695 0.321382 0
    outer loop
      vertex -23.3985 -14.4824 15
      vertex -23.3144 -14.2346 37
      vertex -23.3144 -14.2346 15
    endloop
  endfacet
  facet normal -0.94695 0.321382 0
    outer loop
      vertex -23.3144 -14.2346 37
      vertex -23.3985 -14.4824 15
      vertex -23.3985 -14.4824 37
    endloop
  endfacet
  facet normal 0.751842 -0.659343 0
    outer loop
      vertex -20.0525 -16.4142 37
      vertex -19.88 -16.2175 15
      vertex -19.88 -16.2175 37
    endloop
  endfacet
  facet normal 0.751842 -0.659343 0
    outer loop
      vertex -19.88 -16.2175 15
      vertex -20.0525 -16.4142 37
      vertex -20.0525 -16.4142 15
    endloop
  endfacet
  facet normal 0.751842 0.659343 0
    outer loop
      vertex 23.0534 -13.7825 32
      vertex 22.8809 -13.5858 15
      vertex 22.8809 -13.5858 32
    endloop
  endfacet
  facet normal 0.751842 0.659343 0
    outer loop
      vertex 22.8809 -13.5858 15
      vertex 23.0534 -13.7825 32
      vertex 23.0534 -13.7825 15
    endloop
  endfacet
  facet normal 0.980727 0.195381 0
    outer loop
      vertex 23.4496 -14.7389 37
      vertex 23.3985 -14.4824 15
      vertex 23.3985 -14.4824 37
    endloop
  endfacet
  facet normal 0.980727 0.195381 0
    outer loop
      vertex 23.3985 -14.4824 15
      vertex 23.4496 -14.7389 37
      vertex 23.4496 -14.7389 15
    endloop
  endfacet
  facet normal 0.997862 0.0653521 0
    outer loop
      vertex 23.4667 -15 37
      vertex 23.4496 -14.7389 15
      vertex 23.4496 -14.7389 37
    endloop
  endfacet
  facet normal 0.997862 0.0653521 0
    outer loop
      vertex 23.4496 -14.7389 15
      vertex 23.4667 -15 37
      vertex 23.4667 -15 15
    endloop
  endfacet
  facet normal 0.94695 0.321382 0
    outer loop
      vertex 23.3985 -14.4824 37
      vertex 23.3144 -14.2346 15
      vertex 23.3144 -14.2346 37
    endloop
  endfacet
  facet normal 0.94695 0.321382 0
    outer loop
      vertex 23.3144 -14.2346 15
      vertex 23.3985 -14.4824 37
      vertex 23.3985 -14.4824 15
    endloop
  endfacet
  facet normal -0.980801 -0.195013 0
    outer loop
      vertex 19.5348 -15.5176 15
      vertex 19.4838 -15.2611 37
      vertex 19.4838 -15.2611 15
    endloop
  endfacet
  facet normal -0.980801 -0.195013 0
    outer loop
      vertex 19.4838 -15.2611 37
      vertex 19.5348 -15.5176 15
      vertex 19.5348 -15.5176 37
    endloop
  endfacet
  facet normal 0 0 -1
    outer loop
      vertex 23.4496 -15.2611 15
      vertex 23.4496 -14.7389 15
      vertex 23.4667 -15 15
    endloop
  endfacet
  facet normal 0 0 -1
    outer loop
      vertex 23.3985 -15.5176 15
      vertex 23.4496 -14.7389 15
      vertex 23.4496 -15.2611 15
    endloop
  endfacet
  facet normal 0 0 -1
    outer loop
      vertex 23.3985 -15.5176 15
      vertex 23.3985 -14.4824 15
      vertex 23.4496 -14.7389 15
    endloop
  endfacet
  facet normal 0 0 -1
    outer loop
      vertex 23.3144 -15.7654 15
      vertex 23.3985 -14.4824 15
      vertex 23.3985 -15.5176 15
    endloop
  endfacet
  facet normal 0 0 -1
    outer loop
      vertex 23.3144 -15.7654 15
      vertex 23.3144 -14.2346 15
      vertex 23.3985 -14.4824 15
    endloop
  endfacet
  facet normal 0 0 -1
    outer loop
      vertex 23.1987 -16 15
      vertex 23.3144 -14.2346 15
      vertex 23.3144 -15.7654 15
    endloop
  endfacet
  facet normal 0 0 -1
    outer loop
      vertex 23.1987 -16 15
      vertex 23.1987 -14 15
      vertex 23.3144 -14.2346 15
    endloop
  endfacet
  facet normal 0 0 -1
    outer loop
      vertex 23.0534 -16.2175 15
      vertex 23.1987 -14 15
      vertex 23.1987 -16 15
    endloop
  endfacet
  facet normal 0 0 -1
    outer loop
      vertex 23.0534 -16.2175 15
      vertex 23.0534 -13.7825 15
      vertex 23.1987 -14 15
    endloop
  endfacet
  facet normal 0 0 -1
    outer loop
      vertex 22.8809 -16.4142 15
      vertex 23.0534 -13.7825 15
      vertex 23.0534 -16.2175 15
    endloop
  endfacet
  facet normal 0 0 -1
    outer loop
      vertex 22.8809 -16.4142 15
      vertex 22.8809 -13.5858 15
      vertex 23.0534 -13.7825 15
    endloop
  endfacet
  facet normal 0 0 -1
    outer loop
      vertex 22.6842 -16.5867 15
      vertex 22.8809 -13.5858 15
      vertex 22.8809 -16.4142 15
    endloop
  endfacet
  facet normal 0 0 -1
    outer loop
      vertex 22.6842 -16.5867 15
      vertex 22.6842 -13.4133 15
      vertex 22.8809 -13.5858 15
    endloop
  endfacet
  facet normal 0 0 -1
    outer loop
      vertex 22.4667 -16.732 15
      vertex 22.6842 -13.4133 15
      vertex 22.6842 -16.5867 15
    endloop
  endfacet
  facet normal 0 0 -1
    outer loop
      vertex 22.4667 -16.732 15
      vertex 22.4667 -13.2679 15
      vertex 22.6842 -13.4133 15
    endloop
  endfacet
  facet normal 0 0 -1
    outer loop
      vertex 22.232 -16.8478 15
      vertex 22.4667 -13.2679 15
      vertex 22.4667 -16.732 15
    endloop
  endfacet
  facet normal 0 0 -1
    outer loop
      vertex 22.232 -16.8478 15
      vertex 22.232 -13.1522 15
      vertex 22.4667 -13.2679 15
    endloop
  endfacet
  facet normal 0 0 -1
    outer loop
      vertex 21.9843 -16.9319 15
      vertex 22.232 -13.1522 15
      vertex 22.232 -16.8478 15
    endloop
  endfacet
  facet normal 0 0 -1
    outer loop
      vertex 21.9843 -16.9319 15
      vertex 21.9843 -13.0681 15
      vertex 22.232 -13.1522 15
    endloop
  endfacet
  facet normal 0 0 -1
    outer loop
      vertex 21.7277 -16.9829 15
      vertex 21.9843 -13.0681 15
      vertex 21.9843 -16.9319 15
    endloop
  endfacet
  facet normal 0 0 -1
    outer loop
      vertex 21.7277 -16.9829 15
      vertex 21.7277 -13.0171 15
      vertex 21.9843 -13.0681 15
    endloop
  endfacet
  facet normal 0 0 -1
    outer loop
      vertex 21.4667 -17 15
      vertex 21.7277 -13.0171 15
      vertex 21.7277 -16.9829 15
    endloop
  endfacet
  facet normal 0 0 -1
    outer loop
      vertex 21.4667 -17 15
      vertex 21.4667 -13 15
      vertex 21.7277 -13.0171 15
    endloop
  endfacet
  facet normal 0 0 -1
    outer loop
      vertex 21.2056 -16.9829 15
      vertex 21.4667 -13 15
      vertex 21.4667 -17 15
    endloop
  endfacet
  facet normal 0 0 -1
    outer loop
      vertex 21.2056 -16.9829 15
      vertex 21.2056 -13.0171 15
      vertex 21.4667 -13 15
    endloop
  endfacet
  facet normal 0 0 -1
    outer loop
      vertex 20.949 -16.9319 15
      vertex 21.2056 -13.0171 15
      vertex 21.2056 -16.9829 15
    endloop
  endfacet
  facet normal 0 0 -1
    outer loop
      vertex 20.949 -16.9319 15
      vertex 20.949 -13.0681 15
      vertex 21.2056 -13.0171 15
    endloop
  endfacet
  facet normal 0 0 -1
    outer loop
      vertex 20.7013 -16.8478 15
      vertex 20.949 -13.0681 15
      vertex 20.949 -16.9319 15
    endloop
  endfacet
  facet normal 0 0 -1
    outer loop
      vertex 20.7013 -16.8478 15
      vertex 20.7013 -13.1522 15
      vertex 20.949 -13.0681 15
    endloop
  endfacet
  facet normal 0 0 -1
    outer loop
      vertex 20.4667 -16.732 15
      vertex 20.7013 -13.1522 15
      vertex 20.7013 -16.8478 15
    endloop
  endfacet
  facet normal 0 0 -1
    outer loop
      vertex 20.4667 -16.732 15
      vertex 20.4667 -13.2679 15
      vertex 20.7013 -13.1522 15
    endloop
  endfacet
  facet normal 0 0 -1
    outer loop
      vertex 20.2491 -16.5867 15
      vertex 20.4667 -13.2679 15
      vertex 20.4667 -16.732 15
    endloop
  endfacet
  facet normal 0 0 -1
    outer loop
      vertex 20.2491 -16.5867 15
      vertex 20.2491 -13.4133 15
      vertex 20.4667 -13.2679 15
    endloop
  endfacet
  facet normal 0 0 -1
    outer loop
      vertex 20.0525 -16.4142 15
      vertex 20.2491 -13.4133 15
      vertex 20.2491 -16.5867 15
    endloop
  endfacet
  facet normal 0 0 -1
    outer loop
      vertex 20.0525 -16.4142 15
      vertex 20.0525 -13.5858 15
      vertex 20.2491 -13.4133 15
    endloop
  endfacet
  facet normal 0 0 -1
    outer loop
      vertex 19.88 -16.2175 15
      vertex 20.0525 -13.5858 15
      vertex 20.0525 -16.4142 15
    endloop
  endfacet
  facet normal 0 0 -1
    outer loop
      vertex 19.88 -16.2175 15
      vertex 19.88 -13.7825 15
      vertex 20.0525 -13.5858 15
    endloop
  endfacet
  facet normal 0 0 -1
    outer loop
      vertex 19.7346 -16 15
      vertex 19.88 -13.7825 15
      vertex 19.88 -16.2175 15
    endloop
  endfacet
  facet normal 0 0 -1
    outer loop
      vertex 19.7346 -16 15
      vertex 19.7346 -14 15
      vertex 19.88 -13.7825 15
    endloop
  endfacet
  facet normal 0 0 -1
    outer loop
      vertex 19.6189 -15.7654 15
      vertex 19.7346 -14 15
      vertex 19.7346 -16 15
    endloop
  endfacet
  facet normal 0 0 -1
    outer loop
      vertex 19.6189 -15.7654 15
      vertex 19.6189 -14.2346 15
      vertex 19.7346 -14 15
    endloop
  endfacet
  facet normal 0 0 -1
    outer loop
      vertex 19.5348 -15.5176 15
      vertex 19.6189 -14.2346 15
      vertex 19.6189 -15.7654 15
    endloop
  endfacet
  facet normal 0 0 -1
    outer loop
      vertex 19.5348 -15.5176 15
      vertex 19.5348 -14.4824 15
      vertex 19.6189 -14.2346 15
    endloop
  endfacet
  facet normal 0 0 -1
    outer loop
      vertex 19.4838 -15.2611 15
      vertex 19.5348 -14.4824 15
      vertex 19.5348 -15.5176 15
    endloop
  endfacet
  facet normal 0 0 -1
    outer loop
      vertex 19.4838 -15.2611 15
      vertex 19.4838 -14.7389 15
      vertex 19.5348 -14.4824 15
    endloop
  endfacet
  facet normal 0 -0 -1
    outer loop
      vertex 19.4838 -14.7389 15
      vertex 19.4838 -15.2611 15
      vertex 19.4667 -15 15
    endloop
  endfacet
  facet normal -0.321498 0.94691 0
    outer loop
      vertex 20.949 -13.0681 15
      vertex 20.7013 -13.1522 37
      vertex 20.949 -13.0681 37
    endloop
  endfacet
  facet normal -0.321498 0.94691 0
    outer loop
      vertex 20.7013 -13.1522 37
      vertex 20.949 -13.0681 15
      vertex 20.7013 -13.1522 15
    endloop
  endfacet
  facet normal 0.980727 -0.195381 0
    outer loop
      vertex 23.3985 -15.5176 37
      vertex 23.4496 -15.2611 15
      vertex 23.4496 -15.2611 37
    endloop
  endfacet
  facet normal 0.980727 -0.195381 0
    outer loop
      vertex 23.4496 -15.2611 15
      vertex 23.3985 -15.5176 37
      vertex 23.3985 -15.5176 15
    endloop
  endfacet
  facet normal -0.659533 0.751676 0
    outer loop
      vertex 20.2491 -13.4133 15
      vertex 20.0525 -13.5858 37
      vertex 20.2491 -13.4133 37
    endloop
  endfacet
  facet normal -0.659533 0.751676 0
    outer loop
      vertex 20.0525 -13.5858 37
      vertex 20.2491 -13.4133 15
      vertex 20.0525 -13.5858 15
    endloop
  endfacet
  facet normal 0.194684 0.980866 0
    outer loop
      vertex 21.9843 -13.0681 32
      vertex 21.9843 -13.0681 15
      vertex 21.7999 -13.0315 32
    endloop
  endfacet
  facet normal 0.195594 0.980685 -0
    outer loop
      vertex 21.7999 -13.0315 32
      vertex 21.7277 -13.0171 37
      vertex 21.7999 -13.0315 37
    endloop
  endfacet
  facet normal 0.19494 0.980815 2.887e-06
    outer loop
      vertex 21.7277 -13.0171 15
      vertex 21.7999 -13.0315 32
      vertex 21.9843 -13.0681 15
    endloop
  endfacet
  facet normal 0.195594 0.980685 0
    outer loop
      vertex 21.7999 -13.0315 32
      vertex 21.7277 -13.0171 15
      vertex 21.7277 -13.0171 37
    endloop
  endfacet
  facet normal 0.321498 -0.94691 0
    outer loop
      vertex 21.9843 -16.9319 15
      vertex 22.232 -16.8478 37
      vertex 21.9843 -16.9319 37
    endloop
  endfacet
  facet normal 0.321498 -0.94691 0
    outer loop
      vertex 22.232 -16.8478 37
      vertex 21.9843 -16.9319 15
      vertex 22.232 -16.8478 15
    endloop
  endfacet
  facet normal 0.831514 0.555504 0
    outer loop
      vertex 23.1031 -13.8569 37
      vertex 23.1987 -14 37
      vertex 23.1031 -13.8569 32
    endloop
  endfacet
  facet normal 0.831534 0.555474 0
    outer loop
      vertex 23.1031 -13.8569 32
      vertex 23.0534 -13.7825 15
      vertex 23.0534 -13.7825 32
    endloop
  endfacet
  facet normal 0.831514 0.555504 -0
    outer loop
      vertex 23.1987 -14 15
      vertex 23.1031 -13.8569 32
      vertex 23.1987 -14 37
    endloop
  endfacet
  facet normal 0.831521 0.555494 1.28186e-07
    outer loop
      vertex 23.1031 -13.8569 32
      vertex 23.1987 -14 15
      vertex 23.0534 -13.7825 15
    endloop
  endfacet
  facet normal 0.89686 0.442314 0
    outer loop
      vertex 23.3144 -14.2346 37
      vertex 23.1987 -14 15
      vertex 23.1987 -14 37
    endloop
  endfacet
  facet normal 0.89686 0.442314 0
    outer loop
      vertex 23.1987 -14 15
      vertex 23.3144 -14.2346 37
      vertex 23.3144 -14.2346 15
    endloop
  endfacet
  facet normal -0.19494 0.980815 0
    outer loop
      vertex 21.2056 -13.0171 15
      vertex 20.949 -13.0681 37
      vertex 21.2056 -13.0171 37
    endloop
  endfacet
  facet normal -0.19494 0.980815 0
    outer loop
      vertex 20.949 -13.0681 37
      vertex 21.2056 -13.0171 15
      vertex 20.949 -13.0681 15
    endloop
  endfacet
  facet normal -0.442314 0.89686 0
    outer loop
      vertex 20.7013 -13.1522 15
      vertex 20.4667 -13.2679 37
      vertex 20.7013 -13.1522 37
    endloop
  endfacet
  facet normal -0.442314 0.89686 0
    outer loop
      vertex 20.4667 -13.2679 37
      vertex 20.7013 -13.1522 15
      vertex 20.4667 -13.2679 15
    endloop
  endfacet
  facet normal -0.831344 0.555758 0
    outer loop
      vertex 19.7346 -14 15
      vertex 19.88 -13.7825 37
      vertex 19.88 -13.7825 15
    endloop
  endfacet
  facet normal -0.831344 0.555758 0
    outer loop
      vertex 19.88 -13.7825 37
      vertex 19.7346 -14 15
      vertex 19.7346 -14 37
    endloop
  endfacet
  facet normal 0.94695 -0.321382 0
    outer loop
      vertex 23.3144 -15.7654 37
      vertex 23.3985 -15.5176 15
      vertex 23.3985 -15.5176 37
    endloop
  endfacet
  facet normal 0.94695 -0.321382 0
    outer loop
      vertex 23.3985 -15.5176 15
      vertex 23.3144 -15.7654 37
      vertex 23.3144 -15.7654 15
    endloop
  endfacet
  facet normal 0.321498 0.94691 -0
    outer loop
      vertex 22.232 -13.1522 15
      vertex 21.9843 -13.0681 32
      vertex 22.232 -13.1522 32
    endloop
  endfacet
  facet normal 0.321498 0.94691 0
    outer loop
      vertex 21.9843 -13.0681 32
      vertex 22.232 -13.1522 15
      vertex 21.9843 -13.0681 15
    endloop
  endfacet
  facet normal -0.751842 -0.659343 0
    outer loop
      vertex 20.0525 -16.4142 15
      vertex 19.88 -16.2175 37
      vertex 19.88 -16.2175 15
    endloop
  endfacet
  facet normal -0.751842 -0.659343 0
    outer loop
      vertex 19.88 -16.2175 37
      vertex 20.0525 -16.4142 15
      vertex 20.0525 -16.4142 37
    endloop
  endfacet
  facet normal 0.89686 -0.442314 0
    outer loop
      vertex 23.1987 -16 37
      vertex 23.3144 -15.7654 15
      vertex 23.3144 -15.7654 37
    endloop
  endfacet
  facet normal 0.89686 -0.442314 0
    outer loop
      vertex 23.3144 -15.7654 15
      vertex 23.1987 -16 37
      vertex 23.1987 -16 15
    endloop
  endfacet
  facet normal -0.89686 0.442314 0
    outer loop
      vertex 19.6189 -14.2346 15
      vertex 19.7346 -14 37
      vertex 19.7346 -14 15
    endloop
  endfacet
  facet normal -0.89686 0.442314 0
    outer loop
      vertex 19.7346 -14 37
      vertex 19.6189 -14.2346 15
      vertex 19.6189 -14.2346 37
    endloop
  endfacet
  facet normal 0.659343 0.751842 -0
    outer loop
      vertex 22.8809 -13.5858 15
      vertex 22.6842 -13.4133 32
      vertex 22.8809 -13.5858 32
    endloop
  endfacet
  facet normal 0.659343 0.751842 0
    outer loop
      vertex 22.6842 -13.4133 32
      vertex 22.8809 -13.5858 15
      vertex 22.6842 -13.4133 15
    endloop
  endfacet
  facet normal 0.555758 0.831344 -0
    outer loop
      vertex 22.6842 -13.4133 15
      vertex 22.4667 -13.2679 32
      vertex 22.6842 -13.4133 32
    endloop
  endfacet
  facet normal 0.555758 0.831344 0
    outer loop
      vertex 22.4667 -13.2679 32
      vertex 22.6842 -13.4133 15
      vertex 22.4667 -13.2679 15
    endloop
  endfacet
  facet normal -0.0653521 -0.997862 0
    outer loop
      vertex 21.2056 -16.9829 15
      vertex 21.4667 -17 37
      vertex 21.2056 -16.9829 37
    endloop
  endfacet
  facet normal -0.0653521 -0.997862 -0
    outer loop
      vertex 21.4667 -17 37
      vertex 21.2056 -16.9829 15
      vertex 21.4667 -17 15
    endloop
  endfacet
  facet normal 0.19494 -0.980815 0
    outer loop
      vertex 21.7277 -16.9829 15
      vertex 21.9843 -16.9319 37
      vertex 21.7277 -16.9829 37
    endloop
  endfacet
  facet normal 0.19494 -0.980815 0
    outer loop
      vertex 21.9843 -16.9319 37
      vertex 21.7277 -16.9829 15
      vertex 21.9843 -16.9319 15
    endloop
  endfacet
  facet normal -0.89686 -0.442314 0
    outer loop
      vertex 19.7346 -16 15
      vertex 19.6189 -15.7654 37
      vertex 19.6189 -15.7654 15
    endloop
  endfacet
  facet normal -0.89686 -0.442314 0
    outer loop
      vertex 19.6189 -15.7654 37
      vertex 19.7346 -16 15
      vertex 19.7346 -16 37
    endloop
  endfacet
  facet normal 0.555494 -0.831521 0
    outer loop
      vertex 22.4667 -16.732 15
      vertex 22.6842 -16.5867 37
      vertex 22.4667 -16.732 37
    endloop
  endfacet
  facet normal 0.555494 -0.831521 0
    outer loop
      vertex 22.6842 -16.5867 37
      vertex 22.4667 -16.732 15
      vertex 22.6842 -16.5867 15
    endloop
  endfacet
  facet normal -0.555582 0.831462 0
    outer loop
      vertex 20.4667 -13.2679 15
      vertex 20.2491 -13.4133 37
      vertex 20.4667 -13.2679 37
    endloop
  endfacet
  facet normal -0.555582 0.831462 0
    outer loop
      vertex 20.2491 -13.4133 37
      vertex 20.4667 -13.2679 15
      vertex 20.2491 -13.4133 15
    endloop
  endfacet
  facet normal 0.0653771 0.997861 -0
    outer loop
      vertex 21.7277 -13.0171 15
      vertex 21.4667 -13 37
      vertex 21.7277 -13.0171 37
    endloop
  endfacet
  facet normal 0.0653771 0.997861 0
    outer loop
      vertex 21.4667 -13 37
      vertex 21.7277 -13.0171 15
      vertex 21.4667 -13 15
    endloop
  endfacet
  facet normal -0.321498 -0.94691 0
    outer loop
      vertex 20.7013 -16.8478 15
      vertex 20.949 -16.9319 37
      vertex 20.7013 -16.8478 37
    endloop
  endfacet
  facet normal -0.321498 -0.94691 -0
    outer loop
      vertex 20.949 -16.9319 37
      vertex 20.7013 -16.8478 15
      vertex 20.949 -16.9319 15
    endloop
  endfacet
  facet normal 0.442162 0.896935 -0
    outer loop
      vertex 22.4667 -13.2679 15
      vertex 22.232 -13.1522 32
      vertex 22.4667 -13.2679 32
    endloop
  endfacet
  facet normal 0.442162 0.896935 0
    outer loop
      vertex 22.232 -13.1522 32
      vertex 22.4667 -13.2679 15
      vertex 22.232 -13.1522 15
    endloop
  endfacet
  facet normal -0.555317 -0.831638 0
    outer loop
      vertex 20.2491 -16.5867 15
      vertex 20.4667 -16.732 37
      vertex 20.2491 -16.5867 37
    endloop
  endfacet
  facet normal -0.555317 -0.831638 -0
    outer loop
      vertex 20.4667 -16.732 37
      vertex 20.2491 -16.5867 15
      vertex 20.4667 -16.732 15
    endloop
  endfacet
  facet normal -0.997862 0.0653521 0
    outer loop
      vertex 19.4667 -15 15
      vertex 19.4838 -14.7389 37
      vertex 19.4838 -14.7389 15
    endloop
  endfacet
  facet normal -0.997862 0.0653521 0
    outer loop
      vertex 19.4838 -14.7389 37
      vertex 19.4667 -15 15
      vertex 19.4667 -15 37
    endloop
  endfacet
  facet normal 0.997862 -0.0653521 0
    outer loop
      vertex 23.4496 -15.2611 37
      vertex 23.4667 -15 15
      vertex 23.4667 -15 37
    endloop
  endfacet
  facet normal 0.997862 -0.0653521 0
    outer loop
      vertex 23.4667 -15 15
      vertex 23.4496 -15.2611 37
      vertex 23.4496 -15.2611 15
    endloop
  endfacet
  facet normal 0.0653771 -0.997861 0
    outer loop
      vertex 21.4667 -17 15
      vertex 21.7277 -16.9829 37
      vertex 21.4667 -17 37
    endloop
  endfacet
  facet normal 0.0653771 -0.997861 0
    outer loop
      vertex 21.7277 -16.9829 37
      vertex 21.4667 -17 15
      vertex 21.7277 -16.9829 15
    endloop
  endfacet
  facet normal -0.442621 -0.896709 0
    outer loop
      vertex 20.4667 -16.732 15
      vertex 20.7013 -16.8478 37
      vertex 20.4667 -16.732 37
    endloop
  endfacet
  facet normal -0.442621 -0.896709 -0
    outer loop
      vertex 20.7013 -16.8478 37
      vertex 20.4667 -16.732 15
      vertex 20.7013 -16.8478 15
    endloop
  endfacet
  facet normal 0.442469 -0.896784 0
    outer loop
      vertex 22.232 -16.8478 15
      vertex 22.4667 -16.732 37
      vertex 22.232 -16.8478 37
    endloop
  endfacet
  facet normal 0.442469 -0.896784 0
    outer loop
      vertex 22.4667 -16.732 37
      vertex 22.232 -16.8478 15
      vertex 22.4667 -16.732 15
    endloop
  endfacet
  facet normal -0.831344 -0.555758 0
    outer loop
      vertex 19.88 -16.2175 15
      vertex 19.7346 -16 37
      vertex 19.7346 -16 15
    endloop
  endfacet
  facet normal -0.831344 -0.555758 0
    outer loop
      vertex 19.7346 -16 37
      vertex 19.88 -16.2175 15
      vertex 19.88 -16.2175 37
    endloop
  endfacet
  facet normal -0.751842 0.659343 0
    outer loop
      vertex 19.88 -13.7825 15
      vertex 20.0525 -13.5858 37
      vertex 20.0525 -13.5858 15
    endloop
  endfacet
  facet normal -0.751842 0.659343 0
    outer loop
      vertex 20.0525 -13.5858 37
      vertex 19.88 -13.7825 15
      vertex 19.88 -13.7825 37
    endloop
  endfacet
  facet normal -0.980801 0.195013 0
    outer loop
      vertex 19.4838 -14.7389 15
      vertex 19.5348 -14.4824 37
      vertex 19.5348 -14.4824 15
    endloop
  endfacet
  facet normal -0.980801 0.195013 0
    outer loop
      vertex 19.5348 -14.4824 37
      vertex 19.4838 -14.7389 15
      vertex 19.4838 -14.7389 37
    endloop
  endfacet
  facet normal -0.0653521 0.997862 0
    outer loop
      vertex 21.4667 -13 15
      vertex 21.2056 -13.0171 37
      vertex 21.4667 -13 37
    endloop
  endfacet
  facet normal -0.0653521 0.997862 0
    outer loop
      vertex 21.2056 -13.0171 37
      vertex 21.4667 -13 15
      vertex 21.2056 -13.0171 15
    endloop
  endfacet
  facet normal 0.831521 -0.555494 0
    outer loop
      vertex 23.0534 -16.2175 37
      vertex 23.1987 -16 15
      vertex 23.1987 -16 37
    endloop
  endfacet
  facet normal 0.831521 -0.555494 0
    outer loop
      vertex 23.1987 -16 15
      vertex 23.0534 -16.2175 37
      vertex 23.0534 -16.2175 15
    endloop
  endfacet
  facet normal -0.19494 -0.980815 0
    outer loop
      vertex 20.949 -16.9319 15
      vertex 21.2056 -16.9829 37
      vertex 20.949 -16.9319 37
    endloop
  endfacet
  facet normal -0.19494 -0.980815 -0
    outer loop
      vertex 21.2056 -16.9829 37
      vertex 20.949 -16.9319 15
      vertex 21.2056 -16.9829 15
    endloop
  endfacet
  facet normal -0.659533 -0.751676 0
    outer loop
      vertex 20.0525 -16.4142 15
      vertex 20.2491 -16.5867 37
      vertex 20.0525 -16.4142 37
    endloop
  endfacet
  facet normal -0.659533 -0.751676 -0
    outer loop
      vertex 20.2491 -16.5867 37
      vertex 20.0525 -16.4142 15
      vertex 20.2491 -16.5867 15
    endloop
  endfacet
  facet normal -0.94695 -0.321382 0
    outer loop
      vertex 19.6189 -15.7654 15
      vertex 19.5348 -15.5176 37
      vertex 19.5348 -15.5176 15
    endloop
  endfacet
  facet normal -0.94695 -0.321382 0
    outer loop
      vertex 19.5348 -15.5176 37
      vertex 19.6189 -15.7654 15
      vertex 19.6189 -15.7654 37
    endloop
  endfacet
  facet normal -0.997862 -0.0653521 0
    outer loop
      vertex 19.4838 -15.2611 15
      vertex 19.4667 -15 37
      vertex 19.4667 -15 15
    endloop
  endfacet
  facet normal -0.997862 -0.0653521 0
    outer loop
      vertex 19.4667 -15 37
      vertex 19.4838 -15.2611 15
      vertex 19.4838 -15.2611 37
    endloop
  endfacet
  facet normal -0.94695 0.321382 0
    outer loop
      vertex 19.5348 -14.4824 15
      vertex 19.6189 -14.2346 37
      vertex 19.6189 -14.2346 15
    endloop
  endfacet
  facet normal -0.94695 0.321382 0
    outer loop
      vertex 19.6189 -14.2346 37
      vertex 19.5348 -14.4824 15
      vertex 19.5348 -14.4824 37
    endloop
  endfacet
  facet normal 0.659343 -0.751842 0
    outer loop
      vertex 22.6842 -16.5867 15
      vertex 22.8809 -16.4142 37
      vertex 22.6842 -16.5867 37
    endloop
  endfacet
  facet normal 0.659343 -0.751842 0
    outer loop
      vertex 22.8809 -16.4142 37
      vertex 22.6842 -16.5867 15
      vertex 22.8809 -16.4142 15
    endloop
  endfacet
  facet normal 0.751842 -0.659343 0
    outer loop
      vertex 22.8809 -16.4142 37
      vertex 23.0534 -16.2175 15
      vertex 23.0534 -16.2175 37
    endloop
  endfacet
  facet normal 0.751842 -0.659343 0
    outer loop
      vertex 23.0534 -16.2175 15
      vertex 22.8809 -16.4142 37
      vertex 22.8809 -16.4142 15
    endloop
  endfacet
  facet normal 0.659343 0.751842 -0
    outer loop
      vertex 57.8142 -13.5858 15
      vertex 57.6175 -13.4133 37
      vertex 57.8142 -13.5858 37
    endloop
  endfacet
  facet normal 0.659343 0.751842 0
    outer loop
      vertex 57.6175 -13.4133 37
      vertex 57.8142 -13.5858 15
      vertex 57.6175 -13.4133 15
    endloop
  endfacet
  facet normal 0.831521 -0.555494 0
    outer loop
      vertex 57.9867 -16.2175 37
      vertex 58.132 -16 15
      vertex 58.132 -16 37
    endloop
  endfacet
  facet normal 0.831521 -0.555494 0
    outer loop
      vertex 58.132 -16 15
      vertex 57.9867 -16.2175 37
      vertex 57.9867 -16.2175 15
    endloop
  endfacet
  facet normal 0.980801 0.195013 0
    outer loop
      vertex 58.3829 -14.7389 37
      vertex 58.3319 -14.4824 15
      vertex 58.3319 -14.4824 37
    endloop
  endfacet
  facet normal 0.980801 0.195013 0
    outer loop
      vertex 58.3319 -14.4824 15
      vertex 58.3829 -14.7389 37
      vertex 58.3829 -14.7389 15
    endloop
  endfacet
  facet normal 0.997862 0.0653521 0
    outer loop
      vertex 58.4 -15 37
      vertex 58.3829 -14.7389 15
      vertex 58.3829 -14.7389 37
    endloop
  endfacet
  facet normal 0.997862 0.0653521 0
    outer loop
      vertex 58.3829 -14.7389 15
      vertex 58.4 -15 37
      vertex 58.4 -15 15
    endloop
  endfacet
  facet normal 0.94695 0.321382 0
    outer loop
      vertex 58.3319 -14.4824 37
      vertex 58.2478 -14.2346 15
      vertex 58.2478 -14.2346 37
    endloop
  endfacet
  facet normal 0.94695 0.321382 0
    outer loop
      vertex 58.2478 -14.2346 15
      vertex 58.3319 -14.4824 37
      vertex 58.3319 -14.4824 15
    endloop
  endfacet
  facet normal 0.896709 -0.442621 0
    outer loop
      vertex 58.132 -16 37
      vertex 58.2478 -15.7654 15
      vertex 58.2478 -15.7654 37
    endloop
  endfacet
  facet normal 0.896709 -0.442621 0
    outer loop
      vertex 58.2478 -15.7654 15
      vertex 58.132 -16 37
      vertex 58.132 -16 15
    endloop
  endfacet
  facet normal 0.442314 0.89686 -0
    outer loop
      vertex 57.4 -13.2679 15
      vertex 57.1654 -13.1522 37
      vertex 57.4 -13.2679 37
    endloop
  endfacet
  facet normal 0.442314 0.89686 0
    outer loop
      vertex 57.1654 -13.1522 37
      vertex 57.4 -13.2679 15
      vertex 57.1654 -13.1522 15
    endloop
  endfacet
  facet normal 0 0 -1
    outer loop
      vertex 58.3829 -15.2611 15
      vertex 58.3829 -14.7389 15
      vertex 58.4 -15 15
    endloop
  endfacet
  facet normal 0 0 -1
    outer loop
      vertex 58.3319 -15.5176 15
      vertex 58.3829 -14.7389 15
      vertex 58.3829 -15.2611 15
    endloop
  endfacet
  facet normal 0 0 -1
    outer loop
      vertex 58.3319 -15.5176 15
      vertex 58.3319 -14.4824 15
      vertex 58.3829 -14.7389 15
    endloop
  endfacet
  facet normal 0 0 -1
    outer loop
      vertex 58.2478 -15.7654 15
      vertex 58.3319 -14.4824 15
      vertex 58.3319 -15.5176 15
    endloop
  endfacet
  facet normal 0 0 -1
    outer loop
      vertex 58.2478 -15.7654 15
      vertex 58.2478 -14.2346 15
      vertex 58.3319 -14.4824 15
    endloop
  endfacet
  facet normal 0 0 -1
    outer loop
      vertex 58.132 -16 15
      vertex 58.2478 -14.2346 15
      vertex 58.2478 -15.7654 15
    endloop
  endfacet
  facet normal 0 0 -1
    outer loop
      vertex 58.132 -16 15
      vertex 58.132 -14 15
      vertex 58.2478 -14.2346 15
    endloop
  endfacet
  facet normal 0 0 -1
    outer loop
      vertex 57.9867 -16.2175 15
      vertex 58.132 -14 15
      vertex 58.132 -16 15
    endloop
  endfacet
  facet normal 0 0 -1
    outer loop
      vertex 57.9867 -16.2175 15
      vertex 57.9867 -13.7825 15
      vertex 58.132 -14 15
    endloop
  endfacet
  facet normal 0 0 -1
    outer loop
      vertex 57.8142 -16.4142 15
      vertex 57.9867 -13.7825 15
      vertex 57.9867 -16.2175 15
    endloop
  endfacet
  facet normal 0 0 -1
    outer loop
      vertex 57.8142 -16.4142 15
      vertex 57.8142 -13.5858 15
      vertex 57.9867 -13.7825 15
    endloop
  endfacet
  facet normal 0 0 -1
    outer loop
      vertex 57.6175 -16.5867 15
      vertex 57.8142 -13.5858 15
      vertex 57.8142 -16.4142 15
    endloop
  endfacet
  facet normal 0 0 -1
    outer loop
      vertex 57.6175 -16.5867 15
      vertex 57.6175 -13.4133 15
      vertex 57.8142 -13.5858 15
    endloop
  endfacet
  facet normal 0 0 -1
    outer loop
      vertex 57.4 -16.732 15
      vertex 57.6175 -13.4133 15
      vertex 57.6175 -16.5867 15
    endloop
  endfacet
  facet normal 0 0 -1
    outer loop
      vertex 57.4 -16.732 15
      vertex 57.4 -13.2679 15
      vertex 57.6175 -13.4133 15
    endloop
  endfacet
  facet normal 0 0 -1
    outer loop
      vertex 57.1654 -16.8478 15
      vertex 57.4 -13.2679 15
      vertex 57.4 -16.732 15
    endloop
  endfacet
  facet normal 0 0 -1
    outer loop
      vertex 57.1654 -16.8478 15
      vertex 57.1654 -13.1522 15
      vertex 57.4 -13.2679 15
    endloop
  endfacet
  facet normal 0 0 -1
    outer loop
      vertex 56.9176 -16.9319 15
      vertex 57.1654 -13.1522 15
      vertex 57.1654 -16.8478 15
    endloop
  endfacet
  facet normal 0 0 -1
    outer loop
      vertex 56.9176 -16.9319 15
      vertex 56.9176 -13.0681 15
      vertex 57.1654 -13.1522 15
    endloop
  endfacet
  facet normal 0 0 -1
    outer loop
      vertex 56.6611 -16.9829 15
      vertex 56.9176 -13.0681 15
      vertex 56.9176 -16.9319 15
    endloop
  endfacet
  facet normal 0 0 -1
    outer loop
      vertex 56.6611 -16.9829 15
      vertex 56.6611 -13.0171 15
      vertex 56.9176 -13.0681 15
    endloop
  endfacet
  facet normal 0 0 -1
    outer loop
      vertex 56.4 -17 15
      vertex 56.6611 -13.0171 15
      vertex 56.6611 -16.9829 15
    endloop
  endfacet
  facet normal 0 0 -1
    outer loop
      vertex 56.4 -17 15
      vertex 56.4 -13 15
      vertex 56.6611 -13.0171 15
    endloop
  endfacet
  facet normal 0 0 -1
    outer loop
      vertex 56.1389 -16.9829 15
      vertex 56.4 -13 15
      vertex 56.4 -17 15
    endloop
  endfacet
  facet normal 0 0 -1
    outer loop
      vertex 56.1389 -16.9829 15
      vertex 56.1389 -13.0171 15
      vertex 56.4 -13 15
    endloop
  endfacet
  facet normal 0 0 -1
    outer loop
      vertex 55.8824 -16.9319 15
      vertex 56.1389 -13.0171 15
      vertex 56.1389 -16.9829 15
    endloop
  endfacet
  facet normal 0 0 -1
    outer loop
      vertex 55.8824 -16.9319 15
      vertex 55.8824 -13.0681 15
      vertex 56.1389 -13.0171 15
    endloop
  endfacet
  facet normal 0 0 -1
    outer loop
      vertex 55.6346 -16.8478 15
      vertex 55.8824 -13.0681 15
      vertex 55.8824 -16.9319 15
    endloop
  endfacet
  facet normal 0 0 -1
    outer loop
      vertex 55.6346 -16.8478 15
      vertex 55.6346 -13.1522 15
      vertex 55.8824 -13.0681 15
    endloop
  endfacet
  facet normal 0 0 -1
    outer loop
      vertex 55.4 -16.732 15
      vertex 55.6346 -13.1522 15
      vertex 55.6346 -16.8478 15
    endloop
  endfacet
  facet normal 0 0 -1
    outer loop
      vertex 55.4 -16.732 15
      vertex 55.4 -13.2679 15
      vertex 55.6346 -13.1522 15
    endloop
  endfacet
  facet normal 0 0 -1
    outer loop
      vertex 55.1825 -16.5867 15
      vertex 55.4 -13.2679 15
      vertex 55.4 -16.732 15
    endloop
  endfacet
  facet normal 0 0 -1
    outer loop
      vertex 55.1825 -16.5867 15
      vertex 55.1825 -13.4133 15
      vertex 55.4 -13.2679 15
    endloop
  endfacet
  facet normal 0 0 -1
    outer loop
      vertex 54.9858 -16.4142 15
      vertex 55.1825 -13.4133 15
      vertex 55.1825 -16.5867 15
    endloop
  endfacet
  facet normal 0 0 -1
    outer loop
      vertex 54.9858 -16.4142 15
      vertex 54.9858 -13.5858 15
      vertex 55.1825 -13.4133 15
    endloop
  endfacet
  facet normal 0 0 -1
    outer loop
      vertex 54.8133 -16.2175 15
      vertex 54.9858 -13.5858 15
      vertex 54.9858 -16.4142 15
    endloop
  endfacet
  facet normal 0 0 -1
    outer loop
      vertex 54.8133 -16.2175 15
      vertex 54.8133 -13.7825 15
      vertex 54.9858 -13.5858 15
    endloop
  endfacet
  facet normal 0 0 -1
    outer loop
      vertex 54.6679 -16 15
      vertex 54.8133 -13.7825 15
      vertex 54.8133 -16.2175 15
    endloop
  endfacet
  facet normal 0 0 -1
    outer loop
      vertex 54.6679 -16 15
      vertex 54.6679 -14 15
      vertex 54.8133 -13.7825 15
    endloop
  endfacet
  facet normal 0 0 -1
    outer loop
      vertex 54.5522 -15.7654 15
      vertex 54.6679 -14 15
      vertex 54.6679 -16 15
    endloop
  endfacet
  facet normal 0 0 -1
    outer loop
      vertex 54.5522 -15.7654 15
      vertex 54.5522 -14.2346 15
      vertex 54.6679 -14 15
    endloop
  endfacet
  facet normal 0 0 -1
    outer loop
      vertex 54.4681 -15.5176 15
      vertex 54.5522 -14.2346 15
      vertex 54.5522 -15.7654 15
    endloop
  endfacet
  facet normal 0 0 -1
    outer loop
      vertex 54.4681 -15.5176 15
      vertex 54.4681 -14.4824 15
      vertex 54.5522 -14.2346 15
    endloop
  endfacet
  facet normal 0 0 -1
    outer loop
      vertex 54.4171 -15.2611 15
      vertex 54.4681 -14.4824 15
      vertex 54.4681 -15.5176 15
    endloop
  endfacet
  facet normal 0 0 -1
    outer loop
      vertex 54.4171 -15.2611 15
      vertex 54.4171 -14.7389 15
      vertex 54.4681 -14.4824 15
    endloop
  endfacet
  facet normal 0 -0 -1
    outer loop
      vertex 54.4171 -14.7389 15
      vertex 54.4171 -15.2611 15
      vertex 54.4 -15 15
    endloop
  endfacet
  facet normal -0.997862 -0.0653521 0
    outer loop
      vertex 54.4171 -15.2611 15
      vertex 54.4 -15 37
      vertex 54.4 -15 15
    endloop
  endfacet
  facet normal -0.997862 -0.0653521 0
    outer loop
      vertex 54.4 -15 37
      vertex 54.4171 -15.2611 15
      vertex 54.4171 -15.2611 37
    endloop
  endfacet
  facet normal 0.896709 0.442621 0
    outer loop
      vertex 58.2478 -14.2346 37
      vertex 58.132 -14 15
      vertex 58.132 -14 37
    endloop
  endfacet
  facet normal 0.896709 0.442621 0
    outer loop
      vertex 58.132 -14 15
      vertex 58.2478 -14.2346 37
      vertex 58.2478 -14.2346 15
    endloop
  endfacet
  facet normal -0.195013 0.980801 0
    outer loop
      vertex 56.1389 -13.0171 15
      vertex 55.8824 -13.0681 37
      vertex 56.1389 -13.0171 37
    endloop
  endfacet
  facet normal -0.195013 0.980801 0
    outer loop
      vertex 55.8824 -13.0681 37
      vertex 56.1389 -13.0171 15
      vertex 55.8824 -13.0681 15
    endloop
  endfacet
  facet normal 0.751842 -0.659343 0
    outer loop
      vertex 57.8142 -16.4142 37
      vertex 57.9867 -16.2175 15
      vertex 57.9867 -16.2175 37
    endloop
  endfacet
  facet normal 0.751842 -0.659343 0
    outer loop
      vertex 57.9867 -16.2175 15
      vertex 57.8142 -16.4142 37
      vertex 57.8142 -16.4142 15
    endloop
  endfacet
  facet normal -0.997862 0.0653521 0
    outer loop
      vertex 54.4 -15 15
      vertex 54.4171 -14.7389 37
      vertex 54.4171 -14.7389 15
    endloop
  endfacet
  facet normal -0.997862 0.0653521 0
    outer loop
      vertex 54.4171 -14.7389 37
      vertex 54.4 -15 15
      vertex 54.4 -15 37
    endloop
  endfacet
  facet normal 0.997862 -0.0653521 0
    outer loop
      vertex 58.3829 -15.2611 37
      vertex 58.4 -15 15
      vertex 58.4 -15 37
    endloop
  endfacet
  facet normal 0.997862 -0.0653521 0
    outer loop
      vertex 58.4 -15 15
      vertex 58.3829 -15.2611 37
      vertex 58.3829 -15.2611 15
    endloop
  endfacet
  facet normal -0.442314 0.89686 0
    outer loop
      vertex 55.6346 -13.1522 15
      vertex 55.4 -13.2679 37
      vertex 55.6346 -13.1522 37
    endloop
  endfacet
  facet normal -0.442314 0.89686 0
    outer loop
      vertex 55.4 -13.2679 37
      vertex 55.6346 -13.1522 15
      vertex 55.4 -13.2679 15
    endloop
  endfacet
  facet normal 0.94695 -0.321382 0
    outer loop
      vertex 58.2478 -15.7654 37
      vertex 58.3319 -15.5176 15
      vertex 58.3319 -15.5176 37
    endloop
  endfacet
  facet normal 0.94695 -0.321382 0
    outer loop
      vertex 58.3319 -15.5176 15
      vertex 58.2478 -15.7654 37
      vertex 58.2478 -15.7654 15
    endloop
  endfacet
  facet normal -0.980801 0.195013 0
    outer loop
      vertex 54.4171 -14.7389 15
      vertex 54.4681 -14.4824 37
      vertex 54.4681 -14.4824 15
    endloop
  endfacet
  facet normal -0.980801 0.195013 0
    outer loop
      vertex 54.4681 -14.4824 37
      vertex 54.4171 -14.7389 15
      vertex 54.4171 -14.7389 37
    endloop
  endfacet
  facet normal -0.980801 -0.195013 0
    outer loop
      vertex 54.4681 -15.5176 15
      vertex 54.4171 -15.2611 37
      vertex 54.4171 -15.2611 15
    endloop
  endfacet
  facet normal -0.980801 -0.195013 0
    outer loop
      vertex 54.4171 -15.2611 37
      vertex 54.4681 -15.5176 15
      vertex 54.4681 -15.5176 37
    endloop
  endfacet
  facet normal -0.751842 0.659343 0
    outer loop
      vertex 54.8133 -13.7825 15
      vertex 54.9858 -13.5858 37
      vertex 54.9858 -13.5858 15
    endloop
  endfacet
  facet normal -0.751842 0.659343 0
    outer loop
      vertex 54.9858 -13.5858 37
      vertex 54.8133 -13.7825 15
      vertex 54.8133 -13.7825 37
    endloop
  endfacet
  facet normal -0.94695 0.321382 0
    outer loop
      vertex 54.4681 -14.4824 15
      vertex 54.5522 -14.2346 37
      vertex 54.5522 -14.2346 15
    endloop
  endfacet
  facet normal -0.94695 0.321382 0
    outer loop
      vertex 54.5522 -14.2346 37
      vertex 54.4681 -14.4824 15
      vertex 54.4681 -14.4824 37
    endloop
  endfacet
  facet normal 0.555758 0.831344 -0
    outer loop
      vertex 57.6175 -13.4133 15
      vertex 57.4 -13.2679 37
      vertex 57.6175 -13.4133 37
    endloop
  endfacet
  facet normal 0.555758 0.831344 0
    outer loop
      vertex 57.4 -13.2679 37
      vertex 57.6175 -13.4133 15
      vertex 57.4 -13.2679 15
    endloop
  endfacet
  facet normal 0.442621 -0.896709 0
    outer loop
      vertex 57.1654 -16.8478 15
      vertex 57.4 -16.732 37
      vertex 57.1654 -16.8478 37
    endloop
  endfacet
  facet normal 0.442621 -0.896709 0
    outer loop
      vertex 57.4 -16.732 37
      vertex 57.1654 -16.8478 15
      vertex 57.4 -16.732 15
    endloop
  endfacet
  facet normal 0.831521 0.555494 0
    outer loop
      vertex 58.132 -14 37
      vertex 57.9867 -13.7825 15
      vertex 57.9867 -13.7825 37
    endloop
  endfacet
  facet normal 0.831521 0.555494 0
    outer loop
      vertex 57.9867 -13.7825 15
      vertex 58.132 -14 37
      vertex 58.132 -14 15
    endloop
  endfacet
  facet normal 0.555494 -0.831521 0
    outer loop
      vertex 57.4 -16.732 15
      vertex 57.6175 -16.5867 37
      vertex 57.4 -16.732 37
    endloop
  endfacet
  facet normal 0.555494 -0.831521 0
    outer loop
      vertex 57.6175 -16.5867 37
      vertex 57.4 -16.732 15
      vertex 57.6175 -16.5867 15
    endloop
  endfacet
  facet normal 0.195013 -0.980801 0
    outer loop
      vertex 56.6611 -16.9829 15
      vertex 56.9176 -16.9319 37
      vertex 56.6611 -16.9829 37
    endloop
  endfacet
  facet normal 0.195013 -0.980801 0
    outer loop
      vertex 56.9176 -16.9319 37
      vertex 56.6611 -16.9829 15
      vertex 56.9176 -16.9319 15
    endloop
  endfacet
  facet normal -0.751842 -0.659343 0
    outer loop
      vertex 54.9858 -16.4142 15
      vertex 54.8133 -16.2175 37
      vertex 54.8133 -16.2175 15
    endloop
  endfacet
  facet normal -0.751842 -0.659343 0
    outer loop
      vertex 54.8133 -16.2175 37
      vertex 54.9858 -16.4142 15
      vertex 54.9858 -16.4142 37
    endloop
  endfacet
  facet normal 0.195013 0.980801 -0
    outer loop
      vertex 56.9176 -13.0681 15
      vertex 56.6611 -13.0171 37
      vertex 56.9176 -13.0681 37
    endloop
  endfacet
  facet normal 0.195013 0.980801 0
    outer loop
      vertex 56.6611 -13.0171 37
      vertex 56.9176 -13.0681 15
      vertex 56.6611 -13.0171 15
    endloop
  endfacet
  facet normal 0.980801 -0.195013 0
    outer loop
      vertex 58.3319 -15.5176 37
      vertex 58.3829 -15.2611 15
      vertex 58.3829 -15.2611 37
    endloop
  endfacet
  facet normal 0.980801 -0.195013 0
    outer loop
      vertex 58.3829 -15.2611 15
      vertex 58.3319 -15.5176 37
      vertex 58.3319 -15.5176 15
    endloop
  endfacet
  facet normal -0.0653521 -0.997862 0
    outer loop
      vertex 56.1389 -16.9829 15
      vertex 56.4 -17 37
      vertex 56.1389 -16.9829 37
    endloop
  endfacet
  facet normal -0.0653521 -0.997862 -0
    outer loop
      vertex 56.4 -17 37
      vertex 56.1389 -16.9829 15
      vertex 56.4 -17 15
    endloop
  endfacet
  facet normal 0.321382 0.94695 -0
    outer loop
      vertex 57.1654 -13.1522 15
      vertex 56.9176 -13.0681 37
      vertex 57.1654 -13.1522 37
    endloop
  endfacet
  facet normal 0.321382 0.94695 0
    outer loop
      vertex 56.9176 -13.0681 37
      vertex 57.1654 -13.1522 15
      vertex 56.9176 -13.0681 15
    endloop
  endfacet
  facet normal -0.442621 -0.896709 0
    outer loop
      vertex 55.4 -16.732 15
      vertex 55.6346 -16.8478 37
      vertex 55.4 -16.732 37
    endloop
  endfacet
  facet normal -0.442621 -0.896709 -0
    outer loop
      vertex 55.6346 -16.8478 37
      vertex 55.4 -16.732 15
      vertex 55.6346 -16.8478 15
    endloop
  endfacet
  facet normal -0.555758 0.831344 0
    outer loop
      vertex 55.4 -13.2679 15
      vertex 55.1825 -13.4133 37
      vertex 55.4 -13.2679 37
    endloop
  endfacet
  facet normal -0.555758 0.831344 0
    outer loop
      vertex 55.1825 -13.4133 37
      vertex 55.4 -13.2679 15
      vertex 55.1825 -13.4133 15
    endloop
  endfacet
  facet normal -0.659343 0.751842 0
    outer loop
      vertex 55.1825 -13.4133 15
      vertex 54.9858 -13.5858 37
      vertex 55.1825 -13.4133 37
    endloop
  endfacet
  facet normal -0.659343 0.751842 0
    outer loop
      vertex 54.9858 -13.5858 37
      vertex 55.1825 -13.4133 15
      vertex 54.9858 -13.5858 15
    endloop
  endfacet
  facet normal 0.321382 -0.94695 0
    outer loop
      vertex 56.9176 -16.9319 15
      vertex 57.1654 -16.8478 37
      vertex 56.9176 -16.9319 37
    endloop
  endfacet
  facet normal 0.321382 -0.94695 0
    outer loop
      vertex 57.1654 -16.8478 37
      vertex 56.9176 -16.9319 15
      vertex 57.1654 -16.8478 15
    endloop
  endfacet
  facet normal 0.0653521 -0.997862 0
    outer loop
      vertex 56.4 -17 15
      vertex 56.6611 -16.9829 37
      vertex 56.4 -17 37
    endloop
  endfacet
  facet normal 0.0653521 -0.997862 0
    outer loop
      vertex 56.6611 -16.9829 37
      vertex 56.4 -17 15
      vertex 56.6611 -16.9829 15
    endloop
  endfacet
  facet normal -0.321382 -0.94695 0
    outer loop
      vertex 55.6346 -16.8478 15
      vertex 55.8824 -16.9319 37
      vertex 55.6346 -16.8478 37
    endloop
  endfacet
  facet normal -0.321382 -0.94695 -0
    outer loop
      vertex 55.8824 -16.9319 37
      vertex 55.6346 -16.8478 15
      vertex 55.8824 -16.9319 15
    endloop
  endfacet
  facet normal 0.751842 0.659343 0
    outer loop
      vertex 57.9867 -13.7825 37
      vertex 57.8142 -13.5858 15
      vertex 57.8142 -13.5858 37
    endloop
  endfacet
  facet normal 0.751842 0.659343 0
    outer loop
      vertex 57.8142 -13.5858 15
      vertex 57.9867 -13.7825 37
      vertex 57.9867 -13.7825 15
    endloop
  endfacet
  facet normal -0.89686 -0.442314 0
    outer loop
      vertex 54.6679 -16 15
      vertex 54.5522 -15.7654 37
      vertex 54.5522 -15.7654 15
    endloop
  endfacet
  facet normal -0.89686 -0.442314 0
    outer loop
      vertex 54.5522 -15.7654 37
      vertex 54.6679 -16 15
      vertex 54.6679 -16 37
    endloop
  endfacet
  facet normal -0.0653521 0.997862 0
    outer loop
      vertex 56.4 -13 15
      vertex 56.1389 -13.0171 37
      vertex 56.4 -13 37
    endloop
  endfacet
  facet normal -0.0653521 0.997862 0
    outer loop
      vertex 56.1389 -13.0171 37
      vertex 56.4 -13 15
      vertex 56.1389 -13.0171 15
    endloop
  endfacet
  facet normal -0.555494 -0.831521 0
    outer loop
      vertex 55.1825 -16.5867 15
      vertex 55.4 -16.732 37
      vertex 55.1825 -16.5867 37
    endloop
  endfacet
  facet normal -0.555494 -0.831521 -0
    outer loop
      vertex 55.4 -16.732 37
      vertex 55.1825 -16.5867 15
      vertex 55.4 -16.732 15
    endloop
  endfacet
  facet normal 0.659343 -0.751842 0
    outer loop
      vertex 57.6175 -16.5867 15
      vertex 57.8142 -16.4142 37
      vertex 57.6175 -16.5867 37
    endloop
  endfacet
  facet normal 0.659343 -0.751842 0
    outer loop
      vertex 57.8142 -16.4142 37
      vertex 57.6175 -16.5867 15
      vertex 57.8142 -16.4142 15
    endloop
  endfacet
  facet normal -0.321382 0.94695 0
    outer loop
      vertex 55.8824 -13.0681 15
      vertex 55.6346 -13.1522 37
      vertex 55.8824 -13.0681 37
    endloop
  endfacet
  facet normal -0.321382 0.94695 0
    outer loop
      vertex 55.6346 -13.1522 37
      vertex 55.8824 -13.0681 15
      vertex 55.6346 -13.1522 15
    endloop
  endfacet
  facet normal -0.94695 -0.321382 0
    outer loop
      vertex 54.5522 -15.7654 15
      vertex 54.4681 -15.5176 37
      vertex 54.4681 -15.5176 15
    endloop
  endfacet
  facet normal -0.94695 -0.321382 0
    outer loop
      vertex 54.4681 -15.5176 37
      vertex 54.5522 -15.7654 15
      vertex 54.5522 -15.7654 37
    endloop
  endfacet
  facet normal -0.831344 -0.555758 0
    outer loop
      vertex 54.8133 -16.2175 15
      vertex 54.6679 -16 37
      vertex 54.6679 -16 15
    endloop
  endfacet
  facet normal -0.831344 -0.555758 0
    outer loop
      vertex 54.6679 -16 37
      vertex 54.8133 -16.2175 15
      vertex 54.8133 -16.2175 37
    endloop
  endfacet
  facet normal -0.831344 0.555758 0
    outer loop
      vertex 54.6679 -14 15
      vertex 54.8133 -13.7825 37
      vertex 54.8133 -13.7825 15
    endloop
  endfacet
  facet normal -0.831344 0.555758 0
    outer loop
      vertex 54.8133 -13.7825 37
      vertex 54.6679 -14 15
      vertex 54.6679 -14 37
    endloop
  endfacet
  facet normal -0.195013 -0.980801 0
    outer loop
      vertex 55.8824 -16.9319 15
      vertex 56.1389 -16.9829 37
      vertex 55.8824 -16.9319 37
    endloop
  endfacet
  facet normal -0.195013 -0.980801 -0
    outer loop
      vertex 56.1389 -16.9829 37
      vertex 55.8824 -16.9319 15
      vertex 56.1389 -16.9829 15
    endloop
  endfacet
  facet normal -0.659343 -0.751842 0
    outer loop
      vertex 54.9858 -16.4142 15
      vertex 55.1825 -16.5867 37
      vertex 54.9858 -16.4142 37
    endloop
  endfacet
  facet normal -0.659343 -0.751842 -0
    outer loop
      vertex 55.1825 -16.5867 37
      vertex 54.9858 -16.4142 15
      vertex 55.1825 -16.5867 15
    endloop
  endfacet
  facet normal -0.89686 0.442314 0
    outer loop
      vertex 54.5522 -14.2346 15
      vertex 54.6679 -14 37
      vertex 54.6679 -14 15
    endloop
  endfacet
  facet normal -0.89686 0.442314 0
    outer loop
      vertex 54.6679 -14 37
      vertex 54.5522 -14.2346 15
      vertex 54.5522 -14.2346 37
    endloop
  endfacet
  facet normal 0.0653521 0.997862 -0
    outer loop
      vertex 56.6611 -13.0171 15
      vertex 56.4 -13 37
      vertex 56.6611 -13.0171 37
    endloop
  endfacet
  facet normal 0.0653521 0.997862 0
    outer loop
      vertex 56.4 -13 37
      vertex 56.6611 -13.0171 15
      vertex 56.4 -13 15
    endloop
  endfacet
  facet normal 0.980801 0.195013 0
    outer loop
      vertex -54.4171 15.2611 37
      vertex -54.4681 15.5176 15
      vertex -54.4681 15.5176 37
    endloop
  endfacet
  facet normal 0.980801 0.195013 0
    outer loop
      vertex -54.4681 15.5176 15
      vertex -54.4171 15.2611 37
      vertex -54.4171 15.2611 15
    endloop
  endfacet
  facet normal 0.997862 0.0653521 0
    outer loop
      vertex -54.4 15 37
      vertex -54.4171 15.2611 15
      vertex -54.4171 15.2611 37
    endloop
  endfacet
  facet normal 0.997862 0.0653521 0
    outer loop
      vertex -54.4171 15.2611 15
      vertex -54.4 15 37
      vertex -54.4 15 15
    endloop
  endfacet
  facet normal 0.94695 0.321382 0
    outer loop
      vertex -54.4681 15.5176 37
      vertex -54.5522 15.7654 15
      vertex -54.5522 15.7654 37
    endloop
  endfacet
  facet normal 0.94695 0.321382 0
    outer loop
      vertex -54.5522 15.7654 15
      vertex -54.4681 15.5176 37
      vertex -54.4681 15.5176 15
    endloop
  endfacet
  facet normal 0.0653521 -0.997862 0
    outer loop
      vertex -56.4 13 15
      vertex -56.1389 13.0171 37
      vertex -56.4 13 37
    endloop
  endfacet
  facet normal 0.0653521 -0.997862 0
    outer loop
      vertex -56.1389 13.0171 37
      vertex -56.4 13 15
      vertex -56.1389 13.0171 15
    endloop
  endfacet
  facet normal -0.442314 -0.89686 0
    outer loop
      vertex -57.4 13.2679 15
      vertex -57.1654 13.1522 37
      vertex -57.4 13.2679 37
    endloop
  endfacet
  facet normal -0.442314 -0.89686 -0
    outer loop
      vertex -57.1654 13.1522 37
      vertex -57.4 13.2679 15
      vertex -57.1654 13.1522 15
    endloop
  endfacet
  facet normal 0.442314 -0.89686 0
    outer loop
      vertex -55.6346 13.1522 15
      vertex -55.4 13.2679 37
      vertex -55.6346 13.1522 37
    endloop
  endfacet
  facet normal 0.442314 -0.89686 0
    outer loop
      vertex -55.4 13.2679 37
      vertex -55.6346 13.1522 15
      vertex -55.4 13.2679 15
    endloop
  endfacet
  facet normal 0.751842 -0.659343 0
    outer loop
      vertex -54.9858 13.5858 37
      vertex -54.8133 13.7825 15
      vertex -54.8133 13.7825 37
    endloop
  endfacet
  facet normal 0.751842 -0.659343 0
    outer loop
      vertex -54.8133 13.7825 15
      vertex -54.9858 13.5858 37
      vertex -54.9858 13.5858 15
    endloop
  endfacet
  facet normal 0.555494 0.831521 -0
    outer loop
      vertex -55.1825 16.5867 15
      vertex -55.4 16.732 37
      vertex -55.1825 16.5867 37
    endloop
  endfacet
  facet normal 0.555494 0.831521 0
    outer loop
      vertex -55.4 16.732 37
      vertex -55.1825 16.5867 15
      vertex -55.4 16.732 15
    endloop
  endfacet
  facet normal -0.751842 0.659343 0
    outer loop
      vertex -57.9867 16.2175 15
      vertex -57.8142 16.4142 37
      vertex -57.8142 16.4142 15
    endloop
  endfacet
  facet normal -0.751842 0.659343 0
    outer loop
      vertex -57.8142 16.4142 37
      vertex -57.9867 16.2175 15
      vertex -57.9867 16.2175 37
    endloop
  endfacet
  facet normal -0.659343 -0.751842 0
    outer loop
      vertex -57.8142 13.5858 15
      vertex -57.6175 13.4133 37
      vertex -57.8142 13.5858 37
    endloop
  endfacet
  facet normal -0.659343 -0.751842 -0
    outer loop
      vertex -57.6175 13.4133 37
      vertex -57.8142 13.5858 15
      vertex -57.6175 13.4133 15
    endloop
  endfacet
  facet normal 0.831344 -0.555758 0
    outer loop
      vertex -54.8133 13.7825 37
      vertex -54.6679 14 15
      vertex -54.6679 14 37
    endloop
  endfacet
  facet normal 0.831344 -0.555758 0
    outer loop
      vertex -54.6679 14 15
      vertex -54.8133 13.7825 37
      vertex -54.8133 13.7825 15
    endloop
  endfacet
  facet normal -0.321382 -0.94695 0
    outer loop
      vertex -57.1654 13.1522 15
      vertex -56.9176 13.0681 37
      vertex -57.1654 13.1522 37
    endloop
  endfacet
  facet normal -0.321382 -0.94695 -0
    outer loop
      vertex -56.9176 13.0681 37
      vertex -57.1654 13.1522 15
      vertex -56.9176 13.0681 15
    endloop
  endfacet
  facet normal -0.659343 0.751842 0
    outer loop
      vertex -57.6175 16.5867 15
      vertex -57.8142 16.4142 37
      vertex -57.6175 16.5867 37
    endloop
  endfacet
  facet normal -0.659343 0.751842 0
    outer loop
      vertex -57.8142 16.4142 37
      vertex -57.6175 16.5867 15
      vertex -57.8142 16.4142 15
    endloop
  endfacet
  facet normal -0.321382 0.94695 0
    outer loop
      vertex -56.9176 16.9319 15
      vertex -57.1654 16.8478 37
      vertex -56.9176 16.9319 37
    endloop
  endfacet
  facet normal -0.321382 0.94695 0
    outer loop
      vertex -57.1654 16.8478 37
      vertex -56.9176 16.9319 15
      vertex -57.1654 16.8478 15
    endloop
  endfacet
  facet normal 0.195013 -0.980801 0
    outer loop
      vertex -56.1389 13.0171 15
      vertex -55.8824 13.0681 37
      vertex -56.1389 13.0171 37
    endloop
  endfacet
  facet normal 0.195013 -0.980801 0
    outer loop
      vertex -55.8824 13.0681 37
      vertex -56.1389 13.0171 15
      vertex -55.8824 13.0681 15
    endloop
  endfacet
  facet normal 0.89686 -0.442314 0
    outer loop
      vertex -54.6679 14 37
      vertex -54.5522 14.2346 15
      vertex -54.5522 14.2346 37
    endloop
  endfacet
  facet normal 0.89686 -0.442314 0
    outer loop
      vertex -54.5522 14.2346 15
      vertex -54.6679 14 37
      vertex -54.6679 14 15
    endloop
  endfacet
  facet normal 0.659343 -0.751842 0
    outer loop
      vertex -55.1825 13.4133 15
      vertex -54.9858 13.5858 37
      vertex -55.1825 13.4133 37
    endloop
  endfacet
  facet normal 0.659343 -0.751842 0
    outer loop
      vertex -54.9858 13.5858 37
      vertex -55.1825 13.4133 15
      vertex -54.9858 13.5858 15
    endloop
  endfacet
  facet normal -0.195013 -0.980801 0
    outer loop
      vertex -56.9176 13.0681 15
      vertex -56.6611 13.0171 37
      vertex -56.9176 13.0681 37
    endloop
  endfacet
  facet normal -0.195013 -0.980801 -0
    outer loop
      vertex -56.6611 13.0171 37
      vertex -56.9176 13.0681 15
      vertex -56.6611 13.0171 15
    endloop
  endfacet
  facet normal -0.94695 0.321382 0
    outer loop
      vertex -58.3319 15.5176 15
      vertex -58.2478 15.7654 37
      vertex -58.2478 15.7654 15
    endloop
  endfacet
  facet normal -0.94695 0.321382 0
    outer loop
      vertex -58.2478 15.7654 37
      vertex -58.3319 15.5176 15
      vertex -58.3319 15.5176 37
    endloop
  endfacet
  facet normal 0.997862 -0.0653521 0
    outer loop
      vertex -54.4171 14.7389 37
      vertex -54.4 15 15
      vertex -54.4 15 37
    endloop
  endfacet
  facet normal 0.997862 -0.0653521 0
    outer loop
      vertex -54.4 15 15
      vertex -54.4171 14.7389 37
      vertex -54.4171 14.7389 15
    endloop
  endfacet
  facet normal 0.659343 0.751842 -0
    outer loop
      vertex -54.9858 16.4142 15
      vertex -55.1825 16.5867 37
      vertex -54.9858 16.4142 37
    endloop
  endfacet
  facet normal 0.659343 0.751842 0
    outer loop
      vertex -55.1825 16.5867 37
      vertex -54.9858 16.4142 15
      vertex -55.1825 16.5867 15
    endloop
  endfacet
  facet normal -0.195013 0.980801 0
    outer loop
      vertex -56.6611 16.9829 15
      vertex -56.9176 16.9319 37
      vertex -56.6611 16.9829 37
    endloop
  endfacet
  facet normal -0.195013 0.980801 0
    outer loop
      vertex -56.9176 16.9319 37
      vertex -56.6611 16.9829 15
      vertex -56.9176 16.9319 15
    endloop
  endfacet
  facet normal -0.555494 0.831521 0
    outer loop
      vertex -57.4 16.732 15
      vertex -57.6175 16.5867 37
      vertex -57.4 16.732 37
    endloop
  endfacet
  facet normal -0.555494 0.831521 0
    outer loop
      vertex -57.6175 16.5867 37
      vertex -57.4 16.732 15
      vertex -57.6175 16.5867 15
    endloop
  endfacet
  facet normal 0.89686 0.442314 0
    outer loop
      vertex -54.5522 15.7654 37
      vertex -54.6679 16 15
      vertex -54.6679 16 37
    endloop
  endfacet
  facet normal 0.89686 0.442314 0
    outer loop
      vertex -54.6679 16 15
      vertex -54.5522 15.7654 37
      vertex -54.5522 15.7654 15
    endloop
  endfacet
  facet normal 0.442621 0.896709 -0
    outer loop
      vertex -55.4 16.732 15
      vertex -55.6346 16.8478 37
      vertex -55.4 16.732 37
    endloop
  endfacet
  facet normal 0.442621 0.896709 0
    outer loop
      vertex -55.6346 16.8478 37
      vertex -55.4 16.732 15
      vertex -55.6346 16.8478 15
    endloop
  endfacet
  facet normal -0.831521 -0.555494 0
    outer loop
      vertex -57.9867 13.7825 15
      vertex -58.132 14 37
      vertex -58.132 14 15
    endloop
  endfacet
  facet normal -0.831521 -0.555494 0
    outer loop
      vertex -58.132 14 37
      vertex -57.9867 13.7825 15
      vertex -57.9867 13.7825 37
    endloop
  endfacet
  facet normal 0.751842 0.659343 0
    outer loop
      vertex -54.8133 16.2175 37
      vertex -54.9858 16.4142 15
      vertex -54.9858 16.4142 37
    endloop
  endfacet
  facet normal 0.751842 0.659343 0
    outer loop
      vertex -54.9858 16.4142 15
      vertex -54.8133 16.2175 37
      vertex -54.8133 16.2175 15
    endloop
  endfacet
  facet normal -0.94695 -0.321382 0
    outer loop
      vertex -58.2478 14.2346 15
      vertex -58.3319 14.4824 37
      vertex -58.3319 14.4824 15
    endloop
  endfacet
  facet normal -0.94695 -0.321382 0
    outer loop
      vertex -58.3319 14.4824 37
      vertex -58.2478 14.2346 15
      vertex -58.2478 14.2346 37
    endloop
  endfacet
  facet normal 0.555758 -0.831344 0
    outer loop
      vertex -55.4 13.2679 15
      vertex -55.1825 13.4133 37
      vertex -55.4 13.2679 37
    endloop
  endfacet
  facet normal 0.555758 -0.831344 0
    outer loop
      vertex -55.1825 13.4133 37
      vertex -55.4 13.2679 15
      vertex -55.1825 13.4133 15
    endloop
  endfacet
  facet normal 0.321382 -0.94695 0
    outer loop
      vertex -55.8824 13.0681 15
      vertex -55.6346 13.1522 37
      vertex -55.8824 13.0681 37
    endloop
  endfacet
  facet normal 0.321382 -0.94695 0
    outer loop
      vertex -55.6346 13.1522 37
      vertex -55.8824 13.0681 15
      vertex -55.6346 13.1522 15
    endloop
  endfacet
  facet normal 0.831344 0.555758 0
    outer loop
      vertex -54.6679 16 37
      vertex -54.8133 16.2175 15
      vertex -54.8133 16.2175 37
    endloop
  endfacet
  facet normal 0.831344 0.555758 0
    outer loop
      vertex -54.8133 16.2175 15
      vertex -54.6679 16 37
      vertex -54.6679 16 15
    endloop
  endfacet
  facet normal -0.896709 -0.442621 0
    outer loop
      vertex -58.132 14 15
      vertex -58.2478 14.2346 37
      vertex -58.2478 14.2346 15
    endloop
  endfacet
  facet normal -0.896709 -0.442621 0
    outer loop
      vertex -58.2478 14.2346 37
      vertex -58.132 14 15
      vertex -58.132 14 37
    endloop
  endfacet
  facet normal -0.997862 0.0653521 0
    outer loop
      vertex -58.4 15 15
      vertex -58.3829 15.2611 37
      vertex -58.3829 15.2611 15
    endloop
  endfacet
  facet normal -0.997862 0.0653521 0
    outer loop
      vertex -58.3829 15.2611 37
      vertex -58.4 15 15
      vertex -58.4 15 37
    endloop
  endfacet
  facet normal -0.980801 0.195013 0
    outer loop
      vertex -58.3829 15.2611 15
      vertex -58.3319 15.5176 37
      vertex -58.3319 15.5176 15
    endloop
  endfacet
  facet normal -0.980801 0.195013 0
    outer loop
      vertex -58.3319 15.5176 37
      vertex -58.3829 15.2611 15
      vertex -58.3829 15.2611 37
    endloop
  endfacet
  facet normal -0.0653521 -0.997862 0
    outer loop
      vertex -56.6611 13.0171 15
      vertex -56.4 13 37
      vertex -56.6611 13.0171 37
    endloop
  endfacet
  facet normal -0.0653521 -0.997862 -0
    outer loop
      vertex -56.4 13 37
      vertex -56.6611 13.0171 15
      vertex -56.4 13 15
    endloop
  endfacet
  facet normal -0.831521 0.555494 0
    outer loop
      vertex -58.132 16 15
      vertex -57.9867 16.2175 37
      vertex -57.9867 16.2175 15
    endloop
  endfacet
  facet normal -0.831521 0.555494 0
    outer loop
      vertex -57.9867 16.2175 37
      vertex -58.132 16 15
      vertex -58.132 16 37
    endloop
  endfacet
  facet normal 0.94695 -0.321382 0
    outer loop
      vertex -54.5522 14.2346 37
      vertex -54.4681 14.4824 15
      vertex -54.4681 14.4824 37
    endloop
  endfacet
  facet normal 0.94695 -0.321382 0
    outer loop
      vertex -54.4681 14.4824 15
      vertex -54.5522 14.2346 37
      vertex -54.5522 14.2346 15
    endloop
  endfacet
  facet normal 0.321382 0.94695 -0
    outer loop
      vertex -55.6346 16.8478 15
      vertex -55.8824 16.9319 37
      vertex -55.6346 16.8478 37
    endloop
  endfacet
  facet normal 0.321382 0.94695 0
    outer loop
      vertex -55.8824 16.9319 37
      vertex -55.6346 16.8478 15
      vertex -55.8824 16.9319 15
    endloop
  endfacet
  facet normal -0.896709 0.442621 0
    outer loop
      vertex -58.2478 15.7654 15
      vertex -58.132 16 37
      vertex -58.132 16 15
    endloop
  endfacet
  facet normal -0.896709 0.442621 0
    outer loop
      vertex -58.132 16 37
      vertex -58.2478 15.7654 15
      vertex -58.2478 15.7654 37
    endloop
  endfacet
  facet normal 0.980801 -0.195013 0
    outer loop
      vertex -54.4681 14.4824 37
      vertex -54.4171 14.7389 15
      vertex -54.4171 14.7389 37
    endloop
  endfacet
  facet normal 0.980801 -0.195013 0
    outer loop
      vertex -54.4171 14.7389 15
      vertex -54.4681 14.4824 37
      vertex -54.4681 14.4824 15
    endloop
  endfacet
  facet normal -0.0653521 0.997862 0
    outer loop
      vertex -56.4 17 15
      vertex -56.6611 16.9829 37
      vertex -56.4 17 37
    endloop
  endfacet
  facet normal -0.0653521 0.997862 0
    outer loop
      vertex -56.6611 16.9829 37
      vertex -56.4 17 15
      vertex -56.6611 16.9829 15
    endloop
  endfacet
  facet normal -0.980801 -0.195013 0
    outer loop
      vertex -58.3319 14.4824 15
      vertex -58.3829 14.7389 37
      vertex -58.3829 14.7389 15
    endloop
  endfacet
  facet normal -0.980801 -0.195013 0
    outer loop
      vertex -58.3829 14.7389 37
      vertex -58.3319 14.4824 15
      vertex -58.3319 14.4824 37
    endloop
  endfacet
  facet normal -0.997862 -0.0653521 0
    outer loop
      vertex -58.3829 14.7389 15
      vertex -58.4 15 37
      vertex -58.4 15 15
    endloop
  endfacet
  facet normal -0.997862 -0.0653521 0
    outer loop
      vertex -58.4 15 37
      vertex -58.3829 14.7389 15
      vertex -58.3829 14.7389 37
    endloop
  endfacet
  facet normal -0.751842 -0.659343 0
    outer loop
      vertex -57.8142 13.5858 15
      vertex -57.9867 13.7825 37
      vertex -57.9867 13.7825 15
    endloop
  endfacet
  facet normal -0.751842 -0.659343 0
    outer loop
      vertex -57.9867 13.7825 37
      vertex -57.8142 13.5858 15
      vertex -57.8142 13.5858 37
    endloop
  endfacet
  facet normal 0.0653521 0.997862 -0
    outer loop
      vertex -56.1389 16.9829 15
      vertex -56.4 17 37
      vertex -56.1389 16.9829 37
    endloop
  endfacet
  facet normal 0.0653521 0.997862 0
    outer loop
      vertex -56.4 17 37
      vertex -56.1389 16.9829 15
      vertex -56.4 17 15
    endloop
  endfacet
  facet normal 0.195013 0.980801 -0
    outer loop
      vertex -55.8824 16.9319 15
      vertex -56.1389 16.9829 37
      vertex -55.8824 16.9319 37
    endloop
  endfacet
  facet normal 0.195013 0.980801 0
    outer loop
      vertex -56.1389 16.9829 37
      vertex -55.8824 16.9319 15
      vertex -56.1389 16.9829 15
    endloop
  endfacet
  facet normal -0.442621 0.896709 0
    outer loop
      vertex -57.1654 16.8478 15
      vertex -57.4 16.732 37
      vertex -57.1654 16.8478 37
    endloop
  endfacet
  facet normal -0.442621 0.896709 0
    outer loop
      vertex -57.4 16.732 37
      vertex -57.1654 16.8478 15
      vertex -57.4 16.732 15
    endloop
  endfacet
  facet normal 0 0 -1
    outer loop
      vertex -54.4171 14.7389 15
      vertex -54.4171 15.2611 15
      vertex -54.4 15 15
    endloop
  endfacet
  facet normal 0 0 -1
    outer loop
      vertex -54.4681 14.4824 15
      vertex -54.4171 15.2611 15
      vertex -54.4171 14.7389 15
    endloop
  endfacet
  facet normal 0 0 -1
    outer loop
      vertex -54.4681 14.4824 15
      vertex -54.4681 15.5176 15
      vertex -54.4171 15.2611 15
    endloop
  endfacet
  facet normal 0 0 -1
    outer loop
      vertex -54.5522 14.2346 15
      vertex -54.4681 15.5176 15
      vertex -54.4681 14.4824 15
    endloop
  endfacet
  facet normal 0 0 -1
    outer loop
      vertex -54.5522 14.2346 15
      vertex -54.5522 15.7654 15
      vertex -54.4681 15.5176 15
    endloop
  endfacet
  facet normal 0 0 -1
    outer loop
      vertex -54.6679 14 15
      vertex -54.5522 15.7654 15
      vertex -54.5522 14.2346 15
    endloop
  endfacet
  facet normal 0 0 -1
    outer loop
      vertex -54.6679 14 15
      vertex -54.6679 16 15
      vertex -54.5522 15.7654 15
    endloop
  endfacet
  facet normal 0 0 -1
    outer loop
      vertex -54.8133 13.7825 15
      vertex -54.6679 16 15
      vertex -54.6679 14 15
    endloop
  endfacet
  facet normal 0 0 -1
    outer loop
      vertex -54.8133 13.7825 15
      vertex -54.8133 16.2175 15
      vertex -54.6679 16 15
    endloop
  endfacet
  facet normal 0 0 -1
    outer loop
      vertex -54.9858 13.5858 15
      vertex -54.8133 16.2175 15
      vertex -54.8133 13.7825 15
    endloop
  endfacet
  facet normal 0 0 -1
    outer loop
      vertex -54.9858 13.5858 15
      vertex -54.9858 16.4142 15
      vertex -54.8133 16.2175 15
    endloop
  endfacet
  facet normal 0 0 -1
    outer loop
      vertex -55.1825 13.4133 15
      vertex -54.9858 16.4142 15
      vertex -54.9858 13.5858 15
    endloop
  endfacet
  facet normal 0 0 -1
    outer loop
      vertex -55.1825 13.4133 15
      vertex -55.1825 16.5867 15
      vertex -54.9858 16.4142 15
    endloop
  endfacet
  facet normal 0 0 -1
    outer loop
      vertex -55.4 13.2679 15
      vertex -55.1825 16.5867 15
      vertex -55.1825 13.4133 15
    endloop
  endfacet
  facet normal 0 0 -1
    outer loop
      vertex -55.4 13.2679 15
      vertex -55.4 16.732 15
      vertex -55.1825 16.5867 15
    endloop
  endfacet
  facet normal 0 0 -1
    outer loop
      vertex -55.6346 13.1522 15
      vertex -55.4 16.732 15
      vertex -55.4 13.2679 15
    endloop
  endfacet
  facet normal 0 0 -1
    outer loop
      vertex -55.6346 13.1522 15
      vertex -55.6346 16.8478 15
      vertex -55.4 16.732 15
    endloop
  endfacet
  facet normal 0 0 -1
    outer loop
      vertex -55.8824 13.0681 15
      vertex -55.6346 16.8478 15
      vertex -55.6346 13.1522 15
    endloop
  endfacet
  facet normal 0 0 -1
    outer loop
      vertex -55.8824 13.0681 15
      vertex -55.8824 16.9319 15
      vertex -55.6346 16.8478 15
    endloop
  endfacet
  facet normal 0 0 -1
    outer loop
      vertex -56.1389 13.0171 15
      vertex -55.8824 16.9319 15
      vertex -55.8824 13.0681 15
    endloop
  endfacet
  facet normal 0 0 -1
    outer loop
      vertex -56.1389 13.0171 15
      vertex -56.1389 16.9829 15
      vertex -55.8824 16.9319 15
    endloop
  endfacet
  facet normal 0 0 -1
    outer loop
      vertex -56.4 13 15
      vertex -56.1389 16.9829 15
      vertex -56.1389 13.0171 15
    endloop
  endfacet
  facet normal 0 0 -1
    outer loop
      vertex -56.4 13 15
      vertex -56.4 17 15
      vertex -56.1389 16.9829 15
    endloop
  endfacet
  facet normal 0 0 -1
    outer loop
      vertex -56.6611 13.0171 15
      vertex -56.4 17 15
      vertex -56.4 13 15
    endloop
  endfacet
  facet normal 0 0 -1
    outer loop
      vertex -56.6611 13.0171 15
      vertex -56.6611 16.9829 15
      vertex -56.4 17 15
    endloop
  endfacet
  facet normal 0 0 -1
    outer loop
      vertex -56.9176 13.0681 15
      vertex -56.6611 16.9829 15
      vertex -56.6611 13.0171 15
    endloop
  endfacet
  facet normal 0 0 -1
    outer loop
      vertex -56.9176 13.0681 15
      vertex -56.9176 16.9319 15
      vertex -56.6611 16.9829 15
    endloop
  endfacet
  facet normal 0 0 -1
    outer loop
      vertex -57.1654 13.1522 15
      vertex -56.9176 16.9319 15
      vertex -56.9176 13.0681 15
    endloop
  endfacet
  facet normal 0 0 -1
    outer loop
      vertex -57.1654 13.1522 15
      vertex -57.1654 16.8478 15
      vertex -56.9176 16.9319 15
    endloop
  endfacet
  facet normal 0 0 -1
    outer loop
      vertex -57.4 13.2679 15
      vertex -57.1654 16.8478 15
      vertex -57.1654 13.1522 15
    endloop
  endfacet
  facet normal 0 0 -1
    outer loop
      vertex -57.4 13.2679 15
      vertex -57.4 16.732 15
      vertex -57.1654 16.8478 15
    endloop
  endfacet
  facet normal 0 0 -1
    outer loop
      vertex -57.6175 13.4133 15
      vertex -57.4 16.732 15
      vertex -57.4 13.2679 15
    endloop
  endfacet
  facet normal 0 0 -1
    outer loop
      vertex -57.6175 13.4133 15
      vertex -57.6175 16.5867 15
      vertex -57.4 16.732 15
    endloop
  endfacet
  facet normal 0 0 -1
    outer loop
      vertex -57.8142 13.5858 15
      vertex -57.6175 16.5867 15
      vertex -57.6175 13.4133 15
    endloop
  endfacet
  facet normal 0 0 -1
    outer loop
      vertex -57.8142 13.5858 15
      vertex -57.8142 16.4142 15
      vertex -57.6175 16.5867 15
    endloop
  endfacet
  facet normal 0 0 -1
    outer loop
      vertex -57.9867 13.7825 15
      vertex -57.8142 16.4142 15
      vertex -57.8142 13.5858 15
    endloop
  endfacet
  facet normal 0 0 -1
    outer loop
      vertex -57.9867 13.7825 15
      vertex -57.9867 16.2175 15
      vertex -57.8142 16.4142 15
    endloop
  endfacet
  facet normal 0 0 -1
    outer loop
      vertex -58.132 14 15
      vertex -57.9867 16.2175 15
      vertex -57.9867 13.7825 15
    endloop
  endfacet
  facet normal 0 0 -1
    outer loop
      vertex -58.132 14 15
      vertex -58.132 16 15
      vertex -57.9867 16.2175 15
    endloop
  endfacet
  facet normal 0 0 -1
    outer loop
      vertex -58.2478 14.2346 15
      vertex -58.132 16 15
      vertex -58.132 14 15
    endloop
  endfacet
  facet normal 0 0 -1
    outer loop
      vertex -58.2478 14.2346 15
      vertex -58.2478 15.7654 15
      vertex -58.132 16 15
    endloop
  endfacet
  facet normal 0 0 -1
    outer loop
      vertex -58.3319 14.4824 15
      vertex -58.2478 15.7654 15
      vertex -58.2478 14.2346 15
    endloop
  endfacet
  facet normal 0 0 -1
    outer loop
      vertex -58.3319 14.4824 15
      vertex -58.3319 15.5176 15
      vertex -58.2478 15.7654 15
    endloop
  endfacet
  facet normal 0 0 -1
    outer loop
      vertex -58.3829 14.7389 15
      vertex -58.3319 15.5176 15
      vertex -58.3319 14.4824 15
    endloop
  endfacet
  facet normal 0 0 -1
    outer loop
      vertex -58.3829 14.7389 15
      vertex -58.3829 15.2611 15
      vertex -58.3319 15.5176 15
    endloop
  endfacet
  facet normal 0 -0 -1
    outer loop
      vertex -58.3829 15.2611 15
      vertex -58.3829 14.7389 15
      vertex -58.4 15 15
    endloop
  endfacet
  facet normal -0.555758 -0.831344 0
    outer loop
      vertex -57.6175 13.4133 15
      vertex -57.4 13.2679 37
      vertex -57.6175 13.4133 37
    endloop
  endfacet
  facet normal -0.555758 -0.831344 -0
    outer loop
      vertex -57.4 13.2679 37
      vertex -57.6175 13.4133 15
      vertex -57.4 13.2679 15
    endloop
  endfacet
  facet normal 0.980801 0.195013 0
    outer loop
      vertex -19.4838 15.2611 37
      vertex -19.5348 15.5176 15
      vertex -19.5348 15.5176 37
    endloop
  endfacet
  facet normal 0.980801 0.195013 0
    outer loop
      vertex -19.5348 15.5176 15
      vertex -19.4838 15.2611 37
      vertex -19.4838 15.2611 15
    endloop
  endfacet
  facet normal 0.997862 0.0653521 0
    outer loop
      vertex -19.4667 15 37
      vertex -19.4838 15.2611 15
      vertex -19.4838 15.2611 37
    endloop
  endfacet
  facet normal 0.997862 0.0653521 0
    outer loop
      vertex -19.4838 15.2611 15
      vertex -19.4667 15 37
      vertex -19.4667 15 15
    endloop
  endfacet
  facet normal 0.94695 0.321382 0
    outer loop
      vertex -19.5348 15.5176 37
      vertex -19.6189 15.7654 15
      vertex -19.6189 15.7654 37
    endloop
  endfacet
  facet normal 0.94695 0.321382 0
    outer loop
      vertex -19.6189 15.7654 15
      vertex -19.5348 15.5176 37
      vertex -19.5348 15.5176 15
    endloop
  endfacet
  facet normal 0.831344 -0.555758 0
    outer loop
      vertex -19.88 13.7825 37
      vertex -19.7346 14 15
      vertex -19.7346 14 37
    endloop
  endfacet
  facet normal 0.831344 -0.555758 0
    outer loop
      vertex -19.7346 14 15
      vertex -19.88 13.7825 37
      vertex -19.88 13.7825 15
    endloop
  endfacet
  facet normal 0.831344 0.555758 0
    outer loop
      vertex -19.7346 16 37
      vertex -19.88 16.2175 15
      vertex -19.88 16.2175 37
    endloop
  endfacet
  facet normal 0.831344 0.555758 0
    outer loop
      vertex -19.88 16.2175 15
      vertex -19.7346 16 37
      vertex -19.7346 16 15
    endloop
  endfacet
  facet normal -0.89686 -0.442314 0
    outer loop
      vertex -23.1987 14 15
      vertex -23.3144 14.2346 37
      vertex -23.3144 14.2346 15
    endloop
  endfacet
  facet normal -0.89686 -0.442314 0
    outer loop
      vertex -23.3144 14.2346 37
      vertex -23.1987 14 15
      vertex -23.1987 14 37
    endloop
  endfacet
  facet normal 0.89686 0.442314 0
    outer loop
      vertex -19.6189 15.7654 37
      vertex -19.7346 16 15
      vertex -19.7346 16 37
    endloop
  endfacet
  facet normal 0.89686 0.442314 0
    outer loop
      vertex -19.7346 16 15
      vertex -19.6189 15.7654 37
      vertex -19.6189 15.7654 15
    endloop
  endfacet
  facet normal -0.442162 -0.896935 0
    outer loop
      vertex -22.4667 13.2679 15
      vertex -22.232 13.1522 32
      vertex -22.4667 13.2679 32
    endloop
  endfacet
  facet normal -0.442162 -0.896935 -0
    outer loop
      vertex -22.232 13.1522 32
      vertex -22.4667 13.2679 15
      vertex -22.232 13.1522 15
    endloop
  endfacet
  facet normal -0.194684 -0.980866 -0
    outer loop
      vertex -21.9843 13.0681 32
      vertex -21.9843 13.0681 15
      vertex -21.7999 13.0315 32
    endloop
  endfacet
  facet normal -0.195594 -0.980685 0
    outer loop
      vertex -21.7999 13.0315 32
      vertex -21.7277 13.0171 37
      vertex -21.7999 13.0315 37
    endloop
  endfacet
  facet normal -0.19494 -0.980815 2.887e-06
    outer loop
      vertex -21.7277 13.0171 15
      vertex -21.7999 13.0315 32
      vertex -21.9843 13.0681 15
    endloop
  endfacet
  facet normal -0.195594 -0.980685 0
    outer loop
      vertex -21.7999 13.0315 32
      vertex -21.7277 13.0171 15
      vertex -21.7277 13.0171 37
    endloop
  endfacet
  facet normal 0.751842 0.659343 0
    outer loop
      vertex -19.88 16.2175 37
      vertex -20.0525 16.4142 15
      vertex -20.0525 16.4142 37
    endloop
  endfacet
  facet normal 0.751842 0.659343 0
    outer loop
      vertex -20.0525 16.4142 15
      vertex -19.88 16.2175 37
      vertex -19.88 16.2175 15
    endloop
  endfacet
  facet normal -0.89686 0.442314 0
    outer loop
      vertex -23.3144 15.7654 15
      vertex -23.1987 16 37
      vertex -23.1987 16 15
    endloop
  endfacet
  facet normal -0.89686 0.442314 0
    outer loop
      vertex -23.1987 16 37
      vertex -23.3144 15.7654 15
      vertex -23.3144 15.7654 37
    endloop
  endfacet
  facet normal 0.0653521 0.997862 -0
    outer loop
      vertex -21.2056 16.9829 15
      vertex -21.4667 17 37
      vertex -21.2056 16.9829 37
    endloop
  endfacet
  facet normal 0.0653521 0.997862 0
    outer loop
      vertex -21.4667 17 37
      vertex -21.2056 16.9829 15
      vertex -21.4667 17 15
    endloop
  endfacet
  facet normal -0.442469 0.896784 0
    outer loop
      vertex -22.232 16.8478 15
      vertex -22.4667 16.732 37
      vertex -22.232 16.8478 37
    endloop
  endfacet
  facet normal -0.442469 0.896784 0
    outer loop
      vertex -22.4667 16.732 37
      vertex -22.232 16.8478 15
      vertex -22.4667 16.732 15
    endloop
  endfacet
  facet normal 0.0653521 -0.997862 0
    outer loop
      vertex -21.4667 13 15
      vertex -21.2056 13.0171 37
      vertex -21.4667 13 37
    endloop
  endfacet
  facet normal 0.0653521 -0.997862 0
    outer loop
      vertex -21.2056 13.0171 37
      vertex -21.4667 13 15
      vertex -21.2056 13.0171 15
    endloop
  endfacet
  facet normal -0.751842 0.659343 0
    outer loop
      vertex -23.0534 16.2175 15
      vertex -22.8809 16.4142 37
      vertex -22.8809 16.4142 15
    endloop
  endfacet
  facet normal -0.751842 0.659343 0
    outer loop
      vertex -22.8809 16.4142 37
      vertex -23.0534 16.2175 15
      vertex -23.0534 16.2175 37
    endloop
  endfacet
  facet normal -0.751842 -0.659343 0
    outer loop
      vertex -22.8809 13.5858 15
      vertex -23.0534 13.7825 32
      vertex -23.0534 13.7825 15
    endloop
  endfacet
  facet normal -0.751842 -0.659343 0
    outer loop
      vertex -23.0534 13.7825 32
      vertex -22.8809 13.5858 15
      vertex -22.8809 13.5858 32
    endloop
  endfacet
  facet normal -0.659343 0.751842 0
    outer loop
      vertex -22.6842 16.5867 15
      vertex -22.8809 16.4142 37
      vertex -22.6842 16.5867 37
    endloop
  endfacet
  facet normal -0.659343 0.751842 0
    outer loop
      vertex -22.8809 16.4142 37
      vertex -22.6842 16.5867 15
      vertex -22.8809 16.4142 15
    endloop
  endfacet
  facet normal -0.831514 -0.555504 0
    outer loop
      vertex -23.1987 14 15
      vertex -23.1031 13.8569 32
      vertex -23.1987 14 37
    endloop
  endfacet
  facet normal -0.831521 -0.555494 1.28186e-07
    outer loop
      vertex -23.0534 13.7825 15
      vertex -23.1031 13.8569 32
      vertex -23.1987 14 15
    endloop
  endfacet
  facet normal -0.831534 -0.555474 0
    outer loop
      vertex -23.1031 13.8569 32
      vertex -23.0534 13.7825 15
      vertex -23.0534 13.7825 32
    endloop
  endfacet
  facet normal -0.831514 -0.555504 0
    outer loop
      vertex -23.1987 14 37
      vertex -23.1031 13.8569 32
      vertex -23.1031 13.8569 37
    endloop
  endfacet
  facet normal -0.321498 0.94691 0
    outer loop
      vertex -21.9843 16.9319 15
      vertex -22.232 16.8478 37
      vertex -21.9843 16.9319 37
    endloop
  endfacet
  facet normal -0.321498 0.94691 0
    outer loop
      vertex -22.232 16.8478 37
      vertex -21.9843 16.9319 15
      vertex -22.232 16.8478 15
    endloop
  endfacet
  facet normal 0.19494 0.980815 -0
    outer loop
      vertex -20.949 16.9319 15
      vertex -21.2056 16.9829 37
      vertex -20.949 16.9319 37
    endloop
  endfacet
  facet normal 0.19494 0.980815 0
    outer loop
      vertex -21.2056 16.9829 37
      vertex -20.949 16.9319 15
      vertex -21.2056 16.9829 15
    endloop
  endfacet
  facet normal 0.321498 0.94691 -0
    outer loop
      vertex -20.7013 16.8478 15
      vertex -20.949 16.9319 37
      vertex -20.7013 16.8478 37
    endloop
  endfacet
  facet normal 0.321498 0.94691 0
    outer loop
      vertex -20.949 16.9319 37
      vertex -20.7013 16.8478 15
      vertex -20.949 16.9319 15
    endloop
  endfacet
  facet normal 0.997862 -0.0653521 0
    outer loop
      vertex -19.4838 14.7389 37
      vertex -19.4667 15 15
      vertex -19.4667 15 37
    endloop
  endfacet
  facet normal 0.997862 -0.0653521 0
    outer loop
      vertex -19.4667 15 15
      vertex -19.4838 14.7389 37
      vertex -19.4838 14.7389 15
    endloop
  endfacet
  facet normal 0.555582 -0.831462 0
    outer loop
      vertex -20.4667 13.2679 15
      vertex -20.2491 13.4133 37
      vertex -20.4667 13.2679 37
    endloop
  endfacet
  facet normal 0.555582 -0.831462 0
    outer loop
      vertex -20.2491 13.4133 37
      vertex -20.4667 13.2679 15
      vertex -20.2491 13.4133 15
    endloop
  endfacet
  facet normal 0.321498 -0.94691 0
    outer loop
      vertex -20.949 13.0681 15
      vertex -20.7013 13.1522 37
      vertex -20.949 13.0681 37
    endloop
  endfacet
  facet normal 0.321498 -0.94691 0
    outer loop
      vertex -20.7013 13.1522 37
      vertex -20.949 13.0681 15
      vertex -20.7013 13.1522 15
    endloop
  endfacet
  facet normal -0.980727 0.195381 0
    outer loop
      vertex -23.4496 15.2611 15
      vertex -23.3985 15.5176 37
      vertex -23.3985 15.5176 15
    endloop
  endfacet
  facet normal -0.980727 0.195381 0
    outer loop
      vertex -23.3985 15.5176 37
      vertex -23.4496 15.2611 15
      vertex -23.4496 15.2611 37
    endloop
  endfacet
  facet normal 0.442314 -0.89686 0
    outer loop
      vertex -20.7013 13.1522 15
      vertex -20.4667 13.2679 37
      vertex -20.7013 13.1522 37
    endloop
  endfacet
  facet normal 0.442314 -0.89686 0
    outer loop
      vertex -20.4667 13.2679 37
      vertex -20.7013 13.1522 15
      vertex -20.4667 13.2679 15
    endloop
  endfacet
  facet normal 0.19494 -0.980815 0
    outer loop
      vertex -21.2056 13.0171 15
      vertex -20.949 13.0681 37
      vertex -21.2056 13.0171 37
    endloop
  endfacet
  facet normal 0.19494 -0.980815 0
    outer loop
      vertex -20.949 13.0681 37
      vertex -21.2056 13.0171 15
      vertex -20.949 13.0681 15
    endloop
  endfacet
  facet normal 0.555317 0.831638 -0
    outer loop
      vertex -20.2491 16.5867 15
      vertex -20.4667 16.732 37
      vertex -20.2491 16.5867 37
    endloop
  endfacet
  facet normal 0.555317 0.831638 0
    outer loop
      vertex -20.4667 16.732 37
      vertex -20.2491 16.5867 15
      vertex -20.4667 16.732 15
    endloop
  endfacet
  facet normal 0.442621 0.896709 -0
    outer loop
      vertex -20.4667 16.732 15
      vertex -20.7013 16.8478 37
      vertex -20.4667 16.732 37
    endloop
  endfacet
  facet normal 0.442621 0.896709 0
    outer loop
      vertex -20.7013 16.8478 37
      vertex -20.4667 16.732 15
      vertex -20.7013 16.8478 15
    endloop
  endfacet
  facet normal -0.94695 0.321382 0
    outer loop
      vertex -23.3985 15.5176 15
      vertex -23.3144 15.7654 37
      vertex -23.3144 15.7654 15
    endloop
  endfacet
  facet normal -0.94695 0.321382 0
    outer loop
      vertex -23.3144 15.7654 37
      vertex -23.3985 15.5176 15
      vertex -23.3985 15.5176 37
    endloop
  endfacet
  facet normal 0.659533 -0.751676 0
    outer loop
      vertex -20.2491 13.4133 15
      vertex -20.0525 13.5858 37
      vertex -20.2491 13.4133 37
    endloop
  endfacet
  facet normal 0.659533 -0.751676 0
    outer loop
      vertex -20.0525 13.5858 37
      vertex -20.2491 13.4133 15
      vertex -20.0525 13.5858 15
    endloop
  endfacet
  facet normal -0.0653771 -0.997861 0
    outer loop
      vertex -21.7277 13.0171 15
      vertex -21.4667 13 37
      vertex -21.7277 13.0171 37
    endloop
  endfacet
  facet normal -0.0653771 -0.997861 -0
    outer loop
      vertex -21.4667 13 37
      vertex -21.7277 13.0171 15
      vertex -21.4667 13 15
    endloop
  endfacet
  facet normal -0.321498 -0.94691 0
    outer loop
      vertex -22.232 13.1522 15
      vertex -21.9843 13.0681 32
      vertex -22.232 13.1522 32
    endloop
  endfacet
  facet normal -0.321498 -0.94691 -0
    outer loop
      vertex -21.9843 13.0681 32
      vertex -22.232 13.1522 15
      vertex -21.9843 13.0681 15
    endloop
  endfacet
  facet normal -0.997862 -0.0653521 0
    outer loop
      vertex -23.4496 14.7389 15
      vertex -23.4667 15 37
      vertex -23.4667 15 15
    endloop
  endfacet
  facet normal -0.997862 -0.0653521 0
    outer loop
      vertex -23.4667 15 37
      vertex -23.4496 14.7389 15
      vertex -23.4496 14.7389 37
    endloop
  endfacet
  facet normal -0.831521 0.555494 0
    outer loop
      vertex -23.1987 16 15
      vertex -23.0534 16.2175 37
      vertex -23.0534 16.2175 15
    endloop
  endfacet
  facet normal -0.831521 0.555494 0
    outer loop
      vertex -23.0534 16.2175 37
      vertex -23.1987 16 15
      vertex -23.1987 16 37
    endloop
  endfacet
  facet normal 0.89686 -0.442314 0
    outer loop
      vertex -19.7346 14 37
      vertex -19.6189 14.2346 15
      vertex -19.6189 14.2346 37
    endloop
  endfacet
  facet normal 0.89686 -0.442314 0
    outer loop
      vertex -19.6189 14.2346 15
      vertex -19.7346 14 37
      vertex -19.7346 14 15
    endloop
  endfacet
  facet normal -0.0653771 0.997861 0
    outer loop
      vertex -21.4667 17 15
      vertex -21.7277 16.9829 37
      vertex -21.4667 17 37
    endloop
  endfacet
  facet normal -0.0653771 0.997861 0
    outer loop
      vertex -21.7277 16.9829 37
      vertex -21.4667 17 15
      vertex -21.7277 16.9829 15
    endloop
  endfacet
  facet normal 0.94695 -0.321382 0
    outer loop
      vertex -19.6189 14.2346 37
      vertex -19.5348 14.4824 15
      vertex -19.5348 14.4824 37
    endloop
  endfacet
  facet normal 0.94695 -0.321382 0
    outer loop
      vertex -19.5348 14.4824 15
      vertex -19.6189 14.2346 37
      vertex -19.6189 14.2346 15
    endloop
  endfacet
  facet normal 0.980801 -0.195013 0
    outer loop
      vertex -19.5348 14.4824 37
      vertex -19.4838 14.7389 15
      vertex -19.4838 14.7389 37
    endloop
  endfacet
  facet normal 0.980801 -0.195013 0
    outer loop
      vertex -19.4838 14.7389 15
      vertex -19.5348 14.4824 37
      vertex -19.5348 14.4824 15
    endloop
  endfacet
  facet normal -0.19494 0.980815 0
    outer loop
      vertex -21.7277 16.9829 15
      vertex -21.9843 16.9319 37
      vertex -21.7277 16.9829 37
    endloop
  endfacet
  facet normal -0.19494 0.980815 0
    outer loop
      vertex -21.9843 16.9319 37
      vertex -21.7277 16.9829 15
      vertex -21.9843 16.9319 15
    endloop
  endfacet
  facet normal -0.997862 0.0653521 0
    outer loop
      vertex -23.4667 15 15
      vertex -23.4496 15.2611 37
      vertex -23.4496 15.2611 15
    endloop
  endfacet
  facet normal -0.997862 0.0653521 0
    outer loop
      vertex -23.4496 15.2611 37
      vertex -23.4667 15 15
      vertex -23.4667 15 37
    endloop
  endfacet
  facet normal -0.555494 0.831521 0
    outer loop
      vertex -22.4667 16.732 15
      vertex -22.6842 16.5867 37
      vertex -22.4667 16.732 37
    endloop
  endfacet
  facet normal -0.555494 0.831521 0
    outer loop
      vertex -22.6842 16.5867 37
      vertex -22.4667 16.732 15
      vertex -22.6842 16.5867 15
    endloop
  endfacet
  facet normal -0.94695 -0.321382 0
    outer loop
      vertex -23.3144 14.2346 15
      vertex -23.3985 14.4824 37
      vertex -23.3985 14.4824 15
    endloop
  endfacet
  facet normal -0.94695 -0.321382 0
    outer loop
      vertex -23.3985 14.4824 37
      vertex -23.3144 14.2346 15
      vertex -23.3144 14.2346 37
    endloop
  endfacet
  facet normal -0.980727 -0.195381 0
    outer loop
      vertex -23.3985 14.4824 15
      vertex -23.4496 14.7389 37
      vertex -23.4496 14.7389 15
    endloop
  endfacet
  facet normal -0.980727 -0.195381 0
    outer loop
      vertex -23.4496 14.7389 37
      vertex -23.3985 14.4824 15
      vertex -23.3985 14.4824 37
    endloop
  endfacet
  facet normal -0.659343 -0.751842 0
    outer loop
      vertex -22.8809 13.5858 15
      vertex -22.6842 13.4133 32
      vertex -22.8809 13.5858 32
    endloop
  endfacet
  facet normal -0.659343 -0.751842 -0
    outer loop
      vertex -22.6842 13.4133 32
      vertex -22.8809 13.5858 15
      vertex -22.6842 13.4133 15
    endloop
  endfacet
  facet normal 0.659533 0.751676 -0
    outer loop
      vertex -20.0525 16.4142 15
      vertex -20.2491 16.5867 37
      vertex -20.0525 16.4142 37
    endloop
  endfacet
  facet normal 0.659533 0.751676 0
    outer loop
      vertex -20.2491 16.5867 37
      vertex -20.0525 16.4142 15
      vertex -20.2491 16.5867 15
    endloop
  endfacet
  facet normal 0.751842 -0.659343 0
    outer loop
      vertex -20.0525 13.5858 37
      vertex -19.88 13.7825 15
      vertex -19.88 13.7825 37
    endloop
  endfacet
  facet normal 0.751842 -0.659343 0
    outer loop
      vertex -19.88 13.7825 15
      vertex -20.0525 13.5858 37
      vertex -20.0525 13.5858 15
    endloop
  endfacet
  facet normal 0 0 -1
    outer loop
      vertex -19.4838 14.7389 15
      vertex -19.4838 15.2611 15
      vertex -19.4667 15 15
    endloop
  endfacet
  facet normal 0 0 -1
    outer loop
      vertex -19.5348 14.4824 15
      vertex -19.4838 15.2611 15
      vertex -19.4838 14.7389 15
    endloop
  endfacet
  facet normal 0 0 -1
    outer loop
      vertex -19.5348 14.4824 15
      vertex -19.5348 15.5176 15
      vertex -19.4838 15.2611 15
    endloop
  endfacet
  facet normal 0 0 -1
    outer loop
      vertex -19.6189 14.2346 15
      vertex -19.5348 15.5176 15
      vertex -19.5348 14.4824 15
    endloop
  endfacet
  facet normal 0 0 -1
    outer loop
      vertex -19.6189 14.2346 15
      vertex -19.6189 15.7654 15
      vertex -19.5348 15.5176 15
    endloop
  endfacet
  facet normal 0 0 -1
    outer loop
      vertex -19.7346 14 15
      vertex -19.6189 15.7654 15
      vertex -19.6189 14.2346 15
    endloop
  endfacet
  facet normal 0 0 -1
    outer loop
      vertex -19.7346 14 15
      vertex -19.7346 16 15
      vertex -19.6189 15.7654 15
    endloop
  endfacet
  facet normal 0 0 -1
    outer loop
      vertex -19.88 13.7825 15
      vertex -19.7346 16 15
      vertex -19.7346 14 15
    endloop
  endfacet
  facet normal 0 0 -1
    outer loop
      vertex -19.88 13.7825 15
      vertex -19.88 16.2175 15
      vertex -19.7346 16 15
    endloop
  endfacet
  facet normal 0 0 -1
    outer loop
      vertex -20.0525 13.5858 15
      vertex -19.88 16.2175 15
      vertex -19.88 13.7825 15
    endloop
  endfacet
  facet normal 0 0 -1
    outer loop
      vertex -20.0525 13.5858 15
      vertex -20.0525 16.4142 15
      vertex -19.88 16.2175 15
    endloop
  endfacet
  facet normal 0 0 -1
    outer loop
      vertex -20.2491 13.4133 15
      vertex -20.0525 16.4142 15
      vertex -20.0525 13.5858 15
    endloop
  endfacet
  facet normal 0 0 -1
    outer loop
      vertex -20.2491 13.4133 15
      vertex -20.2491 16.5867 15
      vertex -20.0525 16.4142 15
    endloop
  endfacet
  facet normal 0 0 -1
    outer loop
      vertex -20.4667 13.2679 15
      vertex -20.2491 16.5867 15
      vertex -20.2491 13.4133 15
    endloop
  endfacet
  facet normal 0 0 -1
    outer loop
      vertex -20.4667 13.2679 15
      vertex -20.4667 16.732 15
      vertex -20.2491 16.5867 15
    endloop
  endfacet
  facet normal 0 0 -1
    outer loop
      vertex -20.7013 13.1522 15
      vertex -20.4667 16.732 15
      vertex -20.4667 13.2679 15
    endloop
  endfacet
  facet normal 0 0 -1
    outer loop
      vertex -20.7013 13.1522 15
      vertex -20.7013 16.8478 15
      vertex -20.4667 16.732 15
    endloop
  endfacet
  facet normal 0 0 -1
    outer loop
      vertex -20.949 13.0681 15
      vertex -20.7013 16.8478 15
      vertex -20.7013 13.1522 15
    endloop
  endfacet
  facet normal 0 0 -1
    outer loop
      vertex -20.949 13.0681 15
      vertex -20.949 16.9319 15
      vertex -20.7013 16.8478 15
    endloop
  endfacet
  facet normal 0 0 -1
    outer loop
      vertex -21.2056 13.0171 15
      vertex -20.949 16.9319 15
      vertex -20.949 13.0681 15
    endloop
  endfacet
  facet normal 0 0 -1
    outer loop
      vertex -21.2056 13.0171 15
      vertex -21.2056 16.9829 15
      vertex -20.949 16.9319 15
    endloop
  endfacet
  facet normal 0 0 -1
    outer loop
      vertex -21.4667 13 15
      vertex -21.2056 16.9829 15
      vertex -21.2056 13.0171 15
    endloop
  endfacet
  facet normal 0 0 -1
    outer loop
      vertex -21.4667 13 15
      vertex -21.4667 17 15
      vertex -21.2056 16.9829 15
    endloop
  endfacet
  facet normal 0 0 -1
    outer loop
      vertex -21.7277 13.0171 15
      vertex -21.4667 17 15
      vertex -21.4667 13 15
    endloop
  endfacet
  facet normal 0 0 -1
    outer loop
      vertex -21.7277 13.0171 15
      vertex -21.7277 16.9829 15
      vertex -21.4667 17 15
    endloop
  endfacet
  facet normal 0 0 -1
    outer loop
      vertex -21.9843 13.0681 15
      vertex -21.7277 16.9829 15
      vertex -21.7277 13.0171 15
    endloop
  endfacet
  facet normal 0 0 -1
    outer loop
      vertex -21.9843 13.0681 15
      vertex -21.9843 16.9319 15
      vertex -21.7277 16.9829 15
    endloop
  endfacet
  facet normal 0 0 -1
    outer loop
      vertex -22.232 13.1522 15
      vertex -21.9843 16.9319 15
      vertex -21.9843 13.0681 15
    endloop
  endfacet
  facet normal 0 0 -1
    outer loop
      vertex -22.232 13.1522 15
      vertex -22.232 16.8478 15
      vertex -21.9843 16.9319 15
    endloop
  endfacet
  facet normal 0 0 -1
    outer loop
      vertex -22.4667 13.2679 15
      vertex -22.232 16.8478 15
      vertex -22.232 13.1522 15
    endloop
  endfacet
  facet normal 0 0 -1
    outer loop
      vertex -22.4667 13.2679 15
      vertex -22.4667 16.732 15
      vertex -22.232 16.8478 15
    endloop
  endfacet
  facet normal 0 0 -1
    outer loop
      vertex -22.6842 13.4133 15
      vertex -22.4667 16.732 15
      vertex -22.4667 13.2679 15
    endloop
  endfacet
  facet normal 0 0 -1
    outer loop
      vertex -22.6842 13.4133 15
      vertex -22.6842 16.5867 15
      vertex -22.4667 16.732 15
    endloop
  endfacet
  facet normal 0 0 -1
    outer loop
      vertex -22.8809 13.5858 15
      vertex -22.6842 16.5867 15
      vertex -22.6842 13.4133 15
    endloop
  endfacet
  facet normal 0 0 -1
    outer loop
      vertex -22.8809 13.5858 15
      vertex -22.8809 16.4142 15
      vertex -22.6842 16.5867 15
    endloop
  endfacet
  facet normal 0 0 -1
    outer loop
      vertex -23.0534 13.7825 15
      vertex -22.8809 16.4142 15
      vertex -22.8809 13.5858 15
    endloop
  endfacet
  facet normal 0 0 -1
    outer loop
      vertex -23.0534 13.7825 15
      vertex -23.0534 16.2175 15
      vertex -22.8809 16.4142 15
    endloop
  endfacet
  facet normal 0 0 -1
    outer loop
      vertex -23.1987 14 15
      vertex -23.0534 16.2175 15
      vertex -23.0534 13.7825 15
    endloop
  endfacet
  facet normal 0 0 -1
    outer loop
      vertex -23.1987 14 15
      vertex -23.1987 16 15
      vertex -23.0534 16.2175 15
    endloop
  endfacet
  facet normal 0 0 -1
    outer loop
      vertex -23.3144 14.2346 15
      vertex -23.1987 16 15
      vertex -23.1987 14 15
    endloop
  endfacet
  facet normal 0 0 -1
    outer loop
      vertex -23.3144 14.2346 15
      vertex -23.3144 15.7654 15
      vertex -23.1987 16 15
    endloop
  endfacet
  facet normal 0 0 -1
    outer loop
      vertex -23.3985 14.4824 15
      vertex -23.3144 15.7654 15
      vertex -23.3144 14.2346 15
    endloop
  endfacet
  facet normal 0 0 -1
    outer loop
      vertex -23.3985 14.4824 15
      vertex -23.3985 15.5176 15
      vertex -23.3144 15.7654 15
    endloop
  endfacet
  facet normal 0 0 -1
    outer loop
      vertex -23.4496 14.7389 15
      vertex -23.3985 15.5176 15
      vertex -23.3985 14.4824 15
    endloop
  endfacet
  facet normal 0 0 -1
    outer loop
      vertex -23.4496 14.7389 15
      vertex -23.4496 15.2611 15
      vertex -23.3985 15.5176 15
    endloop
  endfacet
  facet normal 0 -0 -1
    outer loop
      vertex -23.4496 15.2611 15
      vertex -23.4496 14.7389 15
      vertex -23.4667 15 15
    endloop
  endfacet
  facet normal -0.555758 -0.831344 0
    outer loop
      vertex -22.6842 13.4133 15
      vertex -22.4667 13.2679 32
      vertex -22.6842 13.4133 32
    endloop
  endfacet
  facet normal -0.555758 -0.831344 -0
    outer loop
      vertex -22.4667 13.2679 32
      vertex -22.6842 13.4133 15
      vertex -22.4667 13.2679 15
    endloop
  endfacet
  facet normal 0.980727 0.195381 0
    outer loop
      vertex 23.4496 15.2611 37
      vertex 23.3985 15.5176 15
      vertex 23.3985 15.5176 37
    endloop
  endfacet
  facet normal 0.980727 0.195381 0
    outer loop
      vertex 23.3985 15.5176 15
      vertex 23.4496 15.2611 37
      vertex 23.4496 15.2611 15
    endloop
  endfacet
  facet normal 0.997862 0.0653521 0
    outer loop
      vertex 23.4667 15 37
      vertex 23.4496 15.2611 15
      vertex 23.4496 15.2611 37
    endloop
  endfacet
  facet normal 0.997862 0.0653521 0
    outer loop
      vertex 23.4496 15.2611 15
      vertex 23.4667 15 37
      vertex 23.4667 15 15
    endloop
  endfacet
  facet normal 0.94695 0.321382 0
    outer loop
      vertex 23.3985 15.5176 37
      vertex 23.3144 15.7654 15
      vertex 23.3144 15.7654 37
    endloop
  endfacet
  facet normal 0.94695 0.321382 0
    outer loop
      vertex 23.3144 15.7654 15
      vertex 23.3985 15.5176 37
      vertex 23.3985 15.5176 15
    endloop
  endfacet
  facet normal 0.831514 -0.555504 0
    outer loop
      vertex 23.1031 13.8569 32
      vertex 23.1987 14 37
      vertex 23.1031 13.8569 37
    endloop
  endfacet
  facet normal 0.831514 -0.555504 0
    outer loop
      vertex 23.1987 14 37
      vertex 23.1031 13.8569 32
      vertex 23.1987 14 15
    endloop
  endfacet
  facet normal 0.831534 -0.555474 3.74743e-07
    outer loop
      vertex 23.0534 13.7825 32
      vertex 23.1987 14 15
      vertex 23.1031 13.8569 32
    endloop
  endfacet
  facet normal 0.831521 -0.555494 0
    outer loop
      vertex 23.1987 14 15
      vertex 23.0534 13.7825 32
      vertex 23.0534 13.7825 15
    endloop
  endfacet
  facet normal 0.831521 0.555494 0
    outer loop
      vertex 23.1987 16 37
      vertex 23.0534 16.2175 15
      vertex 23.0534 16.2175 37
    endloop
  endfacet
  facet normal 0.831521 0.555494 0
    outer loop
      vertex 23.0534 16.2175 15
      vertex 23.1987 16 37
      vertex 23.1987 16 15
    endloop
  endfacet
  facet normal -0.89686 -0.442314 0
    outer loop
      vertex 19.7346 14 15
      vertex 19.6189 14.2346 37
      vertex 19.6189 14.2346 15
    endloop
  endfacet
  facet normal -0.89686 -0.442314 0
    outer loop
      vertex 19.6189 14.2346 37
      vertex 19.7346 14 15
      vertex 19.7346 14 37
    endloop
  endfacet
  facet normal 0.89686 0.442314 0
    outer loop
      vertex 23.3144 15.7654 37
      vertex 23.1987 16 15
      vertex 23.1987 16 37
    endloop
  endfacet
  facet normal 0.89686 0.442314 0
    outer loop
      vertex 23.1987 16 15
      vertex 23.3144 15.7654 37
      vertex 23.3144 15.7654 15
    endloop
  endfacet
  facet normal -0.442314 -0.89686 0
    outer loop
      vertex 20.4667 13.2679 15
      vertex 20.7013 13.1522 37
      vertex 20.4667 13.2679 37
    endloop
  endfacet
  facet normal -0.442314 -0.89686 -0
    outer loop
      vertex 20.7013 13.1522 37
      vertex 20.4667 13.2679 15
      vertex 20.7013 13.1522 15
    endloop
  endfacet
  facet normal -0.19494 -0.980815 0
    outer loop
      vertex 20.949 13.0681 15
      vertex 21.2056 13.0171 37
      vertex 20.949 13.0681 37
    endloop
  endfacet
  facet normal -0.19494 -0.980815 -0
    outer loop
      vertex 21.2056 13.0171 37
      vertex 20.949 13.0681 15
      vertex 21.2056 13.0171 15
    endloop
  endfacet
  facet normal 0.751842 0.659343 0
    outer loop
      vertex 23.0534 16.2175 37
      vertex 22.8809 16.4142 15
      vertex 22.8809 16.4142 37
    endloop
  endfacet
  facet normal 0.751842 0.659343 0
    outer loop
      vertex 22.8809 16.4142 15
      vertex 23.0534 16.2175 37
      vertex 23.0534 16.2175 15
    endloop
  endfacet
  facet normal -0.89686 0.442314 0
    outer loop
      vertex 19.6189 15.7654 15
      vertex 19.7346 16 37
      vertex 19.7346 16 15
    endloop
  endfacet
  facet normal -0.89686 0.442314 0
    outer loop
      vertex 19.7346 16 37
      vertex 19.6189 15.7654 15
      vertex 19.6189 15.7654 37
    endloop
  endfacet
  facet normal 0.0653771 0.997861 -0
    outer loop
      vertex 21.7277 16.9829 15
      vertex 21.4667 17 37
      vertex 21.7277 16.9829 37
    endloop
  endfacet
  facet normal 0.0653771 0.997861 0
    outer loop
      vertex 21.4667 17 37
      vertex 21.7277 16.9829 15
      vertex 21.4667 17 15
    endloop
  endfacet
  facet normal -0.442621 0.896709 0
    outer loop
      vertex 20.7013 16.8478 15
      vertex 20.4667 16.732 37
      vertex 20.7013 16.8478 37
    endloop
  endfacet
  facet normal -0.442621 0.896709 0
    outer loop
      vertex 20.4667 16.732 37
      vertex 20.7013 16.8478 15
      vertex 20.4667 16.732 15
    endloop
  endfacet
  facet normal 0.0653771 -0.997861 0
    outer loop
      vertex 21.4667 13 15
      vertex 21.7277 13.0171 37
      vertex 21.4667 13 37
    endloop
  endfacet
  facet normal 0.0653771 -0.997861 0
    outer loop
      vertex 21.7277 13.0171 37
      vertex 21.4667 13 15
      vertex 21.7277 13.0171 15
    endloop
  endfacet
  facet normal -0.751842 0.659343 0
    outer loop
      vertex 19.88 16.2175 15
      vertex 20.0525 16.4142 37
      vertex 20.0525 16.4142 15
    endloop
  endfacet
  facet normal -0.751842 0.659343 0
    outer loop
      vertex 20.0525 16.4142 37
      vertex 19.88 16.2175 15
      vertex 19.88 16.2175 37
    endloop
  endfacet
  facet normal -0.751842 -0.659343 0
    outer loop
      vertex 20.0525 13.5858 15
      vertex 19.88 13.7825 37
      vertex 19.88 13.7825 15
    endloop
  endfacet
  facet normal -0.751842 -0.659343 0
    outer loop
      vertex 19.88 13.7825 37
      vertex 20.0525 13.5858 15
      vertex 20.0525 13.5858 37
    endloop
  endfacet
  facet normal -0.659533 0.751676 0
    outer loop
      vertex 20.2491 16.5867 15
      vertex 20.0525 16.4142 37
      vertex 20.2491 16.5867 37
    endloop
  endfacet
  facet normal -0.659533 0.751676 0
    outer loop
      vertex 20.0525 16.4142 37
      vertex 20.2491 16.5867 15
      vertex 20.0525 16.4142 15
    endloop
  endfacet
  facet normal -0.831344 -0.555758 0
    outer loop
      vertex 19.88 13.7825 15
      vertex 19.7346 14 37
      vertex 19.7346 14 15
    endloop
  endfacet
  facet normal -0.831344 -0.555758 0
    outer loop
      vertex 19.7346 14 37
      vertex 19.88 13.7825 15
      vertex 19.88 13.7825 37
    endloop
  endfacet
  facet normal -0.321498 0.94691 0
    outer loop
      vertex 20.949 16.9319 15
      vertex 20.7013 16.8478 37
      vertex 20.949 16.9319 37
    endloop
  endfacet
  facet normal -0.321498 0.94691 0
    outer loop
      vertex 20.7013 16.8478 37
      vertex 20.949 16.9319 15
      vertex 20.7013 16.8478 15
    endloop
  endfacet
  facet normal 0.19494 0.980815 -0
    outer loop
      vertex 21.9843 16.9319 15
      vertex 21.7277 16.9829 37
      vertex 21.9843 16.9319 37
    endloop
  endfacet
  facet normal 0.19494 0.980815 0
    outer loop
      vertex 21.7277 16.9829 37
      vertex 21.9843 16.9319 15
      vertex 21.7277 16.9829 15
    endloop
  endfacet
  facet normal 0.321498 0.94691 -0
    outer loop
      vertex 22.232 16.8478 15
      vertex 21.9843 16.9319 37
      vertex 22.232 16.8478 37
    endloop
  endfacet
  facet normal 0.321498 0.94691 0
    outer loop
      vertex 21.9843 16.9319 37
      vertex 22.232 16.8478 15
      vertex 21.9843 16.9319 15
    endloop
  endfacet
  facet normal 0.997862 -0.0653521 0
    outer loop
      vertex 23.4496 14.7389 37
      vertex 23.4667 15 15
      vertex 23.4667 15 37
    endloop
  endfacet
  facet normal 0.997862 -0.0653521 0
    outer loop
      vertex 23.4667 15 15
      vertex 23.4496 14.7389 37
      vertex 23.4496 14.7389 15
    endloop
  endfacet
  facet normal 0.555758 -0.831344 0
    outer loop
      vertex 22.4667 13.2679 15
      vertex 22.6842 13.4133 32
      vertex 22.4667 13.2679 32
    endloop
  endfacet
  facet normal 0.555758 -0.831344 0
    outer loop
      vertex 22.6842 13.4133 32
      vertex 22.4667 13.2679 15
      vertex 22.6842 13.4133 15
    endloop
  endfacet
  facet normal 0.321498 -0.94691 0
    outer loop
      vertex 21.9843 13.0681 15
      vertex 22.232 13.1522 32
      vertex 21.9843 13.0681 32
    endloop
  endfacet
  facet normal 0.321498 -0.94691 0
    outer loop
      vertex 22.232 13.1522 32
      vertex 21.9843 13.0681 15
      vertex 22.232 13.1522 15
    endloop
  endfacet
  facet normal -0.980801 0.195013 0
    outer loop
      vertex 19.4838 15.2611 15
      vertex 19.5348 15.5176 37
      vertex 19.5348 15.5176 15
    endloop
  endfacet
  facet normal -0.980801 0.195013 0
    outer loop
      vertex 19.5348 15.5176 37
      vertex 19.4838 15.2611 15
      vertex 19.4838 15.2611 37
    endloop
  endfacet
  facet normal 0.442162 -0.896935 0
    outer loop
      vertex 22.232 13.1522 15
      vertex 22.4667 13.2679 32
      vertex 22.232 13.1522 32
    endloop
  endfacet
  facet normal 0.442162 -0.896935 0
    outer loop
      vertex 22.4667 13.2679 32
      vertex 22.232 13.1522 15
      vertex 22.4667 13.2679 15
    endloop
  endfacet
  facet normal 0.195594 -0.980685 0
    outer loop
      vertex 21.7277 13.0171 37
      vertex 21.7999 13.0315 32
      vertex 21.7999 13.0315 37
    endloop
  endfacet
  facet normal 0.195594 -0.980685 0
    outer loop
      vertex 21.7277 13.0171 15
      vertex 21.7999 13.0315 32
      vertex 21.7277 13.0171 37
    endloop
  endfacet
  facet normal 0.194684 -0.980866 4.01758e-06
    outer loop
      vertex 21.7277 13.0171 15
      vertex 21.9843 13.0681 32
      vertex 21.7999 13.0315 32
    endloop
  endfacet
  facet normal 0.19494 -0.980815 0
    outer loop
      vertex 21.9843 13.0681 32
      vertex 21.7277 13.0171 15
      vertex 21.9843 13.0681 15
    endloop
  endfacet
  facet normal 0.555494 0.831521 -0
    outer loop
      vertex 22.6842 16.5867 15
      vertex 22.4667 16.732 37
      vertex 22.6842 16.5867 37
    endloop
  endfacet
  facet normal 0.555494 0.831521 0
    outer loop
      vertex 22.4667 16.732 37
      vertex 22.6842 16.5867 15
      vertex 22.4667 16.732 15
    endloop
  endfacet
  facet normal 0.442469 0.896784 -0
    outer loop
      vertex 22.4667 16.732 15
      vertex 22.232 16.8478 37
      vertex 22.4667 16.732 37
    endloop
  endfacet
  facet normal 0.442469 0.896784 0
    outer loop
      vertex 22.232 16.8478 37
      vertex 22.4667 16.732 15
      vertex 22.232 16.8478 15
    endloop
  endfacet
  facet normal -0.94695 0.321382 0
    outer loop
      vertex 19.5348 15.5176 15
      vertex 19.6189 15.7654 37
      vertex 19.6189 15.7654 15
    endloop
  endfacet
  facet normal -0.94695 0.321382 0
    outer loop
      vertex 19.6189 15.7654 37
      vertex 19.5348 15.5176 15
      vertex 19.5348 15.5176 37
    endloop
  endfacet
  facet normal 0.659343 -0.751842 0
    outer loop
      vertex 22.6842 13.4133 15
      vertex 22.8809 13.5858 32
      vertex 22.6842 13.4133 32
    endloop
  endfacet
  facet normal 0.659343 -0.751842 0
    outer loop
      vertex 22.8809 13.5858 32
      vertex 22.6842 13.4133 15
      vertex 22.8809 13.5858 15
    endloop
  endfacet
  facet normal -0.0653521 -0.997862 0
    outer loop
      vertex 21.2056 13.0171 15
      vertex 21.4667 13 37
      vertex 21.2056 13.0171 37
    endloop
  endfacet
  facet normal -0.0653521 -0.997862 -0
    outer loop
      vertex 21.4667 13 37
      vertex 21.2056 13.0171 15
      vertex 21.4667 13 15
    endloop
  endfacet
  facet normal -0.321498 -0.94691 0
    outer loop
      vertex 20.7013 13.1522 15
      vertex 20.949 13.0681 37
      vertex 20.7013 13.1522 37
    endloop
  endfacet
  facet normal -0.321498 -0.94691 -0
    outer loop
      vertex 20.949 13.0681 37
      vertex 20.7013 13.1522 15
      vertex 20.949 13.0681 15
    endloop
  endfacet
  facet normal -0.997862 -0.0653521 0
    outer loop
      vertex 19.4838 14.7389 15
      vertex 19.4667 15 37
      vertex 19.4667 15 15
    endloop
  endfacet
  facet normal -0.997862 -0.0653521 0
    outer loop
      vertex 19.4667 15 37
      vertex 19.4838 14.7389 15
      vertex 19.4838 14.7389 37
    endloop
  endfacet
  facet normal -0.831344 0.555758 0
    outer loop
      vertex 19.7346 16 15
      vertex 19.88 16.2175 37
      vertex 19.88 16.2175 15
    endloop
  endfacet
  facet normal -0.831344 0.555758 0
    outer loop
      vertex 19.88 16.2175 37
      vertex 19.7346 16 15
      vertex 19.7346 16 37
    endloop
  endfacet
  facet normal 0.89686 -0.442314 0
    outer loop
      vertex 23.1987 14 37
      vertex 23.3144 14.2346 15
      vertex 23.3144 14.2346 37
    endloop
  endfacet
  facet normal 0.89686 -0.442314 0
    outer loop
      vertex 23.3144 14.2346 15
      vertex 23.1987 14 37
      vertex 23.1987 14 15
    endloop
  endfacet
  facet normal -0.0653521 0.997862 0
    outer loop
      vertex 21.4667 17 15
      vertex 21.2056 16.9829 37
      vertex 21.4667 17 37
    endloop
  endfacet
  facet normal -0.0653521 0.997862 0
    outer loop
      vertex 21.2056 16.9829 37
      vertex 21.4667 17 15
      vertex 21.2056 16.9829 15
    endloop
  endfacet
  facet normal 0.94695 -0.321382 0
    outer loop
      vertex 23.3144 14.2346 37
      vertex 23.3985 14.4824 15
      vertex 23.3985 14.4824 37
    endloop
  endfacet
  facet normal 0.94695 -0.321382 0
    outer loop
      vertex 23.3985 14.4824 15
      vertex 23.3144 14.2346 37
      vertex 23.3144 14.2346 15
    endloop
  endfacet
  facet normal 0.980727 -0.195381 0
    outer loop
      vertex 23.3985 14.4824 37
      vertex 23.4496 14.7389 15
      vertex 23.4496 14.7389 37
    endloop
  endfacet
  facet normal 0.980727 -0.195381 0
    outer loop
      vertex 23.4496 14.7389 15
      vertex 23.3985 14.4824 37
      vertex 23.3985 14.4824 15
    endloop
  endfacet
  facet normal -0.19494 0.980815 0
    outer loop
      vertex 21.2056 16.9829 15
      vertex 20.949 16.9319 37
      vertex 21.2056 16.9829 37
    endloop
  endfacet
  facet normal -0.19494 0.980815 0
    outer loop
      vertex 20.949 16.9319 37
      vertex 21.2056 16.9829 15
      vertex 20.949 16.9319 15
    endloop
  endfacet
  facet normal -0.997862 0.0653521 0
    outer loop
      vertex 19.4667 15 15
      vertex 19.4838 15.2611 37
      vertex 19.4838 15.2611 15
    endloop
  endfacet
  facet normal -0.997862 0.0653521 0
    outer loop
      vertex 19.4838 15.2611 37
      vertex 19.4667 15 15
      vertex 19.4667 15 37
    endloop
  endfacet
  facet normal -0.555317 0.831638 0
    outer loop
      vertex 20.4667 16.732 15
      vertex 20.2491 16.5867 37
      vertex 20.4667 16.732 37
    endloop
  endfacet
  facet normal -0.555317 0.831638 0
    outer loop
      vertex 20.2491 16.5867 37
      vertex 20.4667 16.732 15
      vertex 20.2491 16.5867 15
    endloop
  endfacet
  facet normal -0.94695 -0.321382 0
    outer loop
      vertex 19.6189 14.2346 15
      vertex 19.5348 14.4824 37
      vertex 19.5348 14.4824 15
    endloop
  endfacet
  facet normal -0.94695 -0.321382 0
    outer loop
      vertex 19.5348 14.4824 37
      vertex 19.6189 14.2346 15
      vertex 19.6189 14.2346 37
    endloop
  endfacet
  facet normal -0.980801 -0.195013 0
    outer loop
      vertex 19.5348 14.4824 15
      vertex 19.4838 14.7389 37
      vertex 19.4838 14.7389 15
    endloop
  endfacet
  facet normal -0.980801 -0.195013 0
    outer loop
      vertex 19.4838 14.7389 37
      vertex 19.5348 14.4824 15
      vertex 19.5348 14.4824 37
    endloop
  endfacet
  facet normal -0.659533 -0.751676 0
    outer loop
      vertex 20.0525 13.5858 15
      vertex 20.2491 13.4133 37
      vertex 20.0525 13.5858 37
    endloop
  endfacet
  facet normal -0.659533 -0.751676 -0
    outer loop
      vertex 20.2491 13.4133 37
      vertex 20.0525 13.5858 15
      vertex 20.2491 13.4133 15
    endloop
  endfacet
  facet normal 0.659343 0.751842 -0
    outer loop
      vertex 22.8809 16.4142 15
      vertex 22.6842 16.5867 37
      vertex 22.8809 16.4142 37
    endloop
  endfacet
  facet normal 0.659343 0.751842 0
    outer loop
      vertex 22.6842 16.5867 37
      vertex 22.8809 16.4142 15
      vertex 22.6842 16.5867 15
    endloop
  endfacet
  facet normal 0.751842 -0.659343 0
    outer loop
      vertex 22.8809 13.5858 32
      vertex 23.0534 13.7825 15
      vertex 23.0534 13.7825 32
    endloop
  endfacet
  facet normal 0.751842 -0.659343 0
    outer loop
      vertex 23.0534 13.7825 15
      vertex 22.8809 13.5858 32
      vertex 22.8809 13.5858 15
    endloop
  endfacet
  facet normal 0 0 -1
    outer loop
      vertex 23.4496 14.7389 15
      vertex 23.4496 15.2611 15
      vertex 23.4667 15 15
    endloop
  endfacet
  facet normal 0 0 -1
    outer loop
      vertex 23.3985 14.4824 15
      vertex 23.4496 15.2611 15
      vertex 23.4496 14.7389 15
    endloop
  endfacet
  facet normal 0 0 -1
    outer loop
      vertex 23.3985 14.4824 15
      vertex 23.3985 15.5176 15
      vertex 23.4496 15.2611 15
    endloop
  endfacet
  facet normal 0 0 -1
    outer loop
      vertex 23.3144 14.2346 15
      vertex 23.3985 15.5176 15
      vertex 23.3985 14.4824 15
    endloop
  endfacet
  facet normal 0 0 -1
    outer loop
      vertex 23.3144 14.2346 15
      vertex 23.3144 15.7654 15
      vertex 23.3985 15.5176 15
    endloop
  endfacet
  facet normal 0 0 -1
    outer loop
      vertex 23.1987 14 15
      vertex 23.3144 15.7654 15
      vertex 23.3144 14.2346 15
    endloop
  endfacet
  facet normal 0 0 -1
    outer loop
      vertex 23.1987 14 15
      vertex 23.1987 16 15
      vertex 23.3144 15.7654 15
    endloop
  endfacet
  facet normal 0 0 -1
    outer loop
      vertex 23.0534 13.7825 15
      vertex 23.1987 16 15
      vertex 23.1987 14 15
    endloop
  endfacet
  facet normal 0 0 -1
    outer loop
      vertex 23.0534 13.7825 15
      vertex 23.0534 16.2175 15
      vertex 23.1987 16 15
    endloop
  endfacet
  facet normal 0 0 -1
    outer loop
      vertex 22.8809 13.5858 15
      vertex 23.0534 16.2175 15
      vertex 23.0534 13.7825 15
    endloop
  endfacet
  facet normal 0 0 -1
    outer loop
      vertex 22.8809 13.5858 15
      vertex 22.8809 16.4142 15
      vertex 23.0534 16.2175 15
    endloop
  endfacet
  facet normal 0 0 -1
    outer loop
      vertex 22.6842 13.4133 15
      vertex 22.8809 16.4142 15
      vertex 22.8809 13.5858 15
    endloop
  endfacet
  facet normal 0 0 -1
    outer loop
      vertex 22.6842 13.4133 15
      vertex 22.6842 16.5867 15
      vertex 22.8809 16.4142 15
    endloop
  endfacet
  facet normal 0 0 -1
    outer loop
      vertex 22.4667 13.2679 15
      vertex 22.6842 16.5867 15
      vertex 22.6842 13.4133 15
    endloop
  endfacet
  facet normal 0 0 -1
    outer loop
      vertex 22.4667 13.2679 15
      vertex 22.4667 16.732 15
      vertex 22.6842 16.5867 15
    endloop
  endfacet
  facet normal 0 0 -1
    outer loop
      vertex 22.232 13.1522 15
      vertex 22.4667 16.732 15
      vertex 22.4667 13.2679 15
    endloop
  endfacet
  facet normal 0 0 -1
    outer loop
      vertex 22.232 13.1522 15
      vertex 22.232 16.8478 15
      vertex 22.4667 16.732 15
    endloop
  endfacet
  facet normal 0 0 -1
    outer loop
      vertex 21.9843 13.0681 15
      vertex 22.232 16.8478 15
      vertex 22.232 13.1522 15
    endloop
  endfacet
  facet normal 0 0 -1
    outer loop
      vertex 21.9843 13.0681 15
      vertex 21.9843 16.9319 15
      vertex 22.232 16.8478 15
    endloop
  endfacet
  facet normal 0 0 -1
    outer loop
      vertex 21.7277 13.0171 15
      vertex 21.9843 16.9319 15
      vertex 21.9843 13.0681 15
    endloop
  endfacet
  facet normal 0 0 -1
    outer loop
      vertex 21.7277 13.0171 15
      vertex 21.7277 16.9829 15
      vertex 21.9843 16.9319 15
    endloop
  endfacet
  facet normal 0 0 -1
    outer loop
      vertex 21.4667 13 15
      vertex 21.7277 16.9829 15
      vertex 21.7277 13.0171 15
    endloop
  endfacet
  facet normal 0 0 -1
    outer loop
      vertex 21.4667 13 15
      vertex 21.4667 17 15
      vertex 21.7277 16.9829 15
    endloop
  endfacet
  facet normal 0 0 -1
    outer loop
      vertex 21.2056 13.0171 15
      vertex 21.4667 17 15
      vertex 21.4667 13 15
    endloop
  endfacet
  facet normal 0 0 -1
    outer loop
      vertex 21.2056 13.0171 15
      vertex 21.2056 16.9829 15
      vertex 21.4667 17 15
    endloop
  endfacet
  facet normal 0 0 -1
    outer loop
      vertex 20.949 13.0681 15
      vertex 21.2056 16.9829 15
      vertex 21.2056 13.0171 15
    endloop
  endfacet
  facet normal 0 0 -1
    outer loop
      vertex 20.949 13.0681 15
      vertex 20.949 16.9319 15
      vertex 21.2056 16.9829 15
    endloop
  endfacet
  facet normal 0 0 -1
    outer loop
      vertex 20.7013 13.1522 15
      vertex 20.949 16.9319 15
      vertex 20.949 13.0681 15
    endloop
  endfacet
  facet normal 0 0 -1
    outer loop
      vertex 20.7013 13.1522 15
      vertex 20.7013 16.8478 15
      vertex 20.949 16.9319 15
    endloop
  endfacet
  facet normal 0 0 -1
    outer loop
      vertex 20.4667 13.2679 15
      vertex 20.7013 16.8478 15
      vertex 20.7013 13.1522 15
    endloop
  endfacet
  facet normal 0 0 -1
    outer loop
      vertex 20.4667 13.2679 15
      vertex 20.4667 16.732 15
      vertex 20.7013 16.8478 15
    endloop
  endfacet
  facet normal 0 0 -1
    outer loop
      vertex 20.2491 13.4133 15
      vertex 20.4667 16.732 15
      vertex 20.4667 13.2679 15
    endloop
  endfacet
  facet normal 0 0 -1
    outer loop
      vertex 20.2491 13.4133 15
      vertex 20.2491 16.5867 15
      vertex 20.4667 16.732 15
    endloop
  endfacet
  facet normal 0 0 -1
    outer loop
      vertex 20.0525 13.5858 15
      vertex 20.2491 16.5867 15
      vertex 20.2491 13.4133 15
    endloop
  endfacet
  facet normal 0 0 -1
    outer loop
      vertex 20.0525 13.5858 15
      vertex 20.0525 16.4142 15
      vertex 20.2491 16.5867 15
    endloop
  endfacet
  facet normal 0 0 -1
    outer loop
      vertex 19.88 13.7825 15
      vertex 20.0525 16.4142 15
      vertex 20.0525 13.5858 15
    endloop
  endfacet
  facet normal 0 0 -1
    outer loop
      vertex 19.88 13.7825 15
      vertex 19.88 16.2175 15
      vertex 20.0525 16.4142 15
    endloop
  endfacet
  facet normal 0 0 -1
    outer loop
      vertex 19.7346 14 15
      vertex 19.88 16.2175 15
      vertex 19.88 13.7825 15
    endloop
  endfacet
  facet normal 0 0 -1
    outer loop
      vertex 19.7346 14 15
      vertex 19.7346 16 15
      vertex 19.88 16.2175 15
    endloop
  endfacet
  facet normal 0 0 -1
    outer loop
      vertex 19.6189 14.2346 15
      vertex 19.7346 16 15
      vertex 19.7346 14 15
    endloop
  endfacet
  facet normal 0 0 -1
    outer loop
      vertex 19.6189 14.2346 15
      vertex 19.6189 15.7654 15
      vertex 19.7346 16 15
    endloop
  endfacet
  facet normal 0 0 -1
    outer loop
      vertex 19.5348 14.4824 15
      vertex 19.6189 15.7654 15
      vertex 19.6189 14.2346 15
    endloop
  endfacet
  facet normal 0 0 -1
    outer loop
      vertex 19.5348 14.4824 15
      vertex 19.5348 15.5176 15
      vertex 19.6189 15.7654 15
    endloop
  endfacet
  facet normal 0 0 -1
    outer loop
      vertex 19.4838 14.7389 15
      vertex 19.5348 15.5176 15
      vertex 19.5348 14.4824 15
    endloop
  endfacet
  facet normal 0 0 -1
    outer loop
      vertex 19.4838 14.7389 15
      vertex 19.4838 15.2611 15
      vertex 19.5348 15.5176 15
    endloop
  endfacet
  facet normal 0 -0 -1
    outer loop
      vertex 19.4838 15.2611 15
      vertex 19.4838 14.7389 15
      vertex 19.4667 15 15
    endloop
  endfacet
  facet normal -0.555582 -0.831462 0
    outer loop
      vertex 20.2491 13.4133 15
      vertex 20.4667 13.2679 37
      vertex 20.2491 13.4133 37
    endloop
  endfacet
  facet normal -0.555582 -0.831462 -0
    outer loop
      vertex 20.4667 13.2679 37
      vertex 20.2491 13.4133 15
      vertex 20.4667 13.2679 15
    endloop
  endfacet
  facet normal 0.0653521 -0.997862 0
    outer loop
      vertex 56.4 13 15
      vertex 56.6611 13.0171 37
      vertex 56.4 13 37
    endloop
  endfacet
  facet normal 0.0653521 -0.997862 0
    outer loop
      vertex 56.6611 13.0171 37
      vertex 56.4 13 15
      vertex 56.6611 13.0171 15
    endloop
  endfacet
  facet normal 0.980801 0.195013 0
    outer loop
      vertex 58.3829 15.2611 37
      vertex 58.3319 15.5176 15
      vertex 58.3319 15.5176 37
    endloop
  endfacet
  facet normal 0.980801 0.195013 0
    outer loop
      vertex 58.3319 15.5176 15
      vertex 58.3829 15.2611 37
      vertex 58.3829 15.2611 15
    endloop
  endfacet
  facet normal 0.997862 0.0653521 0
    outer loop
      vertex 58.4 15 37
      vertex 58.3829 15.2611 15
      vertex 58.3829 15.2611 37
    endloop
  endfacet
  facet normal 0.997862 0.0653521 0
    outer loop
      vertex 58.3829 15.2611 15
      vertex 58.4 15 37
      vertex 58.4 15 15
    endloop
  endfacet
  facet normal 0.94695 0.321382 0
    outer loop
      vertex 58.3319 15.5176 37
      vertex 58.2478 15.7654 15
      vertex 58.2478 15.7654 37
    endloop
  endfacet
  facet normal 0.94695 0.321382 0
    outer loop
      vertex 58.2478 15.7654 15
      vertex 58.3319 15.5176 37
      vertex 58.3319 15.5176 15
    endloop
  endfacet
  facet normal 0.831521 0.555494 0
    outer loop
      vertex 58.132 16 37
      vertex 57.9867 16.2175 15
      vertex 57.9867 16.2175 37
    endloop
  endfacet
  facet normal 0.831521 0.555494 0
    outer loop
      vertex 57.9867 16.2175 15
      vertex 58.132 16 37
      vertex 58.132 16 15
    endloop
  endfacet
  facet normal 0.442314 -0.89686 0
    outer loop
      vertex 57.1654 13.1522 15
      vertex 57.4 13.2679 37
      vertex 57.1654 13.1522 37
    endloop
  endfacet
  facet normal 0.442314 -0.89686 0
    outer loop
      vertex 57.4 13.2679 37
      vertex 57.1654 13.1522 15
      vertex 57.4 13.2679 15
    endloop
  endfacet
  facet normal 0.896709 0.442621 0
    outer loop
      vertex 58.2478 15.7654 37
      vertex 58.132 16 15
      vertex 58.132 16 37
    endloop
  endfacet
  facet normal 0.896709 0.442621 0
    outer loop
      vertex 58.132 16 15
      vertex 58.2478 15.7654 37
      vertex 58.2478 15.7654 15
    endloop
  endfacet
  facet normal -0.195013 0.980801 0
    outer loop
      vertex 56.1389 16.9829 15
      vertex 55.8824 16.9319 37
      vertex 56.1389 16.9829 37
    endloop
  endfacet
  facet normal -0.195013 0.980801 0
    outer loop
      vertex 55.8824 16.9319 37
      vertex 56.1389 16.9829 15
      vertex 55.8824 16.9319 15
    endloop
  endfacet
  facet normal -0.831344 -0.555758 0
    outer loop
      vertex 54.8133 13.7825 15
      vertex 54.6679 14 37
      vertex 54.6679 14 15
    endloop
  endfacet
  facet normal -0.831344 -0.555758 0
    outer loop
      vertex 54.6679 14 37
      vertex 54.8133 13.7825 15
      vertex 54.8133 13.7825 37
    endloop
  endfacet
  facet normal 0.94695 -0.321382 0
    outer loop
      vertex 58.2478 14.2346 37
      vertex 58.3319 14.4824 15
      vertex 58.3319 14.4824 37
    endloop
  endfacet
  facet normal 0.94695 -0.321382 0
    outer loop
      vertex 58.3319 14.4824 15
      vertex 58.2478 14.2346 37
      vertex 58.2478 14.2346 15
    endloop
  endfacet
  facet normal -0.751842 0.659343 0
    outer loop
      vertex 54.8133 16.2175 15
      vertex 54.9858 16.4142 37
      vertex 54.9858 16.4142 15
    endloop
  endfacet
  facet normal -0.751842 0.659343 0
    outer loop
      vertex 54.9858 16.4142 37
      vertex 54.8133 16.2175 15
      vertex 54.8133 16.2175 37
    endloop
  endfacet
  facet normal 0.555494 0.831521 -0
    outer loop
      vertex 57.6175 16.5867 15
      vertex 57.4 16.732 37
      vertex 57.6175 16.5867 37
    endloop
  endfacet
  facet normal 0.555494 0.831521 0
    outer loop
      vertex 57.4 16.732 37
      vertex 57.6175 16.5867 15
      vertex 57.4 16.732 15
    endloop
  endfacet
  facet normal -0.0653521 0.997862 0
    outer loop
      vertex 56.4 17 15
      vertex 56.1389 16.9829 37
      vertex 56.4 17 37
    endloop
  endfacet
  facet normal -0.0653521 0.997862 0
    outer loop
      vertex 56.1389 16.9829 37
      vertex 56.4 17 15
      vertex 56.1389 16.9829 15
    endloop
  endfacet
  facet normal 0.659343 -0.751842 0
    outer loop
      vertex 57.6175 13.4133 15
      vertex 57.8142 13.5858 37
      vertex 57.6175 13.4133 37
    endloop
  endfacet
  facet normal 0.659343 -0.751842 0
    outer loop
      vertex 57.8142 13.5858 37
      vertex 57.6175 13.4133 15
      vertex 57.8142 13.5858 15
    endloop
  endfacet
  facet normal 0.997862 -0.0653521 0
    outer loop
      vertex 58.3829 14.7389 37
      vertex 58.4 15 15
      vertex 58.4 15 37
    endloop
  endfacet
  facet normal 0.997862 -0.0653521 0
    outer loop
      vertex 58.4 15 15
      vertex 58.3829 14.7389 37
      vertex 58.3829 14.7389 15
    endloop
  endfacet
  facet normal 0.321382 -0.94695 0
    outer loop
      vertex 56.9176 13.0681 15
      vertex 57.1654 13.1522 37
      vertex 56.9176 13.0681 37
    endloop
  endfacet
  facet normal 0.321382 -0.94695 0
    outer loop
      vertex 57.1654 13.1522 37
      vertex 56.9176 13.0681 15
      vertex 57.1654 13.1522 15
    endloop
  endfacet
  facet normal 0.195013 -0.980801 0
    outer loop
      vertex 56.6611 13.0171 15
      vertex 56.9176 13.0681 37
      vertex 56.6611 13.0171 37
    endloop
  endfacet
  facet normal 0.195013 -0.980801 0
    outer loop
      vertex 56.9176 13.0681 37
      vertex 56.6611 13.0171 15
      vertex 56.9176 13.0681 15
    endloop
  endfacet
  facet normal -0.555758 -0.831344 0
    outer loop
      vertex 55.1825 13.4133 15
      vertex 55.4 13.2679 37
      vertex 55.1825 13.4133 37
    endloop
  endfacet
  facet normal -0.555758 -0.831344 -0
    outer loop
      vertex 55.4 13.2679 37
      vertex 55.1825 13.4133 15
      vertex 55.4 13.2679 15
    endloop
  endfacet
  facet normal -0.89686 -0.442314 0
    outer loop
      vertex 54.6679 14 15
      vertex 54.5522 14.2346 37
      vertex 54.5522 14.2346 15
    endloop
  endfacet
  facet normal -0.89686 -0.442314 0
    outer loop
      vertex 54.5522 14.2346 37
      vertex 54.6679 14 15
      vertex 54.6679 14 37
    endloop
  endfacet
  facet normal -0.751842 -0.659343 0
    outer loop
      vertex 54.9858 13.5858 15
      vertex 54.8133 13.7825 37
      vertex 54.8133 13.7825 15
    endloop
  endfacet
  facet normal -0.751842 -0.659343 0
    outer loop
      vertex 54.8133 13.7825 37
      vertex 54.9858 13.5858 15
      vertex 54.9858 13.5858 37
    endloop
  endfacet
  facet normal -0.659343 0.751842 0
    outer loop
      vertex 55.1825 16.5867 15
      vertex 54.9858 16.4142 37
      vertex 55.1825 16.5867 37
    endloop
  endfacet
  facet normal -0.659343 0.751842 0
    outer loop
      vertex 54.9858 16.4142 37
      vertex 55.1825 16.5867 15
      vertex 54.9858 16.4142 15
    endloop
  endfacet
  facet normal -0.980801 -0.195013 0
    outer loop
      vertex 54.4681 14.4824 15
      vertex 54.4171 14.7389 37
      vertex 54.4171 14.7389 15
    endloop
  endfacet
  facet normal -0.980801 -0.195013 0
    outer loop
      vertex 54.4171 14.7389 37
      vertex 54.4681 14.4824 15
      vertex 54.4681 14.4824 37
    endloop
  endfacet
  facet normal 0.751842 -0.659343 0
    outer loop
      vertex 57.8142 13.5858 37
      vertex 57.9867 13.7825 15
      vertex 57.9867 13.7825 37
    endloop
  endfacet
  facet normal 0.751842 -0.659343 0
    outer loop
      vertex 57.9867 13.7825 15
      vertex 57.8142 13.5858 37
      vertex 57.8142 13.5858 15
    endloop
  endfacet
  facet normal 0.442621 0.896709 -0
    outer loop
      vertex 57.4 16.732 15
      vertex 57.1654 16.8478 37
      vertex 57.4 16.732 37
    endloop
  endfacet
  facet normal 0.442621 0.896709 0
    outer loop
      vertex 57.1654 16.8478 37
      vertex 57.4 16.732 15
      vertex 57.1654 16.8478 15
    endloop
  endfacet
  facet normal -0.980801 0.195013 0
    outer loop
      vertex 54.4171 15.2611 15
      vertex 54.4681 15.5176 37
      vertex 54.4681 15.5176 15
    endloop
  endfacet
  facet normal -0.980801 0.195013 0
    outer loop
      vertex 54.4681 15.5176 37
      vertex 54.4171 15.2611 15
      vertex 54.4171 15.2611 37
    endloop
  endfacet
  facet normal 0.980801 -0.195013 0
    outer loop
      vertex 58.3319 14.4824 37
      vertex 58.3829 14.7389 15
      vertex 58.3829 14.7389 37
    endloop
  endfacet
  facet normal 0.980801 -0.195013 0
    outer loop
      vertex 58.3829 14.7389 15
      vertex 58.3319 14.4824 37
      vertex 58.3319 14.4824 15
    endloop
  endfacet
  facet normal 0.0653521 0.997862 -0
    outer loop
      vertex 56.6611 16.9829 15
      vertex 56.4 17 37
      vertex 56.6611 16.9829 37
    endloop
  endfacet
  facet normal 0.0653521 0.997862 0
    outer loop
      vertex 56.4 17 37
      vertex 56.6611 16.9829 15
      vertex 56.4 17 15
    endloop
  endfacet
  facet normal 0.555758 -0.831344 0
    outer loop
      vertex 57.4 13.2679 15
      vertex 57.6175 13.4133 37
      vertex 57.4 13.2679 37
    endloop
  endfacet
  facet normal 0.555758 -0.831344 0
    outer loop
      vertex 57.6175 13.4133 37
      vertex 57.4 13.2679 15
      vertex 57.6175 13.4133 15
    endloop
  endfacet
  facet normal -0.94695 -0.321382 0
    outer loop
      vertex 54.5522 14.2346 15
      vertex 54.4681 14.4824 37
      vertex 54.4681 14.4824 15
    endloop
  endfacet
  facet normal -0.94695 -0.321382 0
    outer loop
      vertex 54.4681 14.4824 37
      vertex 54.5522 14.2346 15
      vertex 54.5522 14.2346 37
    endloop
  endfacet
  facet normal -0.831344 0.555758 0
    outer loop
      vertex 54.6679 16 15
      vertex 54.8133 16.2175 37
      vertex 54.8133 16.2175 15
    endloop
  endfacet
  facet normal -0.831344 0.555758 0
    outer loop
      vertex 54.8133 16.2175 37
      vertex 54.6679 16 15
      vertex 54.6679 16 37
    endloop
  endfacet
  facet normal 0.659343 0.751842 -0
    outer loop
      vertex 57.8142 16.4142 15
      vertex 57.6175 16.5867 37
      vertex 57.8142 16.4142 37
    endloop
  endfacet
  facet normal 0.659343 0.751842 0
    outer loop
      vertex 57.6175 16.5867 37
      vertex 57.8142 16.4142 15
      vertex 57.6175 16.5867 15
    endloop
  endfacet
  facet normal 0.896709 -0.442621 0
    outer loop
      vertex 58.132 14 37
      vertex 58.2478 14.2346 15
      vertex 58.2478 14.2346 37
    endloop
  endfacet
  facet normal 0.896709 -0.442621 0
    outer loop
      vertex 58.2478 14.2346 15
      vertex 58.132 14 37
      vertex 58.132 14 15
    endloop
  endfacet
  facet normal 0.321382 0.94695 -0
    outer loop
      vertex 57.1654 16.8478 15
      vertex 56.9176 16.9319 37
      vertex 57.1654 16.8478 37
    endloop
  endfacet
  facet normal 0.321382 0.94695 0
    outer loop
      vertex 56.9176 16.9319 37
      vertex 57.1654 16.8478 15
      vertex 56.9176 16.9319 15
    endloop
  endfacet
  facet normal -0.442621 0.896709 0
    outer loop
      vertex 55.6346 16.8478 15
      vertex 55.4 16.732 37
      vertex 55.6346 16.8478 37
    endloop
  endfacet
  facet normal -0.442621 0.896709 0
    outer loop
      vertex 55.4 16.732 37
      vertex 55.6346 16.8478 15
      vertex 55.4 16.732 15
    endloop
  endfacet
  facet normal 0 0 -1
    outer loop
      vertex 58.3829 14.7389 15
      vertex 58.3829 15.2611 15
      vertex 58.4 15 15
    endloop
  endfacet
  facet normal 0 0 -1
    outer loop
      vertex 58.3319 14.4824 15
      vertex 58.3829 15.2611 15
      vertex 58.3829 14.7389 15
    endloop
  endfacet
  facet normal 0 0 -1
    outer loop
      vertex 58.3319 14.4824 15
      vertex 58.3319 15.5176 15
      vertex 58.3829 15.2611 15
    endloop
  endfacet
  facet normal 0 0 -1
    outer loop
      vertex 58.2478 14.2346 15
      vertex 58.3319 15.5176 15
      vertex 58.3319 14.4824 15
    endloop
  endfacet
  facet normal 0 0 -1
    outer loop
      vertex 58.2478 14.2346 15
      vertex 58.2478 15.7654 15
      vertex 58.3319 15.5176 15
    endloop
  endfacet
  facet normal 0 0 -1
    outer loop
      vertex 58.132 14 15
      vertex 58.2478 15.7654 15
      vertex 58.2478 14.2346 15
    endloop
  endfacet
  facet normal 0 0 -1
    outer loop
      vertex 58.132 14 15
      vertex 58.132 16 15
      vertex 58.2478 15.7654 15
    endloop
  endfacet
  facet normal 0 0 -1
    outer loop
      vertex 57.9867 13.7825 15
      vertex 58.132 16 15
      vertex 58.132 14 15
    endloop
  endfacet
  facet normal 0 0 -1
    outer loop
      vertex 57.9867 13.7825 15
      vertex 57.9867 16.2175 15
      vertex 58.132 16 15
    endloop
  endfacet
  facet normal 0 0 -1
    outer loop
      vertex 57.8142 13.5858 15
      vertex 57.9867 16.2175 15
      vertex 57.9867 13.7825 15
    endloop
  endfacet
  facet normal 0 0 -1
    outer loop
      vertex 57.8142 13.5858 15
      vertex 57.8142 16.4142 15
      vertex 57.9867 16.2175 15
    endloop
  endfacet
  facet normal 0 0 -1
    outer loop
      vertex 57.6175 13.4133 15
      vertex 57.8142 16.4142 15
      vertex 57.8142 13.5858 15
    endloop
  endfacet
  facet normal 0 0 -1
    outer loop
      vertex 57.6175 13.4133 15
      vertex 57.6175 16.5867 15
      vertex 57.8142 16.4142 15
    endloop
  endfacet
  facet normal 0 0 -1
    outer loop
      vertex 57.4 13.2679 15
      vertex 57.6175 16.5867 15
      vertex 57.6175 13.4133 15
    endloop
  endfacet
  facet normal 0 0 -1
    outer loop
      vertex 57.4 13.2679 15
      vertex 57.4 16.732 15
      vertex 57.6175 16.5867 15
    endloop
  endfacet
  facet normal 0 0 -1
    outer loop
      vertex 57.1654 13.1522 15
      vertex 57.4 16.732 15
      vertex 57.4 13.2679 15
    endloop
  endfacet
  facet normal 0 0 -1
    outer loop
      vertex 57.1654 13.1522 15
      vertex 57.1654 16.8478 15
      vertex 57.4 16.732 15
    endloop
  endfacet
  facet normal 0 0 -1
    outer loop
      vertex 56.9176 13.0681 15
      vertex 57.1654 16.8478 15
      vertex 57.1654 13.1522 15
    endloop
  endfacet
  facet normal 0 0 -1
    outer loop
      vertex 56.9176 13.0681 15
      vertex 56.9176 16.9319 15
      vertex 57.1654 16.8478 15
    endloop
  endfacet
  facet normal 0 0 -1
    outer loop
      vertex 56.6611 13.0171 15
      vertex 56.9176 16.9319 15
      vertex 56.9176 13.0681 15
    endloop
  endfacet
  facet normal 0 0 -1
    outer loop
      vertex 56.6611 13.0171 15
      vertex 56.6611 16.9829 15
      vertex 56.9176 16.9319 15
    endloop
  endfacet
  facet normal 0 0 -1
    outer loop
      vertex 56.4 13 15
      vertex 56.6611 16.9829 15
      vertex 56.6611 13.0171 15
    endloop
  endfacet
  facet normal 0 0 -1
    outer loop
      vertex 56.4 13 15
      vertex 56.4 17 15
      vertex 56.6611 16.9829 15
    endloop
  endfacet
  facet normal 0 0 -1
    outer loop
      vertex 56.1389 13.0171 15
      vertex 56.4 17 15
      vertex 56.4 13 15
    endloop
  endfacet
  facet normal 0 0 -1
    outer loop
      vertex 56.1389 13.0171 15
      vertex 56.1389 16.9829 15
      vertex 56.4 17 15
    endloop
  endfacet
  facet normal 0 0 -1
    outer loop
      vertex 55.8824 13.0681 15
      vertex 56.1389 16.9829 15
      vertex 56.1389 13.0171 15
    endloop
  endfacet
  facet normal 0 0 -1
    outer loop
      vertex 55.8824 13.0681 15
      vertex 55.8824 16.9319 15
      vertex 56.1389 16.9829 15
    endloop
  endfacet
  facet normal 0 0 -1
    outer loop
      vertex 55.6346 13.1522 15
      vertex 55.8824 16.9319 15
      vertex 55.8824 13.0681 15
    endloop
  endfacet
  facet normal 0 0 -1
    outer loop
      vertex 55.6346 13.1522 15
      vertex 55.6346 16.8478 15
      vertex 55.8824 16.9319 15
    endloop
  endfacet
  facet normal 0 0 -1
    outer loop
      vertex 55.4 13.2679 15
      vertex 55.6346 16.8478 15
      vertex 55.6346 13.1522 15
    endloop
  endfacet
  facet normal 0 0 -1
    outer loop
      vertex 55.4 13.2679 15
      vertex 55.4 16.732 15
      vertex 55.6346 16.8478 15
    endloop
  endfacet
  facet normal 0 0 -1
    outer loop
      vertex 55.1825 13.4133 15
      vertex 55.4 16.732 15
      vertex 55.4 13.2679 15
    endloop
  endfacet
  facet normal 0 0 -1
    outer loop
      vertex 55.1825 13.4133 15
      vertex 55.1825 16.5867 15
      vertex 55.4 16.732 15
    endloop
  endfacet
  facet normal 0 0 -1
    outer loop
      vertex 54.9858 13.5858 15
      vertex 55.1825 16.5867 15
      vertex 55.1825 13.4133 15
    endloop
  endfacet
  facet normal 0 0 -1
    outer loop
      vertex 54.9858 13.5858 15
      vertex 54.9858 16.4142 15
      vertex 55.1825 16.5867 15
    endloop
  endfacet
  facet normal 0 0 -1
    outer loop
      vertex 54.8133 13.7825 15
      vertex 54.9858 16.4142 15
      vertex 54.9858 13.5858 15
    endloop
  endfacet
  facet normal 0 0 -1
    outer loop
      vertex 54.8133 13.7825 15
      vertex 54.8133 16.2175 15
      vertex 54.9858 16.4142 15
    endloop
  endfacet
  facet normal 0 0 -1
    outer loop
      vertex 54.6679 14 15
      vertex 54.8133 16.2175 15
      vertex 54.8133 13.7825 15
    endloop
  endfacet
  facet normal 0 0 -1
    outer loop
      vertex 54.6679 14 15
      vertex 54.6679 16 15
      vertex 54.8133 16.2175 15
    endloop
  endfacet
  facet normal 0 0 -1
    outer loop
      vertex 54.5522 14.2346 15
      vertex 54.6679 16 15
      vertex 54.6679 14 15
    endloop
  endfacet
  facet normal 0 0 -1
    outer loop
      vertex 54.5522 14.2346 15
      vertex 54.5522 15.7654 15
      vertex 54.6679 16 15
    endloop
  endfacet
  facet normal 0 0 -1
    outer loop
      vertex 54.4681 14.4824 15
      vertex 54.5522 15.7654 15
      vertex 54.5522 14.2346 15
    endloop
  endfacet
  facet normal 0 0 -1
    outer loop
      vertex 54.4681 14.4824 15
      vertex 54.4681 15.5176 15
      vertex 54.5522 15.7654 15
    endloop
  endfacet
  facet normal 0 0 -1
    outer loop
      vertex 54.4171 14.7389 15
      vertex 54.4681 15.5176 15
      vertex 54.4681 14.4824 15
    endloop
  endfacet
  facet normal 0 0 -1
    outer loop
      vertex 54.4171 14.7389 15
      vertex 54.4171 15.2611 15
      vertex 54.4681 15.5176 15
    endloop
  endfacet
  facet normal 0 -0 -1
    outer loop
      vertex 54.4171 15.2611 15
      vertex 54.4171 14.7389 15
      vertex 54.4 15 15
    endloop
  endfacet
  facet normal -0.89686 0.442314 0
    outer loop
      vertex 54.5522 15.7654 15
      vertex 54.6679 16 37
      vertex 54.6679 16 15
    endloop
  endfacet
  facet normal -0.89686 0.442314 0
    outer loop
      vertex 54.6679 16 37
      vertex 54.5522 15.7654 15
      vertex 54.5522 15.7654 37
    endloop
  endfacet
  facet normal 0.195013 0.980801 -0
    outer loop
      vertex 56.9176 16.9319 15
      vertex 56.6611 16.9829 37
      vertex 56.9176 16.9319 37
    endloop
  endfacet
  facet normal 0.195013 0.980801 0
    outer loop
      vertex 56.6611 16.9829 37
      vertex 56.9176 16.9319 15
      vertex 56.6611 16.9829 15
    endloop
  endfacet
  facet normal -0.94695 0.321382 0
    outer loop
      vertex 54.4681 15.5176 15
      vertex 54.5522 15.7654 37
      vertex 54.5522 15.7654 15
    endloop
  endfacet
  facet normal -0.94695 0.321382 0
    outer loop
      vertex 54.5522 15.7654 37
      vertex 54.4681 15.5176 15
      vertex 54.4681 15.5176 37
    endloop
  endfacet
  facet normal 0.751842 0.659343 0
    outer loop
      vertex 57.9867 16.2175 37
      vertex 57.8142 16.4142 15
      vertex 57.8142 16.4142 37
    endloop
  endfacet
  facet normal 0.751842 0.659343 0
    outer loop
      vertex 57.8142 16.4142 15
      vertex 57.9867 16.2175 37
      vertex 57.9867 16.2175 15
    endloop
  endfacet
  facet normal -0.997862 -0.0653521 0
    outer loop
      vertex 54.4171 14.7389 15
      vertex 54.4 15 37
      vertex 54.4 15 15
    endloop
  endfacet
  facet normal -0.997862 -0.0653521 0
    outer loop
      vertex 54.4 15 37
      vertex 54.4171 14.7389 15
      vertex 54.4171 14.7389 37
    endloop
  endfacet
  facet normal 0.831521 -0.555494 0
    outer loop
      vertex 57.9867 13.7825 37
      vertex 58.132 14 15
      vertex 58.132 14 37
    endloop
  endfacet
  facet normal 0.831521 -0.555494 0
    outer loop
      vertex 58.132 14 15
      vertex 57.9867 13.7825 37
      vertex 57.9867 13.7825 15
    endloop
  endfacet
  facet normal -0.321382 0.94695 0
    outer loop
      vertex 55.8824 16.9319 15
      vertex 55.6346 16.8478 37
      vertex 55.8824 16.9319 37
    endloop
  endfacet
  facet normal -0.321382 0.94695 0
    outer loop
      vertex 55.6346 16.8478 37
      vertex 55.8824 16.9319 15
      vertex 55.6346 16.8478 15
    endloop
  endfacet
  facet normal -0.555494 0.831521 0
    outer loop
      vertex 55.4 16.732 15
      vertex 55.1825 16.5867 37
      vertex 55.4 16.732 37
    endloop
  endfacet
  facet normal -0.555494 0.831521 0
    outer loop
      vertex 55.1825 16.5867 37
      vertex 55.4 16.732 15
      vertex 55.1825 16.5867 15
    endloop
  endfacet
  facet normal -0.442314 -0.89686 0
    outer loop
      vertex 55.4 13.2679 15
      vertex 55.6346 13.1522 37
      vertex 55.4 13.2679 37
    endloop
  endfacet
  facet normal -0.442314 -0.89686 -0
    outer loop
      vertex 55.6346 13.1522 37
      vertex 55.4 13.2679 15
      vertex 55.6346 13.1522 15
    endloop
  endfacet
  facet normal -0.997862 0.0653521 0
    outer loop
      vertex 54.4 15 15
      vertex 54.4171 15.2611 37
      vertex 54.4171 15.2611 15
    endloop
  endfacet
  facet normal -0.997862 0.0653521 0
    outer loop
      vertex 54.4171 15.2611 37
      vertex 54.4 15 15
      vertex 54.4 15 37
    endloop
  endfacet
  facet normal -0.195013 -0.980801 0
    outer loop
      vertex 55.8824 13.0681 15
      vertex 56.1389 13.0171 37
      vertex 55.8824 13.0681 37
    endloop
  endfacet
  facet normal -0.195013 -0.980801 -0
    outer loop
      vertex 56.1389 13.0171 37
      vertex 55.8824 13.0681 15
      vertex 56.1389 13.0171 15
    endloop
  endfacet
  facet normal -0.0653521 -0.997862 0
    outer loop
      vertex 56.1389 13.0171 15
      vertex 56.4 13 37
      vertex 56.1389 13.0171 37
    endloop
  endfacet
  facet normal -0.0653521 -0.997862 -0
    outer loop
      vertex 56.4 13 37
      vertex 56.1389 13.0171 15
      vertex 56.4 13 15
    endloop
  endfacet
  facet normal -0.659343 -0.751842 0
    outer loop
      vertex 54.9858 13.5858 15
      vertex 55.1825 13.4133 37
      vertex 54.9858 13.5858 37
    endloop
  endfacet
  facet normal -0.659343 -0.751842 -0
    outer loop
      vertex 55.1825 13.4133 37
      vertex 54.9858 13.5858 15
      vertex 55.1825 13.4133 15
    endloop
  endfacet
  facet normal -0.321382 -0.94695 0
    outer loop
      vertex 55.6346 13.1522 15
      vertex 55.8824 13.0681 37
      vertex 55.6346 13.1522 37
    endloop
  endfacet
  facet normal -0.321382 -0.94695 -0
    outer loop
      vertex 55.8824 13.0681 37
      vertex 55.6346 13.1522 15
      vertex 55.8824 13.0681 15
    endloop
  endfacet
  facet normal 0.980815 0.19494 0
    outer loop
      vertex -21.0257 -10.6084 37
      vertex -21.1022 -10.2235 32
      vertex -21.1022 -10.2235 37
    endloop
  endfacet
  facet normal 0.980815 0.19494 0
    outer loop
      vertex -21.1022 -10.2235 32
      vertex -21.0257 -10.6084 37
      vertex -21.0257 -10.6084 32
    endloop
  endfacet
  facet normal 0.997853 0.0654873 0
    outer loop
      vertex -21 -11 37
      vertex -21.0257 -10.6084 32
      vertex -21.0257 -10.6084 37
    endloop
  endfacet
  facet normal 0.997853 0.0654873 0
    outer loop
      vertex -21.0257 -10.6084 32
      vertex -21 -11 37
      vertex -21 -11 32
    endloop
  endfacet
  facet normal 0.980815 -0.19494 0
    outer loop
      vertex -21.1022 -11.7765 37
      vertex -21.0257 -11.3916 32
      vertex -21.0257 -11.3916 37
    endloop
  endfacet
  facet normal 0.980815 -0.19494 0
    outer loop
      vertex -21.0257 -11.3916 32
      vertex -21.1022 -11.7765 37
      vertex -21.1022 -11.7765 32
    endloop
  endfacet
  facet normal 0.831485 0.555547 0
    outer loop
      vertex -21.4019 -9.5 37
      vertex -21.6199 -9.17372 32
      vertex -21.6199 -9.17372 37
    endloop
  endfacet
  facet normal 0.831485 0.555547 0
    outer loop
      vertex -21.6199 -9.17372 32
      vertex -21.4019 -9.5 37
      vertex -21.4019 -9.5 32
    endloop
  endfacet
  facet normal 0.555558 0.831477 -0
    outer loop
      vertex -22.1737 -8.61994 32
      vertex -22.5 -8.40192 37
      vertex -22.1737 -8.61994 37
    endloop
  endfacet
  facet normal 0.555558 0.831477 0
    outer loop
      vertex -22.5 -8.40192 37
      vertex -22.1737 -8.61994 32
      vertex -22.5 -8.40192 32
    endloop
  endfacet
  facet normal 0.896961 -0.44211 0
    outer loop
      vertex -21.4019 -12.5 37
      vertex -21.2284 -12.148 32
      vertex -21.2284 -12.148 37
    endloop
  endfacet
  facet normal 0.896961 -0.44211 0
    outer loop
      vertex -21.2284 -12.148 32
      vertex -21.4019 -12.5 37
      vertex -21.4019 -12.5 32
    endloop
  endfacet
  facet normal 0.997853 -0.0654873 0
    outer loop
      vertex -21.0257 -11.3916 37
      vertex -21 -11 32
      vertex -21 -11 37
    endloop
  endfacet
  facet normal 0.997853 -0.0654873 0
    outer loop
      vertex -21 -11 32
      vertex -21.0257 -11.3916 37
      vertex -21.0257 -11.3916 32
    endloop
  endfacet
  facet normal 0.321514 0.946905 -0
    outer loop
      vertex -22.852 -8.22836 32
      vertex -23.2235 -8.10222 37
      vertex -22.852 -8.22836 37
    endloop
  endfacet
  facet normal 0.321514 0.946905 0
    outer loop
      vertex -23.2235 -8.10222 37
      vertex -22.852 -8.22836 32
      vertex -23.2235 -8.10222 32
    endloop
  endfacet
  facet normal -0.896936 0.44216 0
    outer loop
      vertex -26.7716 -9.85195 32
      vertex -26.5981 -9.5 37
      vertex -26.5981 -9.5 32
    endloop
  endfacet
  facet normal -0.896936 0.44216 0
    outer loop
      vertex -26.5981 -9.5 37
      vertex -26.7716 -9.85195 32
      vertex -26.7716 -9.85195 37
    endloop
  endfacet
  facet normal -0.659392 0.751799 0
    outer loop
      vertex -25.8263 -8.61994 32
      vertex -26.1213 -8.87868 37
      vertex -25.8263 -8.61994 37
    endloop
  endfacet
  facet normal -0.659392 0.751799 0
    outer loop
      vertex -26.1213 -8.87868 37
      vertex -25.8263 -8.61994 32
      vertex -26.1213 -8.87868 32
    endloop
  endfacet
  facet normal 0.321649 -0.946859 0
    outer loop
      vertex -23.2235 -13.8978 32
      vertex -23.1031 -13.8569 37
      vertex -23.2235 -13.8978 37
    endloop
  endfacet
  facet normal 0.321649 -0.946859 0
    outer loop
      vertex -23.1031 -13.8569 37
      vertex -23.2235 -13.8978 32
      vertex -23.1031 -13.8569 32
    endloop
  endfacet
  facet normal -0.997853 -0.0654873 0
    outer loop
      vertex -26.9743 -11.3916 32
      vertex -27 -11 37
      vertex -27 -11 32
    endloop
  endfacet
  facet normal -0.997853 -0.0654873 0
    outer loop
      vertex -27 -11 37
      vertex -26.9743 -11.3916 32
      vertex -26.9743 -11.3916 37
    endloop
  endfacet
  facet normal -0.659478 -0.751724 0
    outer loop
      vertex -26.1213 -13.1213 32
      vertex -25.8263 -13.3801 37
      vertex -26.1213 -13.1213 37
    endloop
  endfacet
  facet normal -0.659478 -0.751724 -0
    outer loop
      vertex -25.8263 -13.3801 37
      vertex -26.1213 -13.1213 32
      vertex -25.8263 -13.3801 32
    endloop
  endfacet
  facet normal -0.321514 0.946905 0
    outer loop
      vertex -24.7765 -8.10222 32
      vertex -25.148 -8.22836 37
      vertex -24.7765 -8.10222 37
    endloop
  endfacet
  facet normal -0.321514 0.946905 0
    outer loop
      vertex -25.148 -8.22836 37
      vertex -24.7765 -8.10222 32
      vertex -25.148 -8.22836 32
    endloop
  endfacet
  facet normal -0.831501 -0.555523 0
    outer loop
      vertex -26.3801 -12.8263 32
      vertex -26.5981 -12.5 37
      vertex -26.5981 -12.5 32
    endloop
  endfacet
  facet normal -0.831501 -0.555523 0
    outer loop
      vertex -26.5981 -12.5 37
      vertex -26.3801 -12.8263 32
      vertex -26.3801 -12.8263 37
    endloop
  endfacet
  facet normal -0.555558 0.831477 0
    outer loop
      vertex -25.5 -8.40192 32
      vertex -25.8263 -8.61994 37
      vertex -25.5 -8.40192 37
    endloop
  endfacet
  facet normal -0.555558 0.831477 0
    outer loop
      vertex -25.8263 -8.61994 37
      vertex -25.5 -8.40192 32
      vertex -25.8263 -8.61994 32
    endloop
  endfacet
  facet normal -0.997853 0.0654873 0
    outer loop
      vertex -27 -11 32
      vertex -26.9743 -10.6084 37
      vertex -26.9743 -10.6084 32
    endloop
  endfacet
  facet normal -0.997853 0.0654873 0
    outer loop
      vertex -26.9743 -10.6084 37
      vertex -27 -11 32
      vertex -27 -11 37
    endloop
  endfacet
  facet normal 0.195062 0.980791 -0
    outer loop
      vertex -23.2235 -8.10222 32
      vertex -23.6084 -8.02567 37
      vertex -23.2235 -8.10222 37
    endloop
  endfacet
  facet normal 0.195062 0.980791 0
    outer loop
      vertex -23.6084 -8.02567 37
      vertex -23.2235 -8.10222 32
      vertex -23.6084 -8.02567 32
    endloop
  endfacet
  facet normal -0.442233 0.8969 0
    outer loop
      vertex -25.148 -8.22836 32
      vertex -25.5 -8.40192 37
      vertex -25.148 -8.22836 37
    endloop
  endfacet
  facet normal -0.442233 0.8969 0
    outer loop
      vertex -25.5 -8.40192 37
      vertex -25.148 -8.22836 32
      vertex -25.5 -8.40192 32
    endloop
  endfacet
  facet normal 0.0654873 -0.997853 0
    outer loop
      vertex -24 -14 32
      vertex -23.6084 -13.9743 37
      vertex -24 -14 37
    endloop
  endfacet
  facet normal 0.0654873 -0.997853 0
    outer loop
      vertex -23.6084 -13.9743 37
      vertex -24 -14 32
      vertex -23.6084 -13.9743 32
    endloop
  endfacet
  facet normal -0.946858 -0.321651 0
    outer loop
      vertex -26.7716 -12.148 32
      vertex -26.8978 -11.7765 37
      vertex -26.8978 -11.7765 32
    endloop
  endfacet
  facet normal -0.946858 -0.321651 0
    outer loop
      vertex -26.8978 -11.7765 37
      vertex -26.7716 -12.148 32
      vertex -26.7716 -12.148 37
    endloop
  endfacet
  facet normal 0.946858 -0.321651 0
    outer loop
      vertex -21.2284 -12.148 37
      vertex -21.1022 -11.7765 32
      vertex -21.1022 -11.7765 37
    endloop
  endfacet
  facet normal 0.946858 -0.321651 0
    outer loop
      vertex -21.1022 -11.7765 32
      vertex -21.2284 -12.148 37
      vertex -21.2284 -12.148 32
    endloop
  endfacet
  facet normal 0.442233 0.8969 -0
    outer loop
      vertex -22.5 -8.40192 32
      vertex -22.852 -8.22836 37
      vertex -22.5 -8.40192 37
    endloop
  endfacet
  facet normal 0.442233 0.8969 0
    outer loop
      vertex -22.852 -8.22836 37
      vertex -22.5 -8.40192 32
      vertex -22.852 -8.22836 32
    endloop
  endfacet
  facet normal -0.195062 0.980791 0
    outer loop
      vertex -24.3916 -8.02567 32
      vertex -24.7765 -8.10222 37
      vertex -24.3916 -8.02567 37
    endloop
  endfacet
  facet normal -0.195062 0.980791 0
    outer loop
      vertex -24.7765 -8.10222 37
      vertex -24.3916 -8.02567 32
      vertex -24.7765 -8.10222 32
    endloop
  endfacet
  facet normal 0.751768 0.659428 0
    outer loop
      vertex -21.6199 -9.17372 37
      vertex -21.8787 -8.87868 32
      vertex -21.8787 -8.87868 37
    endloop
  endfacet
  facet normal 0.751768 0.659428 0
    outer loop
      vertex -21.8787 -8.87868 32
      vertex -21.6199 -9.17372 37
      vertex -21.6199 -9.17372 32
    endloop
  endfacet
  facet normal 0.751759 -0.659438 0
    outer loop
      vertex -21.7999 -13.0315 37
      vertex -21.6199 -12.8263 32
      vertex -21.6199 -12.8263 37
    endloop
  endfacet
  facet normal 0.751759 -0.659438 0
    outer loop
      vertex -21.6199 -12.8263 32
      vertex -21.7999 -13.0315 37
      vertex -21.7999 -13.0315 32
    endloop
  endfacet
  facet normal -0.44211 -0.896961 0
    outer loop
      vertex -25.5 -13.5981 32
      vertex -25.148 -13.7716 37
      vertex -25.5 -13.5981 37
    endloop
  endfacet
  facet normal -0.44211 -0.896961 -0
    outer loop
      vertex -25.148 -13.7716 37
      vertex -25.5 -13.5981 32
      vertex -25.148 -13.7716 32
    endloop
  endfacet
  facet normal -0.946871 0.321613 0
    outer loop
      vertex -26.8978 -10.2235 32
      vertex -26.7716 -9.85195 37
      vertex -26.7716 -9.85195 32
    endloop
  endfacet
  facet normal -0.946871 0.321613 0
    outer loop
      vertex -26.7716 -9.85195 37
      vertex -26.8978 -10.2235 32
      vertex -26.8978 -10.2235 37
    endloop
  endfacet
  facet normal 0.19494 -0.980815 0
    outer loop
      vertex -23.6084 -13.9743 32
      vertex -23.2235 -13.8978 37
      vertex -23.6084 -13.9743 37
    endloop
  endfacet
  facet normal 0.19494 -0.980815 0
    outer loop
      vertex -23.2235 -13.8978 37
      vertex -23.6084 -13.9743 32
      vertex -23.2235 -13.8978 32
    endloop
  endfacet
  facet normal 0 0 -1
    outer loop
      vertex -21.0257 -11.3916 32
      vertex -22.7607 -11.1632 32
      vertex -22.75 -11 32
    endloop
  endfacet
  facet normal 0 0 -1
    outer loop
      vertex -22.4667 -13.2679 32
      vertex -22.7926 -11.3235 32
      vertex -22.7607 -11.1632 32
    endloop
  endfacet
  facet normal 0 0 -1
    outer loop
      vertex -22.4667 -13.2679 32
      vertex -22.8451 -11.4784 32
      vertex -22.7926 -11.3235 32
    endloop
  endfacet
  facet normal 0 0 -1
    outer loop
      vertex -23.5216 -12.1548 32
      vertex -22.6842 -13.4133 32
      vertex -22.8809 -13.5858 32
    endloop
  endfacet
  facet normal 0 0 -1
    outer loop
      vertex -22.4667 -13.2679 32
      vertex -22.9175 -11.625 32
      vertex -22.8451 -11.4784 32
    endloop
  endfacet
  facet normal 0 0 -1
    outer loop
      vertex -22.4667 -13.2679 32
      vertex -23.0083 -11.761 32
      vertex -22.9175 -11.625 32
    endloop
  endfacet
  facet normal 0 0 -1
    outer loop
      vertex -23.6084 -13.9743 32
      vertex -22.8809 -13.5858 32
      vertex -23.0534 -13.7825 32
    endloop
  endfacet
  facet normal 0 0 -1
    outer loop
      vertex -23.2235 -13.8978 32
      vertex -23.0534 -13.7825 32
      vertex -23.1031 -13.8569 32
    endloop
  endfacet
  facet normal 0 0 -1
    outer loop
      vertex -22.4667 -13.2679 32
      vertex -23.1161 -11.8839 32
      vertex -23.0083 -11.761 32
    endloop
  endfacet
  facet normal 0 0 -1
    outer loop
      vertex -23.6084 -13.9743 32
      vertex -23.0534 -13.7825 32
      vertex -23.2235 -13.8978 32
    endloop
  endfacet
  facet normal 0 0 -1
    outer loop
      vertex -22.4667 -13.2679 32
      vertex -23.239 -11.9917 32
      vertex -23.1161 -11.8839 32
    endloop
  endfacet
  facet normal 0 0 -1
    outer loop
      vertex -22.4667 -13.2679 32
      vertex -23.375 -12.0825 32
      vertex -23.239 -11.9917 32
    endloop
  endfacet
  facet normal 0 0 -1
    outer loop
      vertex -22.6842 -13.4133 32
      vertex -23.5216 -12.1548 32
      vertex -23.375 -12.0825 32
    endloop
  endfacet
  facet normal -0 0 -1
    outer loop
      vertex -22.8809 -13.5858 32
      vertex -23.6084 -13.9743 32
      vertex -23.8368 -12.2393 32
    endloop
  endfacet
  facet normal 0 0 -1
    outer loop
      vertex -22.8809 -13.5858 32
      vertex -23.6765 -12.2074 32
      vertex -23.5216 -12.1548 32
    endloop
  endfacet
  facet normal 0 0 -1
    outer loop
      vertex -22.8809 -13.5858 32
      vertex -23.8368 -12.2393 32
      vertex -23.6765 -12.2074 32
    endloop
  endfacet
  facet normal 0 0 -1
    outer loop
      vertex -24 -14 32
      vertex -23.8368 -12.2393 32
      vertex -23.6084 -13.9743 32
    endloop
  endfacet
  facet normal 0 0 -1
    outer loop
      vertex -24 -14 32
      vertex -24 -12.25 32
      vertex -23.8368 -12.2393 32
    endloop
  endfacet
  facet normal 0 0 -1
    outer loop
      vertex -24 -14 32
      vertex -24.1632 -12.2393 32
      vertex -24 -12.25 32
    endloop
  endfacet
  facet normal 0 0 -1
    outer loop
      vertex -24.3916 -13.9743 32
      vertex -24.1632 -12.2393 32
      vertex -24 -14 32
    endloop
  endfacet
  facet normal -0 0 -1
    outer loop
      vertex -24.1632 -12.2393 32
      vertex -24.3916 -13.9743 32
      vertex -24.3235 -12.2074 32
    endloop
  endfacet
  facet normal 0 0 -1
    outer loop
      vertex -24.7765 -13.8978 32
      vertex -24.3235 -12.2074 32
      vertex -24.3916 -13.9743 32
    endloop
  endfacet
  facet normal -0 0 -1
    outer loop
      vertex -24.3235 -12.2074 32
      vertex -24.7765 -13.8978 32
      vertex -24.4784 -12.1548 32
    endloop
  endfacet
  facet normal 0 0 -1
    outer loop
      vertex -25.148 -13.7716 32
      vertex -24.4784 -12.1548 32
      vertex -24.7765 -13.8978 32
    endloop
  endfacet
  facet normal -0 0 -1
    outer loop
      vertex -24.4784 -12.1548 32
      vertex -25.148 -13.7716 32
      vertex -24.625 -12.0825 32
    endloop
  endfacet
  facet normal 0 0 -1
    outer loop
      vertex -25.5 -13.5981 32
      vertex -24.625 -12.0825 32
      vertex -25.148 -13.7716 32
    endloop
  endfacet
  facet normal -0 0 -1
    outer loop
      vertex -24.625 -12.0825 32
      vertex -25.5 -13.5981 32
      vertex -24.761 -11.9917 32
    endloop
  endfacet
  facet normal 0 0 -1
    outer loop
      vertex -25.8263 -13.3801 32
      vertex -24.761 -11.9917 32
      vertex -25.5 -13.5981 32
    endloop
  endfacet
  facet normal -0 0 -1
    outer loop
      vertex -24.761 -11.9917 32
      vertex -25.8263 -13.3801 32
      vertex -24.8839 -11.8839 32
    endloop
  endfacet
  facet normal 0 0 -1
    outer loop
      vertex -26.1213 -13.1213 32
      vertex -24.8839 -11.8839 32
      vertex -25.8263 -13.3801 32
    endloop
  endfacet
  facet normal -0 0 -1
    outer loop
      vertex -24.8839 -11.8839 32
      vertex -26.1213 -13.1213 32
      vertex -24.9917 -11.761 32
    endloop
  endfacet
  facet normal 0 0 -1
    outer loop
      vertex -26.3801 -12.8263 32
      vertex -24.9917 -11.761 32
      vertex -26.1213 -13.1213 32
    endloop
  endfacet
  facet normal -0 0 -1
    outer loop
      vertex -24.9917 -11.761 32
      vertex -26.3801 -12.8263 32
      vertex -25.0825 -11.625 32
    endloop
  endfacet
  facet normal 0 0 -1
    outer loop
      vertex -26.5981 -12.5 32
      vertex -25.0825 -11.625 32
      vertex -26.3801 -12.8263 32
    endloop
  endfacet
  facet normal 0 0 -1
    outer loop
      vertex -22.75 -11 32
      vertex -21 -11 32
      vertex -21.0257 -11.3916 32
    endloop
  endfacet
  facet normal 0 0 -1
    outer loop
      vertex -22.7607 -11.1632 32
      vertex -21.0257 -11.3916 32
      vertex -21.1022 -11.7765 32
    endloop
  endfacet
  facet normal 0 0 -1
    outer loop
      vertex -21 -11 32
      vertex -22.75 -11 32
      vertex -21.0257 -10.6084 32
    endloop
  endfacet
  facet normal 0 0 -1
    outer loop
      vertex -22.7607 -11.1632 32
      vertex -21.1022 -11.7765 32
      vertex -21.2284 -12.148 32
    endloop
  endfacet
  facet normal 0 0 -1
    outer loop
      vertex -22.7607 -10.8368 32
      vertex -21.0257 -10.6084 32
      vertex -22.75 -11 32
    endloop
  endfacet
  facet normal 0 0 -1
    outer loop
      vertex -22.7607 -11.1632 32
      vertex -21.2284 -12.148 32
      vertex -21.4019 -12.5 32
    endloop
  endfacet
  facet normal -0 0 -1
    outer loop
      vertex -21.0257 -10.6084 32
      vertex -22.7607 -10.8368 32
      vertex -21.1022 -10.2235 32
    endloop
  endfacet
  facet normal 0 0 -1
    outer loop
      vertex -22.7607 -11.1632 32
      vertex -21.6199 -12.8263 32
      vertex -21.9843 -13.0681 32
    endloop
  endfacet
  facet normal 0 0 -1
    outer loop
      vertex -22.7926 -10.6765 32
      vertex -21.1022 -10.2235 32
      vertex -22.7607 -10.8368 32
    endloop
  endfacet
  facet normal 0 0 -1
    outer loop
      vertex -21.9843 -13.0681 32
      vertex -21.6199 -12.8263 32
      vertex -21.7999 -13.0315 32
    endloop
  endfacet
  facet normal -0 0 -1
    outer loop
      vertex -21.1022 -10.2235 32
      vertex -22.7926 -10.6765 32
      vertex -21.2284 -9.85195 32
    endloop
  endfacet
  facet normal 0 0 -1
    outer loop
      vertex -21.6199 -12.8263 32
      vertex -22.7607 -11.1632 32
      vertex -21.4019 -12.5 32
    endloop
  endfacet
  facet normal 0 0 -1
    outer loop
      vertex -22.8451 -10.5216 32
      vertex -21.2284 -9.85195 32
      vertex -22.7926 -10.6765 32
    endloop
  endfacet
  facet normal 0 0 -1
    outer loop
      vertex -22.7607 -11.1632 32
      vertex -21.9843 -13.0681 32
      vertex -22.232 -13.1522 32
    endloop
  endfacet
  facet normal 0 0 -1
    outer loop
      vertex -22.7607 -11.1632 32
      vertex -22.232 -13.1522 32
      vertex -22.4667 -13.2679 32
    endloop
  endfacet
  facet normal -0 0 -1
    outer loop
      vertex -21.2284 -9.85195 32
      vertex -22.8451 -10.5216 32
      vertex -21.4019 -9.5 32
    endloop
  endfacet
  facet normal 0 0 -1
    outer loop
      vertex -23.375 -12.0825 32
      vertex -22.4667 -13.2679 32
      vertex -22.6842 -13.4133 32
    endloop
  endfacet
  facet normal 0 0 -1
    outer loop
      vertex -22.9175 -10.375 32
      vertex -21.4019 -9.5 32
      vertex -22.8451 -10.5216 32
    endloop
  endfacet
  facet normal -0 0 -1
    outer loop
      vertex -21.4019 -9.5 32
      vertex -22.9175 -10.375 32
      vertex -21.6199 -9.17372 32
    endloop
  endfacet
  facet normal 0 0 -1
    outer loop
      vertex -23.0083 -10.239 32
      vertex -21.6199 -9.17372 32
      vertex -22.9175 -10.375 32
    endloop
  endfacet
  facet normal -0 0 -1
    outer loop
      vertex -21.6199 -9.17372 32
      vertex -23.0083 -10.239 32
      vertex -21.8787 -8.87868 32
    endloop
  endfacet
  facet normal 0 0 -1
    outer loop
      vertex -23.1161 -10.1161 32
      vertex -21.8787 -8.87868 32
      vertex -23.0083 -10.239 32
    endloop
  endfacet
  facet normal -0 0 -1
    outer loop
      vertex -21.8787 -8.87868 32
      vertex -23.1161 -10.1161 32
      vertex -22.1737 -8.61994 32
    endloop
  endfacet
  facet normal 0 0 -1
    outer loop
      vertex -23.239 -10.0083 32
      vertex -22.1737 -8.61994 32
      vertex -23.1161 -10.1161 32
    endloop
  endfacet
  facet normal -0 0 -1
    outer loop
      vertex -22.1737 -8.61994 32
      vertex -23.239 -10.0083 32
      vertex -22.5 -8.40192 32
    endloop
  endfacet
  facet normal 0 0 -1
    outer loop
      vertex -23.375 -9.91747 32
      vertex -22.5 -8.40192 32
      vertex -23.239 -10.0083 32
    endloop
  endfacet
  facet normal -0 0 -1
    outer loop
      vertex -22.5 -8.40192 32
      vertex -23.375 -9.91747 32
      vertex -22.852 -8.22836 32
    endloop
  endfacet
  facet normal 0 0 -1
    outer loop
      vertex -23.5216 -9.84515 32
      vertex -22.852 -8.22836 32
      vertex -23.375 -9.91747 32
    endloop
  endfacet
  facet normal -0 0 -1
    outer loop
      vertex -22.852 -8.22836 32
      vertex -23.5216 -9.84515 32
      vertex -23.2235 -8.10222 32
    endloop
  endfacet
  facet normal 0 0 -1
    outer loop
      vertex -23.6765 -9.79259 32
      vertex -23.2235 -8.10222 32
      vertex -23.5216 -9.84515 32
    endloop
  endfacet
  facet normal -0 0 -1
    outer loop
      vertex -23.2235 -8.10222 32
      vertex -23.6765 -9.79259 32
      vertex -23.6084 -8.02567 32
    endloop
  endfacet
  facet normal 0 0 -1
    outer loop
      vertex -23.8368 -9.76069 32
      vertex -23.6084 -8.02567 32
      vertex -23.6765 -9.79259 32
    endloop
  endfacet
  facet normal 0 0 -1
    outer loop
      vertex -24 -9.75 32
      vertex -23.6084 -8.02567 32
      vertex -23.8368 -9.76069 32
    endloop
  endfacet
  facet normal 0 0 -1
    outer loop
      vertex -24 -9.75 32
      vertex -24 -8 32
      vertex -23.6084 -8.02567 32
    endloop
  endfacet
  facet normal 0 0 -1
    outer loop
      vertex -24.1632 -9.76069 32
      vertex -24 -8 32
      vertex -24 -9.75 32
    endloop
  endfacet
  facet normal 0 0 -1
    outer loop
      vertex -24.3916 -8.02567 32
      vertex -24.1632 -9.76069 32
      vertex -24.3235 -9.79259 32
    endloop
  endfacet
  facet normal 0 0 -1
    outer loop
      vertex -24.1632 -9.76069 32
      vertex -24.3916 -8.02567 32
      vertex -24 -8 32
    endloop
  endfacet
  facet normal 0 0 -1
    outer loop
      vertex -24.7765 -8.10222 32
      vertex -24.3235 -9.79259 32
      vertex -24.4784 -9.84515 32
    endloop
  endfacet
  facet normal 0 0 -1
    outer loop
      vertex -25.148 -8.22836 32
      vertex -24.4784 -9.84515 32
      vertex -24.625 -9.91747 32
    endloop
  endfacet
  facet normal 0 0 -1
    outer loop
      vertex -25.5 -8.40192 32
      vertex -24.625 -9.91747 32
      vertex -24.761 -10.0083 32
    endloop
  endfacet
  facet normal 0 0 -1
    outer loop
      vertex -24.3235 -9.79259 32
      vertex -24.7765 -8.10222 32
      vertex -24.3916 -8.02567 32
    endloop
  endfacet
  facet normal 0 0 -1
    outer loop
      vertex -25.8263 -8.61994 32
      vertex -24.761 -10.0083 32
      vertex -24.8839 -10.1161 32
    endloop
  endfacet
  facet normal 0 0 -1
    outer loop
      vertex -26.1213 -8.87868 32
      vertex -24.8839 -10.1161 32
      vertex -24.9917 -10.239 32
    endloop
  endfacet
  facet normal 0 0 -1
    outer loop
      vertex -26.3801 -9.17372 32
      vertex -24.9917 -10.239 32
      vertex -25.0825 -10.375 32
    endloop
  endfacet
  facet normal 0 0 -1
    outer loop
      vertex -24.4784 -9.84515 32
      vertex -25.148 -8.22836 32
      vertex -24.7765 -8.10222 32
    endloop
  endfacet
  facet normal 0 0 -1
    outer loop
      vertex -26.5981 -9.5 32
      vertex -25.0825 -10.375 32
      vertex -25.1549 -10.5216 32
    endloop
  endfacet
  facet normal 0 0 -1
    outer loop
      vertex -26.7716 -9.85195 32
      vertex -25.1549 -10.5216 32
      vertex -25.2074 -10.6765 32
    endloop
  endfacet
  facet normal 0 0 -1
    outer loop
      vertex -26.8978 -10.2235 32
      vertex -25.2074 -10.6765 32
      vertex -25.2393 -10.8368 32
    endloop
  endfacet
  facet normal 0 0 -1
    outer loop
      vertex -26.9743 -10.6084 32
      vertex -25.2393 -10.8368 32
      vertex -25.25 -11 32
    endloop
  endfacet
  facet normal -0 0 -1
    outer loop
      vertex -25.0825 -11.625 32
      vertex -26.5981 -12.5 32
      vertex -25.1549 -11.4784 32
    endloop
  endfacet
  facet normal 0 0 -1
    outer loop
      vertex -24.625 -9.91747 32
      vertex -25.5 -8.40192 32
      vertex -25.148 -8.22836 32
    endloop
  endfacet
  facet normal 0 0 -1
    outer loop
      vertex -26.7716 -12.148 32
      vertex -25.1549 -11.4784 32
      vertex -26.5981 -12.5 32
    endloop
  endfacet
  facet normal 0 0 -1
    outer loop
      vertex -24.761 -10.0083 32
      vertex -25.8263 -8.61994 32
      vertex -25.5 -8.40192 32
    endloop
  endfacet
  facet normal -0 0 -1
    outer loop
      vertex -25.1549 -11.4784 32
      vertex -26.7716 -12.148 32
      vertex -25.2074 -11.3235 32
    endloop
  endfacet
  facet normal 0 0 -1
    outer loop
      vertex -24.8839 -10.1161 32
      vertex -26.1213 -8.87868 32
      vertex -25.8263 -8.61994 32
    endloop
  endfacet
  facet normal 0 0 -1
    outer loop
      vertex -26.8978 -11.7765 32
      vertex -25.2074 -11.3235 32
      vertex -26.7716 -12.148 32
    endloop
  endfacet
  facet normal 0 0 -1
    outer loop
      vertex -24.9917 -10.239 32
      vertex -26.3801 -9.17372 32
      vertex -26.1213 -8.87868 32
    endloop
  endfacet
  facet normal -0 0 -1
    outer loop
      vertex -25.2074 -11.3235 32
      vertex -26.8978 -11.7765 32
      vertex -25.2393 -11.1632 32
    endloop
  endfacet
  facet normal 0 0 -1
    outer loop
      vertex -25.0825 -10.375 32
      vertex -26.5981 -9.5 32
      vertex -26.3801 -9.17372 32
    endloop
  endfacet
  facet normal 0 0 -1
    outer loop
      vertex -26.9743 -11.3916 32
      vertex -25.2393 -11.1632 32
      vertex -26.8978 -11.7765 32
    endloop
  endfacet
  facet normal 0 0 -1
    outer loop
      vertex -25.1549 -10.5216 32
      vertex -26.7716 -9.85195 32
      vertex -26.5981 -9.5 32
    endloop
  endfacet
  facet normal -0 0 -1
    outer loop
      vertex -25.2393 -11.1632 32
      vertex -26.9743 -11.3916 32
      vertex -25.25 -11 32
    endloop
  endfacet
  facet normal 0 0 -1
    outer loop
      vertex -25.2074 -10.6765 32
      vertex -26.8978 -10.2235 32
      vertex -26.7716 -9.85195 32
    endloop
  endfacet
  facet normal 0 0 -1
    outer loop
      vertex -27 -11 32
      vertex -25.25 -11 32
      vertex -26.9743 -11.3916 32
    endloop
  endfacet
  facet normal 0 0 -1
    outer loop
      vertex -25.2393 -10.8368 32
      vertex -26.9743 -10.6084 32
      vertex -26.8978 -10.2235 32
    endloop
  endfacet
  facet normal 0 0 -1
    outer loop
      vertex -25.25 -11 32
      vertex -27 -11 32
      vertex -26.9743 -10.6084 32
    endloop
  endfacet
  facet normal -0.751768 0.659428 0
    outer loop
      vertex -26.3801 -9.17372 32
      vertex -26.1213 -8.87868 37
      vertex -26.1213 -8.87868 32
    endloop
  endfacet
  facet normal -0.751768 0.659428 0
    outer loop
      vertex -26.1213 -8.87868 37
      vertex -26.3801 -9.17372 32
      vertex -26.3801 -9.17372 37
    endloop
  endfacet
  facet normal 0.659392 0.751799 -0
    outer loop
      vertex -21.8787 -8.87868 32
      vertex -22.1737 -8.61994 37
      vertex -21.8787 -8.87868 37
    endloop
  endfacet
  facet normal 0.659392 0.751799 0
    outer loop
      vertex -22.1737 -8.61994 37
      vertex -21.8787 -8.87868 32
      vertex -22.1737 -8.61994 32
    endloop
  endfacet
  facet normal -0.896961 -0.44211 0
    outer loop
      vertex -26.5981 -12.5 32
      vertex -26.7716 -12.148 37
      vertex -26.7716 -12.148 32
    endloop
  endfacet
  facet normal -0.896961 -0.44211 0
    outer loop
      vertex -26.7716 -12.148 37
      vertex -26.5981 -12.5 32
      vertex -26.5981 -12.5 37
    endloop
  endfacet
  facet normal 0.831501 -0.555523 0
    outer loop
      vertex -21.6199 -12.8263 37
      vertex -21.4019 -12.5 32
      vertex -21.4019 -12.5 37
    endloop
  endfacet
  facet normal 0.831501 -0.555523 0
    outer loop
      vertex -21.4019 -12.5 32
      vertex -21.6199 -12.8263 37
      vertex -21.6199 -12.8263 32
    endloop
  endfacet
  facet normal 0.896936 0.44216 0
    outer loop
      vertex -21.2284 -9.85195 37
      vertex -21.4019 -9.5 32
      vertex -21.4019 -9.5 37
    endloop
  endfacet
  facet normal 0.896936 0.44216 0
    outer loop
      vertex -21.4019 -9.5 32
      vertex -21.2284 -9.85195 37
      vertex -21.2284 -9.85195 32
    endloop
  endfacet
  facet normal -0.0654873 -0.997853 0
    outer loop
      vertex -24.3916 -13.9743 32
      vertex -24 -14 37
      vertex -24.3916 -13.9743 37
    endloop
  endfacet
  facet normal -0.0654873 -0.997853 -0
    outer loop
      vertex -24 -14 37
      vertex -24.3916 -13.9743 32
      vertex -24 -14 32
    endloop
  endfacet
  facet normal 0.0654112 0.997858 -0
    outer loop
      vertex -23.6084 -8.02567 32
      vertex -24 -8 37
      vertex -23.6084 -8.02567 37
    endloop
  endfacet
  facet normal 0.0654112 0.997858 0
    outer loop
      vertex -24 -8 37
      vertex -23.6084 -8.02567 32
      vertex -24 -8 32
    endloop
  endfacet
  facet normal -0.555523 -0.831501 0
    outer loop
      vertex -25.8263 -13.3801 32
      vertex -25.5 -13.5981 37
      vertex -25.8263 -13.3801 37
    endloop
  endfacet
  facet normal -0.555523 -0.831501 -0
    outer loop
      vertex -25.5 -13.5981 37
      vertex -25.8263 -13.3801 32
      vertex -25.5 -13.5981 32
    endloop
  endfacet
  facet normal 0.946871 0.321613 0
    outer loop
      vertex -21.1022 -10.2235 37
      vertex -21.2284 -9.85195 32
      vertex -21.2284 -9.85195 37
    endloop
  endfacet
  facet normal 0.946871 0.321613 0
    outer loop
      vertex -21.2284 -9.85195 32
      vertex -21.1022 -10.2235 37
      vertex -21.1022 -10.2235 32
    endloop
  endfacet
  facet normal -0.980815 0.19494 0
    outer loop
      vertex -26.9743 -10.6084 32
      vertex -26.8978 -10.2235 37
      vertex -26.8978 -10.2235 32
    endloop
  endfacet
  facet normal -0.980815 0.19494 0
    outer loop
      vertex -26.8978 -10.2235 37
      vertex -26.9743 -10.6084 32
      vertex -26.9743 -10.6084 37
    endloop
  endfacet
  facet normal -0.0654112 0.997858 0
    outer loop
      vertex -24 -8 32
      vertex -24.3916 -8.02567 37
      vertex -24 -8 37
    endloop
  endfacet
  facet normal -0.0654112 0.997858 0
    outer loop
      vertex -24.3916 -8.02567 37
      vertex -24 -8 32
      vertex -24.3916 -8.02567 32
    endloop
  endfacet
  facet normal -0.321651 -0.946858 0
    outer loop
      vertex -25.148 -13.7716 32
      vertex -24.7765 -13.8978 37
      vertex -25.148 -13.7716 37
    endloop
  endfacet
  facet normal -0.321651 -0.946858 -0
    outer loop
      vertex -24.7765 -13.8978 37
      vertex -25.148 -13.7716 32
      vertex -24.7765 -13.8978 32
    endloop
  endfacet
  facet normal -0.980815 -0.19494 0
    outer loop
      vertex -26.8978 -11.7765 32
      vertex -26.9743 -11.3916 37
      vertex -26.9743 -11.3916 32
    endloop
  endfacet
  facet normal -0.980815 -0.19494 0
    outer loop
      vertex -26.9743 -11.3916 37
      vertex -26.8978 -11.7765 32
      vertex -26.8978 -11.7765 37
    endloop
  endfacet
  facet normal -0.751724 -0.659478 0
    outer loop
      vertex -26.1213 -13.1213 32
      vertex -26.3801 -12.8263 37
      vertex -26.3801 -12.8263 32
    endloop
  endfacet
  facet normal -0.751724 -0.659478 0
    outer loop
      vertex -26.3801 -12.8263 37
      vertex -26.1213 -13.1213 32
      vertex -26.1213 -13.1213 37
    endloop
  endfacet
  facet normal -0.19494 -0.980815 0
    outer loop
      vertex -24.7765 -13.8978 32
      vertex -24.3916 -13.9743 37
      vertex -24.7765 -13.8978 37
    endloop
  endfacet
  facet normal -0.19494 -0.980815 -0
    outer loop
      vertex -24.3916 -13.9743 37
      vertex -24.7765 -13.8978 32
      vertex -24.3916 -13.9743 32
    endloop
  endfacet
  facet normal -0.831485 0.555547 0
    outer loop
      vertex -26.5981 -9.5 32
      vertex -26.3801 -9.17372 37
      vertex -26.3801 -9.17372 32
    endloop
  endfacet
  facet normal -0.831485 0.555547 0
    outer loop
      vertex -26.3801 -9.17372 37
      vertex -26.5981 -9.5 32
      vertex -26.5981 -9.5 37
    endloop
  endfacet
  facet normal -0.980768 0.195175 0
    outer loop
      vertex -22.7926 -11.3235 32
      vertex -22.7607 -11.1632 37
      vertex -22.7607 -11.1632 32
    endloop
  endfacet
  facet normal -0.980768 0.195175 0
    outer loop
      vertex -22.7607 -11.1632 37
      vertex -22.7926 -11.3235 32
      vertex -22.7926 -11.3235 37
    endloop
  endfacet
  facet normal -0.980768 -0.195175 0
    outer loop
      vertex -22.7607 -10.8368 32
      vertex -22.7926 -10.6765 37
      vertex -22.7926 -10.6765 32
    endloop
  endfacet
  facet normal -0.980768 -0.195175 0
    outer loop
      vertex -22.7926 -10.6765 37
      vertex -22.7607 -10.8368 32
      vertex -22.7607 -10.8368 37
    endloop
  endfacet
  facet normal -0.997858 -0.0654233 0
    outer loop
      vertex -22.75 -11 32
      vertex -22.7607 -10.8368 37
      vertex -22.7607 -10.8368 32
    endloop
  endfacet
  facet normal -0.997858 -0.0654233 0
    outer loop
      vertex -22.7607 -10.8368 37
      vertex -22.75 -11 32
      vertex -22.75 -11 37
    endloop
  endfacet
  facet normal -0.947082 -0.320993 0
    outer loop
      vertex -22.7926 -10.6765 32
      vertex -22.8451 -10.5216 37
      vertex -22.8451 -10.5216 32
    endloop
  endfacet
  facet normal -0.947082 -0.320993 0
    outer loop
      vertex -22.8451 -10.5216 37
      vertex -22.7926 -10.6765 32
      vertex -22.7926 -10.6765 37
    endloop
  endfacet
  facet normal -0.442313 0.896861 0
    outer loop
      vertex -23.375 -12.0825 32
      vertex -23.5216 -12.1548 37
      vertex -23.375 -12.0825 37
    endloop
  endfacet
  facet normal -0.442313 0.896861 0
    outer loop
      vertex -23.5216 -12.1548 37
      vertex -23.375 -12.0825 32
      vertex -23.5216 -12.1548 32
    endloop
  endfacet
  facet normal -0.195175 -0.980768 0
    outer loop
      vertex -23.8368 -9.76069 32
      vertex -23.6765 -9.79259 37
      vertex -23.8368 -9.76069 37
    endloop
  endfacet
  facet normal -0.195175 -0.980768 -0
    outer loop
      vertex -23.6765 -9.79259 37
      vertex -23.8368 -9.76069 32
      vertex -23.6765 -9.79259 32
    endloop
  endfacet
  facet normal -0.195175 0.980768 0
    outer loop
      vertex -23.6765 -12.2074 32
      vertex -23.8368 -12.2393 37
      vertex -23.6765 -12.2074 37
    endloop
  endfacet
  facet normal -0.195175 0.980768 0
    outer loop
      vertex -23.8368 -12.2393 37
      vertex -23.6765 -12.2074 32
      vertex -23.8368 -12.2393 32
    endloop
  endfacet
  facet normal -0.0654233 0.997858 0
    outer loop
      vertex -23.8368 -12.2393 32
      vertex -24 -12.25 37
      vertex -23.8368 -12.2393 37
    endloop
  endfacet
  facet normal -0.0654233 0.997858 0
    outer loop
      vertex -24 -12.25 37
      vertex -23.8368 -12.2393 32
      vertex -24 -12.25 32
    endloop
  endfacet
  facet normal 0.659414 -0.75178 0
    outer loop
      vertex -24.8839 -10.1161 32
      vertex -24.761 -10.0083 37
      vertex -24.8839 -10.1161 37
    endloop
  endfacet
  facet normal 0.659414 -0.75178 0
    outer loop
      vertex -24.761 -10.0083 37
      vertex -24.8839 -10.1161 32
      vertex -24.761 -10.0083 32
    endloop
  endfacet
  facet normal 0.831674 -0.555265 0
    outer loop
      vertex -25.0825 -10.375 37
      vertex -24.9917 -10.239 32
      vertex -24.9917 -10.239 37
    endloop
  endfacet
  facet normal 0.831674 -0.555265 0
    outer loop
      vertex -24.9917 -10.239 32
      vertex -25.0825 -10.375 37
      vertex -25.0825 -10.375 32
    endloop
  endfacet
  facet normal -0.321322 -0.94697 0
    outer loop
      vertex -23.6765 -9.79259 32
      vertex -23.5216 -9.84515 37
      vertex -23.6765 -9.79259 37
    endloop
  endfacet
  facet normal -0.321322 -0.94697 -0
    outer loop
      vertex -23.5216 -9.84515 37
      vertex -23.6765 -9.79259 32
      vertex -23.5216 -9.84515 32
    endloop
  endfacet
  facet normal -0.659414 0.75178 0
    outer loop
      vertex -23.1161 -11.8839 32
      vertex -23.239 -11.9917 37
      vertex -23.1161 -11.8839 37
    endloop
  endfacet
  facet normal -0.659414 0.75178 0
    outer loop
      vertex -23.239 -11.9917 37
      vertex -23.1161 -11.8839 32
      vertex -23.239 -11.9917 32
    endloop
  endfacet
  facet normal 0.442411 -0.896812 0
    outer loop
      vertex -24.625 -9.91747 32
      vertex -24.4784 -9.84515 37
      vertex -24.625 -9.91747 37
    endloop
  endfacet
  facet normal 0.442411 -0.896812 0
    outer loop
      vertex -24.4784 -9.84515 37
      vertex -24.625 -9.91747 32
      vertex -24.4784 -9.84515 32
    endloop
  endfacet
  facet normal 0.0654233 0.997858 -0
    outer loop
      vertex -24 -12.25 32
      vertex -24.1632 -12.2393 37
      vertex -24 -12.25 37
    endloop
  endfacet
  facet normal 0.0654233 0.997858 0
    outer loop
      vertex -24.1632 -12.2393 37
      vertex -24 -12.25 32
      vertex -24.1632 -12.2393 32
    endloop
  endfacet
  facet normal -0.75178 0.659414 0
    outer loop
      vertex -23.1161 -11.8839 32
      vertex -23.0083 -11.761 37
      vertex -23.0083 -11.761 32
    endloop
  endfacet
  facet normal -0.75178 0.659414 0
    outer loop
      vertex -23.0083 -11.761 37
      vertex -23.1161 -11.8839 32
      vertex -23.1161 -11.8839 37
    endloop
  endfacet
  facet normal 0.947082 0.320993 0
    outer loop
      vertex -25.1549 -11.4784 37
      vertex -25.2074 -11.3235 32
      vertex -25.2074 -11.3235 37
    endloop
  endfacet
  facet normal 0.947082 0.320993 0
    outer loop
      vertex -25.2074 -11.3235 32
      vertex -25.1549 -11.4784 37
      vertex -25.1549 -11.4784 32
    endloop
  endfacet
  facet normal -0.321541 0.946896 0
    outer loop
      vertex -23.5216 -12.1548 32
      vertex -23.6765 -12.2074 37
      vertex -23.5216 -12.1548 37
    endloop
  endfacet
  facet normal -0.321541 0.946896 0
    outer loop
      vertex -23.6765 -12.2074 37
      vertex -23.5216 -12.1548 32
      vertex -23.6765 -12.2074 32
    endloop
  endfacet
  facet normal 0.321322 -0.94697 0
    outer loop
      vertex -24.4784 -9.84515 32
      vertex -24.3235 -9.79259 37
      vertex -24.4784 -9.84515 37
    endloop
  endfacet
  facet normal 0.321322 -0.94697 0
    outer loop
      vertex -24.3235 -9.79259 37
      vertex -24.4784 -9.84515 32
      vertex -24.3235 -9.79259 32
    endloop
  endfacet
  facet normal 0.555391 -0.831589 0
    outer loop
      vertex -24.761 -10.0083 32
      vertex -24.625 -9.91747 37
      vertex -24.761 -10.0083 37
    endloop
  endfacet
  facet normal 0.555391 -0.831589 0
    outer loop
      vertex -24.625 -9.91747 37
      vertex -24.761 -10.0083 32
      vertex -24.625 -9.91747 32
    endloop
  endfacet
  facet normal 0.947082 -0.320993 0
    outer loop
      vertex -25.2074 -10.6765 37
      vertex -25.1549 -10.5216 32
      vertex -25.1549 -10.5216 37
    endloop
  endfacet
  facet normal 0.947082 -0.320993 0
    outer loop
      vertex -25.1549 -10.5216 32
      vertex -25.2074 -10.6765 37
      vertex -25.2074 -10.6765 32
    endloop
  endfacet
  facet normal -0.896618 -0.442805 0
    outer loop
      vertex -22.8451 -10.5216 32
      vertex -22.9175 -10.375 37
      vertex -22.9175 -10.375 32
    endloop
  endfacet
  facet normal -0.896618 -0.442805 0
    outer loop
      vertex -22.9175 -10.375 37
      vertex -22.8451 -10.5216 32
      vertex -22.8451 -10.5216 37
    endloop
  endfacet
  facet normal 0.195175 -0.980768 0
    outer loop
      vertex -24.3235 -9.79259 32
      vertex -24.1632 -9.76069 37
      vertex -24.3235 -9.79259 37
    endloop
  endfacet
  facet normal 0.195175 -0.980768 0
    outer loop
      vertex -24.1632 -9.76069 37
      vertex -24.3235 -9.79259 32
      vertex -24.1632 -9.76069 32
    endloop
  endfacet
  facet normal -0.659414 -0.75178 0
    outer loop
      vertex -23.239 -10.0083 32
      vertex -23.1161 -10.1161 37
      vertex -23.239 -10.0083 37
    endloop
  endfacet
  facet normal -0.659414 -0.75178 -0
    outer loop
      vertex -23.1161 -10.1161 37
      vertex -23.239 -10.0083 32
      vertex -23.1161 -10.1161 32
    endloop
  endfacet
  facet normal -0.997858 0.0654233 0
    outer loop
      vertex -22.7607 -11.1632 32
      vertex -22.75 -11 37
      vertex -22.75 -11 32
    endloop
  endfacet
  facet normal -0.997858 0.0654233 0
    outer loop
      vertex -22.75 -11 37
      vertex -22.7607 -11.1632 32
      vertex -22.7607 -11.1632 37
    endloop
  endfacet
  facet normal -0.442411 -0.896812 0
    outer loop
      vertex -23.5216 -9.84515 32
      vertex -23.375 -9.91747 37
      vertex -23.5216 -9.84515 37
    endloop
  endfacet
  facet normal -0.442411 -0.896812 -0
    outer loop
      vertex -23.375 -9.91747 37
      vertex -23.5216 -9.84515 32
      vertex -23.375 -9.91747 32
    endloop
  endfacet
  facet normal 0.321541 0.946896 -0
    outer loop
      vertex -24.3235 -12.2074 32
      vertex -24.4784 -12.1548 37
      vertex -24.3235 -12.2074 37
    endloop
  endfacet
  facet normal 0.321541 0.946896 0
    outer loop
      vertex -24.4784 -12.1548 37
      vertex -24.3235 -12.2074 32
      vertex -24.4784 -12.1548 32
    endloop
  endfacet
  facet normal 0.980768 -0.195175 0
    outer loop
      vertex -25.2393 -10.8368 37
      vertex -25.2074 -10.6765 32
      vertex -25.2074 -10.6765 37
    endloop
  endfacet
  facet normal 0.980768 -0.195175 0
    outer loop
      vertex -25.2074 -10.6765 32
      vertex -25.2393 -10.8368 37
      vertex -25.2393 -10.8368 32
    endloop
  endfacet
  facet normal 0.0653624 -0.997862 0
    outer loop
      vertex -24.1632 -9.76069 32
      vertex -24 -9.75 37
      vertex -24.1632 -9.76069 37
    endloop
  endfacet
  facet normal 0.0653624 -0.997862 0
    outer loop
      vertex -24 -9.75 37
      vertex -24.1632 -9.76069 32
      vertex -24 -9.75 32
    endloop
  endfacet
  facet normal 0.195175 0.980768 -0
    outer loop
      vertex -24.1632 -12.2393 32
      vertex -24.3235 -12.2074 37
      vertex -24.1632 -12.2393 37
    endloop
  endfacet
  facet normal 0.195175 0.980768 0
    outer loop
      vertex -24.3235 -12.2074 37
      vertex -24.1632 -12.2393 32
      vertex -24.3235 -12.2074 32
    endloop
  endfacet
  facet normal -0.947082 0.320993 0
    outer loop
      vertex -22.8451 -11.4784 32
      vertex -22.7926 -11.3235 37
      vertex -22.7926 -11.3235 32
    endloop
  endfacet
  facet normal -0.947082 0.320993 0
    outer loop
      vertex -22.7926 -11.3235 37
      vertex -22.8451 -11.4784 32
      vertex -22.8451 -11.4784 37
    endloop
  endfacet
  facet normal -0.831674 -0.555265 0
    outer loop
      vertex -22.9175 -10.375 32
      vertex -23.0083 -10.239 37
      vertex -23.0083 -10.239 32
    endloop
  endfacet
  facet normal -0.831674 -0.555265 0
    outer loop
      vertex -23.0083 -10.239 37
      vertex -22.9175 -10.375 32
      vertex -22.9175 -10.375 37
    endloop
  endfacet
  facet normal -0.75178 -0.659414 0
    outer loop
      vertex -23.0083 -10.239 32
      vertex -23.1161 -10.1161 37
      vertex -23.1161 -10.1161 32
    endloop
  endfacet
  facet normal -0.75178 -0.659414 0
    outer loop
      vertex -23.1161 -10.1161 37
      vertex -23.0083 -10.239 32
      vertex -23.0083 -10.239 37
    endloop
  endfacet
  facet normal 0.896618 0.442805 0
    outer loop
      vertex -25.0825 -11.625 37
      vertex -25.1549 -11.4784 32
      vertex -25.1549 -11.4784 37
    endloop
  endfacet
  facet normal 0.896618 0.442805 0
    outer loop
      vertex -25.1549 -11.4784 32
      vertex -25.0825 -11.625 37
      vertex -25.0825 -11.625 32
    endloop
  endfacet
  facet normal -0.896618 0.442805 0
    outer loop
      vertex -22.9175 -11.625 32
      vertex -22.8451 -11.4784 37
      vertex -22.8451 -11.4784 32
    endloop
  endfacet
  facet normal -0.896618 0.442805 0
    outer loop
      vertex -22.8451 -11.4784 37
      vertex -22.9175 -11.625 32
      vertex -22.9175 -11.625 37
    endloop
  endfacet
  facet normal 0.75178 0.659414 0
    outer loop
      vertex -24.8839 -11.8839 37
      vertex -24.9917 -11.761 32
      vertex -24.9917 -11.761 37
    endloop
  endfacet
  facet normal 0.75178 0.659414 0
    outer loop
      vertex -24.9917 -11.761 32
      vertex -24.8839 -11.8839 37
      vertex -24.8839 -11.8839 32
    endloop
  endfacet
  facet normal -0.831674 0.555265 0
    outer loop
      vertex -23.0083 -11.761 32
      vertex -22.9175 -11.625 37
      vertex -22.9175 -11.625 32
    endloop
  endfacet
  facet normal -0.831674 0.555265 0
    outer loop
      vertex -22.9175 -11.625 37
      vertex -23.0083 -11.761 32
      vertex -23.0083 -11.761 37
    endloop
  endfacet
  facet normal 0.75178 -0.659414 0
    outer loop
      vertex -24.9917 -10.239 37
      vertex -24.8839 -10.1161 32
      vertex -24.8839 -10.1161 37
    endloop
  endfacet
  facet normal 0.75178 -0.659414 0
    outer loop
      vertex -24.8839 -10.1161 32
      vertex -24.9917 -10.239 37
      vertex -24.9917 -10.239 32
    endloop
  endfacet
  facet normal -0.0653624 -0.997862 0
    outer loop
      vertex -24 -9.75 32
      vertex -23.8368 -9.76069 37
      vertex -24 -9.75 37
    endloop
  endfacet
  facet normal -0.0653624 -0.997862 -0
    outer loop
      vertex -23.8368 -9.76069 37
      vertex -24 -9.75 32
      vertex -23.8368 -9.76069 32
    endloop
  endfacet
  facet normal -0.555391 -0.831589 0
    outer loop
      vertex -23.375 -9.91747 32
      vertex -23.239 -10.0083 37
      vertex -23.375 -9.91747 37
    endloop
  endfacet
  facet normal -0.555391 -0.831589 -0
    outer loop
      vertex -23.239 -10.0083 37
      vertex -23.375 -9.91747 32
      vertex -23.239 -10.0083 32
    endloop
  endfacet
  facet normal 0.442313 0.896861 -0
    outer loop
      vertex -24.4784 -12.1548 32
      vertex -24.625 -12.0825 37
      vertex -24.4784 -12.1548 37
    endloop
  endfacet
  facet normal 0.442313 0.896861 0
    outer loop
      vertex -24.625 -12.0825 37
      vertex -24.4784 -12.1548 32
      vertex -24.625 -12.0825 32
    endloop
  endfacet
  facet normal 0.831674 0.555265 0
    outer loop
      vertex -24.9917 -11.761 37
      vertex -25.0825 -11.625 32
      vertex -25.0825 -11.625 37
    endloop
  endfacet
  facet normal 0.831674 0.555265 0
    outer loop
      vertex -25.0825 -11.625 32
      vertex -24.9917 -11.761 37
      vertex -24.9917 -11.761 32
    endloop
  endfacet
  facet normal 0.980768 0.195175 0
    outer loop
      vertex -25.2074 -11.3235 37
      vertex -25.2393 -11.1632 32
      vertex -25.2393 -11.1632 37
    endloop
  endfacet
  facet normal 0.980768 0.195175 0
    outer loop
      vertex -25.2393 -11.1632 32
      vertex -25.2074 -11.3235 37
      vertex -25.2074 -11.3235 32
    endloop
  endfacet
  facet normal 0.659414 0.75178 -0
    outer loop
      vertex -24.761 -11.9917 32
      vertex -24.8839 -11.8839 37
      vertex -24.761 -11.9917 37
    endloop
  endfacet
  facet normal 0.659414 0.75178 0
    outer loop
      vertex -24.8839 -11.8839 37
      vertex -24.761 -11.9917 32
      vertex -24.8839 -11.8839 32
    endloop
  endfacet
  facet normal 0.896618 -0.442805 0
    outer loop
      vertex -25.1549 -10.5216 37
      vertex -25.0825 -10.375 32
      vertex -25.0825 -10.375 37
    endloop
  endfacet
  facet normal 0.896618 -0.442805 0
    outer loop
      vertex -25.0825 -10.375 32
      vertex -25.1549 -10.5216 37
      vertex -25.1549 -10.5216 32
    endloop
  endfacet
  facet normal 0.997858 0.0654233 0
    outer loop
      vertex -25.2393 -11.1632 37
      vertex -25.25 -11 32
      vertex -25.25 -11 37
    endloop
  endfacet
  facet normal 0.997858 0.0654233 0
    outer loop
      vertex -25.25 -11 32
      vertex -25.2393 -11.1632 37
      vertex -25.2393 -11.1632 32
    endloop
  endfacet
  facet normal -0.555265 0.831674 0
    outer loop
      vertex -23.239 -11.9917 32
      vertex -23.375 -12.0825 37
      vertex -23.239 -11.9917 37
    endloop
  endfacet
  facet normal -0.555265 0.831674 0
    outer loop
      vertex -23.375 -12.0825 37
      vertex -23.239 -11.9917 32
      vertex -23.375 -12.0825 32
    endloop
  endfacet
  facet normal 0.997858 -0.0654233 0
    outer loop
      vertex -25.25 -11 37
      vertex -25.2393 -10.8368 32
      vertex -25.2393 -10.8368 37
    endloop
  endfacet
  facet normal 0.997858 -0.0654233 0
    outer loop
      vertex -25.2393 -10.8368 32
      vertex -25.25 -11 37
      vertex -25.25 -11 32
    endloop
  endfacet
  facet normal 0.555265 0.831674 -0
    outer loop
      vertex -24.625 -12.0825 32
      vertex -24.761 -11.9917 37
      vertex -24.625 -12.0825 37
    endloop
  endfacet
  facet normal 0.555265 0.831674 0
    outer loop
      vertex -24.761 -11.9917 37
      vertex -24.625 -12.0825 32
      vertex -24.761 -11.9917 32
    endloop
  endfacet
  facet normal 0.980815 0.19494 0
    outer loop
      vertex 26.9743 -10.6084 37
      vertex 26.8978 -10.2235 32
      vertex 26.8978 -10.2235 37
    endloop
  endfacet
  facet normal 0.980815 0.19494 0
    outer loop
      vertex 26.8978 -10.2235 32
      vertex 26.9743 -10.6084 37
      vertex 26.9743 -10.6084 32
    endloop
  endfacet
  facet normal 0.997853 0.0654873 0
    outer loop
      vertex 27 -11 37
      vertex 26.9743 -10.6084 32
      vertex 26.9743 -10.6084 37
    endloop
  endfacet
  facet normal 0.997853 0.0654873 0
    outer loop
      vertex 26.9743 -10.6084 32
      vertex 27 -11 37
      vertex 27 -11 32
    endloop
  endfacet
  facet normal 0.980815 -0.19494 0
    outer loop
      vertex 26.8978 -11.7765 37
      vertex 26.9743 -11.3916 32
      vertex 26.9743 -11.3916 37
    endloop
  endfacet
  facet normal 0.980815 -0.19494 0
    outer loop
      vertex 26.9743 -11.3916 32
      vertex 26.8978 -11.7765 37
      vertex 26.8978 -11.7765 32
    endloop
  endfacet
  facet normal 0.831485 0.555547 0
    outer loop
      vertex 26.5981 -9.5 37
      vertex 26.3801 -9.17372 32
      vertex 26.3801 -9.17372 37
    endloop
  endfacet
  facet normal 0.831485 0.555547 0
    outer loop
      vertex 26.3801 -9.17372 32
      vertex 26.5981 -9.5 37
      vertex 26.5981 -9.5 32
    endloop
  endfacet
  facet normal 0.555558 0.831477 -0
    outer loop
      vertex 25.8263 -8.61994 32
      vertex 25.5 -8.40192 37
      vertex 25.8263 -8.61994 37
    endloop
  endfacet
  facet normal 0.555558 0.831477 0
    outer loop
      vertex 25.5 -8.40192 37
      vertex 25.8263 -8.61994 32
      vertex 25.5 -8.40192 32
    endloop
  endfacet
  facet normal 0.896961 -0.44211 0
    outer loop
      vertex 26.5981 -12.5 37
      vertex 26.7716 -12.148 32
      vertex 26.7716 -12.148 37
    endloop
  endfacet
  facet normal 0.896961 -0.44211 0
    outer loop
      vertex 26.7716 -12.148 32
      vertex 26.5981 -12.5 37
      vertex 26.5981 -12.5 32
    endloop
  endfacet
  facet normal 0.997853 -0.0654873 0
    outer loop
      vertex 26.9743 -11.3916 37
      vertex 27 -11 32
      vertex 27 -11 37
    endloop
  endfacet
  facet normal 0.997853 -0.0654873 0
    outer loop
      vertex 27 -11 32
      vertex 26.9743 -11.3916 37
      vertex 26.9743 -11.3916 32
    endloop
  endfacet
  facet normal 0.321514 0.946905 -0
    outer loop
      vertex 25.148 -8.22836 32
      vertex 24.7765 -8.10222 37
      vertex 25.148 -8.22836 37
    endloop
  endfacet
  facet normal 0.321514 0.946905 0
    outer loop
      vertex 24.7765 -8.10222 37
      vertex 25.148 -8.22836 32
      vertex 24.7765 -8.10222 32
    endloop
  endfacet
  facet normal -0.896936 0.44216 0
    outer loop
      vertex 21.2284 -9.85195 32
      vertex 21.4019 -9.5 37
      vertex 21.4019 -9.5 32
    endloop
  endfacet
  facet normal -0.896936 0.44216 0
    outer loop
      vertex 21.4019 -9.5 37
      vertex 21.2284 -9.85195 32
      vertex 21.2284 -9.85195 37
    endloop
  endfacet
  facet normal -0.659392 0.751799 0
    outer loop
      vertex 22.1737 -8.61994 32
      vertex 21.8787 -8.87868 37
      vertex 22.1737 -8.61994 37
    endloop
  endfacet
  facet normal -0.659392 0.751799 0
    outer loop
      vertex 21.8787 -8.87868 37
      vertex 22.1737 -8.61994 32
      vertex 21.8787 -8.87868 32
    endloop
  endfacet
  facet normal 0.321651 -0.946858 0
    outer loop
      vertex 24.7765 -13.8978 32
      vertex 25.148 -13.7716 37
      vertex 24.7765 -13.8978 37
    endloop
  endfacet
  facet normal 0.321651 -0.946858 0
    outer loop
      vertex 25.148 -13.7716 37
      vertex 24.7765 -13.8978 32
      vertex 25.148 -13.7716 32
    endloop
  endfacet
  facet normal -0.997853 -0.0654873 0
    outer loop
      vertex 21.0257 -11.3916 32
      vertex 21 -11 37
      vertex 21 -11 32
    endloop
  endfacet
  facet normal -0.997853 -0.0654873 0
    outer loop
      vertex 21 -11 37
      vertex 21.0257 -11.3916 32
      vertex 21.0257 -11.3916 37
    endloop
  endfacet
  facet normal -0.321514 0.946905 0
    outer loop
      vertex 23.2235 -8.10222 32
      vertex 22.852 -8.22836 37
      vertex 23.2235 -8.10222 37
    endloop
  endfacet
  facet normal -0.321514 0.946905 0
    outer loop
      vertex 22.852 -8.22836 37
      vertex 23.2235 -8.10222 32
      vertex 22.852 -8.22836 32
    endloop
  endfacet
  facet normal -0.831501 -0.555523 0
    outer loop
      vertex 21.6199 -12.8263 32
      vertex 21.4019 -12.5 37
      vertex 21.4019 -12.5 32
    endloop
  endfacet
  facet normal -0.831501 -0.555523 0
    outer loop
      vertex 21.4019 -12.5 37
      vertex 21.6199 -12.8263 32
      vertex 21.6199 -12.8263 37
    endloop
  endfacet
  facet normal -0.555558 0.831477 0
    outer loop
      vertex 22.5 -8.40192 32
      vertex 22.1737 -8.61994 37
      vertex 22.5 -8.40192 37
    endloop
  endfacet
  facet normal -0.555558 0.831477 0
    outer loop
      vertex 22.1737 -8.61994 37
      vertex 22.5 -8.40192 32
      vertex 22.1737 -8.61994 32
    endloop
  endfacet
  facet normal -0.997853 0.0654873 0
    outer loop
      vertex 21 -11 32
      vertex 21.0257 -10.6084 37
      vertex 21.0257 -10.6084 32
    endloop
  endfacet
  facet normal -0.997853 0.0654873 0
    outer loop
      vertex 21.0257 -10.6084 37
      vertex 21 -11 32
      vertex 21 -11 37
    endloop
  endfacet
  facet normal 0.195062 0.980791 -0
    outer loop
      vertex 24.7765 -8.10222 32
      vertex 24.3916 -8.02567 37
      vertex 24.7765 -8.10222 37
    endloop
  endfacet
  facet normal 0.195062 0.980791 0
    outer loop
      vertex 24.3916 -8.02567 37
      vertex 24.7765 -8.10222 32
      vertex 24.3916 -8.02567 32
    endloop
  endfacet
  facet normal -0.442233 0.8969 0
    outer loop
      vertex 22.852 -8.22836 32
      vertex 22.5 -8.40192 37
      vertex 22.852 -8.22836 37
    endloop
  endfacet
  facet normal -0.442233 0.8969 0
    outer loop
      vertex 22.5 -8.40192 37
      vertex 22.852 -8.22836 32
      vertex 22.5 -8.40192 32
    endloop
  endfacet
  facet normal 0.0654873 -0.997853 0
    outer loop
      vertex 24 -14 32
      vertex 24.3916 -13.9743 37
      vertex 24 -14 37
    endloop
  endfacet
  facet normal 0.0654873 -0.997853 0
    outer loop
      vertex 24.3916 -13.9743 37
      vertex 24 -14 32
      vertex 24.3916 -13.9743 32
    endloop
  endfacet
  facet normal 0.659478 -0.751724 0
    outer loop
      vertex 25.8263 -13.3801 32
      vertex 26.1213 -13.1213 37
      vertex 25.8263 -13.3801 37
    endloop
  endfacet
  facet normal 0.659478 -0.751724 0
    outer loop
      vertex 26.1213 -13.1213 37
      vertex 25.8263 -13.3801 32
      vertex 26.1213 -13.1213 32
    endloop
  endfacet
  facet normal -0.946858 -0.321651 0
    outer loop
      vertex 21.2284 -12.148 32
      vertex 21.1022 -11.7765 37
      vertex 21.1022 -11.7765 32
    endloop
  endfacet
  facet normal -0.946858 -0.321651 0
    outer loop
      vertex 21.1022 -11.7765 37
      vertex 21.2284 -12.148 32
      vertex 21.2284 -12.148 37
    endloop
  endfacet
  facet normal 0.946858 -0.321651 0
    outer loop
      vertex 26.7716 -12.148 37
      vertex 26.8978 -11.7765 32
      vertex 26.8978 -11.7765 37
    endloop
  endfacet
  facet normal 0.946858 -0.321651 0
    outer loop
      vertex 26.8978 -11.7765 32
      vertex 26.7716 -12.148 37
      vertex 26.7716 -12.148 32
    endloop
  endfacet
  facet normal 0.442233 0.8969 -0
    outer loop
      vertex 25.5 -8.40192 32
      vertex 25.148 -8.22836 37
      vertex 25.5 -8.40192 37
    endloop
  endfacet
  facet normal 0.442233 0.8969 0
    outer loop
      vertex 25.148 -8.22836 37
      vertex 25.5 -8.40192 32
      vertex 25.148 -8.22836 32
    endloop
  endfacet
  facet normal -0.195062 0.980791 0
    outer loop
      vertex 23.6084 -8.02567 32
      vertex 23.2235 -8.10222 37
      vertex 23.6084 -8.02567 37
    endloop
  endfacet
  facet normal -0.195062 0.980791 0
    outer loop
      vertex 23.2235 -8.10222 37
      vertex 23.6084 -8.02567 32
      vertex 23.2235 -8.10222 32
    endloop
  endfacet
  facet normal 0.751768 0.659428 0
    outer loop
      vertex 26.3801 -9.17372 37
      vertex 26.1213 -8.87868 32
      vertex 26.1213 -8.87868 37
    endloop
  endfacet
  facet normal 0.751768 0.659428 0
    outer loop
      vertex 26.1213 -8.87868 32
      vertex 26.3801 -9.17372 37
      vertex 26.3801 -9.17372 32
    endloop
  endfacet
  facet normal 0.751724 -0.659478 0
    outer loop
      vertex 26.1213 -13.1213 37
      vertex 26.3801 -12.8263 32
      vertex 26.3801 -12.8263 37
    endloop
  endfacet
  facet normal 0.751724 -0.659478 0
    outer loop
      vertex 26.3801 -12.8263 32
      vertex 26.1213 -13.1213 37
      vertex 26.1213 -13.1213 32
    endloop
  endfacet
  facet normal -0.946871 0.321613 0
    outer loop
      vertex 21.1022 -10.2235 32
      vertex 21.2284 -9.85195 37
      vertex 21.2284 -9.85195 32
    endloop
  endfacet
  facet normal -0.946871 0.321613 0
    outer loop
      vertex 21.2284 -9.85195 37
      vertex 21.1022 -10.2235 32
      vertex 21.1022 -10.2235 37
    endloop
  endfacet
  facet normal 0.19494 -0.980815 0
    outer loop
      vertex 24.3916 -13.9743 32
      vertex 24.7765 -13.8978 37
      vertex 24.3916 -13.9743 37
    endloop
  endfacet
  facet normal 0.19494 -0.980815 0
    outer loop
      vertex 24.7765 -13.8978 37
      vertex 24.3916 -13.9743 32
      vertex 24.7765 -13.8978 32
    endloop
  endfacet
  facet normal 0.44211 -0.896961 0
    outer loop
      vertex 25.148 -13.7716 32
      vertex 25.5 -13.5981 37
      vertex 25.148 -13.7716 37
    endloop
  endfacet
  facet normal 0.44211 -0.896961 0
    outer loop
      vertex 25.5 -13.5981 37
      vertex 25.148 -13.7716 32
      vertex 25.5 -13.5981 32
    endloop
  endfacet
  facet normal 0 0 -1
    outer loop
      vertex 25.25 -11 32
      vertex 27 -11 32
      vertex 26.9743 -11.3916 32
    endloop
  endfacet
  facet normal 0 0 -1
    outer loop
      vertex 25.2393 -11.1632 32
      vertex 26.9743 -11.3916 32
      vertex 26.8978 -11.7765 32
    endloop
  endfacet
  facet normal 0 0 -1
    outer loop
      vertex 27 -11 32
      vertex 25.25 -11 32
      vertex 26.9743 -10.6084 32
    endloop
  endfacet
  facet normal 0 0 -1
    outer loop
      vertex 25.2074 -11.3235 32
      vertex 26.8978 -11.7765 32
      vertex 26.7716 -12.148 32
    endloop
  endfacet
  facet normal 0 0 -1
    outer loop
      vertex 25.2393 -10.8368 32
      vertex 26.9743 -10.6084 32
      vertex 25.25 -11 32
    endloop
  endfacet
  facet normal 0 0 -1
    outer loop
      vertex 25.1549 -11.4784 32
      vertex 26.7716 -12.148 32
      vertex 26.5981 -12.5 32
    endloop
  endfacet
  facet normal -0 0 -1
    outer loop
      vertex 26.9743 -10.6084 32
      vertex 25.2393 -10.8368 32
      vertex 26.8978 -10.2235 32
    endloop
  endfacet
  facet normal 0 0 -1
    outer loop
      vertex 25.0825 -11.625 32
      vertex 26.5981 -12.5 32
      vertex 26.3801 -12.8263 32
    endloop
  endfacet
  facet normal 0 0 -1
    outer loop
      vertex 25.2074 -10.6765 32
      vertex 26.8978 -10.2235 32
      vertex 25.2393 -10.8368 32
    endloop
  endfacet
  facet normal 0 0 -1
    outer loop
      vertex 24.9917 -11.761 32
      vertex 26.3801 -12.8263 32
      vertex 26.1213 -13.1213 32
    endloop
  endfacet
  facet normal -0 0 -1
    outer loop
      vertex 26.8978 -10.2235 32
      vertex 25.2074 -10.6765 32
      vertex 26.7716 -9.85195 32
    endloop
  endfacet
  facet normal 0 0 -1
    outer loop
      vertex 24.8839 -11.8839 32
      vertex 26.1213 -13.1213 32
      vertex 25.8263 -13.3801 32
    endloop
  endfacet
  facet normal 0 0 -1
    outer loop
      vertex 25.1549 -10.5216 32
      vertex 26.7716 -9.85195 32
      vertex 25.2074 -10.6765 32
    endloop
  endfacet
  facet normal 0 0 -1
    outer loop
      vertex 24.761 -11.9917 32
      vertex 25.8263 -13.3801 32
      vertex 25.5 -13.5981 32
    endloop
  endfacet
  facet normal -0 0 -1
    outer loop
      vertex 26.7716 -9.85195 32
      vertex 25.1549 -10.5216 32
      vertex 26.5981 -9.5 32
    endloop
  endfacet
  facet normal 0 0 -1
    outer loop
      vertex 25.0825 -10.375 32
      vertex 26.5981 -9.5 32
      vertex 25.1549 -10.5216 32
    endloop
  endfacet
  facet normal 0 0 -1
    outer loop
      vertex 26.9743 -11.3916 32
      vertex 25.2393 -11.1632 32
      vertex 25.25 -11 32
    endloop
  endfacet
  facet normal 0 0 -1
    outer loop
      vertex 26.8978 -11.7765 32
      vertex 25.2074 -11.3235 32
      vertex 25.2393 -11.1632 32
    endloop
  endfacet
  facet normal 0 0 -1
    outer loop
      vertex 26.7716 -12.148 32
      vertex 25.1549 -11.4784 32
      vertex 25.2074 -11.3235 32
    endloop
  endfacet
  facet normal 0 0 -1
    outer loop
      vertex 24.625 -12.0825 32
      vertex 25.5 -13.5981 32
      vertex 25.148 -13.7716 32
    endloop
  endfacet
  facet normal 0 0 -1
    outer loop
      vertex 26.5981 -12.5 32
      vertex 25.0825 -11.625 32
      vertex 25.1549 -11.4784 32
    endloop
  endfacet
  facet normal 0 0 -1
    outer loop
      vertex 26.3801 -12.8263 32
      vertex 24.9917 -11.761 32
      vertex 25.0825 -11.625 32
    endloop
  endfacet
  facet normal 0 0 -1
    outer loop
      vertex 26.1213 -13.1213 32
      vertex 24.8839 -11.8839 32
      vertex 24.9917 -11.761 32
    endloop
  endfacet
  facet normal 0 0 -1
    outer loop
      vertex 24.4784 -12.1548 32
      vertex 25.148 -13.7716 32
      vertex 24.7765 -13.8978 32
    endloop
  endfacet
  facet normal 0 0 -1
    outer loop
      vertex 25.8263 -13.3801 32
      vertex 24.761 -11.9917 32
      vertex 24.8839 -11.8839 32
    endloop
  endfacet
  facet normal 0 0 -1
    outer loop
      vertex 25.5 -13.5981 32
      vertex 24.625 -12.0825 32
      vertex 24.761 -11.9917 32
    endloop
  endfacet
  facet normal 0 0 -1
    outer loop
      vertex 25.148 -13.7716 32
      vertex 24.4784 -12.1548 32
      vertex 24.625 -12.0825 32
    endloop
  endfacet
  facet normal 0 0 -1
    outer loop
      vertex 24.3235 -12.2074 32
      vertex 24.7765 -13.8978 32
      vertex 24.3916 -13.9743 32
    endloop
  endfacet
  facet normal 0 0 -1
    outer loop
      vertex 24.7765 -13.8978 32
      vertex 24.3235 -12.2074 32
      vertex 24.4784 -12.1548 32
    endloop
  endfacet
  facet normal 0 0 -1
    outer loop
      vertex 24.3916 -13.9743 32
      vertex 24.1632 -12.2393 32
      vertex 24.3235 -12.2074 32
    endloop
  endfacet
  facet normal 0 0 -1
    outer loop
      vertex 24 -14 32
      vertex 24.1632 -12.2393 32
      vertex 24.3916 -13.9743 32
    endloop
  endfacet
  facet normal 0 0 -1
    outer loop
      vertex 24 -14 32
      vertex 24 -12.25 32
      vertex 24.1632 -12.2393 32
    endloop
  endfacet
  facet normal 0 0 -1
    outer loop
      vertex 24 -14 32
      vertex 23.8368 -12.2393 32
      vertex 24 -12.25 32
    endloop
  endfacet
  facet normal 0 0 -1
    outer loop
      vertex 23.6084 -13.9743 32
      vertex 23.8368 -12.2393 32
      vertex 24 -14 32
    endloop
  endfacet
  facet normal 0 0 -1
    outer loop
      vertex 22.8809 -13.5858 32
      vertex 23.8368 -12.2393 32
      vertex 23.6084 -13.9743 32
    endloop
  endfacet
  facet normal -0 0 -1
    outer loop
      vertex 23.8368 -12.2393 32
      vertex 22.8809 -13.5858 32
      vertex 23.6765 -12.2074 32
    endloop
  endfacet
  facet normal -0 0 -1
    outer loop
      vertex 23.6765 -12.2074 32
      vertex 22.8809 -13.5858 32
      vertex 23.5216 -12.1548 32
    endloop
  endfacet
  facet normal 0 0 -1
    outer loop
      vertex 22.6842 -13.4133 32
      vertex 23.5216 -12.1548 32
      vertex 22.8809 -13.5858 32
    endloop
  endfacet
  facet normal 0 0 -1
    outer loop
      vertex 23.0534 -13.7825 32
      vertex 23.6084 -13.9743 32
      vertex 23.2235 -13.8978 32
    endloop
  endfacet
  facet normal -0 0 -1
    outer loop
      vertex 23.5216 -12.1548 32
      vertex 22.6842 -13.4133 32
      vertex 23.375 -12.0825 32
    endloop
  endfacet
  facet normal 0 0 -1
    outer loop
      vertex 23.0534 -13.7825 32
      vertex 23.2235 -13.8978 32
      vertex 23.1031 -13.8569 32
    endloop
  endfacet
  facet normal 0 0 -1
    outer loop
      vertex 23.6084 -13.9743 32
      vertex 23.0534 -13.7825 32
      vertex 22.8809 -13.5858 32
    endloop
  endfacet
  facet normal 0 0 -1
    outer loop
      vertex 22.4667 -13.2679 32
      vertex 23.375 -12.0825 32
      vertex 22.6842 -13.4133 32
    endloop
  endfacet
  facet normal -0 0 -1
    outer loop
      vertex 23.375 -12.0825 32
      vertex 22.4667 -13.2679 32
      vertex 23.239 -11.9917 32
    endloop
  endfacet
  facet normal 0 0 -1
    outer loop
      vertex 22.232 -13.1522 32
      vertex 23.239 -11.9917 32
      vertex 22.4667 -13.2679 32
    endloop
  endfacet
  facet normal -0 0 -1
    outer loop
      vertex 23.239 -11.9917 32
      vertex 22.232 -13.1522 32
      vertex 23.1161 -11.8839 32
    endloop
  endfacet
  facet normal -0 0 -1
    outer loop
      vertex 23.1161 -11.8839 32
      vertex 22.232 -13.1522 32
      vertex 23.0083 -11.761 32
    endloop
  endfacet
  facet normal 0 0 -1
    outer loop
      vertex 21.9843 -13.0681 32
      vertex 23.0083 -11.761 32
      vertex 22.232 -13.1522 32
    endloop
  endfacet
  facet normal 0 0 -1
    outer loop
      vertex 21.6199 -12.8263 32
      vertex 23.0083 -11.761 32
      vertex 21.9843 -13.0681 32
    endloop
  endfacet
  facet normal -0 0 -1
    outer loop
      vertex 23.0083 -11.761 32
      vertex 21.6199 -12.8263 32
      vertex 22.9175 -11.625 32
    endloop
  endfacet
  facet normal -0 0 -1
    outer loop
      vertex 26.5981 -9.5 32
      vertex 25.0825 -10.375 32
      vertex 26.3801 -9.17372 32
    endloop
  endfacet
  facet normal 0 0 -1
    outer loop
      vertex 24.9917 -10.239 32
      vertex 26.3801 -9.17372 32
      vertex 25.0825 -10.375 32
    endloop
  endfacet
  facet normal -0 0 -1
    outer loop
      vertex 26.3801 -9.17372 32
      vertex 24.9917 -10.239 32
      vertex 26.1213 -8.87868 32
    endloop
  endfacet
  facet normal 0 0 -1
    outer loop
      vertex 24.8839 -10.1161 32
      vertex 26.1213 -8.87868 32
      vertex 24.9917 -10.239 32
    endloop
  endfacet
  facet normal -0 0 -1
    outer loop
      vertex 26.1213 -8.87868 32
      vertex 24.8839 -10.1161 32
      vertex 25.8263 -8.61994 32
    endloop
  endfacet
  facet normal 0 0 -1
    outer loop
      vertex 24.761 -10.0083 32
      vertex 25.8263 -8.61994 32
      vertex 24.8839 -10.1161 32
    endloop
  endfacet
  facet normal -0 0 -1
    outer loop
      vertex 25.8263 -8.61994 32
      vertex 24.761 -10.0083 32
      vertex 25.5 -8.40192 32
    endloop
  endfacet
  facet normal 0 0 -1
    outer loop
      vertex 24.625 -9.91747 32
      vertex 25.5 -8.40192 32
      vertex 24.761 -10.0083 32
    endloop
  endfacet
  facet normal -0 0 -1
    outer loop
      vertex 25.5 -8.40192 32
      vertex 24.625 -9.91747 32
      vertex 25.148 -8.22836 32
    endloop
  endfacet
  facet normal 0 0 -1
    outer loop
      vertex 24.4784 -9.84515 32
      vertex 25.148 -8.22836 32
      vertex 24.625 -9.91747 32
    endloop
  endfacet
  facet normal -0 0 -1
    outer loop
      vertex 25.148 -8.22836 32
      vertex 24.4784 -9.84515 32
      vertex 24.7765 -8.10222 32
    endloop
  endfacet
  facet normal 0 0 -1
    outer loop
      vertex 24.3235 -9.79259 32
      vertex 24.7765 -8.10222 32
      vertex 24.4784 -9.84515 32
    endloop
  endfacet
  facet normal -0 0 -1
    outer loop
      vertex 24.7765 -8.10222 32
      vertex 24.3235 -9.79259 32
      vertex 24.3916 -8.02567 32
    endloop
  endfacet
  facet normal 0 0 -1
    outer loop
      vertex 24.1632 -9.76069 32
      vertex 24.3916 -8.02567 32
      vertex 24.3235 -9.79259 32
    endloop
  endfacet
  facet normal 0 0 -1
    outer loop
      vertex 24 -9.75 32
      vertex 24.3916 -8.02567 32
      vertex 24.1632 -9.76069 32
    endloop
  endfacet
  facet normal 0 0 -1
    outer loop
      vertex 24 -9.75 32
      vertex 24 -8 32
      vertex 24.3916 -8.02567 32
    endloop
  endfacet
  facet normal 0 0 -1
    outer loop
      vertex 23.8368 -9.76069 32
      vertex 24 -8 32
      vertex 24 -9.75 32
    endloop
  endfacet
  facet normal 0 0 -1
    outer loop
      vertex 23.6084 -8.02567 32
      vertex 23.8368 -9.76069 32
      vertex 23.6765 -9.79259 32
    endloop
  endfacet
  facet normal 0 0 -1
    outer loop
      vertex 23.8368 -9.76069 32
      vertex 23.6084 -8.02567 32
      vertex 24 -8 32
    endloop
  endfacet
  facet normal 0 0 -1
    outer loop
      vertex 23.2235 -8.10222 32
      vertex 23.6765 -9.79259 32
      vertex 23.5216 -9.84515 32
    endloop
  endfacet
  facet normal 0 0 -1
    outer loop
      vertex 22.852 -8.22836 32
      vertex 23.5216 -9.84515 32
      vertex 23.375 -9.91747 32
    endloop
  endfacet
  facet normal 0 0 -1
    outer loop
      vertex 22.5 -8.40192 32
      vertex 23.375 -9.91747 32
      vertex 23.239 -10.0083 32
    endloop
  endfacet
  facet normal 0 0 -1
    outer loop
      vertex 23.6765 -9.79259 32
      vertex 23.2235 -8.10222 32
      vertex 23.6084 -8.02567 32
    endloop
  endfacet
  facet normal 0 0 -1
    outer loop
      vertex 22.1737 -8.61994 32
      vertex 23.239 -10.0083 32
      vertex 23.1161 -10.1161 32
    endloop
  endfacet
  facet normal 0 0 -1
    outer loop
      vertex 21.8787 -8.87868 32
      vertex 23.1161 -10.1161 32
      vertex 23.0083 -10.239 32
    endloop
  endfacet
  facet normal 0 0 -1
    outer loop
      vertex 21.6199 -9.17372 32
      vertex 23.0083 -10.239 32
      vertex 22.9175 -10.375 32
    endloop
  endfacet
  facet normal 0 0 -1
    outer loop
      vertex 23.5216 -9.84515 32
      vertex 22.852 -8.22836 32
      vertex 23.2235 -8.10222 32
    endloop
  endfacet
  facet normal 0 0 -1
    outer loop
      vertex 21.4019 -9.5 32
      vertex 22.9175 -10.375 32
      vertex 22.8451 -10.5216 32
    endloop
  endfacet
  facet normal 0 0 -1
    outer loop
      vertex 21.2284 -9.85195 32
      vertex 22.8451 -10.5216 32
      vertex 22.7926 -10.6765 32
    endloop
  endfacet
  facet normal 0 0 -1
    outer loop
      vertex 21.1022 -10.2235 32
      vertex 22.7926 -10.6765 32
      vertex 22.7607 -10.8368 32
    endloop
  endfacet
  facet normal 0 0 -1
    outer loop
      vertex 21.0257 -10.6084 32
      vertex 22.7607 -10.8368 32
      vertex 22.75 -11 32
    endloop
  endfacet
  facet normal 0 0 -1
    outer loop
      vertex 23.375 -9.91747 32
      vertex 22.5 -8.40192 32
      vertex 22.852 -8.22836 32
    endloop
  endfacet
  facet normal 0 0 -1
    outer loop
      vertex 21.4019 -12.5 32
      vertex 22.9175 -11.625 32
      vertex 21.6199 -12.8263 32
    endloop
  endfacet
  facet normal -0 0 -1
    outer loop
      vertex 22.9175 -11.625 32
      vertex 21.4019 -12.5 32
      vertex 22.8451 -11.4784 32
    endloop
  endfacet
  facet normal 0 0 -1
    outer loop
      vertex 21.2284 -12.148 32
      vertex 22.8451 -11.4784 32
      vertex 21.4019 -12.5 32
    endloop
  endfacet
  facet normal 0 0 -1
    outer loop
      vertex 23.239 -10.0083 32
      vertex 22.1737 -8.61994 32
      vertex 22.5 -8.40192 32
    endloop
  endfacet
  facet normal 0 0 -1
    outer loop
      vertex 21.1022 -11.7765 32
      vertex 22.7926 -11.3235 32
      vertex 21.2284 -12.148 32
    endloop
  endfacet
  facet normal 0 0 -1
    outer loop
      vertex 23.1161 -10.1161 32
      vertex 21.8787 -8.87868 32
      vertex 22.1737 -8.61994 32
    endloop
  endfacet
  facet normal 0 0 -1
    outer loop
      vertex 21.6199 -12.8263 32
      vertex 21.9843 -13.0681 32
      vertex 21.7999 -13.0315 32
    endloop
  endfacet
  facet normal -0 0 -1
    outer loop
      vertex 22.8451 -11.4784 32
      vertex 21.2284 -12.148 32
      vertex 22.7926 -11.3235 32
    endloop
  endfacet
  facet normal 0 0 -1
    outer loop
      vertex 23.0083 -10.239 32
      vertex 21.6199 -9.17372 32
      vertex 21.8787 -8.87868 32
    endloop
  endfacet
  facet normal -0 0 -1
    outer loop
      vertex 22.7926 -11.3235 32
      vertex 21.1022 -11.7765 32
      vertex 22.7607 -11.1632 32
    endloop
  endfacet
  facet normal 0 0 -1
    outer loop
      vertex 22.9175 -10.375 32
      vertex 21.4019 -9.5 32
      vertex 21.6199 -9.17372 32
    endloop
  endfacet
  facet normal 0 0 -1
    outer loop
      vertex 21.0257 -11.3916 32
      vertex 22.7607 -11.1632 32
      vertex 21.1022 -11.7765 32
    endloop
  endfacet
  facet normal 0 0 -1
    outer loop
      vertex 22.8451 -10.5216 32
      vertex 21.2284 -9.85195 32
      vertex 21.4019 -9.5 32
    endloop
  endfacet
  facet normal -0 0 -1
    outer loop
      vertex 22.7607 -11.1632 32
      vertex 21.0257 -11.3916 32
      vertex 22.75 -11 32
    endloop
  endfacet
  facet normal 0 0 -1
    outer loop
      vertex 22.7926 -10.6765 32
      vertex 21.1022 -10.2235 32
      vertex 21.2284 -9.85195 32
    endloop
  endfacet
  facet normal -0 0 -1
    outer loop
      vertex 22.75 -11 32
      vertex 21.0257 -11.3916 32
      vertex 21 -11 32
    endloop
  endfacet
  facet normal 0 0 -1
    outer loop
      vertex 22.7607 -10.8368 32
      vertex 21.0257 -10.6084 32
      vertex 21.1022 -10.2235 32
    endloop
  endfacet
  facet normal 0 0 -1
    outer loop
      vertex 22.75 -11 32
      vertex 21 -11 32
      vertex 21.0257 -10.6084 32
    endloop
  endfacet
  facet normal -0.751768 0.659428 0
    outer loop
      vertex 21.6199 -9.17372 32
      vertex 21.8787 -8.87868 37
      vertex 21.8787 -8.87868 32
    endloop
  endfacet
  facet normal -0.751768 0.659428 0
    outer loop
      vertex 21.8787 -8.87868 37
      vertex 21.6199 -9.17372 32
      vertex 21.6199 -9.17372 37
    endloop
  endfacet
  facet normal 0.659392 0.751799 -0
    outer loop
      vertex 26.1213 -8.87868 32
      vertex 25.8263 -8.61994 37
      vertex 26.1213 -8.87868 37
    endloop
  endfacet
  facet normal 0.659392 0.751799 0
    outer loop
      vertex 25.8263 -8.61994 37
      vertex 26.1213 -8.87868 32
      vertex 25.8263 -8.61994 32
    endloop
  endfacet
  facet normal -0.896961 -0.44211 0
    outer loop
      vertex 21.4019 -12.5 32
      vertex 21.2284 -12.148 37
      vertex 21.2284 -12.148 32
    endloop
  endfacet
  facet normal -0.896961 -0.44211 0
    outer loop
      vertex 21.2284 -12.148 37
      vertex 21.4019 -12.5 32
      vertex 21.4019 -12.5 37
    endloop
  endfacet
  facet normal 0.831501 -0.555523 0
    outer loop
      vertex 26.3801 -12.8263 37
      vertex 26.5981 -12.5 32
      vertex 26.5981 -12.5 37
    endloop
  endfacet
  facet normal 0.831501 -0.555523 0
    outer loop
      vertex 26.5981 -12.5 32
      vertex 26.3801 -12.8263 37
      vertex 26.3801 -12.8263 32
    endloop
  endfacet
  facet normal 0.896936 0.44216 0
    outer loop
      vertex 26.7716 -9.85195 37
      vertex 26.5981 -9.5 32
      vertex 26.5981 -9.5 37
    endloop
  endfacet
  facet normal 0.896936 0.44216 0
    outer loop
      vertex 26.5981 -9.5 32
      vertex 26.7716 -9.85195 37
      vertex 26.7716 -9.85195 32
    endloop
  endfacet
  facet normal -0.0654873 -0.997853 0
    outer loop
      vertex 23.6084 -13.9743 32
      vertex 24 -14 37
      vertex 23.6084 -13.9743 37
    endloop
  endfacet
  facet normal -0.0654873 -0.997853 -0
    outer loop
      vertex 24 -14 37
      vertex 23.6084 -13.9743 32
      vertex 24 -14 32
    endloop
  endfacet
  facet normal 0.0654112 0.997858 -0
    outer loop
      vertex 24.3916 -8.02567 32
      vertex 24 -8 37
      vertex 24.3916 -8.02567 37
    endloop
  endfacet
  facet normal 0.0654112 0.997858 0
    outer loop
      vertex 24 -8 37
      vertex 24.3916 -8.02567 32
      vertex 24 -8 32
    endloop
  endfacet
  facet normal 0.555523 -0.831501 0
    outer loop
      vertex 25.5 -13.5981 32
      vertex 25.8263 -13.3801 37
      vertex 25.5 -13.5981 37
    endloop
  endfacet
  facet normal 0.555523 -0.831501 0
    outer loop
      vertex 25.8263 -13.3801 37
      vertex 25.5 -13.5981 32
      vertex 25.8263 -13.3801 32
    endloop
  endfacet
  facet normal 0.946871 0.321613 0
    outer loop
      vertex 26.8978 -10.2235 37
      vertex 26.7716 -9.85195 32
      vertex 26.7716 -9.85195 37
    endloop
  endfacet
  facet normal 0.946871 0.321613 0
    outer loop
      vertex 26.7716 -9.85195 32
      vertex 26.8978 -10.2235 37
      vertex 26.8978 -10.2235 32
    endloop
  endfacet
  facet normal -0.980815 0.19494 0
    outer loop
      vertex 21.0257 -10.6084 32
      vertex 21.1022 -10.2235 37
      vertex 21.1022 -10.2235 32
    endloop
  endfacet
  facet normal -0.980815 0.19494 0
    outer loop
      vertex 21.1022 -10.2235 37
      vertex 21.0257 -10.6084 32
      vertex 21.0257 -10.6084 37
    endloop
  endfacet
  facet normal -0.0654112 0.997858 0
    outer loop
      vertex 24 -8 32
      vertex 23.6084 -8.02567 37
      vertex 24 -8 37
    endloop
  endfacet
  facet normal -0.0654112 0.997858 0
    outer loop
      vertex 23.6084 -8.02567 37
      vertex 24 -8 32
      vertex 23.6084 -8.02567 32
    endloop
  endfacet
  facet normal -0.321649 -0.946859 0
    outer loop
      vertex 23.1031 -13.8569 32
      vertex 23.2235 -13.8978 37
      vertex 23.1031 -13.8569 37
    endloop
  endfacet
  facet normal -0.321649 -0.946859 -0
    outer loop
      vertex 23.2235 -13.8978 37
      vertex 23.1031 -13.8569 32
      vertex 23.2235 -13.8978 32
    endloop
  endfacet
  facet normal -0.980815 -0.19494 0
    outer loop
      vertex 21.1022 -11.7765 32
      vertex 21.0257 -11.3916 37
      vertex 21.0257 -11.3916 32
    endloop
  endfacet
  facet normal -0.980815 -0.19494 0
    outer loop
      vertex 21.0257 -11.3916 37
      vertex 21.1022 -11.7765 32
      vertex 21.1022 -11.7765 37
    endloop
  endfacet
  facet normal -0.751759 -0.659438 0
    outer loop
      vertex 21.7999 -13.0315 32
      vertex 21.6199 -12.8263 37
      vertex 21.6199 -12.8263 32
    endloop
  endfacet
  facet normal -0.751759 -0.659438 0
    outer loop
      vertex 21.6199 -12.8263 37
      vertex 21.7999 -13.0315 32
      vertex 21.7999 -13.0315 37
    endloop
  endfacet
  facet normal -0.19494 -0.980815 0
    outer loop
      vertex 23.2235 -13.8978 32
      vertex 23.6084 -13.9743 37
      vertex 23.2235 -13.8978 37
    endloop
  endfacet
  facet normal -0.19494 -0.980815 -0
    outer loop
      vertex 23.6084 -13.9743 37
      vertex 23.2235 -13.8978 32
      vertex 23.6084 -13.9743 32
    endloop
  endfacet
  facet normal -0.831485 0.555547 0
    outer loop
      vertex 21.4019 -9.5 32
      vertex 21.6199 -9.17372 37
      vertex 21.6199 -9.17372 32
    endloop
  endfacet
  facet normal -0.831485 0.555547 0
    outer loop
      vertex 21.6199 -9.17372 37
      vertex 21.4019 -9.5 32
      vertex 21.4019 -9.5 37
    endloop
  endfacet
  facet normal -0.980768 0.195175 0
    outer loop
      vertex 25.2074 -11.3235 32
      vertex 25.2393 -11.1632 37
      vertex 25.2393 -11.1632 32
    endloop
  endfacet
  facet normal -0.980768 0.195175 0
    outer loop
      vertex 25.2393 -11.1632 37
      vertex 25.2074 -11.3235 32
      vertex 25.2074 -11.3235 37
    endloop
  endfacet
  facet normal -0.980768 -0.195175 0
    outer loop
      vertex 25.2393 -10.8368 32
      vertex 25.2074 -10.6765 37
      vertex 25.2074 -10.6765 32
    endloop
  endfacet
  facet normal -0.980768 -0.195175 0
    outer loop
      vertex 25.2074 -10.6765 37
      vertex 25.2393 -10.8368 32
      vertex 25.2393 -10.8368 37
    endloop
  endfacet
  facet normal -0.997858 -0.0654233 0
    outer loop
      vertex 25.25 -11 32
      vertex 25.2393 -10.8368 37
      vertex 25.2393 -10.8368 32
    endloop
  endfacet
  facet normal -0.997858 -0.0654233 0
    outer loop
      vertex 25.2393 -10.8368 37
      vertex 25.25 -11 32
      vertex 25.25 -11 37
    endloop
  endfacet
  facet normal -0.947082 -0.320993 0
    outer loop
      vertex 25.2074 -10.6765 32
      vertex 25.1549 -10.5216 37
      vertex 25.1549 -10.5216 32
    endloop
  endfacet
  facet normal -0.947082 -0.320993 0
    outer loop
      vertex 25.1549 -10.5216 37
      vertex 25.2074 -10.6765 32
      vertex 25.2074 -10.6765 37
    endloop
  endfacet
  facet normal -0.442313 0.896861 0
    outer loop
      vertex 24.625 -12.0825 32
      vertex 24.4784 -12.1548 37
      vertex 24.625 -12.0825 37
    endloop
  endfacet
  facet normal -0.442313 0.896861 0
    outer loop
      vertex 24.4784 -12.1548 37
      vertex 24.625 -12.0825 32
      vertex 24.4784 -12.1548 32
    endloop
  endfacet
  facet normal -0.195175 -0.980768 0
    outer loop
      vertex 24.1632 -9.76069 32
      vertex 24.3235 -9.79259 37
      vertex 24.1632 -9.76069 37
    endloop
  endfacet
  facet normal -0.195175 -0.980768 -0
    outer loop
      vertex 24.3235 -9.79259 37
      vertex 24.1632 -9.76069 32
      vertex 24.3235 -9.79259 32
    endloop
  endfacet
  facet normal -0.195175 0.980768 0
    outer loop
      vertex 24.3235 -12.2074 32
      vertex 24.1632 -12.2393 37
      vertex 24.3235 -12.2074 37
    endloop
  endfacet
  facet normal -0.195175 0.980768 0
    outer loop
      vertex 24.1632 -12.2393 37
      vertex 24.3235 -12.2074 32
      vertex 24.1632 -12.2393 32
    endloop
  endfacet
  facet normal -0.0654233 0.997858 0
    outer loop
      vertex 24.1632 -12.2393 32
      vertex 24 -12.25 37
      vertex 24.1632 -12.2393 37
    endloop
  endfacet
  facet normal -0.0654233 0.997858 0
    outer loop
      vertex 24 -12.25 37
      vertex 24.1632 -12.2393 32
      vertex 24 -12.25 32
    endloop
  endfacet
  facet normal 0.659414 -0.75178 0
    outer loop
      vertex 23.1161 -10.1161 32
      vertex 23.239 -10.0083 37
      vertex 23.1161 -10.1161 37
    endloop
  endfacet
  facet normal 0.659414 -0.75178 0
    outer loop
      vertex 23.239 -10.0083 37
      vertex 23.1161 -10.1161 32
      vertex 23.239 -10.0083 32
    endloop
  endfacet
  facet normal 0.831674 -0.555265 0
    outer loop
      vertex 22.9175 -10.375 37
      vertex 23.0083 -10.239 32
      vertex 23.0083 -10.239 37
    endloop
  endfacet
  facet normal 0.831674 -0.555265 0
    outer loop
      vertex 23.0083 -10.239 32
      vertex 22.9175 -10.375 37
      vertex 22.9175 -10.375 32
    endloop
  endfacet
  facet normal -0.321322 -0.94697 0
    outer loop
      vertex 24.3235 -9.79259 32
      vertex 24.4784 -9.84515 37
      vertex 24.3235 -9.79259 37
    endloop
  endfacet
  facet normal -0.321322 -0.94697 -0
    outer loop
      vertex 24.4784 -9.84515 37
      vertex 24.3235 -9.79259 32
      vertex 24.4784 -9.84515 32
    endloop
  endfacet
  facet normal -0.659414 0.75178 0
    outer loop
      vertex 24.8839 -11.8839 32
      vertex 24.761 -11.9917 37
      vertex 24.8839 -11.8839 37
    endloop
  endfacet
  facet normal -0.659414 0.75178 0
    outer loop
      vertex 24.761 -11.9917 37
      vertex 24.8839 -11.8839 32
      vertex 24.761 -11.9917 32
    endloop
  endfacet
  facet normal 0.442411 -0.896812 0
    outer loop
      vertex 23.375 -9.91747 32
      vertex 23.5216 -9.84515 37
      vertex 23.375 -9.91747 37
    endloop
  endfacet
  facet normal 0.442411 -0.896812 0
    outer loop
      vertex 23.5216 -9.84515 37
      vertex 23.375 -9.91747 32
      vertex 23.5216 -9.84515 32
    endloop
  endfacet
  facet normal 0.0654233 0.997858 -0
    outer loop
      vertex 24 -12.25 32
      vertex 23.8368 -12.2393 37
      vertex 24 -12.25 37
    endloop
  endfacet
  facet normal 0.0654233 0.997858 0
    outer loop
      vertex 23.8368 -12.2393 37
      vertex 24 -12.25 32
      vertex 23.8368 -12.2393 32
    endloop
  endfacet
  facet normal -0.75178 0.659414 0
    outer loop
      vertex 24.8839 -11.8839 32
      vertex 24.9917 -11.761 37
      vertex 24.9917 -11.761 32
    endloop
  endfacet
  facet normal -0.75178 0.659414 0
    outer loop
      vertex 24.9917 -11.761 37
      vertex 24.8839 -11.8839 32
      vertex 24.8839 -11.8839 37
    endloop
  endfacet
  facet normal 0.947082 0.320993 0
    outer loop
      vertex 22.8451 -11.4784 37
      vertex 22.7926 -11.3235 32
      vertex 22.7926 -11.3235 37
    endloop
  endfacet
  facet normal 0.947082 0.320993 0
    outer loop
      vertex 22.7926 -11.3235 32
      vertex 22.8451 -11.4784 37
      vertex 22.8451 -11.4784 32
    endloop
  endfacet
  facet normal -0.321541 0.946896 0
    outer loop
      vertex 24.4784 -12.1548 32
      vertex 24.3235 -12.2074 37
      vertex 24.4784 -12.1548 37
    endloop
  endfacet
  facet normal -0.321541 0.946896 0
    outer loop
      vertex 24.3235 -12.2074 37
      vertex 24.4784 -12.1548 32
      vertex 24.3235 -12.2074 32
    endloop
  endfacet
  facet normal 0.321322 -0.94697 0
    outer loop
      vertex 23.5216 -9.84515 32
      vertex 23.6765 -9.79259 37
      vertex 23.5216 -9.84515 37
    endloop
  endfacet
  facet normal 0.321322 -0.94697 0
    outer loop
      vertex 23.6765 -9.79259 37
      vertex 23.5216 -9.84515 32
      vertex 23.6765 -9.79259 32
    endloop
  endfacet
  facet normal 0.555391 -0.831589 0
    outer loop
      vertex 23.239 -10.0083 32
      vertex 23.375 -9.91747 37
      vertex 23.239 -10.0083 37
    endloop
  endfacet
  facet normal 0.555391 -0.831589 0
    outer loop
      vertex 23.375 -9.91747 37
      vertex 23.239 -10.0083 32
      vertex 23.375 -9.91747 32
    endloop
  endfacet
  facet normal 0.947082 -0.320993 0
    outer loop
      vertex 22.7926 -10.6765 37
      vertex 22.8451 -10.5216 32
      vertex 22.8451 -10.5216 37
    endloop
  endfacet
  facet normal 0.947082 -0.320993 0
    outer loop
      vertex 22.8451 -10.5216 32
      vertex 22.7926 -10.6765 37
      vertex 22.7926 -10.6765 32
    endloop
  endfacet
  facet normal -0.896618 -0.442805 0
    outer loop
      vertex 25.1549 -10.5216 32
      vertex 25.0825 -10.375 37
      vertex 25.0825 -10.375 32
    endloop
  endfacet
  facet normal -0.896618 -0.442805 0
    outer loop
      vertex 25.0825 -10.375 37
      vertex 25.1549 -10.5216 32
      vertex 25.1549 -10.5216 37
    endloop
  endfacet
  facet normal 0.195175 -0.980768 0
    outer loop
      vertex 23.6765 -9.79259 32
      vertex 23.8368 -9.76069 37
      vertex 23.6765 -9.79259 37
    endloop
  endfacet
  facet normal 0.195175 -0.980768 0
    outer loop
      vertex 23.8368 -9.76069 37
      vertex 23.6765 -9.79259 32
      vertex 23.8368 -9.76069 32
    endloop
  endfacet
  facet normal -0.659414 -0.75178 0
    outer loop
      vertex 24.761 -10.0083 32
      vertex 24.8839 -10.1161 37
      vertex 24.761 -10.0083 37
    endloop
  endfacet
  facet normal -0.659414 -0.75178 -0
    outer loop
      vertex 24.8839 -10.1161 37
      vertex 24.761 -10.0083 32
      vertex 24.8839 -10.1161 32
    endloop
  endfacet
  facet normal -0.997858 0.0654233 0
    outer loop
      vertex 25.2393 -11.1632 32
      vertex 25.25 -11 37
      vertex 25.25 -11 32
    endloop
  endfacet
  facet normal -0.997858 0.0654233 0
    outer loop
      vertex 25.25 -11 37
      vertex 25.2393 -11.1632 32
      vertex 25.2393 -11.1632 37
    endloop
  endfacet
  facet normal -0.442411 -0.896812 0
    outer loop
      vertex 24.4784 -9.84515 32
      vertex 24.625 -9.91747 37
      vertex 24.4784 -9.84515 37
    endloop
  endfacet
  facet normal -0.442411 -0.896812 -0
    outer loop
      vertex 24.625 -9.91747 37
      vertex 24.4784 -9.84515 32
      vertex 24.625 -9.91747 32
    endloop
  endfacet
  facet normal 0.321541 0.946896 -0
    outer loop
      vertex 23.6765 -12.2074 32
      vertex 23.5216 -12.1548 37
      vertex 23.6765 -12.2074 37
    endloop
  endfacet
  facet normal 0.321541 0.946896 0
    outer loop
      vertex 23.5216 -12.1548 37
      vertex 23.6765 -12.2074 32
      vertex 23.5216 -12.1548 32
    endloop
  endfacet
  facet normal 0.980768 -0.195175 0
    outer loop
      vertex 22.7607 -10.8368 37
      vertex 22.7926 -10.6765 32
      vertex 22.7926 -10.6765 37
    endloop
  endfacet
  facet normal 0.980768 -0.195175 0
    outer loop
      vertex 22.7926 -10.6765 32
      vertex 22.7607 -10.8368 37
      vertex 22.7607 -10.8368 32
    endloop
  endfacet
  facet normal 0.0653624 -0.997862 0
    outer loop
      vertex 23.8368 -9.76069 32
      vertex 24 -9.75 37
      vertex 23.8368 -9.76069 37
    endloop
  endfacet
  facet normal 0.0653624 -0.997862 0
    outer loop
      vertex 24 -9.75 37
      vertex 23.8368 -9.76069 32
      vertex 24 -9.75 32
    endloop
  endfacet
  facet normal 0.195175 0.980768 -0
    outer loop
      vertex 23.8368 -12.2393 32
      vertex 23.6765 -12.2074 37
      vertex 23.8368 -12.2393 37
    endloop
  endfacet
  facet normal 0.195175 0.980768 0
    outer loop
      vertex 23.6765 -12.2074 37
      vertex 23.8368 -12.2393 32
      vertex 23.6765 -12.2074 32
    endloop
  endfacet
  facet normal -0.947082 0.320993 0
    outer loop
      vertex 25.1549 -11.4784 32
      vertex 25.2074 -11.3235 37
      vertex 25.2074 -11.3235 32
    endloop
  endfacet
  facet normal -0.947082 0.320993 0
    outer loop
      vertex 25.2074 -11.3235 37
      vertex 25.1549 -11.4784 32
      vertex 25.1549 -11.4784 37
    endloop
  endfacet
  facet normal -0.831674 -0.555265 0
    outer loop
      vertex 25.0825 -10.375 32
      vertex 24.9917 -10.239 37
      vertex 24.9917 -10.239 32
    endloop
  endfacet
  facet normal -0.831674 -0.555265 0
    outer loop
      vertex 24.9917 -10.239 37
      vertex 25.0825 -10.375 32
      vertex 25.0825 -10.375 37
    endloop
  endfacet
  facet normal -0.75178 -0.659414 0
    outer loop
      vertex 24.9917 -10.239 32
      vertex 24.8839 -10.1161 37
      vertex 24.8839 -10.1161 32
    endloop
  endfacet
  facet normal -0.75178 -0.659414 0
    outer loop
      vertex 24.8839 -10.1161 37
      vertex 24.9917 -10.239 32
      vertex 24.9917 -10.239 37
    endloop
  endfacet
  facet normal 0.896618 0.442805 0
    outer loop
      vertex 22.9175 -11.625 37
      vertex 22.8451 -11.4784 32
      vertex 22.8451 -11.4784 37
    endloop
  endfacet
  facet normal 0.896618 0.442805 0
    outer loop
      vertex 22.8451 -11.4784 32
      vertex 22.9175 -11.625 37
      vertex 22.9175 -11.625 32
    endloop
  endfacet
  facet normal -0.896618 0.442805 0
    outer loop
      vertex 25.0825 -11.625 32
      vertex 25.1549 -11.4784 37
      vertex 25.1549 -11.4784 32
    endloop
  endfacet
  facet normal -0.896618 0.442805 0
    outer loop
      vertex 25.1549 -11.4784 37
      vertex 25.0825 -11.625 32
      vertex 25.0825 -11.625 37
    endloop
  endfacet
  facet normal 0.75178 0.659414 0
    outer loop
      vertex 23.1161 -11.8839 37
      vertex 23.0083 -11.761 32
      vertex 23.0083 -11.761 37
    endloop
  endfacet
  facet normal 0.75178 0.659414 0
    outer loop
      vertex 23.0083 -11.761 32
      vertex 23.1161 -11.8839 37
      vertex 23.1161 -11.8839 32
    endloop
  endfacet
  facet normal -0.831674 0.555265 0
    outer loop
      vertex 24.9917 -11.761 32
      vertex 25.0825 -11.625 37
      vertex 25.0825 -11.625 32
    endloop
  endfacet
  facet normal -0.831674 0.555265 0
    outer loop
      vertex 25.0825 -11.625 37
      vertex 24.9917 -11.761 32
      vertex 24.9917 -11.761 37
    endloop
  endfacet
  facet normal 0.75178 -0.659414 0
    outer loop
      vertex 23.0083 -10.239 37
      vertex 23.1161 -10.1161 32
      vertex 23.1161 -10.1161 37
    endloop
  endfacet
  facet normal 0.75178 -0.659414 0
    outer loop
      vertex 23.1161 -10.1161 32
      vertex 23.0083 -10.239 37
      vertex 23.0083 -10.239 32
    endloop
  endfacet
  facet normal -0.0653624 -0.997862 0
    outer loop
      vertex 24 -9.75 32
      vertex 24.1632 -9.76069 37
      vertex 24 -9.75 37
    endloop
  endfacet
  facet normal -0.0653624 -0.997862 -0
    outer loop
      vertex 24.1632 -9.76069 37
      vertex 24 -9.75 32
      vertex 24.1632 -9.76069 32
    endloop
  endfacet
  facet normal -0.555391 -0.831589 0
    outer loop
      vertex 24.625 -9.91747 32
      vertex 24.761 -10.0083 37
      vertex 24.625 -9.91747 37
    endloop
  endfacet
  facet normal -0.555391 -0.831589 -0
    outer loop
      vertex 24.761 -10.0083 37
      vertex 24.625 -9.91747 32
      vertex 24.761 -10.0083 32
    endloop
  endfacet
  facet normal 0.442313 0.896861 -0
    outer loop
      vertex 23.5216 -12.1548 32
      vertex 23.375 -12.0825 37
      vertex 23.5216 -12.1548 37
    endloop
  endfacet
  facet normal 0.442313 0.896861 0
    outer loop
      vertex 23.375 -12.0825 37
      vertex 23.5216 -12.1548 32
      vertex 23.375 -12.0825 32
    endloop
  endfacet
  facet normal 0.831674 0.555265 0
    outer loop
      vertex 23.0083 -11.761 37
      vertex 22.9175 -11.625 32
      vertex 22.9175 -11.625 37
    endloop
  endfacet
  facet normal 0.831674 0.555265 0
    outer loop
      vertex 22.9175 -11.625 32
      vertex 23.0083 -11.761 37
      vertex 23.0083 -11.761 32
    endloop
  endfacet
  facet normal 0.980768 0.195175 0
    outer loop
      vertex 22.7926 -11.3235 37
      vertex 22.7607 -11.1632 32
      vertex 22.7607 -11.1632 37
    endloop
  endfacet
  facet normal 0.980768 0.195175 0
    outer loop
      vertex 22.7607 -11.1632 32
      vertex 22.7926 -11.3235 37
      vertex 22.7926 -11.3235 32
    endloop
  endfacet
  facet normal 0.659414 0.75178 -0
    outer loop
      vertex 23.239 -11.9917 32
      vertex 23.1161 -11.8839 37
      vertex 23.239 -11.9917 37
    endloop
  endfacet
  facet normal 0.659414 0.75178 0
    outer loop
      vertex 23.1161 -11.8839 37
      vertex 23.239 -11.9917 32
      vertex 23.1161 -11.8839 32
    endloop
  endfacet
  facet normal 0.896618 -0.442805 0
    outer loop
      vertex 22.8451 -10.5216 37
      vertex 22.9175 -10.375 32
      vertex 22.9175 -10.375 37
    endloop
  endfacet
  facet normal 0.896618 -0.442805 0
    outer loop
      vertex 22.9175 -10.375 32
      vertex 22.8451 -10.5216 37
      vertex 22.8451 -10.5216 32
    endloop
  endfacet
  facet normal 0.997858 0.0654233 0
    outer loop
      vertex 22.7607 -11.1632 37
      vertex 22.75 -11 32
      vertex 22.75 -11 37
    endloop
  endfacet
  facet normal 0.997858 0.0654233 0
    outer loop
      vertex 22.75 -11 32
      vertex 22.7607 -11.1632 37
      vertex 22.7607 -11.1632 32
    endloop
  endfacet
  facet normal -0.555265 0.831674 0
    outer loop
      vertex 24.761 -11.9917 32
      vertex 24.625 -12.0825 37
      vertex 24.761 -11.9917 37
    endloop
  endfacet
  facet normal -0.555265 0.831674 0
    outer loop
      vertex 24.625 -12.0825 37
      vertex 24.761 -11.9917 32
      vertex 24.625 -12.0825 32
    endloop
  endfacet
  facet normal 0.997858 -0.0654233 0
    outer loop
      vertex 22.75 -11 37
      vertex 22.7607 -10.8368 32
      vertex 22.7607 -10.8368 37
    endloop
  endfacet
  facet normal 0.997858 -0.0654233 0
    outer loop
      vertex 22.7607 -10.8368 32
      vertex 22.75 -11 37
      vertex 22.75 -11 32
    endloop
  endfacet
  facet normal 0.555265 0.831674 -0
    outer loop
      vertex 23.375 -12.0825 32
      vertex 23.239 -11.9917 37
      vertex 23.375 -12.0825 37
    endloop
  endfacet
  facet normal 0.555265 0.831674 0
    outer loop
      vertex 23.239 -11.9917 37
      vertex 23.375 -12.0825 32
      vertex 23.239 -11.9917 32
    endloop
  endfacet
  facet normal 0.980815 0.19494 0
    outer loop
      vertex -21.0257 11.3916 37
      vertex -21.1022 11.7765 32
      vertex -21.1022 11.7765 37
    endloop
  endfacet
  facet normal 0.980815 0.19494 0
    outer loop
      vertex -21.1022 11.7765 32
      vertex -21.0257 11.3916 37
      vertex -21.0257 11.3916 32
    endloop
  endfacet
  facet normal 0.997853 0.0654873 0
    outer loop
      vertex -21 11 37
      vertex -21.0257 11.3916 32
      vertex -21.0257 11.3916 37
    endloop
  endfacet
  facet normal 0.997853 0.0654873 0
    outer loop
      vertex -21.0257 11.3916 32
      vertex -21 11 37
      vertex -21 11 32
    endloop
  endfacet
  facet normal 0.980815 -0.19494 0
    outer loop
      vertex -21.1022 10.2235 37
      vertex -21.0257 10.6084 32
      vertex -21.0257 10.6084 37
    endloop
  endfacet
  facet normal 0.980815 -0.19494 0
    outer loop
      vertex -21.0257 10.6084 32
      vertex -21.1022 10.2235 37
      vertex -21.1022 10.2235 32
    endloop
  endfacet
  facet normal 0.831501 0.555523 0
    outer loop
      vertex -21.4019 12.5 37
      vertex -21.6199 12.8263 32
      vertex -21.6199 12.8263 37
    endloop
  endfacet
  facet normal 0.831501 0.555523 0
    outer loop
      vertex -21.6199 12.8263 32
      vertex -21.4019 12.5 37
      vertex -21.4019 12.5 32
    endloop
  endfacet
  facet normal 0.896936 -0.44216 0
    outer loop
      vertex -21.4019 9.5 37
      vertex -21.2284 9.85195 32
      vertex -21.2284 9.85195 37
    endloop
  endfacet
  facet normal 0.896936 -0.44216 0
    outer loop
      vertex -21.2284 9.85195 32
      vertex -21.4019 9.5 37
      vertex -21.4019 9.5 32
    endloop
  endfacet
  facet normal 0.997853 -0.0654873 0
    outer loop
      vertex -21.0257 10.6084 37
      vertex -21 11 32
      vertex -21 11 37
    endloop
  endfacet
  facet normal 0.997853 -0.0654873 0
    outer loop
      vertex -21 11 32
      vertex -21.0257 10.6084 37
      vertex -21.0257 10.6084 32
    endloop
  endfacet
  facet normal 0.321649 0.946859 -0
    outer loop
      vertex -23.1031 13.8569 32
      vertex -23.2235 13.8978 37
      vertex -23.1031 13.8569 37
    endloop
  endfacet
  facet normal 0.321649 0.946859 0
    outer loop
      vertex -23.2235 13.8978 37
      vertex -23.1031 13.8569 32
      vertex -23.2235 13.8978 32
    endloop
  endfacet
  facet normal -0.896961 0.44211 0
    outer loop
      vertex -26.7716 12.148 32
      vertex -26.5981 12.5 37
      vertex -26.5981 12.5 32
    endloop
  endfacet
  facet normal -0.896961 0.44211 0
    outer loop
      vertex -26.5981 12.5 37
      vertex -26.7716 12.148 32
      vertex -26.7716 12.148 37
    endloop
  endfacet
  facet normal -0.659478 0.751724 0
    outer loop
      vertex -25.8263 13.3801 32
      vertex -26.1213 13.1213 37
      vertex -25.8263 13.3801 37
    endloop
  endfacet
  facet normal -0.659478 0.751724 0
    outer loop
      vertex -26.1213 13.1213 37
      vertex -25.8263 13.3801 32
      vertex -26.1213 13.1213 32
    endloop
  endfacet
  facet normal 0.321514 -0.946905 0
    outer loop
      vertex -23.2235 8.10222 32
      vertex -22.852 8.22836 37
      vertex -23.2235 8.10222 37
    endloop
  endfacet
  facet normal 0.321514 -0.946905 0
    outer loop
      vertex -22.852 8.22836 37
      vertex -23.2235 8.10222 32
      vertex -22.852 8.22836 32
    endloop
  endfacet
  facet normal -0.997853 -0.0654873 0
    outer loop
      vertex -26.9743 10.6084 32
      vertex -27 11 37
      vertex -27 11 32
    endloop
  endfacet
  facet normal -0.997853 -0.0654873 0
    outer loop
      vertex -27 11 37
      vertex -26.9743 10.6084 32
      vertex -26.9743 10.6084 37
    endloop
  endfacet
  facet normal -0.659392 -0.751799 0
    outer loop
      vertex -26.1213 8.87868 32
      vertex -25.8263 8.61994 37
      vertex -26.1213 8.87868 37
    endloop
  endfacet
  facet normal -0.659392 -0.751799 -0
    outer loop
      vertex -25.8263 8.61994 37
      vertex -26.1213 8.87868 32
      vertex -25.8263 8.61994 32
    endloop
  endfacet
  facet normal -0.321651 0.946858 0
    outer loop
      vertex -24.7765 13.8978 32
      vertex -25.148 13.7716 37
      vertex -24.7765 13.8978 37
    endloop
  endfacet
  facet normal -0.321651 0.946858 0
    outer loop
      vertex -25.148 13.7716 37
      vertex -24.7765 13.8978 32
      vertex -25.148 13.7716 32
    endloop
  endfacet
  facet normal -0.831485 -0.555547 0
    outer loop
      vertex -26.3801 9.17372 32
      vertex -26.5981 9.5 37
      vertex -26.5981 9.5 32
    endloop
  endfacet
  facet normal -0.831485 -0.555547 0
    outer loop
      vertex -26.5981 9.5 37
      vertex -26.3801 9.17372 32
      vertex -26.3801 9.17372 37
    endloop
  endfacet
  facet normal -0.555523 0.831501 0
    outer loop
      vertex -25.5 13.5981 32
      vertex -25.8263 13.3801 37
      vertex -25.5 13.5981 37
    endloop
  endfacet
  facet normal -0.555523 0.831501 0
    outer loop
      vertex -25.8263 13.3801 37
      vertex -25.5 13.5981 32
      vertex -25.8263 13.3801 32
    endloop
  endfacet
  facet normal -0.997853 0.0654873 0
    outer loop
      vertex -27 11 32
      vertex -26.9743 11.3916 37
      vertex -26.9743 11.3916 32
    endloop
  endfacet
  facet normal -0.997853 0.0654873 0
    outer loop
      vertex -26.9743 11.3916 37
      vertex -27 11 32
      vertex -27 11 37
    endloop
  endfacet
  facet normal 0.19494 0.980815 -0
    outer loop
      vertex -23.2235 13.8978 32
      vertex -23.6084 13.9743 37
      vertex -23.2235 13.8978 37
    endloop
  endfacet
  facet normal 0.19494 0.980815 0
    outer loop
      vertex -23.6084 13.9743 37
      vertex -23.2235 13.8978 32
      vertex -23.6084 13.9743 32
    endloop
  endfacet
  facet normal -0.44211 0.896961 0
    outer loop
      vertex -25.148 13.7716 32
      vertex -25.5 13.5981 37
      vertex -25.148 13.7716 37
    endloop
  endfacet
  facet normal -0.44211 0.896961 0
    outer loop
      vertex -25.5 13.5981 37
      vertex -25.148 13.7716 32
      vertex -25.5 13.5981 32
    endloop
  endfacet
  facet normal 0.0654112 -0.997858 0
    outer loop
      vertex -24 8 32
      vertex -23.6084 8.02567 37
      vertex -24 8 37
    endloop
  endfacet
  facet normal 0.0654112 -0.997858 0
    outer loop
      vertex -23.6084 8.02567 37
      vertex -24 8 32
      vertex -23.6084 8.02567 32
    endloop
  endfacet
  facet normal 0.659392 -0.751799 0
    outer loop
      vertex -22.1737 8.61994 32
      vertex -21.8787 8.87868 37
      vertex -22.1737 8.61994 37
    endloop
  endfacet
  facet normal 0.659392 -0.751799 0
    outer loop
      vertex -21.8787 8.87868 37
      vertex -22.1737 8.61994 32
      vertex -21.8787 8.87868 32
    endloop
  endfacet
  facet normal -0.946871 -0.321613 0
    outer loop
      vertex -26.7716 9.85195 32
      vertex -26.8978 10.2235 37
      vertex -26.8978 10.2235 32
    endloop
  endfacet
  facet normal -0.946871 -0.321613 0
    outer loop
      vertex -26.8978 10.2235 37
      vertex -26.7716 9.85195 32
      vertex -26.7716 9.85195 37
    endloop
  endfacet
  facet normal 0.946871 -0.321613 0
    outer loop
      vertex -21.2284 9.85195 37
      vertex -21.1022 10.2235 32
      vertex -21.1022 10.2235 37
    endloop
  endfacet
  facet normal 0.946871 -0.321613 0
    outer loop
      vertex -21.1022 10.2235 32
      vertex -21.2284 9.85195 37
      vertex -21.2284 9.85195 32
    endloop
  endfacet
  facet normal -0.19494 0.980815 0
    outer loop
      vertex -24.3916 13.9743 32
      vertex -24.7765 13.8978 37
      vertex -24.3916 13.9743 37
    endloop
  endfacet
  facet normal -0.19494 0.980815 0
    outer loop
      vertex -24.7765 13.8978 37
      vertex -24.3916 13.9743 32
      vertex -24.7765 13.8978 32
    endloop
  endfacet
  facet normal 0.751759 0.659438 0
    outer loop
      vertex -21.6199 12.8263 37
      vertex -21.7999 13.0315 32
      vertex -21.7999 13.0315 37
    endloop
  endfacet
  facet normal 0.751759 0.659438 0
    outer loop
      vertex -21.7999 13.0315 32
      vertex -21.6199 12.8263 37
      vertex -21.6199 12.8263 32
    endloop
  endfacet
  facet normal 0.751768 -0.659428 0
    outer loop
      vertex -21.8787 8.87868 37
      vertex -21.6199 9.17372 32
      vertex -21.6199 9.17372 37
    endloop
  endfacet
  facet normal 0.751768 -0.659428 0
    outer loop
      vertex -21.6199 9.17372 32
      vertex -21.8787 8.87868 37
      vertex -21.8787 8.87868 32
    endloop
  endfacet
  facet normal -0.442233 -0.8969 0
    outer loop
      vertex -25.5 8.40192 32
      vertex -25.148 8.22836 37
      vertex -25.5 8.40192 37
    endloop
  endfacet
  facet normal -0.442233 -0.8969 -0
    outer loop
      vertex -25.148 8.22836 37
      vertex -25.5 8.40192 32
      vertex -25.148 8.22836 32
    endloop
  endfacet
  facet normal -0.946858 0.321651 0
    outer loop
      vertex -26.8978 11.7765 32
      vertex -26.7716 12.148 37
      vertex -26.7716 12.148 32
    endloop
  endfacet
  facet normal -0.946858 0.321651 0
    outer loop
      vertex -26.7716 12.148 37
      vertex -26.8978 11.7765 32
      vertex -26.8978 11.7765 37
    endloop
  endfacet
  facet normal 0.195062 -0.980791 0
    outer loop
      vertex -23.6084 8.02567 32
      vertex -23.2235 8.10222 37
      vertex -23.6084 8.02567 37
    endloop
  endfacet
  facet normal 0.195062 -0.980791 0
    outer loop
      vertex -23.2235 8.10222 37
      vertex -23.6084 8.02567 32
      vertex -23.2235 8.10222 32
    endloop
  endfacet
  facet normal 0.442233 -0.8969 0
    outer loop
      vertex -22.852 8.22836 32
      vertex -22.5 8.40192 37
      vertex -22.852 8.22836 37
    endloop
  endfacet
  facet normal 0.442233 -0.8969 0
    outer loop
      vertex -22.5 8.40192 37
      vertex -22.852 8.22836 32
      vertex -22.5 8.40192 32
    endloop
  endfacet
  facet normal 0 0 -1
    outer loop
      vertex -22.75 11 32
      vertex -21 11 32
      vertex -21.0257 10.6084 32
    endloop
  endfacet
  facet normal 0 0 -1
    outer loop
      vertex -22.7607 10.8368 32
      vertex -21.0257 10.6084 32
      vertex -21.1022 10.2235 32
    endloop
  endfacet
  facet normal 0 0 -1
    outer loop
      vertex -21 11 32
      vertex -22.75 11 32
      vertex -21.0257 11.3916 32
    endloop
  endfacet
  facet normal 0 0 -1
    outer loop
      vertex -22.7926 10.6765 32
      vertex -21.1022 10.2235 32
      vertex -21.2284 9.85195 32
    endloop
  endfacet
  facet normal 0 0 -1
    outer loop
      vertex -22.7607 11.1632 32
      vertex -21.0257 11.3916 32
      vertex -22.75 11 32
    endloop
  endfacet
  facet normal 0 0 -1
    outer loop
      vertex -22.8451 10.5216 32
      vertex -21.2284 9.85195 32
      vertex -21.4019 9.5 32
    endloop
  endfacet
  facet normal -0 0 -1
    outer loop
      vertex -21.0257 11.3916 32
      vertex -22.7607 11.1632 32
      vertex -21.1022 11.7765 32
    endloop
  endfacet
  facet normal 0 0 -1
    outer loop
      vertex -22.9175 10.375 32
      vertex -21.4019 9.5 32
      vertex -21.6199 9.17372 32
    endloop
  endfacet
  facet normal 0 0 -1
    outer loop
      vertex -22.7926 11.3235 32
      vertex -21.1022 11.7765 32
      vertex -22.7607 11.1632 32
    endloop
  endfacet
  facet normal -0 0 -1
    outer loop
      vertex -21.1022 11.7765 32
      vertex -22.7926 11.3235 32
      vertex -21.2284 12.148 32
    endloop
  endfacet
  facet normal 0 0 -1
    outer loop
      vertex -23.0083 10.239 32
      vertex -21.6199 9.17372 32
      vertex -21.8787 8.87868 32
    endloop
  endfacet
  facet normal 0 0 -1
    outer loop
      vertex -22.8451 11.4784 32
      vertex -21.2284 12.148 32
      vertex -22.7926 11.3235 32
    endloop
  endfacet
  facet normal 0 0 -1
    outer loop
      vertex -23.1161 10.1161 32
      vertex -21.8787 8.87868 32
      vertex -22.1737 8.61994 32
    endloop
  endfacet
  facet normal -0 0 -1
    outer loop
      vertex -21.2284 12.148 32
      vertex -22.8451 11.4784 32
      vertex -21.4019 12.5 32
    endloop
  endfacet
  facet normal 0 0 -1
    outer loop
      vertex -22.9175 11.625 32
      vertex -21.4019 12.5 32
      vertex -22.8451 11.4784 32
    endloop
  endfacet
  facet normal 0 0 -1
    outer loop
      vertex -23.239 10.0083 32
      vertex -22.1737 8.61994 32
      vertex -22.5 8.40192 32
    endloop
  endfacet
  facet normal -0 0 -1
    outer loop
      vertex -21.4019 12.5 32
      vertex -22.9175 11.625 32
      vertex -21.6199 12.8263 32
    endloop
  endfacet
  facet normal 0 0 -1
    outer loop
      vertex -23.0083 11.761 32
      vertex -21.6199 12.8263 32
      vertex -22.9175 11.625 32
    endloop
  endfacet
  facet normal 0 0 -1
    outer loop
      vertex -21.0257 10.6084 32
      vertex -22.7607 10.8368 32
      vertex -22.75 11 32
    endloop
  endfacet
  facet normal 0 0 -1
    outer loop
      vertex -21.1022 10.2235 32
      vertex -22.7926 10.6765 32
      vertex -22.7607 10.8368 32
    endloop
  endfacet
  facet normal 0 0 -1
    outer loop
      vertex -21.2284 9.85195 32
      vertex -22.8451 10.5216 32
      vertex -22.7926 10.6765 32
    endloop
  endfacet
  facet normal 0 0 -1
    outer loop
      vertex -23.375 9.91747 32
      vertex -22.5 8.40192 32
      vertex -22.852 8.22836 32
    endloop
  endfacet
  facet normal 0 0 -1
    outer loop
      vertex -21.4019 9.5 32
      vertex -22.9175 10.375 32
      vertex -22.8451 10.5216 32
    endloop
  endfacet
  facet normal 0 0 -1
    outer loop
      vertex -21.6199 9.17372 32
      vertex -23.0083 10.239 32
      vertex -22.9175 10.375 32
    endloop
  endfacet
  facet normal 0 0 -1
    outer loop
      vertex -21.8787 8.87868 32
      vertex -23.1161 10.1161 32
      vertex -23.0083 10.239 32
    endloop
  endfacet
  facet normal 0 0 -1
    outer loop
      vertex -23.5216 9.84515 32
      vertex -22.852 8.22836 32
      vertex -23.2235 8.10222 32
    endloop
  endfacet
  facet normal 0 0 -1
    outer loop
      vertex -22.1737 8.61994 32
      vertex -23.239 10.0083 32
      vertex -23.1161 10.1161 32
    endloop
  endfacet
  facet normal 0 0 -1
    outer loop
      vertex -22.5 8.40192 32
      vertex -23.375 9.91747 32
      vertex -23.239 10.0083 32
    endloop
  endfacet
  facet normal 0 0 -1
    outer loop
      vertex -22.852 8.22836 32
      vertex -23.5216 9.84515 32
      vertex -23.375 9.91747 32
    endloop
  endfacet
  facet normal 0 0 -1
    outer loop
      vertex -23.6765 9.79259 32
      vertex -23.2235 8.10222 32
      vertex -23.6084 8.02567 32
    endloop
  endfacet
  facet normal 0 0 -1
    outer loop
      vertex -23.2235 8.10222 32
      vertex -23.6765 9.79259 32
      vertex -23.5216 9.84515 32
    endloop
  endfacet
  facet normal 0 0 -1
    outer loop
      vertex -23.6084 8.02567 32
      vertex -23.8368 9.76069 32
      vertex -23.6765 9.79259 32
    endloop
  endfacet
  facet normal 0 0 -1
    outer loop
      vertex -24 8 32
      vertex -23.8368 9.76069 32
      vertex -23.6084 8.02567 32
    endloop
  endfacet
  facet normal 0 0 -1
    outer loop
      vertex -24 8 32
      vertex -24 9.75 32
      vertex -23.8368 9.76069 32
    endloop
  endfacet
  facet normal 0 0 -1
    outer loop
      vertex -24 8 32
      vertex -24.1632 9.76069 32
      vertex -24 9.75 32
    endloop
  endfacet
  facet normal 0 0 -1
    outer loop
      vertex -24.3916 8.02567 32
      vertex -24.1632 9.76069 32
      vertex -24 8 32
    endloop
  endfacet
  facet normal -0 0 -1
    outer loop
      vertex -24.1632 9.76069 32
      vertex -24.3916 8.02567 32
      vertex -24.3235 9.79259 32
    endloop
  endfacet
  facet normal 0 0 -1
    outer loop
      vertex -24.7765 8.10222 32
      vertex -24.3235 9.79259 32
      vertex -24.3916 8.02567 32
    endloop
  endfacet
  facet normal -0 0 -1
    outer loop
      vertex -24.3235 9.79259 32
      vertex -24.7765 8.10222 32
      vertex -24.4784 9.84515 32
    endloop
  endfacet
  facet normal 0 0 -1
    outer loop
      vertex -25.148 8.22836 32
      vertex -24.4784 9.84515 32
      vertex -24.7765 8.10222 32
    endloop
  endfacet
  facet normal -0 0 -1
    outer loop
      vertex -24.4784 9.84515 32
      vertex -25.148 8.22836 32
      vertex -24.625 9.91747 32
    endloop
  endfacet
  facet normal 0 0 -1
    outer loop
      vertex -25.5 8.40192 32
      vertex -24.625 9.91747 32
      vertex -25.148 8.22836 32
    endloop
  endfacet
  facet normal -0 0 -1
    outer loop
      vertex -24.625 9.91747 32
      vertex -25.5 8.40192 32
      vertex -24.761 10.0083 32
    endloop
  endfacet
  facet normal 0 0 -1
    outer loop
      vertex -25.8263 8.61994 32
      vertex -24.761 10.0083 32
      vertex -25.5 8.40192 32
    endloop
  endfacet
  facet normal -0 0 -1
    outer loop
      vertex -24.761 10.0083 32
      vertex -25.8263 8.61994 32
      vertex -24.8839 10.1161 32
    endloop
  endfacet
  facet normal 0 0 -1
    outer loop
      vertex -26.1213 8.87868 32
      vertex -24.8839 10.1161 32
      vertex -25.8263 8.61994 32
    endloop
  endfacet
  facet normal -0 0 -1
    outer loop
      vertex -24.8839 10.1161 32
      vertex -26.1213 8.87868 32
      vertex -24.9917 10.239 32
    endloop
  endfacet
  facet normal 0 0 -1
    outer loop
      vertex -26.3801 9.17372 32
      vertex -24.9917 10.239 32
      vertex -26.1213 8.87868 32
    endloop
  endfacet
  facet normal -0 0 -1
    outer loop
      vertex -24.9917 10.239 32
      vertex -26.3801 9.17372 32
      vertex -25.0825 10.375 32
    endloop
  endfacet
  facet normal 0 0 -1
    outer loop
      vertex -26.5981 9.5 32
      vertex -25.0825 10.375 32
      vertex -26.3801 9.17372 32
    endloop
  endfacet
  facet normal 0 0 -1
    outer loop
      vertex -21.6199 12.8263 32
      vertex -21.9843 13.0681 32
      vertex -21.7999 13.0315 32
    endloop
  endfacet
  facet normal -0 0 -1
    outer loop
      vertex -21.6199 12.8263 32
      vertex -23.0083 11.761 32
      vertex -21.9843 13.0681 32
    endloop
  endfacet
  facet normal -0 0 -1
    outer loop
      vertex -21.9843 13.0681 32
      vertex -23.0083 11.761 32
      vertex -22.232 13.1522 32
    endloop
  endfacet
  facet normal 0 0 -1
    outer loop
      vertex -23.1161 11.8839 32
      vertex -22.232 13.1522 32
      vertex -23.0083 11.761 32
    endloop
  endfacet
  facet normal 0 0 -1
    outer loop
      vertex -23.239 11.9917 32
      vertex -22.232 13.1522 32
      vertex -23.1161 11.8839 32
    endloop
  endfacet
  facet normal -0 0 -1
    outer loop
      vertex -22.232 13.1522 32
      vertex -23.239 11.9917 32
      vertex -22.4667 13.2679 32
    endloop
  endfacet
  facet normal 0 0 -1
    outer loop
      vertex -23.375 12.0825 32
      vertex -22.4667 13.2679 32
      vertex -23.239 11.9917 32
    endloop
  endfacet
  facet normal -0 0 -1
    outer loop
      vertex -22.4667 13.2679 32
      vertex -23.375 12.0825 32
      vertex -22.6842 13.4133 32
    endloop
  endfacet
  facet normal 0 0 -1
    outer loop
      vertex -23.5216 12.1548 32
      vertex -22.6842 13.4133 32
      vertex -23.375 12.0825 32
    endloop
  endfacet
  facet normal -0 0 -1
    outer loop
      vertex -22.6842 13.4133 32
      vertex -23.5216 12.1548 32
      vertex -22.8809 13.5858 32
    endloop
  endfacet
  facet normal 0 0 -1
    outer loop
      vertex -23.6765 12.2074 32
      vertex -22.8809 13.5858 32
      vertex -23.5216 12.1548 32
    endloop
  endfacet
  facet normal 0 0 -1
    outer loop
      vertex -23.8368 12.2393 32
      vertex -22.8809 13.5858 32
      vertex -23.6765 12.2074 32
    endloop
  endfacet
  facet normal 0 -0 -1
    outer loop
      vertex -23.6084 13.9743 32
      vertex -22.8809 13.5858 32
      vertex -23.8368 12.2393 32
    endloop
  endfacet
  facet normal 0 0 -1
    outer loop
      vertex -23.0534 13.7825 32
      vertex -23.2235 13.8978 32
      vertex -23.1031 13.8569 32
    endloop
  endfacet
  facet normal 0 0 -1
    outer loop
      vertex -23.0534 13.7825 32
      vertex -23.6084 13.9743 32
      vertex -23.2235 13.8978 32
    endloop
  endfacet
  facet normal 0 0 -1
    outer loop
      vertex -22.8809 13.5858 32
      vertex -23.6084 13.9743 32
      vertex -23.0534 13.7825 32
    endloop
  endfacet
  facet normal 0 0 -1
    outer loop
      vertex -24 12.25 32
      vertex -23.6084 13.9743 32
      vertex -23.8368 12.2393 32
    endloop
  endfacet
  facet normal 0 0 -1
    outer loop
      vertex -24 12.25 32
      vertex -24 14 32
      vertex -23.6084 13.9743 32
    endloop
  endfacet
  facet normal 0 0 -1
    outer loop
      vertex -24.1632 12.2393 32
      vertex -24 14 32
      vertex -24 12.25 32
    endloop
  endfacet
  facet normal 0 0 -1
    outer loop
      vertex -24.3916 13.9743 32
      vertex -24.1632 12.2393 32
      vertex -24.3235 12.2074 32
    endloop
  endfacet
  facet normal 0 0 -1
    outer loop
      vertex -24.1632 12.2393 32
      vertex -24.3916 13.9743 32
      vertex -24 14 32
    endloop
  endfacet
  facet normal 0 0 -1
    outer loop
      vertex -24.7765 13.8978 32
      vertex -24.3235 12.2074 32
      vertex -24.4784 12.1548 32
    endloop
  endfacet
  facet normal 0 0 -1
    outer loop
      vertex -25.148 13.7716 32
      vertex -24.4784 12.1548 32
      vertex -24.625 12.0825 32
    endloop
  endfacet
  facet normal 0 0 -1
    outer loop
      vertex -25.5 13.5981 32
      vertex -24.625 12.0825 32
      vertex -24.761 11.9917 32
    endloop
  endfacet
  facet normal 0 0 -1
    outer loop
      vertex -24.3235 12.2074 32
      vertex -24.7765 13.8978 32
      vertex -24.3916 13.9743 32
    endloop
  endfacet
  facet normal 0 0 -1
    outer loop
      vertex -25.8263 13.3801 32
      vertex -24.761 11.9917 32
      vertex -24.8839 11.8839 32
    endloop
  endfacet
  facet normal 0 0 -1
    outer loop
      vertex -26.1213 13.1213 32
      vertex -24.8839 11.8839 32
      vertex -24.9917 11.761 32
    endloop
  endfacet
  facet normal 0 0 -1
    outer loop
      vertex -26.3801 12.8263 32
      vertex -24.9917 11.761 32
      vertex -25.0825 11.625 32
    endloop
  endfacet
  facet normal 0 0 -1
    outer loop
      vertex -24.4784 12.1548 32
      vertex -25.148 13.7716 32
      vertex -24.7765 13.8978 32
    endloop
  endfacet
  facet normal 0 0 -1
    outer loop
      vertex -26.5981 12.5 32
      vertex -25.0825 11.625 32
      vertex -25.1549 11.4784 32
    endloop
  endfacet
  facet normal 0 0 -1
    outer loop
      vertex -26.7716 12.148 32
      vertex -25.1549 11.4784 32
      vertex -25.2074 11.3235 32
    endloop
  endfacet
  facet normal 0 0 -1
    outer loop
      vertex -26.8978 11.7765 32
      vertex -25.2074 11.3235 32
      vertex -25.2393 11.1632 32
    endloop
  endfacet
  facet normal 0 0 -1
    outer loop
      vertex -26.9743 11.3916 32
      vertex -25.2393 11.1632 32
      vertex -25.25 11 32
    endloop
  endfacet
  facet normal -0 0 -1
    outer loop
      vertex -25.0825 10.375 32
      vertex -26.5981 9.5 32
      vertex -25.1549 10.5216 32
    endloop
  endfacet
  facet normal 0 0 -1
    outer loop
      vertex -24.625 12.0825 32
      vertex -25.5 13.5981 32
      vertex -25.148 13.7716 32
    endloop
  endfacet
  facet normal 0 0 -1
    outer loop
      vertex -26.7716 9.85195 32
      vertex -25.1549 10.5216 32
      vertex -26.5981 9.5 32
    endloop
  endfacet
  facet normal 0 0 -1
    outer loop
      vertex -24.761 11.9917 32
      vertex -25.8263 13.3801 32
      vertex -25.5 13.5981 32
    endloop
  endfacet
  facet normal -0 0 -1
    outer loop
      vertex -25.1549 10.5216 32
      vertex -26.7716 9.85195 32
      vertex -25.2074 10.6765 32
    endloop
  endfacet
  facet normal 0 0 -1
    outer loop
      vertex -24.8839 11.8839 32
      vertex -26.1213 13.1213 32
      vertex -25.8263 13.3801 32
    endloop
  endfacet
  facet normal 0 0 -1
    outer loop
      vertex -26.8978 10.2235 32
      vertex -25.2074 10.6765 32
      vertex -26.7716 9.85195 32
    endloop
  endfacet
  facet normal 0 0 -1
    outer loop
      vertex -24.9917 11.761 32
      vertex -26.3801 12.8263 32
      vertex -26.1213 13.1213 32
    endloop
  endfacet
  facet normal -0 0 -1
    outer loop
      vertex -25.2074 10.6765 32
      vertex -26.8978 10.2235 32
      vertex -25.2393 10.8368 32
    endloop
  endfacet
  facet normal 0 0 -1
    outer loop
      vertex -25.0825 11.625 32
      vertex -26.5981 12.5 32
      vertex -26.3801 12.8263 32
    endloop
  endfacet
  facet normal 0 0 -1
    outer loop
      vertex -26.9743 10.6084 32
      vertex -25.2393 10.8368 32
      vertex -26.8978 10.2235 32
    endloop
  endfacet
  facet normal 0 0 -1
    outer loop
      vertex -25.1549 11.4784 32
      vertex -26.7716 12.148 32
      vertex -26.5981 12.5 32
    endloop
  endfacet
  facet normal -0 0 -1
    outer loop
      vertex -25.2393 10.8368 32
      vertex -26.9743 10.6084 32
      vertex -25.25 11 32
    endloop
  endfacet
  facet normal 0 0 -1
    outer loop
      vertex -25.2074 11.3235 32
      vertex -26.8978 11.7765 32
      vertex -26.7716 12.148 32
    endloop
  endfacet
  facet normal 0 0 -1
    outer loop
      vertex -27 11 32
      vertex -25.25 11 32
      vertex -26.9743 10.6084 32
    endloop
  endfacet
  facet normal 0 0 -1
    outer loop
      vertex -25.2393 11.1632 32
      vertex -26.9743 11.3916 32
      vertex -26.8978 11.7765 32
    endloop
  endfacet
  facet normal 0 0 -1
    outer loop
      vertex -25.25 11 32
      vertex -27 11 32
      vertex -26.9743 11.3916 32
    endloop
  endfacet
  facet normal -0.751724 0.659478 0
    outer loop
      vertex -26.3801 12.8263 32
      vertex -26.1213 13.1213 37
      vertex -26.1213 13.1213 32
    endloop
  endfacet
  facet normal -0.751724 0.659478 0
    outer loop
      vertex -26.1213 13.1213 37
      vertex -26.3801 12.8263 32
      vertex -26.3801 12.8263 37
    endloop
  endfacet
  facet normal -0.896936 -0.44216 0
    outer loop
      vertex -26.5981 9.5 32
      vertex -26.7716 9.85195 37
      vertex -26.7716 9.85195 32
    endloop
  endfacet
  facet normal -0.896936 -0.44216 0
    outer loop
      vertex -26.7716 9.85195 37
      vertex -26.5981 9.5 32
      vertex -26.5981 9.5 37
    endloop
  endfacet
  facet normal 0.831485 -0.555547 0
    outer loop
      vertex -21.6199 9.17372 37
      vertex -21.4019 9.5 32
      vertex -21.4019 9.5 37
    endloop
  endfacet
  facet normal 0.831485 -0.555547 0
    outer loop
      vertex -21.4019 9.5 32
      vertex -21.6199 9.17372 37
      vertex -21.6199 9.17372 32
    endloop
  endfacet
  facet normal 0.896961 0.44211 0
    outer loop
      vertex -21.2284 12.148 37
      vertex -21.4019 12.5 32
      vertex -21.4019 12.5 37
    endloop
  endfacet
  facet normal 0.896961 0.44211 0
    outer loop
      vertex -21.4019 12.5 32
      vertex -21.2284 12.148 37
      vertex -21.2284 12.148 32
    endloop
  endfacet
  facet normal -0.0654112 -0.997858 0
    outer loop
      vertex -24.3916 8.02567 32
      vertex -24 8 37
      vertex -24.3916 8.02567 37
    endloop
  endfacet
  facet normal -0.0654112 -0.997858 -0
    outer loop
      vertex -24 8 37
      vertex -24.3916 8.02567 32
      vertex -24 8 32
    endloop
  endfacet
  facet normal 0.0654873 0.997853 -0
    outer loop
      vertex -23.6084 13.9743 32
      vertex -24 14 37
      vertex -23.6084 13.9743 37
    endloop
  endfacet
  facet normal 0.0654873 0.997853 0
    outer loop
      vertex -24 14 37
      vertex -23.6084 13.9743 32
      vertex -24 14 32
    endloop
  endfacet
  facet normal -0.555558 -0.831477 0
    outer loop
      vertex -25.8263 8.61994 32
      vertex -25.5 8.40192 37
      vertex -25.8263 8.61994 37
    endloop
  endfacet
  facet normal -0.555558 -0.831477 -0
    outer loop
      vertex -25.5 8.40192 37
      vertex -25.8263 8.61994 32
      vertex -25.5 8.40192 32
    endloop
  endfacet
  facet normal 0.555558 -0.831477 0
    outer loop
      vertex -22.5 8.40192 32
      vertex -22.1737 8.61994 37
      vertex -22.5 8.40192 37
    endloop
  endfacet
  facet normal 0.555558 -0.831477 0
    outer loop
      vertex -22.1737 8.61994 37
      vertex -22.5 8.40192 32
      vertex -22.1737 8.61994 32
    endloop
  endfacet
  facet normal 0.946858 0.321651 0
    outer loop
      vertex -21.1022 11.7765 37
      vertex -21.2284 12.148 32
      vertex -21.2284 12.148 37
    endloop
  endfacet
  facet normal 0.946858 0.321651 0
    outer loop
      vertex -21.2284 12.148 32
      vertex -21.1022 11.7765 37
      vertex -21.1022 11.7765 32
    endloop
  endfacet
  facet normal -0.980815 0.19494 0
    outer loop
      vertex -26.9743 11.3916 32
      vertex -26.8978 11.7765 37
      vertex -26.8978 11.7765 32
    endloop
  endfacet
  facet normal -0.980815 0.19494 0
    outer loop
      vertex -26.8978 11.7765 37
      vertex -26.9743 11.3916 32
      vertex -26.9743 11.3916 37
    endloop
  endfacet
  facet normal -0.0654873 0.997853 0
    outer loop
      vertex -24 14 32
      vertex -24.3916 13.9743 37
      vertex -24 14 37
    endloop
  endfacet
  facet normal -0.0654873 0.997853 0
    outer loop
      vertex -24.3916 13.9743 37
      vertex -24 14 32
      vertex -24.3916 13.9743 32
    endloop
  endfacet
  facet normal -0.321514 -0.946905 0
    outer loop
      vertex -25.148 8.22836 32
      vertex -24.7765 8.10222 37
      vertex -25.148 8.22836 37
    endloop
  endfacet
  facet normal -0.321514 -0.946905 -0
    outer loop
      vertex -24.7765 8.10222 37
      vertex -25.148 8.22836 32
      vertex -24.7765 8.10222 32
    endloop
  endfacet
  facet normal -0.980815 -0.19494 0
    outer loop
      vertex -26.8978 10.2235 32
      vertex -26.9743 10.6084 37
      vertex -26.9743 10.6084 32
    endloop
  endfacet
  facet normal -0.980815 -0.19494 0
    outer loop
      vertex -26.9743 10.6084 37
      vertex -26.8978 10.2235 32
      vertex -26.8978 10.2235 37
    endloop
  endfacet
  facet normal -0.751768 -0.659428 0
    outer loop
      vertex -26.1213 8.87868 32
      vertex -26.3801 9.17372 37
      vertex -26.3801 9.17372 32
    endloop
  endfacet
  facet normal -0.751768 -0.659428 0
    outer loop
      vertex -26.3801 9.17372 37
      vertex -26.1213 8.87868 32
      vertex -26.1213 8.87868 37
    endloop
  endfacet
  facet normal -0.195062 -0.980791 0
    outer loop
      vertex -24.7765 8.10222 32
      vertex -24.3916 8.02567 37
      vertex -24.7765 8.10222 37
    endloop
  endfacet
  facet normal -0.195062 -0.980791 -0
    outer loop
      vertex -24.3916 8.02567 37
      vertex -24.7765 8.10222 32
      vertex -24.3916 8.02567 32
    endloop
  endfacet
  facet normal -0.831501 0.555523 0
    outer loop
      vertex -26.5981 12.5 32
      vertex -26.3801 12.8263 37
      vertex -26.3801 12.8263 32
    endloop
  endfacet
  facet normal -0.831501 0.555523 0
    outer loop
      vertex -26.3801 12.8263 37
      vertex -26.5981 12.5 32
      vertex -26.5981 12.5 37
    endloop
  endfacet
  facet normal -0.980768 0.195175 0
    outer loop
      vertex -22.7926 10.6765 32
      vertex -22.7607 10.8368 37
      vertex -22.7607 10.8368 32
    endloop
  endfacet
  facet normal -0.980768 0.195175 0
    outer loop
      vertex -22.7607 10.8368 37
      vertex -22.7926 10.6765 32
      vertex -22.7926 10.6765 37
    endloop
  endfacet
  facet normal -0.980768 -0.195175 0
    outer loop
      vertex -22.7607 11.1632 32
      vertex -22.7926 11.3235 37
      vertex -22.7926 11.3235 32
    endloop
  endfacet
  facet normal -0.980768 -0.195175 0
    outer loop
      vertex -22.7926 11.3235 37
      vertex -22.7607 11.1632 32
      vertex -22.7607 11.1632 37
    endloop
  endfacet
  facet normal -0.997858 -0.0654233 0
    outer loop
      vertex -22.75 11 32
      vertex -22.7607 11.1632 37
      vertex -22.7607 11.1632 32
    endloop
  endfacet
  facet normal -0.997858 -0.0654233 0
    outer loop
      vertex -22.7607 11.1632 37
      vertex -22.75 11 32
      vertex -22.75 11 37
    endloop
  endfacet
  facet normal -0.947082 -0.320993 0
    outer loop
      vertex -22.7926 11.3235 32
      vertex -22.8451 11.4784 37
      vertex -22.8451 11.4784 32
    endloop
  endfacet
  facet normal -0.947082 -0.320993 0
    outer loop
      vertex -22.8451 11.4784 37
      vertex -22.7926 11.3235 32
      vertex -22.7926 11.3235 37
    endloop
  endfacet
  facet normal -0.442411 0.896812 0
    outer loop
      vertex -23.375 9.91747 32
      vertex -23.5216 9.84515 37
      vertex -23.375 9.91747 37
    endloop
  endfacet
  facet normal -0.442411 0.896812 0
    outer loop
      vertex -23.5216 9.84515 37
      vertex -23.375 9.91747 32
      vertex -23.5216 9.84515 32
    endloop
  endfacet
  facet normal -0.195175 -0.980768 0
    outer loop
      vertex -23.8368 12.2393 32
      vertex -23.6765 12.2074 37
      vertex -23.8368 12.2393 37
    endloop
  endfacet
  facet normal -0.195175 -0.980768 -0
    outer loop
      vertex -23.6765 12.2074 37
      vertex -23.8368 12.2393 32
      vertex -23.6765 12.2074 32
    endloop
  endfacet
  facet normal -0.195175 0.980768 0
    outer loop
      vertex -23.6765 9.79259 32
      vertex -23.8368 9.76069 37
      vertex -23.6765 9.79259 37
    endloop
  endfacet
  facet normal -0.195175 0.980768 0
    outer loop
      vertex -23.8368 9.76069 37
      vertex -23.6765 9.79259 32
      vertex -23.8368 9.76069 32
    endloop
  endfacet
  facet normal -0.0653624 0.997862 0
    outer loop
      vertex -23.8368 9.76069 32
      vertex -24 9.75 37
      vertex -23.8368 9.76069 37
    endloop
  endfacet
  facet normal -0.0653624 0.997862 0
    outer loop
      vertex -24 9.75 37
      vertex -23.8368 9.76069 32
      vertex -24 9.75 32
    endloop
  endfacet
  facet normal 0.659414 -0.75178 0
    outer loop
      vertex -24.8839 11.8839 32
      vertex -24.761 11.9917 37
      vertex -24.8839 11.8839 37
    endloop
  endfacet
  facet normal 0.659414 -0.75178 0
    outer loop
      vertex -24.761 11.9917 37
      vertex -24.8839 11.8839 32
      vertex -24.761 11.9917 32
    endloop
  endfacet
  facet normal 0.831674 -0.555265 0
    outer loop
      vertex -25.0825 11.625 37
      vertex -24.9917 11.761 32
      vertex -24.9917 11.761 37
    endloop
  endfacet
  facet normal 0.831674 -0.555265 0
    outer loop
      vertex -24.9917 11.761 32
      vertex -25.0825 11.625 37
      vertex -25.0825 11.625 32
    endloop
  endfacet
  facet normal -0.321541 -0.946896 0
    outer loop
      vertex -23.6765 12.2074 32
      vertex -23.5216 12.1548 37
      vertex -23.6765 12.2074 37
    endloop
  endfacet
  facet normal -0.321541 -0.946896 -0
    outer loop
      vertex -23.5216 12.1548 37
      vertex -23.6765 12.2074 32
      vertex -23.5216 12.1548 32
    endloop
  endfacet
  facet normal -0.659414 0.75178 0
    outer loop
      vertex -23.1161 10.1161 32
      vertex -23.239 10.0083 37
      vertex -23.1161 10.1161 37
    endloop
  endfacet
  facet normal -0.659414 0.75178 0
    outer loop
      vertex -23.239 10.0083 37
      vertex -23.1161 10.1161 32
      vertex -23.239 10.0083 32
    endloop
  endfacet
  facet normal 0.442313 -0.896861 0
    outer loop
      vertex -24.625 12.0825 32
      vertex -24.4784 12.1548 37
      vertex -24.625 12.0825 37
    endloop
  endfacet
  facet normal 0.442313 -0.896861 0
    outer loop
      vertex -24.4784 12.1548 37
      vertex -24.625 12.0825 32
      vertex -24.4784 12.1548 32
    endloop
  endfacet
  facet normal 0.0653624 0.997862 -0
    outer loop
      vertex -24 9.75 32
      vertex -24.1632 9.76069 37
      vertex -24 9.75 37
    endloop
  endfacet
  facet normal 0.0653624 0.997862 0
    outer loop
      vertex -24.1632 9.76069 37
      vertex -24 9.75 32
      vertex -24.1632 9.76069 32
    endloop
  endfacet
  facet normal -0.75178 0.659414 0
    outer loop
      vertex -23.1161 10.1161 32
      vertex -23.0083 10.239 37
      vertex -23.0083 10.239 32
    endloop
  endfacet
  facet normal -0.75178 0.659414 0
    outer loop
      vertex -23.0083 10.239 37
      vertex -23.1161 10.1161 32
      vertex -23.1161 10.1161 37
    endloop
  endfacet
  facet normal 0.947082 0.320993 0
    outer loop
      vertex -25.1549 10.5216 37
      vertex -25.2074 10.6765 32
      vertex -25.2074 10.6765 37
    endloop
  endfacet
  facet normal 0.947082 0.320993 0
    outer loop
      vertex -25.2074 10.6765 32
      vertex -25.1549 10.5216 37
      vertex -25.1549 10.5216 32
    endloop
  endfacet
  facet normal -0.321322 0.94697 0
    outer loop
      vertex -23.5216 9.84515 32
      vertex -23.6765 9.79259 37
      vertex -23.5216 9.84515 37
    endloop
  endfacet
  facet normal -0.321322 0.94697 0
    outer loop
      vertex -23.6765 9.79259 37
      vertex -23.5216 9.84515 32
      vertex -23.6765 9.79259 32
    endloop
  endfacet
  facet normal 0.321541 -0.946896 0
    outer loop
      vertex -24.4784 12.1548 32
      vertex -24.3235 12.2074 37
      vertex -24.4784 12.1548 37
    endloop
  endfacet
  facet normal 0.321541 -0.946896 0
    outer loop
      vertex -24.3235 12.2074 37
      vertex -24.4784 12.1548 32
      vertex -24.3235 12.2074 32
    endloop
  endfacet
  facet normal 0.555265 -0.831674 0
    outer loop
      vertex -24.761 11.9917 32
      vertex -24.625 12.0825 37
      vertex -24.761 11.9917 37
    endloop
  endfacet
  facet normal 0.555265 -0.831674 0
    outer loop
      vertex -24.625 12.0825 37
      vertex -24.761 11.9917 32
      vertex -24.625 12.0825 32
    endloop
  endfacet
  facet normal 0.947082 -0.320993 0
    outer loop
      vertex -25.2074 11.3235 37
      vertex -25.1549 11.4784 32
      vertex -25.1549 11.4784 37
    endloop
  endfacet
  facet normal 0.947082 -0.320993 0
    outer loop
      vertex -25.1549 11.4784 32
      vertex -25.2074 11.3235 37
      vertex -25.2074 11.3235 32
    endloop
  endfacet
  facet normal -0.896618 -0.442805 0
    outer loop
      vertex -22.8451 11.4784 32
      vertex -22.9175 11.625 37
      vertex -22.9175 11.625 32
    endloop
  endfacet
  facet normal -0.896618 -0.442805 0
    outer loop
      vertex -22.9175 11.625 37
      vertex -22.8451 11.4784 32
      vertex -22.8451 11.4784 37
    endloop
  endfacet
  facet normal 0.195175 -0.980768 0
    outer loop
      vertex -24.3235 12.2074 32
      vertex -24.1632 12.2393 37
      vertex -24.3235 12.2074 37
    endloop
  endfacet
  facet normal 0.195175 -0.980768 0
    outer loop
      vertex -24.1632 12.2393 37
      vertex -24.3235 12.2074 32
      vertex -24.1632 12.2393 32
    endloop
  endfacet
  facet normal -0.659414 -0.75178 0
    outer loop
      vertex -23.239 11.9917 32
      vertex -23.1161 11.8839 37
      vertex -23.239 11.9917 37
    endloop
  endfacet
  facet normal -0.659414 -0.75178 -0
    outer loop
      vertex -23.1161 11.8839 37
      vertex -23.239 11.9917 32
      vertex -23.1161 11.8839 32
    endloop
  endfacet
  facet normal -0.997858 0.0654233 0
    outer loop
      vertex -22.7607 10.8368 32
      vertex -22.75 11 37
      vertex -22.75 11 32
    endloop
  endfacet
  facet normal -0.997858 0.0654233 0
    outer loop
      vertex -22.75 11 37
      vertex -22.7607 10.8368 32
      vertex -22.7607 10.8368 37
    endloop
  endfacet
  facet normal -0.442313 -0.896861 0
    outer loop
      vertex -23.5216 12.1548 32
      vertex -23.375 12.0825 37
      vertex -23.5216 12.1548 37
    endloop
  endfacet
  facet normal -0.442313 -0.896861 -0
    outer loop
      vertex -23.375 12.0825 37
      vertex -23.5216 12.1548 32
      vertex -23.375 12.0825 32
    endloop
  endfacet
  facet normal 0.321322 0.94697 -0
    outer loop
      vertex -24.3235 9.79259 32
      vertex -24.4784 9.84515 37
      vertex -24.3235 9.79259 37
    endloop
  endfacet
  facet normal 0.321322 0.94697 0
    outer loop
      vertex -24.4784 9.84515 37
      vertex -24.3235 9.79259 32
      vertex -24.4784 9.84515 32
    endloop
  endfacet
  facet normal 0.980768 -0.195175 0
    outer loop
      vertex -25.2393 11.1632 37
      vertex -25.2074 11.3235 32
      vertex -25.2074 11.3235 37
    endloop
  endfacet
  facet normal 0.980768 -0.195175 0
    outer loop
      vertex -25.2074 11.3235 32
      vertex -25.2393 11.1632 37
      vertex -25.2393 11.1632 32
    endloop
  endfacet
  facet normal 0.0654233 -0.997858 0
    outer loop
      vertex -24.1632 12.2393 32
      vertex -24 12.25 37
      vertex -24.1632 12.2393 37
    endloop
  endfacet
  facet normal 0.0654233 -0.997858 0
    outer loop
      vertex -24 12.25 37
      vertex -24.1632 12.2393 32
      vertex -24 12.25 32
    endloop
  endfacet
  facet normal 0.195175 0.980768 -0
    outer loop
      vertex -24.1632 9.76069 32
      vertex -24.3235 9.79259 37
      vertex -24.1632 9.76069 37
    endloop
  endfacet
  facet normal 0.195175 0.980768 0
    outer loop
      vertex -24.3235 9.79259 37
      vertex -24.1632 9.76069 32
      vertex -24.3235 9.79259 32
    endloop
  endfacet
  facet normal -0.947082 0.320993 0
    outer loop
      vertex -22.8451 10.5216 32
      vertex -22.7926 10.6765 37
      vertex -22.7926 10.6765 32
    endloop
  endfacet
  facet normal -0.947082 0.320993 0
    outer loop
      vertex -22.7926 10.6765 37
      vertex -22.8451 10.5216 32
      vertex -22.8451 10.5216 37
    endloop
  endfacet
  facet normal -0.831674 -0.555265 0
    outer loop
      vertex -22.9175 11.625 32
      vertex -23.0083 11.761 37
      vertex -23.0083 11.761 32
    endloop
  endfacet
  facet normal -0.831674 -0.555265 0
    outer loop
      vertex -23.0083 11.761 37
      vertex -22.9175 11.625 32
      vertex -22.9175 11.625 37
    endloop
  endfacet
  facet normal -0.75178 -0.659414 0
    outer loop
      vertex -23.0083 11.761 32
      vertex -23.1161 11.8839 37
      vertex -23.1161 11.8839 32
    endloop
  endfacet
  facet normal -0.75178 -0.659414 0
    outer loop
      vertex -23.1161 11.8839 37
      vertex -23.0083 11.761 32
      vertex -23.0083 11.761 37
    endloop
  endfacet
  facet normal 0.896618 0.442805 0
    outer loop
      vertex -25.0825 10.375 37
      vertex -25.1549 10.5216 32
      vertex -25.1549 10.5216 37
    endloop
  endfacet
  facet normal 0.896618 0.442805 0
    outer loop
      vertex -25.1549 10.5216 32
      vertex -25.0825 10.375 37
      vertex -25.0825 10.375 32
    endloop
  endfacet
  facet normal -0.896618 0.442805 0
    outer loop
      vertex -22.9175 10.375 32
      vertex -22.8451 10.5216 37
      vertex -22.8451 10.5216 32
    endloop
  endfacet
  facet normal -0.896618 0.442805 0
    outer loop
      vertex -22.8451 10.5216 37
      vertex -22.9175 10.375 32
      vertex -22.9175 10.375 37
    endloop
  endfacet
  facet normal 0.75178 0.659414 0
    outer loop
      vertex -24.8839 10.1161 37
      vertex -24.9917 10.239 32
      vertex -24.9917 10.239 37
    endloop
  endfacet
  facet normal 0.75178 0.659414 0
    outer loop
      vertex -24.9917 10.239 32
      vertex -24.8839 10.1161 37
      vertex -24.8839 10.1161 32
    endloop
  endfacet
  facet normal -0.831674 0.555265 0
    outer loop
      vertex -23.0083 10.239 32
      vertex -22.9175 10.375 37
      vertex -22.9175 10.375 32
    endloop
  endfacet
  facet normal -0.831674 0.555265 0
    outer loop
      vertex -22.9175 10.375 37
      vertex -23.0083 10.239 32
      vertex -23.0083 10.239 37
    endloop
  endfacet
  facet normal 0.75178 -0.659414 0
    outer loop
      vertex -24.9917 11.761 37
      vertex -24.8839 11.8839 32
      vertex -24.8839 11.8839 37
    endloop
  endfacet
  facet normal 0.75178 -0.659414 0
    outer loop
      vertex -24.8839 11.8839 32
      vertex -24.9917 11.761 37
      vertex -24.9917 11.761 32
    endloop
  endfacet
  facet normal -0.0654233 -0.997858 0
    outer loop
      vertex -24 12.25 32
      vertex -23.8368 12.2393 37
      vertex -24 12.25 37
    endloop
  endfacet
  facet normal -0.0654233 -0.997858 -0
    outer loop
      vertex -23.8368 12.2393 37
      vertex -24 12.25 32
      vertex -23.8368 12.2393 32
    endloop
  endfacet
  facet normal -0.555265 -0.831674 0
    outer loop
      vertex -23.375 12.0825 32
      vertex -23.239 11.9917 37
      vertex -23.375 12.0825 37
    endloop
  endfacet
  facet normal -0.555265 -0.831674 -0
    outer loop
      vertex -23.239 11.9917 37
      vertex -23.375 12.0825 32
      vertex -23.239 11.9917 32
    endloop
  endfacet
  facet normal 0.442411 0.896812 -0
    outer loop
      vertex -24.4784 9.84515 32
      vertex -24.625 9.91747 37
      vertex -24.4784 9.84515 37
    endloop
  endfacet
  facet normal 0.442411 0.896812 0
    outer loop
      vertex -24.625 9.91747 37
      vertex -24.4784 9.84515 32
      vertex -24.625 9.91747 32
    endloop
  endfacet
  facet normal 0.831674 0.555265 0
    outer loop
      vertex -24.9917 10.239 37
      vertex -25.0825 10.375 32
      vertex -25.0825 10.375 37
    endloop
  endfacet
  facet normal 0.831674 0.555265 0
    outer loop
      vertex -25.0825 10.375 32
      vertex -24.9917 10.239 37
      vertex -24.9917 10.239 32
    endloop
  endfacet
  facet normal 0.980768 0.195175 0
    outer loop
      vertex -25.2074 10.6765 37
      vertex -25.2393 10.8368 32
      vertex -25.2393 10.8368 37
    endloop
  endfacet
  facet normal 0.980768 0.195175 0
    outer loop
      vertex -25.2393 10.8368 32
      vertex -25.2074 10.6765 37
      vertex -25.2074 10.6765 32
    endloop
  endfacet
  facet normal 0.659414 0.75178 -0
    outer loop
      vertex -24.761 10.0083 32
      vertex -24.8839 10.1161 37
      vertex -24.761 10.0083 37
    endloop
  endfacet
  facet normal 0.659414 0.75178 0
    outer loop
      vertex -24.8839 10.1161 37
      vertex -24.761 10.0083 32
      vertex -24.8839 10.1161 32
    endloop
  endfacet
  facet normal 0.896618 -0.442805 0
    outer loop
      vertex -25.1549 11.4784 37
      vertex -25.0825 11.625 32
      vertex -25.0825 11.625 37
    endloop
  endfacet
  facet normal 0.896618 -0.442805 0
    outer loop
      vertex -25.0825 11.625 32
      vertex -25.1549 11.4784 37
      vertex -25.1549 11.4784 32
    endloop
  endfacet
  facet normal 0.997858 0.0654233 0
    outer loop
      vertex -25.2393 10.8368 37
      vertex -25.25 11 32
      vertex -25.25 11 37
    endloop
  endfacet
  facet normal 0.997858 0.0654233 0
    outer loop
      vertex -25.25 11 32
      vertex -25.2393 10.8368 37
      vertex -25.2393 10.8368 32
    endloop
  endfacet
  facet normal -0.555391 0.831589 0
    outer loop
      vertex -23.239 10.0083 32
      vertex -23.375 9.91747 37
      vertex -23.239 10.0083 37
    endloop
  endfacet
  facet normal -0.555391 0.831589 0
    outer loop
      vertex -23.375 9.91747 37
      vertex -23.239 10.0083 32
      vertex -23.375 9.91747 32
    endloop
  endfacet
  facet normal 0.997858 -0.0654233 0
    outer loop
      vertex -25.25 11 37
      vertex -25.2393 11.1632 32
      vertex -25.2393 11.1632 37
    endloop
  endfacet
  facet normal 0.997858 -0.0654233 0
    outer loop
      vertex -25.2393 11.1632 32
      vertex -25.25 11 37
      vertex -25.25 11 32
    endloop
  endfacet
  facet normal 0.555391 0.831589 -0
    outer loop
      vertex -24.625 9.91747 32
      vertex -24.761 10.0083 37
      vertex -24.625 9.91747 37
    endloop
  endfacet
  facet normal 0.555391 0.831589 0
    outer loop
      vertex -24.761 10.0083 37
      vertex -24.625 9.91747 32
      vertex -24.761 10.0083 32
    endloop
  endfacet
  facet normal 0.980815 0.19494 0
    outer loop
      vertex 26.9743 11.3916 37
      vertex 26.8978 11.7765 32
      vertex 26.8978 11.7765 37
    endloop
  endfacet
  facet normal 0.980815 0.19494 0
    outer loop
      vertex 26.8978 11.7765 32
      vertex 26.9743 11.3916 37
      vertex 26.9743 11.3916 32
    endloop
  endfacet
  facet normal 0.997853 0.0654873 0
    outer loop
      vertex 27 11 37
      vertex 26.9743 11.3916 32
      vertex 26.9743 11.3916 37
    endloop
  endfacet
  facet normal 0.997853 0.0654873 0
    outer loop
      vertex 26.9743 11.3916 32
      vertex 27 11 37
      vertex 27 11 32
    endloop
  endfacet
  facet normal 0.980815 -0.19494 0
    outer loop
      vertex 26.8978 10.2235 37
      vertex 26.9743 10.6084 32
      vertex 26.9743 10.6084 37
    endloop
  endfacet
  facet normal 0.980815 -0.19494 0
    outer loop
      vertex 26.9743 10.6084 32
      vertex 26.8978 10.2235 37
      vertex 26.8978 10.2235 32
    endloop
  endfacet
  facet normal 0.831501 0.555523 0
    outer loop
      vertex 26.5981 12.5 37
      vertex 26.3801 12.8263 32
      vertex 26.3801 12.8263 37
    endloop
  endfacet
  facet normal 0.831501 0.555523 0
    outer loop
      vertex 26.3801 12.8263 32
      vertex 26.5981 12.5 37
      vertex 26.5981 12.5 32
    endloop
  endfacet
  facet normal 0.555523 0.831501 -0
    outer loop
      vertex 25.8263 13.3801 32
      vertex 25.5 13.5981 37
      vertex 25.8263 13.3801 37
    endloop
  endfacet
  facet normal 0.555523 0.831501 0
    outer loop
      vertex 25.5 13.5981 37
      vertex 25.8263 13.3801 32
      vertex 25.5 13.5981 32
    endloop
  endfacet
  facet normal 0.896936 -0.44216 0
    outer loop
      vertex 26.5981 9.5 37
      vertex 26.7716 9.85195 32
      vertex 26.7716 9.85195 37
    endloop
  endfacet
  facet normal 0.896936 -0.44216 0
    outer loop
      vertex 26.7716 9.85195 32
      vertex 26.5981 9.5 37
      vertex 26.5981 9.5 32
    endloop
  endfacet
  facet normal 0.997853 -0.0654873 0
    outer loop
      vertex 26.9743 10.6084 37
      vertex 27 11 32
      vertex 27 11 37
    endloop
  endfacet
  facet normal 0.997853 -0.0654873 0
    outer loop
      vertex 27 11 32
      vertex 26.9743 10.6084 37
      vertex 26.9743 10.6084 32
    endloop
  endfacet
  facet normal 0.321651 0.946858 -0
    outer loop
      vertex 25.148 13.7716 32
      vertex 24.7765 13.8978 37
      vertex 25.148 13.7716 37
    endloop
  endfacet
  facet normal 0.321651 0.946858 0
    outer loop
      vertex 24.7765 13.8978 37
      vertex 25.148 13.7716 32
      vertex 24.7765 13.8978 32
    endloop
  endfacet
  facet normal -0.896961 0.44211 0
    outer loop
      vertex 21.2284 12.148 32
      vertex 21.4019 12.5 37
      vertex 21.4019 12.5 32
    endloop
  endfacet
  facet normal -0.896961 0.44211 0
    outer loop
      vertex 21.4019 12.5 37
      vertex 21.2284 12.148 32
      vertex 21.2284 12.148 37
    endloop
  endfacet
  facet normal 0.321514 -0.946905 0
    outer loop
      vertex 24.7765 8.10222 32
      vertex 25.148 8.22836 37
      vertex 24.7765 8.10222 37
    endloop
  endfacet
  facet normal 0.321514 -0.946905 0
    outer loop
      vertex 25.148 8.22836 37
      vertex 24.7765 8.10222 32
      vertex 25.148 8.22836 32
    endloop
  endfacet
  facet normal -0.997853 -0.0654873 0
    outer loop
      vertex 21.0257 10.6084 32
      vertex 21 11 37
      vertex 21 11 32
    endloop
  endfacet
  facet normal -0.997853 -0.0654873 0
    outer loop
      vertex 21 11 37
      vertex 21.0257 10.6084 32
      vertex 21.0257 10.6084 37
    endloop
  endfacet
  facet normal -0.659392 -0.751799 0
    outer loop
      vertex 21.8787 8.87868 32
      vertex 22.1737 8.61994 37
      vertex 21.8787 8.87868 37
    endloop
  endfacet
  facet normal -0.659392 -0.751799 -0
    outer loop
      vertex 22.1737 8.61994 37
      vertex 21.8787 8.87868 32
      vertex 22.1737 8.61994 32
    endloop
  endfacet
  facet normal -0.321649 0.946859 0
    outer loop
      vertex 23.2235 13.8978 32
      vertex 23.1031 13.8569 37
      vertex 23.2235 13.8978 37
    endloop
  endfacet
  facet normal -0.321649 0.946859 0
    outer loop
      vertex 23.1031 13.8569 37
      vertex 23.2235 13.8978 32
      vertex 23.1031 13.8569 32
    endloop
  endfacet
  facet normal -0.831485 -0.555547 0
    outer loop
      vertex 21.6199 9.17372 32
      vertex 21.4019 9.5 37
      vertex 21.4019 9.5 32
    endloop
  endfacet
  facet normal -0.831485 -0.555547 0
    outer loop
      vertex 21.4019 9.5 37
      vertex 21.6199 9.17372 32
      vertex 21.6199 9.17372 37
    endloop
  endfacet
  facet normal -0.997853 0.0654873 0
    outer loop
      vertex 21 11 32
      vertex 21.0257 11.3916 37
      vertex 21.0257 11.3916 32
    endloop
  endfacet
  facet normal -0.997853 0.0654873 0
    outer loop
      vertex 21.0257 11.3916 37
      vertex 21 11 32
      vertex 21 11 37
    endloop
  endfacet
  facet normal 0.19494 0.980815 -0
    outer loop
      vertex 24.7765 13.8978 32
      vertex 24.3916 13.9743 37
      vertex 24.7765 13.8978 37
    endloop
  endfacet
  facet normal 0.19494 0.980815 0
    outer loop
      vertex 24.3916 13.9743 37
      vertex 24.7765 13.8978 32
      vertex 24.3916 13.9743 32
    endloop
  endfacet
  facet normal 0.0654112 -0.997858 0
    outer loop
      vertex 24 8 32
      vertex 24.3916 8.02567 37
      vertex 24 8 37
    endloop
  endfacet
  facet normal 0.0654112 -0.997858 0
    outer loop
      vertex 24.3916 8.02567 37
      vertex 24 8 32
      vertex 24.3916 8.02567 32
    endloop
  endfacet
  facet normal 0.659392 -0.751799 0
    outer loop
      vertex 25.8263 8.61994 32
      vertex 26.1213 8.87868 37
      vertex 25.8263 8.61994 37
    endloop
  endfacet
  facet normal 0.659392 -0.751799 0
    outer loop
      vertex 26.1213 8.87868 37
      vertex 25.8263 8.61994 32
      vertex 26.1213 8.87868 32
    endloop
  endfacet
  facet normal -0.946871 -0.321613 0
    outer loop
      vertex 21.2284 9.85195 32
      vertex 21.1022 10.2235 37
      vertex 21.1022 10.2235 32
    endloop
  endfacet
  facet normal -0.946871 -0.321613 0
    outer loop
      vertex 21.1022 10.2235 37
      vertex 21.2284 9.85195 32
      vertex 21.2284 9.85195 37
    endloop
  endfacet
  facet normal 0.946871 -0.321613 0
    outer loop
      vertex 26.7716 9.85195 37
      vertex 26.8978 10.2235 32
      vertex 26.8978 10.2235 37
    endloop
  endfacet
  facet normal 0.946871 -0.321613 0
    outer loop
      vertex 26.8978 10.2235 32
      vertex 26.7716 9.85195 37
      vertex 26.7716 9.85195 32
    endloop
  endfacet
  facet normal 0.44211 0.896961 -0
    outer loop
      vertex 25.5 13.5981 32
      vertex 25.148 13.7716 37
      vertex 25.5 13.5981 37
    endloop
  endfacet
  facet normal 0.44211 0.896961 0
    outer loop
      vertex 25.148 13.7716 37
      vertex 25.5 13.5981 32
      vertex 25.148 13.7716 32
    endloop
  endfacet
  facet normal -0.19494 0.980815 0
    outer loop
      vertex 23.6084 13.9743 32
      vertex 23.2235 13.8978 37
      vertex 23.6084 13.9743 37
    endloop
  endfacet
  facet normal -0.19494 0.980815 0
    outer loop
      vertex 23.2235 13.8978 37
      vertex 23.6084 13.9743 32
      vertex 23.2235 13.8978 32
    endloop
  endfacet
  facet normal 0.751724 0.659478 0
    outer loop
      vertex 26.3801 12.8263 37
      vertex 26.1213 13.1213 32
      vertex 26.1213 13.1213 37
    endloop
  endfacet
  facet normal 0.751724 0.659478 0
    outer loop
      vertex 26.1213 13.1213 32
      vertex 26.3801 12.8263 37
      vertex 26.3801 12.8263 32
    endloop
  endfacet
  facet normal 0.751768 -0.659428 0
    outer loop
      vertex 26.1213 8.87868 37
      vertex 26.3801 9.17372 32
      vertex 26.3801 9.17372 37
    endloop
  endfacet
  facet normal 0.751768 -0.659428 0
    outer loop
      vertex 26.3801 9.17372 32
      vertex 26.1213 8.87868 37
      vertex 26.1213 8.87868 32
    endloop
  endfacet
  facet normal -0.442233 -0.8969 0
    outer loop
      vertex 22.5 8.40192 32
      vertex 22.852 8.22836 37
      vertex 22.5 8.40192 37
    endloop
  endfacet
  facet normal -0.442233 -0.8969 -0
    outer loop
      vertex 22.852 8.22836 37
      vertex 22.5 8.40192 32
      vertex 22.852 8.22836 32
    endloop
  endfacet
  facet normal -0.946858 0.321651 0
    outer loop
      vertex 21.1022 11.7765 32
      vertex 21.2284 12.148 37
      vertex 21.2284 12.148 32
    endloop
  endfacet
  facet normal -0.946858 0.321651 0
    outer loop
      vertex 21.2284 12.148 37
      vertex 21.1022 11.7765 32
      vertex 21.1022 11.7765 37
    endloop
  endfacet
  facet normal 0.195062 -0.980791 0
    outer loop
      vertex 24.3916 8.02567 32
      vertex 24.7765 8.10222 37
      vertex 24.3916 8.02567 37
    endloop
  endfacet
  facet normal 0.195062 -0.980791 0
    outer loop
      vertex 24.7765 8.10222 37
      vertex 24.3916 8.02567 32
      vertex 24.7765 8.10222 32
    endloop
  endfacet
  facet normal 0.442233 -0.8969 0
    outer loop
      vertex 25.148 8.22836 32
      vertex 25.5 8.40192 37
      vertex 25.148 8.22836 37
    endloop
  endfacet
  facet normal 0.442233 -0.8969 0
    outer loop
      vertex 25.5 8.40192 37
      vertex 25.148 8.22836 32
      vertex 25.5 8.40192 32
    endloop
  endfacet
  facet normal 0 0 -1
    outer loop
      vertex 25.25 11 32
      vertex 27 11 32
      vertex 26.9743 10.6084 32
    endloop
  endfacet
  facet normal 0 0 -1
    outer loop
      vertex 25.2393 10.8368 32
      vertex 26.9743 10.6084 32
      vertex 26.8978 10.2235 32
    endloop
  endfacet
  facet normal 0 0 -1
    outer loop
      vertex 27 11 32
      vertex 25.25 11 32
      vertex 26.9743 11.3916 32
    endloop
  endfacet
  facet normal 0 0 -1
    outer loop
      vertex 25.2074 10.6765 32
      vertex 26.8978 10.2235 32
      vertex 26.7716 9.85195 32
    endloop
  endfacet
  facet normal 0 0 -1
    outer loop
      vertex 25.2393 11.1632 32
      vertex 26.9743 11.3916 32
      vertex 25.25 11 32
    endloop
  endfacet
  facet normal 0 0 -1
    outer loop
      vertex 25.1549 10.5216 32
      vertex 26.7716 9.85195 32
      vertex 26.5981 9.5 32
    endloop
  endfacet
  facet normal -0 0 -1
    outer loop
      vertex 26.9743 11.3916 32
      vertex 25.2393 11.1632 32
      vertex 26.8978 11.7765 32
    endloop
  endfacet
  facet normal 0 0 -1
    outer loop
      vertex 25.0825 10.375 32
      vertex 26.5981 9.5 32
      vertex 26.3801 9.17372 32
    endloop
  endfacet
  facet normal 0 0 -1
    outer loop
      vertex 25.2074 11.3235 32
      vertex 26.8978 11.7765 32
      vertex 25.2393 11.1632 32
    endloop
  endfacet
  facet normal 0 0 -1
    outer loop
      vertex 24.9917 10.239 32
      vertex 26.3801 9.17372 32
      vertex 26.1213 8.87868 32
    endloop
  endfacet
  facet normal -0 0 -1
    outer loop
      vertex 26.8978 11.7765 32
      vertex 25.2074 11.3235 32
      vertex 26.7716 12.148 32
    endloop
  endfacet
  facet normal 0 0 -1
    outer loop
      vertex 24.8839 10.1161 32
      vertex 26.1213 8.87868 32
      vertex 25.8263 8.61994 32
    endloop
  endfacet
  facet normal 0 0 -1
    outer loop
      vertex 25.1549 11.4784 32
      vertex 26.7716 12.148 32
      vertex 25.2074 11.3235 32
    endloop
  endfacet
  facet normal 0 0 -1
    outer loop
      vertex 24.761 10.0083 32
      vertex 25.8263 8.61994 32
      vertex 25.5 8.40192 32
    endloop
  endfacet
  facet normal -0 0 -1
    outer loop
      vertex 26.7716 12.148 32
      vertex 25.1549 11.4784 32
      vertex 26.5981 12.5 32
    endloop
  endfacet
  facet normal 0 0 -1
    outer loop
      vertex 25.0825 11.625 32
      vertex 26.5981 12.5 32
      vertex 25.1549 11.4784 32
    endloop
  endfacet
  facet normal 0 0 -1
    outer loop
      vertex 26.9743 10.6084 32
      vertex 25.2393 10.8368 32
      vertex 25.25 11 32
    endloop
  endfacet
  facet normal 0 0 -1
    outer loop
      vertex 26.8978 10.2235 32
      vertex 25.2074 10.6765 32
      vertex 25.2393 10.8368 32
    endloop
  endfacet
  facet normal 0 0 -1
    outer loop
      vertex 26.7716 9.85195 32
      vertex 25.1549 10.5216 32
      vertex 25.2074 10.6765 32
    endloop
  endfacet
  facet normal 0 0 -1
    outer loop
      vertex 24.625 9.91747 32
      vertex 25.5 8.40192 32
      vertex 25.148 8.22836 32
    endloop
  endfacet
  facet normal 0 0 -1
    outer loop
      vertex 26.5981 9.5 32
      vertex 25.0825 10.375 32
      vertex 25.1549 10.5216 32
    endloop
  endfacet
  facet normal 0 0 -1
    outer loop
      vertex 26.3801 9.17372 32
      vertex 24.9917 10.239 32
      vertex 25.0825 10.375 32
    endloop
  endfacet
  facet normal 0 0 -1
    outer loop
      vertex 26.1213 8.87868 32
      vertex 24.8839 10.1161 32
      vertex 24.9917 10.239 32
    endloop
  endfacet
  facet normal 0 0 -1
    outer loop
      vertex 24.4784 9.84515 32
      vertex 25.148 8.22836 32
      vertex 24.7765 8.10222 32
    endloop
  endfacet
  facet normal 0 0 -1
    outer loop
      vertex 25.8263 8.61994 32
      vertex 24.761 10.0083 32
      vertex 24.8839 10.1161 32
    endloop
  endfacet
  facet normal 0 0 -1
    outer loop
      vertex 25.5 8.40192 32
      vertex 24.625 9.91747 32
      vertex 24.761 10.0083 32
    endloop
  endfacet
  facet normal 0 0 -1
    outer loop
      vertex 25.148 8.22836 32
      vertex 24.4784 9.84515 32
      vertex 24.625 9.91747 32
    endloop
  endfacet
  facet normal 0 0 -1
    outer loop
      vertex 24.3235 9.79259 32
      vertex 24.7765 8.10222 32
      vertex 24.3916 8.02567 32
    endloop
  endfacet
  facet normal 0 0 -1
    outer loop
      vertex 24.7765 8.10222 32
      vertex 24.3235 9.79259 32
      vertex 24.4784 9.84515 32
    endloop
  endfacet
  facet normal 0 0 -1
    outer loop
      vertex 24.3916 8.02567 32
      vertex 24.1632 9.76069 32
      vertex 24.3235 9.79259 32
    endloop
  endfacet
  facet normal 0 0 -1
    outer loop
      vertex 24 8 32
      vertex 24.1632 9.76069 32
      vertex 24.3916 8.02567 32
    endloop
  endfacet
  facet normal 0 0 -1
    outer loop
      vertex 24 8 32
      vertex 24 9.75 32
      vertex 24.1632 9.76069 32
    endloop
  endfacet
  facet normal 0 0 -1
    outer loop
      vertex 24 8 32
      vertex 23.8368 9.76069 32
      vertex 24 9.75 32
    endloop
  endfacet
  facet normal 0 0 -1
    outer loop
      vertex 23.6084 8.02567 32
      vertex 23.8368 9.76069 32
      vertex 24 8 32
    endloop
  endfacet
  facet normal -0 0 -1
    outer loop
      vertex 23.8368 9.76069 32
      vertex 23.6084 8.02567 32
      vertex 23.6765 9.79259 32
    endloop
  endfacet
  facet normal 0 0 -1
    outer loop
      vertex 23.2235 8.10222 32
      vertex 23.6765 9.79259 32
      vertex 23.6084 8.02567 32
    endloop
  endfacet
  facet normal -0 0 -1
    outer loop
      vertex 23.6765 9.79259 32
      vertex 23.2235 8.10222 32
      vertex 23.5216 9.84515 32
    endloop
  endfacet
  facet normal 0 0 -1
    outer loop
      vertex 22.852 8.22836 32
      vertex 23.5216 9.84515 32
      vertex 23.2235 8.10222 32
    endloop
  endfacet
  facet normal -0 0 -1
    outer loop
      vertex 23.5216 9.84515 32
      vertex 22.852 8.22836 32
      vertex 23.375 9.91747 32
    endloop
  endfacet
  facet normal 0 0 -1
    outer loop
      vertex 22.5 8.40192 32
      vertex 23.375 9.91747 32
      vertex 22.852 8.22836 32
    endloop
  endfacet
  facet normal -0 0 -1
    outer loop
      vertex 23.375 9.91747 32
      vertex 22.5 8.40192 32
      vertex 23.239 10.0083 32
    endloop
  endfacet
  facet normal 0 0 -1
    outer loop
      vertex 22.1737 8.61994 32
      vertex 23.239 10.0083 32
      vertex 22.5 8.40192 32
    endloop
  endfacet
  facet normal -0 0 -1
    outer loop
      vertex 23.239 10.0083 32
      vertex 22.1737 8.61994 32
      vertex 23.1161 10.1161 32
    endloop
  endfacet
  facet normal 0 0 -1
    outer loop
      vertex 21.8787 8.87868 32
      vertex 23.1161 10.1161 32
      vertex 22.1737 8.61994 32
    endloop
  endfacet
  facet normal -0 0 -1
    outer loop
      vertex 23.1161 10.1161 32
      vertex 21.8787 8.87868 32
      vertex 23.0083 10.239 32
    endloop
  endfacet
  facet normal 0 0 -1
    outer loop
      vertex 21.6199 9.17372 32
      vertex 23.0083 10.239 32
      vertex 21.8787 8.87868 32
    endloop
  endfacet
  facet normal -0 0 -1
    outer loop
      vertex 23.0083 10.239 32
      vertex 21.6199 9.17372 32
      vertex 22.9175 10.375 32
    endloop
  endfacet
  facet normal 0 0 -1
    outer loop
      vertex 21.4019 9.5 32
      vertex 22.9175 10.375 32
      vertex 21.6199 9.17372 32
    endloop
  endfacet
  facet normal -0 0 -1
    outer loop
      vertex 22.9175 10.375 32
      vertex 21.4019 9.5 32
      vertex 22.8451 10.5216 32
    endloop
  endfacet
  facet normal 0 0 -1
    outer loop
      vertex 22.75 11 32
      vertex 22.4667 13.2679 32
      vertex 22.6842 13.4133 32
    endloop
  endfacet
  facet normal 0 0 -1
    outer loop
      vertex 21.2284 9.85195 32
      vertex 22.8451 10.5216 32
      vertex 21.4019 9.5 32
    endloop
  endfacet
  facet normal -0 0 -1
    outer loop
      vertex 22.8451 10.5216 32
      vertex 21.2284 9.85195 32
      vertex 22.7926 10.6765 32
    endloop
  endfacet
  facet normal 0 0 -1
    outer loop
      vertex 21.1022 10.2235 32
      vertex 22.7926 10.6765 32
      vertex 21.2284 9.85195 32
    endloop
  endfacet
  facet normal -0 0 -1
    outer loop
      vertex 22.7926 10.6765 32
      vertex 21.1022 10.2235 32
      vertex 22.7607 10.8368 32
    endloop
  endfacet
  facet normal 0 0 -1
    outer loop
      vertex 21.0257 10.6084 32
      vertex 22.7607 10.8368 32
      vertex 21.1022 10.2235 32
    endloop
  endfacet
  facet normal -0 0 -1
    outer loop
      vertex 22.7607 10.8368 32
      vertex 21.0257 10.6084 32
      vertex 22.75 11 32
    endloop
  endfacet
  facet normal 0 0 -1
    outer loop
      vertex 21 11 32
      vertex 22.75 11 32
      vertex 21.0257 10.6084 32
    endloop
  endfacet
  facet normal 0 -0 -1
    outer loop
      vertex 21.6199 12.8263 32
      vertex 21.9843 13.0681 32
      vertex 21.4019 12.5 32
    endloop
  endfacet
  facet normal 0 0 -1
    outer loop
      vertex 21.9843 13.0681 32
      vertex 21.6199 12.8263 32
      vertex 21.7999 13.0315 32
    endloop
  endfacet
  facet normal 0 -0 -1
    outer loop
      vertex 21.0257 11.3916 32
      vertex 22.75 11 32
      vertex 21 11 32
    endloop
  endfacet
  facet normal 0 0 -1
    outer loop
      vertex 22.75 11 32
      vertex 21.9843 13.0681 32
      vertex 22.232 13.1522 32
    endloop
  endfacet
  facet normal 0 0 -1
    outer loop
      vertex 22.75 11 32
      vertex 22.232 13.1522 32
      vertex 22.4667 13.2679 32
    endloop
  endfacet
  facet normal 0 -0 -1
    outer loop
      vertex 21.9843 13.0681 32
      vertex 22.75 11 32
      vertex 21.4019 12.5 32
    endloop
  endfacet
  facet normal 0 -0 -1
    outer loop
      vertex 21.1022 11.7765 32
      vertex 22.75 11 32
      vertex 21.0257 11.3916 32
    endloop
  endfacet
  facet normal 0 -0 -1
    outer loop
      vertex 21.4019 12.5 32
      vertex 22.75 11 32
      vertex 21.2284 12.148 32
    endloop
  endfacet
  facet normal 0 -0 -1
    outer loop
      vertex 21.2284 12.148 32
      vertex 22.75 11 32
      vertex 21.1022 11.7765 32
    endloop
  endfacet
  facet normal -0 0 -1
    outer loop
      vertex 26.5981 12.5 32
      vertex 25.0825 11.625 32
      vertex 26.3801 12.8263 32
    endloop
  endfacet
  facet normal 0 0 -1
    outer loop
      vertex 24.9917 11.761 32
      vertex 26.3801 12.8263 32
      vertex 25.0825 11.625 32
    endloop
  endfacet
  facet normal -0 0 -1
    outer loop
      vertex 26.3801 12.8263 32
      vertex 24.9917 11.761 32
      vertex 26.1213 13.1213 32
    endloop
  endfacet
  facet normal 0 0 -1
    outer loop
      vertex 24.8839 11.8839 32
      vertex 26.1213 13.1213 32
      vertex 24.9917 11.761 32
    endloop
  endfacet
  facet normal -0 0 -1
    outer loop
      vertex 26.1213 13.1213 32
      vertex 24.8839 11.8839 32
      vertex 25.8263 13.3801 32
    endloop
  endfacet
  facet normal 0 0 -1
    outer loop
      vertex 24.761 11.9917 32
      vertex 25.8263 13.3801 32
      vertex 24.8839 11.8839 32
    endloop
  endfacet
  facet normal -0 0 -1
    outer loop
      vertex 25.8263 13.3801 32
      vertex 24.761 11.9917 32
      vertex 25.5 13.5981 32
    endloop
  endfacet
  facet normal 0 0 -1
    outer loop
      vertex 24.625 12.0825 32
      vertex 25.5 13.5981 32
      vertex 24.761 11.9917 32
    endloop
  endfacet
  facet normal -0 0 -1
    outer loop
      vertex 25.5 13.5981 32
      vertex 24.625 12.0825 32
      vertex 25.148 13.7716 32
    endloop
  endfacet
  facet normal 0 0 -1
    outer loop
      vertex 24.4784 12.1548 32
      vertex 25.148 13.7716 32
      vertex 24.625 12.0825 32
    endloop
  endfacet
  facet normal -0 0 -1
    outer loop
      vertex 25.148 13.7716 32
      vertex 24.4784 12.1548 32
      vertex 24.7765 13.8978 32
    endloop
  endfacet
  facet normal 0 0 -1
    outer loop
      vertex 24.3235 12.2074 32
      vertex 24.7765 13.8978 32
      vertex 24.4784 12.1548 32
    endloop
  endfacet
  facet normal -0 0 -1
    outer loop
      vertex 24.7765 13.8978 32
      vertex 24.3235 12.2074 32
      vertex 24.3916 13.9743 32
    endloop
  endfacet
  facet normal 0 0 -1
    outer loop
      vertex 24.1632 12.2393 32
      vertex 24.3916 13.9743 32
      vertex 24.3235 12.2074 32
    endloop
  endfacet
  facet normal 0 0 -1
    outer loop
      vertex 24 12.25 32
      vertex 24.3916 13.9743 32
      vertex 24.1632 12.2393 32
    endloop
  endfacet
  facet normal 0 0 -1
    outer loop
      vertex 24 12.25 32
      vertex 24 14 32
      vertex 24.3916 13.9743 32
    endloop
  endfacet
  facet normal 0 0 -1
    outer loop
      vertex 23.8368 12.2393 32
      vertex 24 14 32
      vertex 24 12.25 32
    endloop
  endfacet
  facet normal 0 0 -1
    outer loop
      vertex 22.8809 13.5858 32
      vertex 23.8368 12.2393 32
      vertex 23.6765 12.2074 32
    endloop
  endfacet
  facet normal 0 0 -1
    outer loop
      vertex 23.8368 12.2393 32
      vertex 23.6084 13.9743 32
      vertex 24 14 32
    endloop
  endfacet
  facet normal 0 0 -1
    outer loop
      vertex 22.8809 13.5858 32
      vertex 23.6765 12.2074 32
      vertex 23.5216 12.1548 32
    endloop
  endfacet
  facet normal 0 0 -1
    outer loop
      vertex 22.6842 13.4133 32
      vertex 23.5216 12.1548 32
      vertex 23.375 12.0825 32
    endloop
  endfacet
  facet normal 0 0 -1
    outer loop
      vertex 22.6842 13.4133 32
      vertex 23.375 12.0825 32
      vertex 23.239 11.9917 32
    endloop
  endfacet
  facet normal 0 0 -1
    outer loop
      vertex 23.8368 12.2393 32
      vertex 22.8809 13.5858 32
      vertex 23.6084 13.9743 32
    endloop
  endfacet
  facet normal 0 0 -1
    outer loop
      vertex 22.6842 13.4133 32
      vertex 23.239 11.9917 32
      vertex 23.1161 11.8839 32
    endloop
  endfacet
  facet normal 0 -0 -1
    outer loop
      vertex 23.0534 13.7825 32
      vertex 23.6084 13.9743 32
      vertex 22.8809 13.5858 32
    endloop
  endfacet
  facet normal 0 0 -1
    outer loop
      vertex 23.2235 13.8978 32
      vertex 23.0534 13.7825 32
      vertex 23.1031 13.8569 32
    endloop
  endfacet
  facet normal 0 0 -1
    outer loop
      vertex 22.6842 13.4133 32
      vertex 23.1161 11.8839 32
      vertex 23.0083 11.761 32
    endloop
  endfacet
  facet normal 0 0 -1
    outer loop
      vertex 22.6842 13.4133 32
      vertex 23.0083 11.761 32
      vertex 22.9175 11.625 32
    endloop
  endfacet
  facet normal 0 0 -1
    outer loop
      vertex 23.6084 13.9743 32
      vertex 23.0534 13.7825 32
      vertex 23.2235 13.8978 32
    endloop
  endfacet
  facet normal 0 0 -1
    outer loop
      vertex 22.6842 13.4133 32
      vertex 22.9175 11.625 32
      vertex 22.8451 11.4784 32
    endloop
  endfacet
  facet normal 0 0 -1
    outer loop
      vertex 22.6842 13.4133 32
      vertex 22.8451 11.4784 32
      vertex 22.7926 11.3235 32
    endloop
  endfacet
  facet normal 0 0 -1
    outer loop
      vertex 22.6842 13.4133 32
      vertex 22.7926 11.3235 32
      vertex 22.7607 11.1632 32
    endloop
  endfacet
  facet normal 0 0 -1
    outer loop
      vertex 22.6842 13.4133 32
      vertex 22.7607 11.1632 32
      vertex 22.75 11 32
    endloop
  endfacet
  facet normal 0 0 -1
    outer loop
      vertex 23.5216 12.1548 32
      vertex 22.6842 13.4133 32
      vertex 22.8809 13.5858 32
    endloop
  endfacet
  facet normal -0.751759 0.659438 0
    outer loop
      vertex 21.6199 12.8263 32
      vertex 21.7999 13.0315 37
      vertex 21.7999 13.0315 32
    endloop
  endfacet
  facet normal -0.751759 0.659438 0
    outer loop
      vertex 21.7999 13.0315 37
      vertex 21.6199 12.8263 32
      vertex 21.6199 12.8263 37
    endloop
  endfacet
  facet normal 0.659478 0.751724 -0
    outer loop
      vertex 26.1213 13.1213 32
      vertex 25.8263 13.3801 37
      vertex 26.1213 13.1213 37
    endloop
  endfacet
  facet normal 0.659478 0.751724 0
    outer loop
      vertex 25.8263 13.3801 37
      vertex 26.1213 13.1213 32
      vertex 25.8263 13.3801 32
    endloop
  endfacet
  facet normal -0.896936 -0.44216 0
    outer loop
      vertex 21.4019 9.5 32
      vertex 21.2284 9.85195 37
      vertex 21.2284 9.85195 32
    endloop
  endfacet
  facet normal -0.896936 -0.44216 0
    outer loop
      vertex 21.2284 9.85195 37
      vertex 21.4019 9.5 32
      vertex 21.4019 9.5 37
    endloop
  endfacet
  facet normal 0.831485 -0.555547 0
    outer loop
      vertex 26.3801 9.17372 37
      vertex 26.5981 9.5 32
      vertex 26.5981 9.5 37
    endloop
  endfacet
  facet normal 0.831485 -0.555547 0
    outer loop
      vertex 26.5981 9.5 32
      vertex 26.3801 9.17372 37
      vertex 26.3801 9.17372 32
    endloop
  endfacet
  facet normal 0.896961 0.44211 0
    outer loop
      vertex 26.7716 12.148 37
      vertex 26.5981 12.5 32
      vertex 26.5981 12.5 37
    endloop
  endfacet
  facet normal 0.896961 0.44211 0
    outer loop
      vertex 26.5981 12.5 32
      vertex 26.7716 12.148 37
      vertex 26.7716 12.148 32
    endloop
  endfacet
  facet normal -0.0654112 -0.997858 0
    outer loop
      vertex 23.6084 8.02567 32
      vertex 24 8 37
      vertex 23.6084 8.02567 37
    endloop
  endfacet
  facet normal -0.0654112 -0.997858 -0
    outer loop
      vertex 24 8 37
      vertex 23.6084 8.02567 32
      vertex 24 8 32
    endloop
  endfacet
  facet normal 0.0654873 0.997853 -0
    outer loop
      vertex 24.3916 13.9743 32
      vertex 24 14 37
      vertex 24.3916 13.9743 37
    endloop
  endfacet
  facet normal 0.0654873 0.997853 0
    outer loop
      vertex 24 14 37
      vertex 24.3916 13.9743 32
      vertex 24 14 32
    endloop
  endfacet
  facet normal -0.555558 -0.831477 0
    outer loop
      vertex 22.1737 8.61994 32
      vertex 22.5 8.40192 37
      vertex 22.1737 8.61994 37
    endloop
  endfacet
  facet normal -0.555558 -0.831477 -0
    outer loop
      vertex 22.5 8.40192 37
      vertex 22.1737 8.61994 32
      vertex 22.5 8.40192 32
    endloop
  endfacet
  facet normal 0.555558 -0.831477 0
    outer loop
      vertex 25.5 8.40192 32
      vertex 25.8263 8.61994 37
      vertex 25.5 8.40192 37
    endloop
  endfacet
  facet normal 0.555558 -0.831477 0
    outer loop
      vertex 25.8263 8.61994 37
      vertex 25.5 8.40192 32
      vertex 25.8263 8.61994 32
    endloop
  endfacet
  facet normal 0.946858 0.321651 0
    outer loop
      vertex 26.8978 11.7765 37
      vertex 26.7716 12.148 32
      vertex 26.7716 12.148 37
    endloop
  endfacet
  facet normal 0.946858 0.321651 0
    outer loop
      vertex 26.7716 12.148 32
      vertex 26.8978 11.7765 37
      vertex 26.8978 11.7765 32
    endloop
  endfacet
  facet normal -0.980815 0.19494 0
    outer loop
      vertex 21.0257 11.3916 32
      vertex 21.1022 11.7765 37
      vertex 21.1022 11.7765 32
    endloop
  endfacet
  facet normal -0.980815 0.19494 0
    outer loop
      vertex 21.1022 11.7765 37
      vertex 21.0257 11.3916 32
      vertex 21.0257 11.3916 37
    endloop
  endfacet
  facet normal -0.0654873 0.997853 0
    outer loop
      vertex 24 14 32
      vertex 23.6084 13.9743 37
      vertex 24 14 37
    endloop
  endfacet
  facet normal -0.0654873 0.997853 0
    outer loop
      vertex 23.6084 13.9743 37
      vertex 24 14 32
      vertex 23.6084 13.9743 32
    endloop
  endfacet
  facet normal -0.321514 -0.946905 0
    outer loop
      vertex 22.852 8.22836 32
      vertex 23.2235 8.10222 37
      vertex 22.852 8.22836 37
    endloop
  endfacet
  facet normal -0.321514 -0.946905 -0
    outer loop
      vertex 23.2235 8.10222 37
      vertex 22.852 8.22836 32
      vertex 23.2235 8.10222 32
    endloop
  endfacet
  facet normal -0.980815 -0.19494 0
    outer loop
      vertex 21.1022 10.2235 32
      vertex 21.0257 10.6084 37
      vertex 21.0257 10.6084 32
    endloop
  endfacet
  facet normal -0.980815 -0.19494 0
    outer loop
      vertex 21.0257 10.6084 37
      vertex 21.1022 10.2235 32
      vertex 21.1022 10.2235 37
    endloop
  endfacet
  facet normal -0.751768 -0.659428 0
    outer loop
      vertex 21.8787 8.87868 32
      vertex 21.6199 9.17372 37
      vertex 21.6199 9.17372 32
    endloop
  endfacet
  facet normal -0.751768 -0.659428 0
    outer loop
      vertex 21.6199 9.17372 37
      vertex 21.8787 8.87868 32
      vertex 21.8787 8.87868 37
    endloop
  endfacet
  facet normal -0.195062 -0.980791 0
    outer loop
      vertex 23.2235 8.10222 32
      vertex 23.6084 8.02567 37
      vertex 23.2235 8.10222 37
    endloop
  endfacet
  facet normal -0.195062 -0.980791 -0
    outer loop
      vertex 23.6084 8.02567 37
      vertex 23.2235 8.10222 32
      vertex 23.6084 8.02567 32
    endloop
  endfacet
  facet normal -0.831501 0.555523 0
    outer loop
      vertex 21.4019 12.5 32
      vertex 21.6199 12.8263 37
      vertex 21.6199 12.8263 32
    endloop
  endfacet
  facet normal -0.831501 0.555523 0
    outer loop
      vertex 21.6199 12.8263 37
      vertex 21.4019 12.5 32
      vertex 21.4019 12.5 37
    endloop
  endfacet
  facet normal -0.980768 0.195175 0
    outer loop
      vertex 25.2074 10.6765 32
      vertex 25.2393 10.8368 37
      vertex 25.2393 10.8368 32
    endloop
  endfacet
  facet normal -0.980768 0.195175 0
    outer loop
      vertex 25.2393 10.8368 37
      vertex 25.2074 10.6765 32
      vertex 25.2074 10.6765 37
    endloop
  endfacet
  facet normal -0.980768 -0.195175 0
    outer loop
      vertex 25.2393 11.1632 32
      vertex 25.2074 11.3235 37
      vertex 25.2074 11.3235 32
    endloop
  endfacet
  facet normal -0.980768 -0.195175 0
    outer loop
      vertex 25.2074 11.3235 37
      vertex 25.2393 11.1632 32
      vertex 25.2393 11.1632 37
    endloop
  endfacet
  facet normal -0.997858 -0.0654233 0
    outer loop
      vertex 25.25 11 32
      vertex 25.2393 11.1632 37
      vertex 25.2393 11.1632 32
    endloop
  endfacet
  facet normal -0.997858 -0.0654233 0
    outer loop
      vertex 25.2393 11.1632 37
      vertex 25.25 11 32
      vertex 25.25 11 37
    endloop
  endfacet
  facet normal -0.947082 -0.320993 0
    outer loop
      vertex 25.2074 11.3235 32
      vertex 25.1549 11.4784 37
      vertex 25.1549 11.4784 32
    endloop
  endfacet
  facet normal -0.947082 -0.320993 0
    outer loop
      vertex 25.1549 11.4784 37
      vertex 25.2074 11.3235 32
      vertex 25.2074 11.3235 37
    endloop
  endfacet
  facet normal -0.442411 0.896812 0
    outer loop
      vertex 24.625 9.91747 32
      vertex 24.4784 9.84515 37
      vertex 24.625 9.91747 37
    endloop
  endfacet
  facet normal -0.442411 0.896812 0
    outer loop
      vertex 24.4784 9.84515 37
      vertex 24.625 9.91747 32
      vertex 24.4784 9.84515 32
    endloop
  endfacet
  facet normal -0.195175 -0.980768 0
    outer loop
      vertex 24.1632 12.2393 32
      vertex 24.3235 12.2074 37
      vertex 24.1632 12.2393 37
    endloop
  endfacet
  facet normal -0.195175 -0.980768 -0
    outer loop
      vertex 24.3235 12.2074 37
      vertex 24.1632 12.2393 32
      vertex 24.3235 12.2074 32
    endloop
  endfacet
  facet normal -0.195175 0.980768 0
    outer loop
      vertex 24.3235 9.79259 32
      vertex 24.1632 9.76069 37
      vertex 24.3235 9.79259 37
    endloop
  endfacet
  facet normal -0.195175 0.980768 0
    outer loop
      vertex 24.1632 9.76069 37
      vertex 24.3235 9.79259 32
      vertex 24.1632 9.76069 32
    endloop
  endfacet
  facet normal -0.0653624 0.997862 0
    outer loop
      vertex 24.1632 9.76069 32
      vertex 24 9.75 37
      vertex 24.1632 9.76069 37
    endloop
  endfacet
  facet normal -0.0653624 0.997862 0
    outer loop
      vertex 24 9.75 37
      vertex 24.1632 9.76069 32
      vertex 24 9.75 32
    endloop
  endfacet
  facet normal 0.659414 -0.75178 0
    outer loop
      vertex 23.1161 11.8839 32
      vertex 23.239 11.9917 37
      vertex 23.1161 11.8839 37
    endloop
  endfacet
  facet normal 0.659414 -0.75178 0
    outer loop
      vertex 23.239 11.9917 37
      vertex 23.1161 11.8839 32
      vertex 23.239 11.9917 32
    endloop
  endfacet
  facet normal 0.831674 -0.555265 0
    outer loop
      vertex 22.9175 11.625 37
      vertex 23.0083 11.761 32
      vertex 23.0083 11.761 37
    endloop
  endfacet
  facet normal 0.831674 -0.555265 0
    outer loop
      vertex 23.0083 11.761 32
      vertex 22.9175 11.625 37
      vertex 22.9175 11.625 32
    endloop
  endfacet
  facet normal -0.321541 -0.946896 0
    outer loop
      vertex 24.3235 12.2074 32
      vertex 24.4784 12.1548 37
      vertex 24.3235 12.2074 37
    endloop
  endfacet
  facet normal -0.321541 -0.946896 -0
    outer loop
      vertex 24.4784 12.1548 37
      vertex 24.3235 12.2074 32
      vertex 24.4784 12.1548 32
    endloop
  endfacet
  facet normal -0.659414 0.75178 0
    outer loop
      vertex 24.8839 10.1161 32
      vertex 24.761 10.0083 37
      vertex 24.8839 10.1161 37
    endloop
  endfacet
  facet normal -0.659414 0.75178 0
    outer loop
      vertex 24.761 10.0083 37
      vertex 24.8839 10.1161 32
      vertex 24.761 10.0083 32
    endloop
  endfacet
  facet normal 0.442313 -0.896861 0
    outer loop
      vertex 23.375 12.0825 32
      vertex 23.5216 12.1548 37
      vertex 23.375 12.0825 37
    endloop
  endfacet
  facet normal 0.442313 -0.896861 0
    outer loop
      vertex 23.5216 12.1548 37
      vertex 23.375 12.0825 32
      vertex 23.5216 12.1548 32
    endloop
  endfacet
  facet normal 0.0653624 0.997862 -0
    outer loop
      vertex 24 9.75 32
      vertex 23.8368 9.76069 37
      vertex 24 9.75 37
    endloop
  endfacet
  facet normal 0.0653624 0.997862 0
    outer loop
      vertex 23.8368 9.76069 37
      vertex 24 9.75 32
      vertex 23.8368 9.76069 32
    endloop
  endfacet
  facet normal -0.75178 0.659414 0
    outer loop
      vertex 24.8839 10.1161 32
      vertex 24.9917 10.239 37
      vertex 24.9917 10.239 32
    endloop
  endfacet
  facet normal -0.75178 0.659414 0
    outer loop
      vertex 24.9917 10.239 37
      vertex 24.8839 10.1161 32
      vertex 24.8839 10.1161 37
    endloop
  endfacet
  facet normal 0.947082 0.320993 0
    outer loop
      vertex 22.8451 10.5216 37
      vertex 22.7926 10.6765 32
      vertex 22.7926 10.6765 37
    endloop
  endfacet
  facet normal 0.947082 0.320993 0
    outer loop
      vertex 22.7926 10.6765 32
      vertex 22.8451 10.5216 37
      vertex 22.8451 10.5216 32
    endloop
  endfacet
  facet normal -0.321322 0.94697 0
    outer loop
      vertex 24.4784 9.84515 32
      vertex 24.3235 9.79259 37
      vertex 24.4784 9.84515 37
    endloop
  endfacet
  facet normal -0.321322 0.94697 0
    outer loop
      vertex 24.3235 9.79259 37
      vertex 24.4784 9.84515 32
      vertex 24.3235 9.79259 32
    endloop
  endfacet
  facet normal 0.321541 -0.946896 0
    outer loop
      vertex 23.5216 12.1548 32
      vertex 23.6765 12.2074 37
      vertex 23.5216 12.1548 37
    endloop
  endfacet
  facet normal 0.321541 -0.946896 0
    outer loop
      vertex 23.6765 12.2074 37
      vertex 23.5216 12.1548 32
      vertex 23.6765 12.2074 32
    endloop
  endfacet
  facet normal 0.555265 -0.831674 0
    outer loop
      vertex 23.239 11.9917 32
      vertex 23.375 12.0825 37
      vertex 23.239 11.9917 37
    endloop
  endfacet
  facet normal 0.555265 -0.831674 0
    outer loop
      vertex 23.375 12.0825 37
      vertex 23.239 11.9917 32
      vertex 23.375 12.0825 32
    endloop
  endfacet
  facet normal 0.947082 -0.320993 0
    outer loop
      vertex 22.7926 11.3235 37
      vertex 22.8451 11.4784 32
      vertex 22.8451 11.4784 37
    endloop
  endfacet
  facet normal 0.947082 -0.320993 0
    outer loop
      vertex 22.8451 11.4784 32
      vertex 22.7926 11.3235 37
      vertex 22.7926 11.3235 32
    endloop
  endfacet
  facet normal -0.896618 -0.442805 0
    outer loop
      vertex 25.1549 11.4784 32
      vertex 25.0825 11.625 37
      vertex 25.0825 11.625 32
    endloop
  endfacet
  facet normal -0.896618 -0.442805 0
    outer loop
      vertex 25.0825 11.625 37
      vertex 25.1549 11.4784 32
      vertex 25.1549 11.4784 37
    endloop
  endfacet
  facet normal 0.195175 -0.980768 0
    outer loop
      vertex 23.6765 12.2074 32
      vertex 23.8368 12.2393 37
      vertex 23.6765 12.2074 37
    endloop
  endfacet
  facet normal 0.195175 -0.980768 0
    outer loop
      vertex 23.8368 12.2393 37
      vertex 23.6765 12.2074 32
      vertex 23.8368 12.2393 32
    endloop
  endfacet
  facet normal -0.659414 -0.75178 0
    outer loop
      vertex 24.761 11.9917 32
      vertex 24.8839 11.8839 37
      vertex 24.761 11.9917 37
    endloop
  endfacet
  facet normal -0.659414 -0.75178 -0
    outer loop
      vertex 24.8839 11.8839 37
      vertex 24.761 11.9917 32
      vertex 24.8839 11.8839 32
    endloop
  endfacet
  facet normal -0.997858 0.0654233 0
    outer loop
      vertex 25.2393 10.8368 32
      vertex 25.25 11 37
      vertex 25.25 11 32
    endloop
  endfacet
  facet normal -0.997858 0.0654233 0
    outer loop
      vertex 25.25 11 37
      vertex 25.2393 10.8368 32
      vertex 25.2393 10.8368 37
    endloop
  endfacet
  facet normal -0.442313 -0.896861 0
    outer loop
      vertex 24.4784 12.1548 32
      vertex 24.625 12.0825 37
      vertex 24.4784 12.1548 37
    endloop
  endfacet
  facet normal -0.442313 -0.896861 -0
    outer loop
      vertex 24.625 12.0825 37
      vertex 24.4784 12.1548 32
      vertex 24.625 12.0825 32
    endloop
  endfacet
  facet normal 0.321322 0.94697 -0
    outer loop
      vertex 23.6765 9.79259 32
      vertex 23.5216 9.84515 37
      vertex 23.6765 9.79259 37
    endloop
  endfacet
  facet normal 0.321322 0.94697 0
    outer loop
      vertex 23.5216 9.84515 37
      vertex 23.6765 9.79259 32
      vertex 23.5216 9.84515 32
    endloop
  endfacet
  facet normal 0.980768 -0.195175 0
    outer loop
      vertex 22.7607 11.1632 37
      vertex 22.7926 11.3235 32
      vertex 22.7926 11.3235 37
    endloop
  endfacet
  facet normal 0.980768 -0.195175 0
    outer loop
      vertex 22.7926 11.3235 32
      vertex 22.7607 11.1632 37
      vertex 22.7607 11.1632 32
    endloop
  endfacet
  facet normal 0.0654233 -0.997858 0
    outer loop
      vertex 23.8368 12.2393 32
      vertex 24 12.25 37
      vertex 23.8368 12.2393 37
    endloop
  endfacet
  facet normal 0.0654233 -0.997858 0
    outer loop
      vertex 24 12.25 37
      vertex 23.8368 12.2393 32
      vertex 24 12.25 32
    endloop
  endfacet
  facet normal 0.195175 0.980768 -0
    outer loop
      vertex 23.8368 9.76069 32
      vertex 23.6765 9.79259 37
      vertex 23.8368 9.76069 37
    endloop
  endfacet
  facet normal 0.195175 0.980768 0
    outer loop
      vertex 23.6765 9.79259 37
      vertex 23.8368 9.76069 32
      vertex 23.6765 9.79259 32
    endloop
  endfacet
  facet normal -0.947082 0.320993 0
    outer loop
      vertex 25.1549 10.5216 32
      vertex 25.2074 10.6765 37
      vertex 25.2074 10.6765 32
    endloop
  endfacet
  facet normal -0.947082 0.320993 0
    outer loop
      vertex 25.2074 10.6765 37
      vertex 25.1549 10.5216 32
      vertex 25.1549 10.5216 37
    endloop
  endfacet
  facet normal -0.831674 -0.555265 0
    outer loop
      vertex 25.0825 11.625 32
      vertex 24.9917 11.761 37
      vertex 24.9917 11.761 32
    endloop
  endfacet
  facet normal -0.831674 -0.555265 0
    outer loop
      vertex 24.9917 11.761 37
      vertex 25.0825 11.625 32
      vertex 25.0825 11.625 37
    endloop
  endfacet
  facet normal -0.75178 -0.659414 0
    outer loop
      vertex 24.9917 11.761 32
      vertex 24.8839 11.8839 37
      vertex 24.8839 11.8839 32
    endloop
  endfacet
  facet normal -0.75178 -0.659414 0
    outer loop
      vertex 24.8839 11.8839 37
      vertex 24.9917 11.761 32
      vertex 24.9917 11.761 37
    endloop
  endfacet
  facet normal 0.896618 0.442805 0
    outer loop
      vertex 22.9175 10.375 37
      vertex 22.8451 10.5216 32
      vertex 22.8451 10.5216 37
    endloop
  endfacet
  facet normal 0.896618 0.442805 0
    outer loop
      vertex 22.8451 10.5216 32
      vertex 22.9175 10.375 37
      vertex 22.9175 10.375 32
    endloop
  endfacet
  facet normal -0.896618 0.442805 0
    outer loop
      vertex 25.0825 10.375 32
      vertex 25.1549 10.5216 37
      vertex 25.1549 10.5216 32
    endloop
  endfacet
  facet normal -0.896618 0.442805 0
    outer loop
      vertex 25.1549 10.5216 37
      vertex 25.0825 10.375 32
      vertex 25.0825 10.375 37
    endloop
  endfacet
  facet normal 0.75178 0.659414 0
    outer loop
      vertex 23.1161 10.1161 37
      vertex 23.0083 10.239 32
      vertex 23.0083 10.239 37
    endloop
  endfacet
  facet normal 0.75178 0.659414 0
    outer loop
      vertex 23.0083 10.239 32
      vertex 23.1161 10.1161 37
      vertex 23.1161 10.1161 32
    endloop
  endfacet
  facet normal -0.831674 0.555265 0
    outer loop
      vertex 24.9917 10.239 32
      vertex 25.0825 10.375 37
      vertex 25.0825 10.375 32
    endloop
  endfacet
  facet normal -0.831674 0.555265 0
    outer loop
      vertex 25.0825 10.375 37
      vertex 24.9917 10.239 32
      vertex 24.9917 10.239 37
    endloop
  endfacet
  facet normal 0.75178 -0.659414 0
    outer loop
      vertex 23.0083 11.761 37
      vertex 23.1161 11.8839 32
      vertex 23.1161 11.8839 37
    endloop
  endfacet
  facet normal 0.75178 -0.659414 0
    outer loop
      vertex 23.1161 11.8839 32
      vertex 23.0083 11.761 37
      vertex 23.0083 11.761 32
    endloop
  endfacet
  facet normal -0.0654233 -0.997858 0
    outer loop
      vertex 24 12.25 32
      vertex 24.1632 12.2393 37
      vertex 24 12.25 37
    endloop
  endfacet
  facet normal -0.0654233 -0.997858 -0
    outer loop
      vertex 24.1632 12.2393 37
      vertex 24 12.25 32
      vertex 24.1632 12.2393 32
    endloop
  endfacet
  facet normal -0.555265 -0.831674 0
    outer loop
      vertex 24.625 12.0825 32
      vertex 24.761 11.9917 37
      vertex 24.625 12.0825 37
    endloop
  endfacet
  facet normal -0.555265 -0.831674 -0
    outer loop
      vertex 24.761 11.9917 37
      vertex 24.625 12.0825 32
      vertex 24.761 11.9917 32
    endloop
  endfacet
  facet normal 0.442411 0.896812 -0
    outer loop
      vertex 23.5216 9.84515 32
      vertex 23.375 9.91747 37
      vertex 23.5216 9.84515 37
    endloop
  endfacet
  facet normal 0.442411 0.896812 0
    outer loop
      vertex 23.375 9.91747 37
      vertex 23.5216 9.84515 32
      vertex 23.375 9.91747 32
    endloop
  endfacet
  facet normal 0.831674 0.555265 0
    outer loop
      vertex 23.0083 10.239 37
      vertex 22.9175 10.375 32
      vertex 22.9175 10.375 37
    endloop
  endfacet
  facet normal 0.831674 0.555265 0
    outer loop
      vertex 22.9175 10.375 32
      vertex 23.0083 10.239 37
      vertex 23.0083 10.239 32
    endloop
  endfacet
  facet normal 0.980768 0.195175 0
    outer loop
      vertex 22.7926 10.6765 37
      vertex 22.7607 10.8368 32
      vertex 22.7607 10.8368 37
    endloop
  endfacet
  facet normal 0.980768 0.195175 0
    outer loop
      vertex 22.7607 10.8368 32
      vertex 22.7926 10.6765 37
      vertex 22.7926 10.6765 32
    endloop
  endfacet
  facet normal 0.659414 0.75178 -0
    outer loop
      vertex 23.239 10.0083 32
      vertex 23.1161 10.1161 37
      vertex 23.239 10.0083 37
    endloop
  endfacet
  facet normal 0.659414 0.75178 0
    outer loop
      vertex 23.1161 10.1161 37
      vertex 23.239 10.0083 32
      vertex 23.1161 10.1161 32
    endloop
  endfacet
  facet normal 0.896618 -0.442805 0
    outer loop
      vertex 22.8451 11.4784 37
      vertex 22.9175 11.625 32
      vertex 22.9175 11.625 37
    endloop
  endfacet
  facet normal 0.896618 -0.442805 0
    outer loop
      vertex 22.9175 11.625 32
      vertex 22.8451 11.4784 37
      vertex 22.8451 11.4784 32
    endloop
  endfacet
  facet normal 0.997858 0.0654233 0
    outer loop
      vertex 22.7607 10.8368 37
      vertex 22.75 11 32
      vertex 22.75 11 37
    endloop
  endfacet
  facet normal 0.997858 0.0654233 0
    outer loop
      vertex 22.75 11 32
      vertex 22.7607 10.8368 37
      vertex 22.7607 10.8368 32
    endloop
  endfacet
  facet normal -0.555391 0.831589 0
    outer loop
      vertex 24.761 10.0083 32
      vertex 24.625 9.91747 37
      vertex 24.761 10.0083 37
    endloop
  endfacet
  facet normal -0.555391 0.831589 0
    outer loop
      vertex 24.625 9.91747 37
      vertex 24.761 10.0083 32
      vertex 24.625 9.91747 32
    endloop
  endfacet
  facet normal 0.997858 -0.0654233 0
    outer loop
      vertex 22.75 11 37
      vertex 22.7607 11.1632 32
      vertex 22.7607 11.1632 37
    endloop
  endfacet
  facet normal 0.997858 -0.0654233 0
    outer loop
      vertex 22.7607 11.1632 32
      vertex 22.75 11 37
      vertex 22.75 11 32
    endloop
  endfacet
  facet normal 0.555391 0.831589 -0
    outer loop
      vertex 23.375 9.91747 32
      vertex 23.239 10.0083 37
      vertex 23.375 9.91747 37
    endloop
  endfacet
  facet normal 0.555391 0.831589 0
    outer loop
      vertex 23.239 10.0083 37
      vertex 23.375 9.91747 32
      vertex 23.239 10.0083 32
    endloop
  endfacet
  facet normal 0.321574 -0.946885 0
    outer loop
      vertex 72.1764 -18.2978 37
      vertex 72.548 -18.1716 40
      vertex 72.1764 -18.2978 40
    endloop
  endfacet
  facet normal 0.321574 -0.946885 0
    outer loop
      vertex 72.548 -18.1716 40
      vertex 72.1764 -18.2978 37
      vertex 72.548 -18.1716 37
    endloop
  endfacet
  facet normal 0.946885 0.321574 0
    outer loop
      vertex 74.2978 16.1764 40
      vertex 74.1716 16.548 37
      vertex 74.1716 16.548 40
    endloop
  endfacet
  facet normal 0.946885 0.321574 0
    outer loop
      vertex 74.1716 16.548 37
      vertex 74.2978 16.1764 40
      vertex 74.2978 16.1764 37
    endloop
  endfacet
  facet normal -0.896961 -0.44211 0
    outer loop
      vertex -73.9981 -16.9 37
      vertex -74.1716 -16.548 40
      vertex -74.1716 -16.548 37
    endloop
  endfacet
  facet normal -0.896961 -0.44211 0
    outer loop
      vertex -74.1716 -16.548 40
      vertex -73.9981 -16.9 37
      vertex -73.9981 -16.9 40
    endloop
  endfacet
  facet normal -0.44211 -0.896961 0
    outer loop
      vertex -72.9 -17.9981 37
      vertex -72.548 -18.1716 40
      vertex -72.9 -17.9981 40
    endloop
  endfacet
  facet normal -0.44211 -0.896961 -0
    outer loop
      vertex -72.548 -18.1716 40
      vertex -72.9 -17.9981 37
      vertex -72.548 -18.1716 37
    endloop
  endfacet
  facet normal 0 1 -0
    outer loop
      vertex 71.4 18.4 37
      vertex -71.4 18.4 40
      vertex 71.4 18.4 40
    endloop
  endfacet
  facet normal 0 1 0
    outer loop
      vertex -71.4 18.4 40
      vertex 71.4 18.4 37
      vertex -71.4 18.4 37
    endloop
  endfacet
  facet normal 0 -1 0
    outer loop
      vertex -71.4 -18.4 37
      vertex -5 -18.4 40
      vertex -71.4 -18.4 40
    endloop
  endfacet
  facet normal 0 -1 -0
    outer loop
      vertex -5 -18.4 40
      vertex -71.4 -18.4 37
      vertex -5 -18.4 37
    endloop
  endfacet
  facet normal 0 -1 0
    outer loop
      vertex 5 -18.4 37
      vertex 71.4 -18.4 40
      vertex 5 -18.4 40
    endloop
  endfacet
  facet normal 0 -1 -0
    outer loop
      vertex 71.4 -18.4 40
      vertex 5 -18.4 37
      vertex 71.4 -18.4 37
    endloop
  endfacet
  facet normal -0.0654873 -0.997853 0
    outer loop
      vertex -71.7916 -18.3743 37
      vertex -71.4 -18.4 40
      vertex -71.7916 -18.3743 40
    endloop
  endfacet
  facet normal -0.0654873 -0.997853 -0
    outer loop
      vertex -71.4 -18.4 40
      vertex -71.7916 -18.3743 37
      vertex -71.4 -18.4 37
    endloop
  endfacet
  facet normal -0.194989 0.980806 0
    outer loop
      vertex -71.7916 18.3743 37
      vertex -72.1764 18.2978 40
      vertex -71.7916 18.3743 40
    endloop
  endfacet
  facet normal -0.194989 0.980806 0
    outer loop
      vertex -72.1764 18.2978 40
      vertex -71.7916 18.3743 37
      vertex -72.1764 18.2978 37
    endloop
  endfacet
  facet normal -0.659334 -0.75185 0
    outer loop
      vertex -73.5213 -17.5213 37
      vertex -73.2263 -17.78 40
      vertex -73.5213 -17.5213 40
    endloop
  endfacet
  facet normal -0.659334 -0.75185 -0
    outer loop
      vertex -73.2263 -17.78 40
      vertex -73.5213 -17.5213 37
      vertex -73.2263 -17.78 37
    endloop
  endfacet
  facet normal 0.194989 -0.980806 0
    outer loop
      vertex 71.7916 -18.3743 37
      vertex 72.1764 -18.2978 40
      vertex 71.7916 -18.3743 40
    endloop
  endfacet
  facet normal 0.194989 -0.980806 0
    outer loop
      vertex 72.1764 -18.2978 40
      vertex 71.7916 -18.3743 37
      vertex 72.1764 -18.2978 37
    endloop
  endfacet
  facet normal -0.997853 -0.0654873 0
    outer loop
      vertex -74.3743 -15.7916 37
      vertex -74.4 -15.4 40
      vertex -74.4 -15.4 37
    endloop
  endfacet
  facet normal -0.997853 -0.0654873 0
    outer loop
      vertex -74.4 -15.4 40
      vertex -74.3743 -15.7916 37
      vertex -74.3743 -15.7916 40
    endloop
  endfacet
  facet normal 1 -0 0
    outer loop
      vertex 74.4 -15.4 40
      vertex 74.4 15.4 37
      vertex 74.4 15.4 40
    endloop
  endfacet
  facet normal 1 0 0
    outer loop
      vertex 74.4 15.4 37
      vertex 74.4 -15.4 40
      vertex 74.4 -15.4 37
    endloop
  endfacet
  facet normal -0.831383 -0.555699 0
    outer loop
      vertex -73.78 -17.2263 37
      vertex -73.9981 -16.9 40
      vertex -73.9981 -16.9 37
    endloop
  endfacet
  facet normal -0.831383 -0.555699 0
    outer loop
      vertex -73.9981 -16.9 40
      vertex -73.78 -17.2263 37
      vertex -73.78 -17.2263 40
    endloop
  endfacet
  facet normal -0.946885 -0.321574 0
    outer loop
      vertex -74.1716 -16.548 37
      vertex -74.2978 -16.1764 40
      vertex -74.2978 -16.1764 37
    endloop
  endfacet
  facet normal -0.946885 -0.321574 0
    outer loop
      vertex -74.2978 -16.1764 40
      vertex -74.1716 -16.548 37
      vertex -74.1716 -16.548 40
    endloop
  endfacet
  facet normal 0.997853 0.0654873 0
    outer loop
      vertex 74.4 15.4 40
      vertex 74.3743 15.7916 37
      vertex 74.3743 15.7916 40
    endloop
  endfacet
  facet normal 0.997853 0.0654873 0
    outer loop
      vertex 74.3743 15.7916 37
      vertex 74.4 15.4 40
      vertex 74.4 15.4 37
    endloop
  endfacet
  facet normal 0.980806 0.194989 0
    outer loop
      vertex 74.3743 15.7916 40
      vertex 74.2978 16.1764 37
      vertex 74.2978 16.1764 40
    endloop
  endfacet
  facet normal 0.980806 0.194989 0
    outer loop
      vertex 74.2978 16.1764 37
      vertex 74.3743 15.7916 40
      vertex 74.3743 15.7916 37
    endloop
  endfacet
  facet normal -1 0 0
    outer loop
      vertex -74.4 -15.4 37
      vertex -74.4 15.4 40
      vertex -74.4 15.4 37
    endloop
  endfacet
  facet normal -1 -0 0
    outer loop
      vertex -74.4 15.4 40
      vertex -74.4 -15.4 37
      vertex -74.4 -15.4 40
    endloop
  endfacet
  facet normal -0.896961 0.44211 0
    outer loop
      vertex -74.1716 16.548 37
      vertex -73.9981 16.9 40
      vertex -73.9981 16.9 37
    endloop
  endfacet
  facet normal -0.896961 0.44211 0
    outer loop
      vertex -73.9981 16.9 40
      vertex -74.1716 16.548 37
      vertex -74.1716 16.548 40
    endloop
  endfacet
  facet normal -0.321574 0.946885 0
    outer loop
      vertex -72.1764 18.2978 37
      vertex -72.548 18.1716 40
      vertex -72.1764 18.2978 40
    endloop
  endfacet
  facet normal -0.321574 0.946885 0
    outer loop
      vertex -72.548 18.1716 40
      vertex -72.1764 18.2978 37
      vertex -72.548 18.1716 37
    endloop
  endfacet
  facet normal -0.980806 0.194989 0
    outer loop
      vertex -74.3743 15.7916 37
      vertex -74.2978 16.1764 40
      vertex -74.2978 16.1764 37
    endloop
  endfacet
  facet normal -0.980806 0.194989 0
    outer loop
      vertex -74.2978 16.1764 40
      vertex -74.3743 15.7916 37
      vertex -74.3743 15.7916 40
    endloop
  endfacet
  facet normal -0.980806 -0.194989 0
    outer loop
      vertex -74.2978 -16.1764 37
      vertex -74.3743 -15.7916 40
      vertex -74.3743 -15.7916 37
    endloop
  endfacet
  facet normal -0.980806 -0.194989 0
    outer loop
      vertex -74.3743 -15.7916 40
      vertex -74.2978 -16.1764 37
      vertex -74.2978 -16.1764 40
    endloop
  endfacet
  facet normal -0.321574 -0.946885 0
    outer loop
      vertex -72.548 -18.1716 37
      vertex -72.1764 -18.2978 40
      vertex -72.548 -18.1716 40
    endloop
  endfacet
  facet normal -0.321574 -0.946885 -0
    outer loop
      vertex -72.1764 -18.2978 40
      vertex -72.548 -18.1716 37
      vertex -72.1764 -18.2978 37
    endloop
  endfacet
  facet normal -0.44211 0.896961 0
    outer loop
      vertex -72.548 18.1716 37
      vertex -72.9 17.9981 40
      vertex -72.548 18.1716 40
    endloop
  endfacet
  facet normal -0.44211 0.896961 0
    outer loop
      vertex -72.9 17.9981 40
      vertex -72.548 18.1716 37
      vertex -72.9 17.9981 37
    endloop
  endfacet
  facet normal 0.831383 -0.555699 0
    outer loop
      vertex 73.78 -17.2263 40
      vertex 73.9981 -16.9 37
      vertex 73.9981 -16.9 40
    endloop
  endfacet
  facet normal 0.831383 -0.555699 0
    outer loop
      vertex 73.9981 -16.9 37
      vertex 73.78 -17.2263 40
      vertex 73.78 -17.2263 37
    endloop
  endfacet
  facet normal -0.555699 -0.831383 0
    outer loop
      vertex -73.2263 -17.78 37
      vertex -72.9 -17.9981 40
      vertex -73.2263 -17.78 40
    endloop
  endfacet
  facet normal -0.555699 -0.831383 -0
    outer loop
      vertex -72.9 -17.9981 40
      vertex -73.2263 -17.78 37
      vertex -72.9 -17.9981 37
    endloop
  endfacet
  facet normal 0.0654873 -0.997853 0
    outer loop
      vertex 71.4 -18.4 37
      vertex 71.7916 -18.3743 40
      vertex 71.4 -18.4 40
    endloop
  endfacet
  facet normal 0.0654873 -0.997853 0
    outer loop
      vertex 71.7916 -18.3743 40
      vertex 71.4 -18.4 37
      vertex 71.7916 -18.3743 37
    endloop
  endfacet
  facet normal 0.75185 0.659334 0
    outer loop
      vertex 73.78 17.2263 40
      vertex 73.5213 17.5213 37
      vertex 73.5213 17.5213 40
    endloop
  endfacet
  facet normal 0.75185 0.659334 0
    outer loop
      vertex 73.5213 17.5213 37
      vertex 73.78 17.2263 40
      vertex 73.78 17.2263 37
    endloop
  endfacet
  facet normal -0.0654873 0.997853 0
    outer loop
      vertex -71.4 18.4 37
      vertex -71.7916 18.3743 40
      vertex -71.4 18.4 40
    endloop
  endfacet
  facet normal -0.0654873 0.997853 0
    outer loop
      vertex -71.7916 18.3743 40
      vertex -71.4 18.4 37
      vertex -71.7916 18.3743 37
    endloop
  endfacet
  facet normal 0.980806 -0.194989 0
    outer loop
      vertex 74.2978 -16.1764 40
      vertex 74.3743 -15.7916 37
      vertex 74.3743 -15.7916 40
    endloop
  endfacet
  facet normal 0.980806 -0.194989 0
    outer loop
      vertex 74.3743 -15.7916 37
      vertex 74.2978 -16.1764 40
      vertex 74.2978 -16.1764 37
    endloop
  endfacet
  facet normal 0.896961 -0.44211 0
    outer loop
      vertex 73.9981 -16.9 40
      vertex 74.1716 -16.548 37
      vertex 74.1716 -16.548 40
    endloop
  endfacet
  facet normal 0.896961 -0.44211 0
    outer loop
      vertex 74.1716 -16.548 37
      vertex 73.9981 -16.9 40
      vertex 73.9981 -16.9 37
    endloop
  endfacet
  facet normal 0 0 1
    outer loop
      vertex -47.082 3.7741 40
      vertex -67.9406 11.9128 40
      vertex -48.6806 -1.375 40
    endloop
  endfacet
  facet normal 0 0 1
    outer loop
      vertex -49.2136 -2.94526 40
      vertex -67.3265 -13.3954 40
      vertex -67.3 -13.8 40
    endloop
  endfacet
  facet normal -0 0 1
    outer loop
      vertex -68.208 11.608 40
      vertex -48.6806 -1.375 40
      vertex -67.9406 11.9128 40
    endloop
  endfacet
  facet normal 0 0 1
    outer loop
      vertex -49.2136 -2.94526 40
      vertex -67.4056 -12.9977 40
      vertex -67.3265 -13.3954 40
    endloop
  endfacet
  facet normal 0 0 1
    outer loop
      vertex -48.6806 -1.375 40
      vertex -68.208 11.608 40
      vertex -48.9265 -1.8736 40
    endloop
  endfacet
  facet normal 0 0 1
    outer loop
      vertex -49.2136 -2.94526 40
      vertex -67.536 -12.6137 40
      vertex -67.4056 -12.9977 40
    endloop
  endfacet
  facet normal -0 0 1
    outer loop
      vertex -68.5128 11.3406 40
      vertex -48.9265 -1.8736 40
      vertex -68.208 11.608 40
    endloop
  endfacet
  facet normal 0 0 1
    outer loop
      vertex -49.2136 -2.94526 40
      vertex -67.7153 -12.25 40
      vertex -67.536 -12.6137 40
    endloop
  endfacet
  facet normal 0 0 1
    outer loop
      vertex -48.9265 -1.8736 40
      vertex -68.5128 11.3406 40
      vertex -49.1052 -2.40002 40
    endloop
  endfacet
  facet normal 0 0 1
    outer loop
      vertex -49.2136 -2.94526 40
      vertex -67.9406 -11.9128 40
      vertex -67.7153 -12.25 40
    endloop
  endfacet
  facet normal -0 0 1
    outer loop
      vertex -68.85 11.1153 40
      vertex -49.1052 -2.40002 40
      vertex -68.5128 11.3406 40
    endloop
  endfacet
  facet normal 0 0 1
    outer loop
      vertex -49.2136 -2.94526 40
      vertex -68.208 -11.608 40
      vertex -67.9406 -11.9128 40
    endloop
  endfacet
  facet normal 0 0 1
    outer loop
      vertex -49.1052 -2.40002 40
      vertex -68.85 11.1153 40
      vertex -49.2136 -2.94526 40
    endloop
  endfacet
  facet normal 0 0 1
    outer loop
      vertex -49.2136 -2.94526 40
      vertex -68.5128 -11.3406 40
      vertex -68.208 -11.608 40
    endloop
  endfacet
  facet normal 0 0 1
    outer loop
      vertex -68.85 -11.1153 40
      vertex -49.2136 -2.94526 40
      vertex -68.85 11.1153 40
    endloop
  endfacet
  facet normal 0 0 1
    outer loop
      vertex -49.2136 -2.94526 40
      vertex -68.85 -11.1153 40
      vertex -68.5128 -11.3406 40
    endloop
  endfacet
  facet normal -0 0 1
    outer loop
      vertex -69.2137 10.936 40
      vertex -68.85 -11.1153 40
      vertex -68.85 11.1153 40
    endloop
  endfacet
  facet normal 0 0 1
    outer loop
      vertex -69.2137 10.936 40
      vertex -69.2137 -10.936 40
      vertex -68.85 -11.1153 40
    endloop
  endfacet
  facet normal -0 0 1
    outer loop
      vertex -69.5977 10.8056 40
      vertex -69.2137 -10.936 40
      vertex -69.2137 10.936 40
    endloop
  endfacet
  facet normal 0 0 1
    outer loop
      vertex -69.5977 10.8056 40
      vertex -69.5977 -10.8056 40
      vertex -69.2137 -10.936 40
    endloop
  endfacet
  facet normal -0 0 1
    outer loop
      vertex -69.9954 10.7265 40
      vertex -69.5977 -10.8056 40
      vertex -69.5977 10.8056 40
    endloop
  endfacet
  facet normal 0 0 1
    outer loop
      vertex -69.9954 10.7265 40
      vertex -69.9954 -10.7265 40
      vertex -69.5977 -10.8056 40
    endloop
  endfacet
  facet normal -0 0 1
    outer loop
      vertex -70.4 10.7 40
      vertex -69.9954 -10.7265 40
      vertex -69.9954 10.7265 40
    endloop
  endfacet
  facet normal 0 0 1
    outer loop
      vertex -70.4 10.7 40
      vertex -70.4 -10.7 40
      vertex -69.9954 -10.7265 40
    endloop
  endfacet
  facet normal 0 0 1
    outer loop
      vertex -70.8046 10.7265 40
      vertex -70.4 -10.7 40
      vertex -70.4 10.7 40
    endloop
  endfacet
  facet normal 0 0 1
    outer loop
      vertex -70.8046 10.7265 40
      vertex -70.8046 -10.7265 40
      vertex -70.4 -10.7 40
    endloop
  endfacet
  facet normal 0 0 1
    outer loop
      vertex -71.2023 10.8056 40
      vertex -70.8046 -10.7265 40
      vertex -70.8046 10.7265 40
    endloop
  endfacet
  facet normal 0 0 1
    outer loop
      vertex -71.2023 10.8056 40
      vertex -71.2023 -10.8056 40
      vertex -70.8046 -10.7265 40
    endloop
  endfacet
  facet normal 0 0 1
    outer loop
      vertex -71.5863 10.936 40
      vertex -71.2023 -10.8056 40
      vertex -71.2023 10.8056 40
    endloop
  endfacet
  facet normal 0 0 1
    outer loop
      vertex -71.5863 10.936 40
      vertex -71.5863 -10.936 40
      vertex -71.2023 -10.8056 40
    endloop
  endfacet
  facet normal 0 0 1
    outer loop
      vertex -71.95 11.1153 40
      vertex -71.5863 -10.936 40
      vertex -71.5863 10.936 40
    endloop
  endfacet
  facet normal 0 0 1
    outer loop
      vertex -71.95 11.1153 40
      vertex -71.95 -11.1153 40
      vertex -71.5863 -10.936 40
    endloop
  endfacet
  facet normal 0 0 1
    outer loop
      vertex -72.2872 11.3406 40
      vertex -71.95 -11.1153 40
      vertex -71.95 11.1153 40
    endloop
  endfacet
  facet normal 0 0 1
    outer loop
      vertex -72.2872 11.3406 40
      vertex -72.2872 -11.3406 40
      vertex -71.95 -11.1153 40
    endloop
  endfacet
  facet normal 0 0 1
    outer loop
      vertex -72.592 11.608 40
      vertex -72.2872 -11.3406 40
      vertex -72.2872 11.3406 40
    endloop
  endfacet
  facet normal 0 0 1
    outer loop
      vertex -72.592 11.608 40
      vertex -72.592 -11.608 40
      vertex -72.2872 -11.3406 40
    endloop
  endfacet
  facet normal 0 0 1
    outer loop
      vertex -72.8594 11.9128 40
      vertex -72.592 -11.608 40
      vertex -72.592 11.608 40
    endloop
  endfacet
  facet normal 0 0 1
    outer loop
      vertex -72.8594 11.9128 40
      vertex -72.8594 -11.9128 40
      vertex -72.592 -11.608 40
    endloop
  endfacet
  facet normal 0 0 1
    outer loop
      vertex -73.0847 12.25 40
      vertex -72.8594 -11.9128 40
      vertex -72.8594 11.9128 40
    endloop
  endfacet
  facet normal 0 0 1
    outer loop
      vertex -73.0847 12.25 40
      vertex -73.0847 -12.25 40
      vertex -72.8594 -11.9128 40
    endloop
  endfacet
  facet normal 0 0 1
    outer loop
      vertex -73.264 12.6137 40
      vertex -73.0847 -12.25 40
      vertex -73.0847 12.25 40
    endloop
  endfacet
  facet normal 0 0 1
    outer loop
      vertex -73.264 12.6137 40
      vertex -73.264 -12.6137 40
      vertex -73.0847 -12.25 40
    endloop
  endfacet
  facet normal 0 0 1
    outer loop
      vertex -74.4 15.4 40
      vertex -73.264 12.6137 40
      vertex -73.3944 12.9977 40
    endloop
  endfacet
  facet normal 0 0 1
    outer loop
      vertex -73.264 12.6137 40
      vertex -74.4 15.4 40
      vertex -73.264 -12.6137 40
    endloop
  endfacet
  facet normal 0 0 1
    outer loop
      vertex -74.4 15.4 40
      vertex -73.3944 12.9977 40
      vertex -73.4735 13.3954 40
    endloop
  endfacet
  facet normal 0 0 1
    outer loop
      vertex -74.4 -15.4 40
      vertex -73.264 -12.6137 40
      vertex -74.4 15.4 40
    endloop
  endfacet
  facet normal 0 0 1
    outer loop
      vertex -74.4 15.4 40
      vertex -73.4735 13.3954 40
      vertex -73.5 13.8 40
    endloop
  endfacet
  facet normal 0 0 1
    outer loop
      vertex -73.264 -12.6137 40
      vertex -74.4 -15.4 40
      vertex -73.3944 -12.9977 40
    endloop
  endfacet
  facet normal 0 0 1
    outer loop
      vertex 73.264 12.6137 40
      vertex 74.4 15.4 40
      vertex 73.3944 12.9977 40
    endloop
  endfacet
  facet normal 0 0 1
    outer loop
      vertex 74.4 -15.4 40
      vertex 73.4735 -13.3954 40
      vertex 73.5 -13.8 40
    endloop
  endfacet
  facet normal 0 0 1
    outer loop
      vertex 74.4 15.4 40
      vertex 73.264 12.6137 40
      vertex 74.4 -15.4 40
    endloop
  endfacet
  facet normal 0 0 1
    outer loop
      vertex 74.4 -15.4 40
      vertex 73.3944 -12.9977 40
      vertex 73.4735 -13.3954 40
    endloop
  endfacet
  facet normal -0 0 1
    outer loop
      vertex 73.264 -12.6137 40
      vertex 74.4 -15.4 40
      vertex 73.264 12.6137 40
    endloop
  endfacet
  facet normal 0 0 1
    outer loop
      vertex 74.4 -15.4 40
      vertex 73.264 -12.6137 40
      vertex 73.3944 -12.9977 40
    endloop
  endfacet
  facet normal -0 0 1
    outer loop
      vertex 73.0847 12.25 40
      vertex 73.264 -12.6137 40
      vertex 73.264 12.6137 40
    endloop
  endfacet
  facet normal 0 0 1
    outer loop
      vertex 73.0847 12.25 40
      vertex 73.0847 -12.25 40
      vertex 73.264 -12.6137 40
    endloop
  endfacet
  facet normal -0 0 1
    outer loop
      vertex 72.8594 11.9128 40
      vertex 73.0847 -12.25 40
      vertex 73.0847 12.25 40
    endloop
  endfacet
  facet normal 0 0 1
    outer loop
      vertex 72.8594 11.9128 40
      vertex 72.8594 -11.9128 40
      vertex 73.0847 -12.25 40
    endloop
  endfacet
  facet normal -0 0 1
    outer loop
      vertex 72.592 11.608 40
      vertex 72.8594 -11.9128 40
      vertex 72.8594 11.9128 40
    endloop
  endfacet
  facet normal 0 0 1
    outer loop
      vertex 72.592 11.608 40
      vertex 72.592 -11.608 40
      vertex 72.8594 -11.9128 40
    endloop
  endfacet
  facet normal -0 0 1
    outer loop
      vertex 72.2872 11.3406 40
      vertex 72.592 -11.608 40
      vertex 72.592 11.608 40
    endloop
  endfacet
  facet normal 0 0 1
    outer loop
      vertex 72.2872 11.3406 40
      vertex 72.2872 -11.3406 40
      vertex 72.592 -11.608 40
    endloop
  endfacet
  facet normal -0 0 1
    outer loop
      vertex 71.95 11.1153 40
      vertex 72.2872 -11.3406 40
      vertex 72.2872 11.3406 40
    endloop
  endfacet
  facet normal 0 0 1
    outer loop
      vertex 71.95 11.1153 40
      vertex 71.95 -11.1153 40
      vertex 72.2872 -11.3406 40
    endloop
  endfacet
  facet normal -0 0 1
    outer loop
      vertex 71.5863 10.936 40
      vertex 71.95 -11.1153 40
      vertex 71.95 11.1153 40
    endloop
  endfacet
  facet normal 0 0 1
    outer loop
      vertex 71.5863 10.936 40
      vertex 71.5863 -10.936 40
      vertex 71.95 -11.1153 40
    endloop
  endfacet
  facet normal -0 0 1
    outer loop
      vertex 71.2023 10.8056 40
      vertex 71.5863 -10.936 40
      vertex 71.5863 10.936 40
    endloop
  endfacet
  facet normal 0 0 1
    outer loop
      vertex 71.2023 10.8056 40
      vertex 71.2023 -10.8056 40
      vertex 71.5863 -10.936 40
    endloop
  endfacet
  facet normal -0 0 1
    outer loop
      vertex 70.8046 10.7265 40
      vertex 71.2023 -10.8056 40
      vertex 71.2023 10.8056 40
    endloop
  endfacet
  facet normal 0 0 1
    outer loop
      vertex 70.8046 10.7265 40
      vertex 70.8046 -10.7265 40
      vertex 71.2023 -10.8056 40
    endloop
  endfacet
  facet normal -0 0 1
    outer loop
      vertex 70.4 10.7 40
      vertex 70.8046 -10.7265 40
      vertex 70.8046 10.7265 40
    endloop
  endfacet
  facet normal 0 0 1
    outer loop
      vertex 70.4 10.7 40
      vertex 70.4 -10.7 40
      vertex 70.8046 -10.7265 40
    endloop
  endfacet
  facet normal 0 0 1
    outer loop
      vertex 69.9954 10.7265 40
      vertex 70.4 -10.7 40
      vertex 70.4 10.7 40
    endloop
  endfacet
  facet normal 0 0 1
    outer loop
      vertex 69.9954 10.7265 40
      vertex 69.9954 -10.7265 40
      vertex 70.4 -10.7 40
    endloop
  endfacet
  facet normal 0 0 1
    outer loop
      vertex 69.5977 10.8056 40
      vertex 69.9954 -10.7265 40
      vertex 69.9954 10.7265 40
    endloop
  endfacet
  facet normal 0 0 1
    outer loop
      vertex 69.5977 10.8056 40
      vertex 69.5977 -10.8056 40
      vertex 69.9954 -10.7265 40
    endloop
  endfacet
  facet normal 0 0 1
    outer loop
      vertex 69.2137 10.936 40
      vertex 69.5977 -10.8056 40
      vertex 69.5977 10.8056 40
    endloop
  endfacet
  facet normal 0 0 1
    outer loop
      vertex 69.2137 10.936 40
      vertex 69.2137 -10.936 40
      vertex 69.5977 -10.8056 40
    endloop
  endfacet
  facet normal 0 0 1
    outer loop
      vertex 68.85 11.1153 40
      vertex 69.2137 -10.936 40
      vertex 69.2137 10.936 40
    endloop
  endfacet
  facet normal 0 0 1
    outer loop
      vertex 68.85 11.1153 40
      vertex 68.85 -11.1153 40
      vertex 69.2137 -10.936 40
    endloop
  endfacet
  facet normal 0 0 1
    outer loop
      vertex 49.1052 -2.40002 40
      vertex 68.85 11.1153 40
      vertex 68.5128 11.3406 40
    endloop
  endfacet
  facet normal 0 0 1
    outer loop
      vertex 68.85 11.1153 40
      vertex 49.1052 -2.40002 40
      vertex 68.85 -11.1153 40
    endloop
  endfacet
  facet normal 0 0 1
    outer loop
      vertex 48.9265 -1.8736 40
      vertex 68.5128 11.3406 40
      vertex 68.208 11.608 40
    endloop
  endfacet
  facet normal -0 -0 1
    outer loop
      vertex 49.2136 -2.94526 40
      vertex 68.85 -11.1153 40
      vertex 49.1052 -2.40002 40
    endloop
  endfacet
  facet normal 0 0 1
    outer loop
      vertex 48.6806 -1.375 40
      vertex 68.208 11.608 40
      vertex 67.9406 11.9128 40
    endloop
  endfacet
  facet normal 0 0 1
    outer loop
      vertex 68.85 -11.1153 40
      vertex 49.2136 -2.94526 40
      vertex 68.5128 -11.3406 40
    endloop
  endfacet
  facet normal 0 0 1
    outer loop
      vertex 47.082 3.7741 40
      vertex 67.9406 11.9128 40
      vertex 67.7153 12.25 40
    endloop
  endfacet
  facet normal -0 -0 1
    outer loop
      vertex 49.25 -3.5 40
      vertex 68.5128 -11.3406 40
      vertex 49.2136 -2.94526 40
    endloop
  endfacet
  facet normal 0 0 1
    outer loop
      vertex 47.0284 4.04352 40
      vertex 67.7153 12.25 40
      vertex 67.536 12.6137 40
    endloop
  endfacet
  facet normal 0 0 1
    outer loop
      vertex 68.5128 -11.3406 40
      vertex 49.25 -3.5 40
      vertex 68.208 -11.608 40
    endloop
  endfacet
  facet normal 0 0 1
    outer loop
      vertex 46.9401 4.30363 40
      vertex 67.536 12.6137 40
      vertex 67.4056 12.9977 40
    endloop
  endfacet
  facet normal -0 0 1
    outer loop
      vertex 49.2136 -4.05474 40
      vertex 68.208 -11.608 40
      vertex 49.25 -3.5 40
    endloop
  endfacet
  facet normal 0 0 1
    outer loop
      vertex 46.8187 4.55 40
      vertex 67.4056 12.9977 40
      vertex 67.3265 13.3954 40
    endloop
  endfacet
  facet normal 0 0 1
    outer loop
      vertex 68.208 -11.608 40
      vertex 49.2136 -4.05474 40
      vertex 67.9406 -11.9128 40
    endloop
  endfacet
  facet normal 0 0 1
    outer loop
      vertex 46.4849 4.98492 40
      vertex 67.3265 13.3954 40
      vertex 67.3 13.8 40
    endloop
  endfacet
  facet normal -0 0 1
    outer loop
      vertex 49.1052 -4.59998 40
      vertex 67.7153 -12.25 40
      vertex 49.2136 -4.05474 40
    endloop
  endfacet
  facet normal 0 0 1
    outer loop
      vertex 73.0847 15.35 40
      vertex 74.4 15.4 40
      vertex 74.3743 15.7916 40
    endloop
  endfacet
  facet normal 0 0 1
    outer loop
      vertex 73.4735 13.3954 40
      vertex 74.4 15.4 40
      vertex 73.5 13.8 40
    endloop
  endfacet
  facet normal 0 0 1
    outer loop
      vertex 73.0847 15.35 40
      vertex 74.3743 15.7916 40
      vertex 74.2978 16.1764 40
    endloop
  endfacet
  facet normal 0 0 1
    outer loop
      vertex 73.3944 12.9977 40
      vertex 74.4 15.4 40
      vertex 73.4735 13.3954 40
    endloop
  endfacet
  facet normal 0 0 1
    outer loop
      vertex 72.8594 15.6872 40
      vertex 74.2978 16.1764 40
      vertex 74.1716 16.548 40
    endloop
  endfacet
  facet normal -0 0 1
    outer loop
      vertex 73.4735 -14.2046 40
      vertex 74.4 -15.4 40
      vertex 73.5 -13.8 40
    endloop
  endfacet
  facet normal 0 0 1
    outer loop
      vertex 72.8594 15.6872 40
      vertex 74.1716 16.548 40
      vertex 73.9981 16.9 40
    endloop
  endfacet
  facet normal -0 0 1
    outer loop
      vertex 73.3944 -14.6023 40
      vertex 74.4 -15.4 40
      vertex 73.4735 -14.2046 40
    endloop
  endfacet
  facet normal 0 0 1
    outer loop
      vertex 72.592 15.992 40
      vertex 73.9981 16.9 40
      vertex 73.78 17.2263 40
    endloop
  endfacet
  facet normal -0 0 1
    outer loop
      vertex 73.264 -14.9863 40
      vertex 74.4 -15.4 40
      vertex 73.3944 -14.6023 40
    endloop
  endfacet
  facet normal 0 0 1
    outer loop
      vertex 72.2872 16.2594 40
      vertex 73.78 17.2263 40
      vertex 73.5213 17.5213 40
    endloop
  endfacet
  facet normal -0 0 1
    outer loop
      vertex 73.0847 -15.35 40
      vertex 74.4 -15.4 40
      vertex 73.264 -14.9863 40
    endloop
  endfacet
  facet normal 0 0 1
    outer loop
      vertex 74.4 -15.4 40
      vertex 73.0847 -15.35 40
      vertex 74.3743 -15.7916 40
    endloop
  endfacet
  facet normal 0 0 1
    outer loop
      vertex 74.4 15.4 40
      vertex 73.4735 14.2046 40
      vertex 73.5 13.8 40
    endloop
  endfacet
  facet normal 0 0 1
    outer loop
      vertex 74.4 15.4 40
      vertex 73.3944 14.6023 40
      vertex 73.4735 14.2046 40
    endloop
  endfacet
  facet normal 0 0 1
    outer loop
      vertex 74.4 15.4 40
      vertex 73.264 14.9863 40
      vertex 73.3944 14.6023 40
    endloop
  endfacet
  facet normal 0 0 1
    outer loop
      vertex 72.2872 16.2594 40
      vertex 73.5213 17.5213 40
      vertex 73.2263 17.78 40
    endloop
  endfacet
  facet normal 0 0 1
    outer loop
      vertex 74.4 15.4 40
      vertex 73.0847 15.35 40
      vertex 73.264 14.9863 40
    endloop
  endfacet
  facet normal 0 0 1
    outer loop
      vertex 71.95 16.4847 40
      vertex 73.2263 17.78 40
      vertex 72.9 17.9981 40
    endloop
  endfacet
  facet normal 0 0 1
    outer loop
      vertex 74.2978 16.1764 40
      vertex 72.8594 15.6872 40
      vertex 73.0847 15.35 40
    endloop
  endfacet
  facet normal 0 0 1
    outer loop
      vertex 73.9981 16.9 40
      vertex 72.592 15.992 40
      vertex 72.8594 15.6872 40
    endloop
  endfacet
  facet normal 0 0 1
    outer loop
      vertex 71.95 16.4847 40
      vertex 72.9 17.9981 40
      vertex 72.548 18.1716 40
    endloop
  endfacet
  facet normal 0 0 1
    outer loop
      vertex 73.78 17.2263 40
      vertex 72.2872 16.2594 40
      vertex 72.592 15.992 40
    endloop
  endfacet
  facet normal 0 0 1
    outer loop
      vertex 71.5863 16.664 40
      vertex 72.548 18.1716 40
      vertex 72.1764 18.2978 40
    endloop
  endfacet
  facet normal 0 0 1
    outer loop
      vertex 73.2263 17.78 40
      vertex 71.95 16.4847 40
      vertex 72.2872 16.2594 40
    endloop
  endfacet
  facet normal 0 0 1
    outer loop
      vertex 71.5863 16.664 40
      vertex 72.1764 18.2978 40
      vertex 71.7916 18.3743 40
    endloop
  endfacet
  facet normal 0 0 1
    outer loop
      vertex 72.548 18.1716 40
      vertex 71.5863 16.664 40
      vertex 71.95 16.4847 40
    endloop
  endfacet
  facet normal 0 0 1
    outer loop
      vertex 71.2023 16.7944 40
      vertex 71.7916 18.3743 40
      vertex 71.4 18.4 40
    endloop
  endfacet
  facet normal 0 0 1
    outer loop
      vertex 71.7916 18.3743 40
      vertex 71.2023 16.7944 40
      vertex 71.5863 16.664 40
    endloop
  endfacet
  facet normal 0 0 1
    outer loop
      vertex 71.4 18.4 40
      vertex 70.8046 16.8735 40
      vertex 71.2023 16.7944 40
    endloop
  endfacet
  facet normal 0 0 1
    outer loop
      vertex 71.4 18.4 40
      vertex 70.4 16.9 40
      vertex 70.8046 16.8735 40
    endloop
  endfacet
  facet normal 0 0 1
    outer loop
      vertex 71.4 18.4 40
      vertex 69.9954 16.8735 40
      vertex 70.4 16.9 40
    endloop
  endfacet
  facet normal 0 0 1
    outer loop
      vertex 71.4 18.4 40
      vertex 69.5977 16.7944 40
      vertex 69.9954 16.8735 40
    endloop
  endfacet
  facet normal 0 0 1
    outer loop
      vertex 71.4 18.4 40
      vertex 69.2137 16.664 40
      vertex 69.5977 16.7944 40
    endloop
  endfacet
  facet normal 0 0 1
    outer loop
      vertex 71.4 18.4 40
      vertex 68.85 16.4847 40
      vertex 69.2137 16.664 40
    endloop
  endfacet
  facet normal 0 0 1
    outer loop
      vertex 71.4 18.4 40
      vertex 68.5128 16.2594 40
      vertex 68.85 16.4847 40
    endloop
  endfacet
  facet normal 0 0 1
    outer loop
      vertex 67.7153 -12.25 40
      vertex 49.1052 -4.59998 40
      vertex 67.536 -12.6137 40
    endloop
  endfacet
  facet normal 0 0 1
    outer loop
      vertex 46.2784 5.16604 40
      vertex 67.3 13.8 40
      vertex 67.3265 14.2046 40
    endloop
  endfacet
  facet normal 0 0 1
    outer loop
      vertex 46.05 5.31865 40
      vertex 67.3265 14.2046 40
      vertex 67.4056 14.6023 40
    endloop
  endfacet
  facet normal 0 0 1
    outer loop
      vertex 45.8036 5.44015 40
      vertex 67.4056 14.6023 40
      vertex 67.536 14.9863 40
    endloop
  endfacet
  facet normal 0 0 1
    outer loop
      vertex 45.5435 5.52844 40
      vertex 67.536 14.9863 40
      vertex 67.7153 15.35 40
    endloop
  endfacet
  facet normal 0 0 1
    outer loop
      vertex 45.2741 5.58203 40
      vertex 67.7153 15.35 40
      vertex 67.9406 15.6872 40
    endloop
  endfacet
  facet normal 0 0 1
    outer loop
      vertex 45 5.6 40
      vertex 67.9406 15.6872 40
      vertex 68.208 15.992 40
    endloop
  endfacet
  facet normal -0 0 1
    outer loop
      vertex 48.9265 -5.1264 40
      vertex 67.536 -12.6137 40
      vertex 49.1052 -4.59998 40
    endloop
  endfacet
  facet normal 0 0 1
    outer loop
      vertex 67.9406 -11.9128 40
      vertex 49.2136 -4.05474 40
      vertex 67.7153 -12.25 40
    endloop
  endfacet
  facet normal 0 0 1
    outer loop
      vertex 68.5128 11.3406 40
      vertex 48.9265 -1.8736 40
      vertex 49.1052 -2.40002 40
    endloop
  endfacet
  facet normal 0 0 1
    outer loop
      vertex 68.208 11.608 40
      vertex 48.6806 -1.375 40
      vertex 48.9265 -1.8736 40
    endloop
  endfacet
  facet normal 0 0 1
    outer loop
      vertex 67.9406 11.9128 40
      vertex 47.082 3.7741 40
      vertex 48.6806 -1.375 40
    endloop
  endfacet
  facet normal 0 0 1
    outer loop
      vertex 44.7259 5.58203 40
      vertex 68.208 15.992 40
      vertex 68.5128 16.2594 40
    endloop
  endfacet
  facet normal -0 -0 1
    outer loop
      vertex 47.1 3.5 40
      vertex 48.6806 -1.375 40
      vertex 47.082 3.7741 40
    endloop
  endfacet
  facet normal 0 0 1
    outer loop
      vertex 48.3717 -0.912764 40
      vertex 47.1 3.5 40
      vertex 48.0052 -0.494796 40
    endloop
  endfacet
  facet normal 0 0 1
    outer loop
      vertex 48.0052 -0.494796 40
      vertex 47.1 3.5 40
      vertex 47.5872 -0.128248 40
    endloop
  endfacet
  facet normal 0 0 1
    outer loop
      vertex 47.5872 -0.128248 40
      vertex 47.1 3.5 40
      vertex 47.125 0.180608 40
    endloop
  endfacet
  facet normal 0 0 1
    outer loop
      vertex 44.4565 5.52844 40
      vertex 68.5128 16.2594 40
      vertex 71.4 18.4 40
    endloop
  endfacet
  facet normal 0 0 1
    outer loop
      vertex 48.6806 -1.375 40
      vertex 47.1 3.5 40
      vertex 48.3717 -0.912764 40
    endloop
  endfacet
  facet normal 0 0 1
    outer loop
      vertex 67.7153 12.25 40
      vertex 47.0284 4.04352 40
      vertex 47.082 3.7741 40
    endloop
  endfacet
  facet normal 0 0 1
    outer loop
      vertex 67.536 12.6137 40
      vertex 46.9401 4.30363 40
      vertex 47.0284 4.04352 40
    endloop
  endfacet
  facet normal 0 0 1
    outer loop
      vertex 67.4056 12.9977 40
      vertex 46.8187 4.55 40
      vertex 46.9401 4.30363 40
    endloop
  endfacet
  facet normal 0 0 1
    outer loop
      vertex 67.3265 13.3954 40
      vertex 46.666 4.7784 40
      vertex 46.8187 4.55 40
    endloop
  endfacet
  facet normal 0 0 1
    outer loop
      vertex 67.3265 13.3954 40
      vertex 46.4849 4.98492 40
      vertex 46.666 4.7784 40
    endloop
  endfacet
  facet normal 0 0 1
    outer loop
      vertex 67.3 13.8 40
      vertex 46.2784 5.16604 40
      vertex 46.4849 4.98492 40
    endloop
  endfacet
  facet normal 0 0 1
    outer loop
      vertex 67.3265 14.2046 40
      vertex 46.05 5.31865 40
      vertex 46.2784 5.16604 40
    endloop
  endfacet
  facet normal 0 0 1
    outer loop
      vertex 67.4056 14.6023 40
      vertex 45.8036 5.44015 40
      vertex 46.05 5.31865 40
    endloop
  endfacet
  facet normal 0 0 1
    outer loop
      vertex 67.536 14.9863 40
      vertex 45.5435 5.52844 40
      vertex 45.8036 5.44015 40
    endloop
  endfacet
  facet normal 0 0 1
    outer loop
      vertex 67.7153 15.35 40
      vertex 45.2741 5.58203 40
      vertex 45.5435 5.52844 40
    endloop
  endfacet
  facet normal 0 0 1
    outer loop
      vertex 67.9406 15.6872 40
      vertex 45 5.6 40
      vertex 45.2741 5.58203 40
    endloop
  endfacet
  facet normal 0 0 1
    outer loop
      vertex 68.208 15.992 40
      vertex 44.7259 5.58203 40
      vertex 45 5.6 40
    endloop
  endfacet
  facet normal 0 0 1
    outer loop
      vertex 68.5128 16.2594 40
      vertex 44.4565 5.52844 40
      vertex 44.7259 5.58203 40
    endloop
  endfacet
  facet normal 0 0 1
    outer loop
      vertex 71.4 18.4 40
      vertex 44.1964 5.44015 40
      vertex 44.4565 5.52844 40
    endloop
  endfacet
  facet normal 0 0 1
    outer loop
      vertex 42.9 3.5 40
      vertex 42.875 0.180608 40
      vertex 42.9 0.192937 40
    endloop
  endfacet
  facet normal 0 0 1
    outer loop
      vertex 42.9 3.5 40
      vertex 42.4128 -0.128248 40
      vertex 42.875 0.180608 40
    endloop
  endfacet
  facet normal 0 0 1
    outer loop
      vertex 41.3194 -1.375 40
      vertex 42.9 3.5 40
      vertex 42.918 3.7741 40
    endloop
  endfacet
  facet normal 0 0 1
    outer loop
      vertex 42.9 3.5 40
      vertex 41.9948 -0.494796 40
      vertex 42.4128 -0.128248 40
    endloop
  endfacet
  facet normal 0 0 1
    outer loop
      vertex 41.0735 -1.8736 40
      vertex 42.918 3.7741 40
      vertex 42.9716 4.04352 40
    endloop
  endfacet
  facet normal 0 0 1
    outer loop
      vertex 42.9 3.5 40
      vertex 41.6283 -0.912764 40
      vertex 41.9948 -0.494796 40
    endloop
  endfacet
  facet normal 0 0 1
    outer loop
      vertex 42.9 3.5 40
      vertex 41.3194 -1.375 40
      vertex 41.6283 -0.912764 40
    endloop
  endfacet
  facet normal 0 0 1
    outer loop
      vertex 42.918 3.7741 40
      vertex 41.0735 -1.8736 40
      vertex 41.3194 -1.375 40
    endloop
  endfacet
  facet normal 0 0 1
    outer loop
      vertex 5 -16.35 40
      vertex 41.0735 -1.8736 40
      vertex 42.9716 4.04352 40
    endloop
  endfacet
  facet normal 0 0 1
    outer loop
      vertex 40.7864 -2.94526 40
      vertex 5 -16.35 40
      vertex 40.75 -3.5 40
    endloop
  endfacet
  facet normal 0 0 1
    outer loop
      vertex 40.8948 -2.40002 40
      vertex 5 -16.35 40
      vertex 40.7864 -2.94526 40
    endloop
  endfacet
  facet normal 0 0 1
    outer loop
      vertex 41.0735 -1.8736 40
      vertex 5 -16.35 40
      vertex 40.8948 -2.40002 40
    endloop
  endfacet
  facet normal 0 0 1
    outer loop
      vertex 43.0599 4.30363 40
      vertex 5 -16.35 40
      vertex 42.9716 4.04352 40
    endloop
  endfacet
  facet normal 0 0 1
    outer loop
      vertex 43.1813 4.55 40
      vertex 5 -16.35 40
      vertex 43.0599 4.30363 40
    endloop
  endfacet
  facet normal 0 0 1
    outer loop
      vertex 43.334 4.7784 40
      vertex 5 -16.35 40
      vertex 43.1813 4.55 40
    endloop
  endfacet
  facet normal 0 0 1
    outer loop
      vertex -43.334 4.7784 40
      vertex 43.334 4.7784 40
      vertex 43.5151 4.98492 40
    endloop
  endfacet
  facet normal 0 0 1
    outer loop
      vertex -43.5151 4.98492 40
      vertex 43.5151 4.98492 40
      vertex 43.7216 5.16604 40
    endloop
  endfacet
  facet normal 0 0 1
    outer loop
      vertex -43.7216 5.16604 40
      vertex 43.7216 5.16604 40
      vertex 43.95 5.31865 40
    endloop
  endfacet
  facet normal 0 0 1
    outer loop
      vertex 43.334 4.7784 40
      vertex -5 -16.35 40
      vertex 5 -16.35 40
    endloop
  endfacet
  facet normal 0 0 1
    outer loop
      vertex -43.95 5.31865 40
      vertex 43.95 5.31865 40
      vertex 44.1964 5.44015 40
    endloop
  endfacet
  facet normal 0 0 1
    outer loop
      vertex -44.1964 5.44015 40
      vertex 44.1964 5.44015 40
      vertex 71.4 18.4 40
    endloop
  endfacet
  facet normal -0 0 1
    outer loop
      vertex -40.7864 -4.05474 40
      vertex -5 -16.35 40
      vertex -40.75 -3.5 40
    endloop
  endfacet
  facet normal 0 0 1
    outer loop
      vertex 43.5151 4.98492 40
      vertex -43.5151 4.98492 40
      vertex -43.334 4.7784 40
    endloop
  endfacet
  facet normal 0 0 1
    outer loop
      vertex -5 -16.35 40
      vertex -40.7864 -2.94526 40
      vertex -40.75 -3.5 40
    endloop
  endfacet
  facet normal 0 0 1
    outer loop
      vertex -5 -16.35 40
      vertex -40.8948 -2.40002 40
      vertex -40.7864 -2.94526 40
    endloop
  endfacet
  facet normal 0 0 1
    outer loop
      vertex -5 -16.35 40
      vertex -41.0735 -1.8736 40
      vertex -40.8948 -2.40002 40
    endloop
  endfacet
  facet normal 0 0 1
    outer loop
      vertex -5 -16.35 40
      vertex -42.9716 4.04352 40
      vertex -41.0735 -1.8736 40
    endloop
  endfacet
  facet normal -0 -0 1
    outer loop
      vertex -42.918 3.7741 40
      vertex -41.0735 -1.8736 40
      vertex -42.9716 4.04352 40
    endloop
  endfacet
  facet normal 0 0 1
    outer loop
      vertex -41.0735 -1.8736 40
      vertex -42.918 3.7741 40
      vertex -41.3194 -1.375 40
    endloop
  endfacet
  facet normal 0 0 1
    outer loop
      vertex -41.3194 -1.375 40
      vertex -42.9 3.5 40
      vertex -41.6283 -0.912764 40
    endloop
  endfacet
  facet normal 0 0 1
    outer loop
      vertex -41.6283 -0.912764 40
      vertex -42.9 3.5 40
      vertex -41.9948 -0.494796 40
    endloop
  endfacet
  facet normal 0 0 1
    outer loop
      vertex -42.4128 -0.128248 40
      vertex -42.9 3.5 40
      vertex -42.875 0.180608 40
    endloop
  endfacet
  facet normal 0 0 1
    outer loop
      vertex -41.9948 -0.494796 40
      vertex -42.9 3.5 40
      vertex -42.4128 -0.128248 40
    endloop
  endfacet
  facet normal -0 -0 1
    outer loop
      vertex -42.9 3.5 40
      vertex -41.3194 -1.375 40
      vertex -42.918 3.7741 40
    endloop
  endfacet
  facet normal 0 0 1
    outer loop
      vertex -5 -16.35 40
      vertex -43.0599 4.30363 40
      vertex -42.9716 4.04352 40
    endloop
  endfacet
  facet normal 0 0 1
    outer loop
      vertex -5 -16.35 40
      vertex -43.1813 4.55 40
      vertex -43.0599 4.30363 40
    endloop
  endfacet
  facet normal 0 0 1
    outer loop
      vertex -5 -16.35 40
      vertex -43.334 4.7784 40
      vertex -43.1813 4.55 40
    endloop
  endfacet
  facet normal 0 0 1
    outer loop
      vertex 43.334 4.7784 40
      vertex -43.334 4.7784 40
      vertex -5 -16.35 40
    endloop
  endfacet
  facet normal 0 0 1
    outer loop
      vertex 43.7216 5.16604 40
      vertex -43.7216 5.16604 40
      vertex -43.5151 4.98492 40
    endloop
  endfacet
  facet normal 0 0 1
    outer loop
      vertex 43.95 5.31865 40
      vertex -43.95 5.31865 40
      vertex -43.7216 5.16604 40
    endloop
  endfacet
  facet normal 0 0 1
    outer loop
      vertex 44.1964 5.44015 40
      vertex -44.1964 5.44015 40
      vertex -43.95 5.31865 40
    endloop
  endfacet
  facet normal 0 0 1
    outer loop
      vertex 71.4 18.4 40
      vertex -44.4565 5.52844 40
      vertex -44.1964 5.44015 40
    endloop
  endfacet
  facet normal -0 0 1
    outer loop
      vertex -71.4 18.4 40
      vertex -44.4565 5.52844 40
      vertex 71.4 18.4 40
    endloop
  endfacet
  facet normal -0 -0 1
    outer loop
      vertex -68.5128 16.2594 40
      vertex -44.4565 5.52844 40
      vertex -71.4 18.4 40
    endloop
  endfacet
  facet normal 0 0 1
    outer loop
      vertex -44.4565 5.52844 40
      vertex -68.5128 16.2594 40
      vertex -44.7259 5.58203 40
    endloop
  endfacet
  facet normal 0 0 1
    outer loop
      vertex -47.1 3.5 40
      vertex -47.125 0.180608 40
      vertex -47.1 0.192937 40
    endloop
  endfacet
  facet normal 0 0 1
    outer loop
      vertex -47.1 3.5 40
      vertex -47.5872 -0.128248 40
      vertex -47.125 0.180608 40
    endloop
  endfacet
  facet normal 0 0 1
    outer loop
      vertex -48.6806 -1.375 40
      vertex -47.1 3.5 40
      vertex -47.082 3.7741 40
    endloop
  endfacet
  facet normal 0 0 1
    outer loop
      vertex -47.1 3.5 40
      vertex -48.0052 -0.494796 40
      vertex -47.5872 -0.128248 40
    endloop
  endfacet
  facet normal 0 0 1
    outer loop
      vertex -46.8187 4.55 40
      vertex -67.4056 12.9977 40
      vertex -46.9401 4.30363 40
    endloop
  endfacet
  facet normal 0 0 1
    outer loop
      vertex -47.1 3.5 40
      vertex -48.3717 -0.912764 40
      vertex -48.0052 -0.494796 40
    endloop
  endfacet
  facet normal 0 0 1
    outer loop
      vertex -47.1 3.5 40
      vertex -48.6806 -1.375 40
      vertex -48.3717 -0.912764 40
    endloop
  endfacet
  facet normal -0 0 1
    outer loop
      vertex -67.536 12.6137 40
      vertex -46.9401 4.30363 40
      vertex -67.4056 12.9977 40
    endloop
  endfacet
  facet normal 0 0 1
    outer loop
      vertex -46.9401 4.30363 40
      vertex -67.536 12.6137 40
      vertex -47.0284 4.04352 40
    endloop
  endfacet
  facet normal -0 0 1
    outer loop
      vertex -67.9406 11.9128 40
      vertex -47.082 3.7741 40
      vertex -67.7153 12.25 40
    endloop
  endfacet
  facet normal 0 0 1
    outer loop
      vertex -47.0284 4.04352 40
      vertex -67.7153 12.25 40
      vertex -47.082 3.7741 40
    endloop
  endfacet
  facet normal -0 0 1
    outer loop
      vertex -67.7153 12.25 40
      vertex -47.0284 4.04352 40
      vertex -67.536 12.6137 40
    endloop
  endfacet
  facet normal -0 0 1
    outer loop
      vertex -67.4056 12.9977 40
      vertex -46.8187 4.55 40
      vertex -67.3265 13.3954 40
    endloop
  endfacet
  facet normal 0 0 1
    outer loop
      vertex -46.666 4.7784 40
      vertex -67.3265 13.3954 40
      vertex -46.8187 4.55 40
    endloop
  endfacet
  facet normal 0 0 1
    outer loop
      vertex -46.4849 4.98492 40
      vertex -67.3265 13.3954 40
      vertex -46.666 4.7784 40
    endloop
  endfacet
  facet normal -0 0 1
    outer loop
      vertex -67.3265 13.3954 40
      vertex -46.4849 4.98492 40
      vertex -67.3 13.8 40
    endloop
  endfacet
  facet normal 0 0 1
    outer loop
      vertex -46.2784 5.16604 40
      vertex -67.3 13.8 40
      vertex -46.4849 4.98492 40
    endloop
  endfacet
  facet normal 0 0 1
    outer loop
      vertex -67.3265 14.2046 40
      vertex -46.2784 5.16604 40
      vertex -46.05 5.31865 40
    endloop
  endfacet
  facet normal 0 0 1
    outer loop
      vertex -67.4056 14.6023 40
      vertex -46.05 5.31865 40
      vertex -45.8036 5.44015 40
    endloop
  endfacet
  facet normal 0 0 1
    outer loop
      vertex -67.536 14.9863 40
      vertex -45.8036 5.44015 40
      vertex -45.5435 5.52844 40
    endloop
  endfacet
  facet normal 0 0 1
    outer loop
      vertex -67.7153 15.35 40
      vertex -45.5435 5.52844 40
      vertex -45.2741 5.58203 40
    endloop
  endfacet
  facet normal -0 -0 1
    outer loop
      vertex -68.208 15.992 40
      vertex -44.7259 5.58203 40
      vertex -68.5128 16.2594 40
    endloop
  endfacet
  facet normal 0 0 1
    outer loop
      vertex -46.2784 5.16604 40
      vertex -67.3265 14.2046 40
      vertex -67.3 13.8 40
    endloop
  endfacet
  facet normal 0 0 1
    outer loop
      vertex -46.05 5.31865 40
      vertex -67.4056 14.6023 40
      vertex -67.3265 14.2046 40
    endloop
  endfacet
  facet normal 0 0 1
    outer loop
      vertex -45.8036 5.44015 40
      vertex -67.536 14.9863 40
      vertex -67.4056 14.6023 40
    endloop
  endfacet
  facet normal 0 0 1
    outer loop
      vertex -45.5435 5.52844 40
      vertex -67.7153 15.35 40
      vertex -67.536 14.9863 40
    endloop
  endfacet
  facet normal 0 0 1
    outer loop
      vertex -45.2741 5.58203 40
      vertex -67.9406 15.6872 40
      vertex -67.7153 15.35 40
    endloop
  endfacet
  facet normal 0 0 1
    outer loop
      vertex -45 5.6 40
      vertex -67.9406 15.6872 40
      vertex -45.2741 5.58203 40
    endloop
  endfacet
  facet normal -0 -0 1
    outer loop
      vertex -67.9406 15.6872 40
      vertex -45 5.6 40
      vertex -68.208 15.992 40
    endloop
  endfacet
  facet normal 0 0 1
    outer loop
      vertex -44.7259 5.58203 40
      vertex -68.208 15.992 40
      vertex -45 5.6 40
    endloop
  endfacet
  facet normal 0 0 1
    outer loop
      vertex -68.5128 16.2594 40
      vertex -71.4 18.4 40
      vertex -68.85 16.4847 40
    endloop
  endfacet
  facet normal 0 0 1
    outer loop
      vertex -68.85 16.4847 40
      vertex -71.4 18.4 40
      vertex -69.2137 16.664 40
    endloop
  endfacet
  facet normal 0 0 1
    outer loop
      vertex -69.2137 16.664 40
      vertex -71.4 18.4 40
      vertex -69.5977 16.7944 40
    endloop
  endfacet
  facet normal 0 0 1
    outer loop
      vertex -69.5977 16.7944 40
      vertex -71.4 18.4 40
      vertex -69.9954 16.8735 40
    endloop
  endfacet
  facet normal 0 0 1
    outer loop
      vertex -69.9954 16.8735 40
      vertex -71.4 18.4 40
      vertex -70.4 16.9 40
    endloop
  endfacet
  facet normal 0 0 1
    outer loop
      vertex -71.4 18.4 40
      vertex -70.8046 16.8735 40
      vertex -70.4 16.9 40
    endloop
  endfacet
  facet normal 0 0 1
    outer loop
      vertex -71.4 18.4 40
      vertex -71.2023 16.7944 40
      vertex -70.8046 16.8735 40
    endloop
  endfacet
  facet normal -0 0 1
    outer loop
      vertex -71.7916 18.3743 40
      vertex -71.2023 16.7944 40
      vertex -71.4 18.4 40
    endloop
  endfacet
  facet normal 0 0 1
    outer loop
      vertex -71.2023 16.7944 40
      vertex -71.7916 18.3743 40
      vertex -71.5863 16.664 40
    endloop
  endfacet
  facet normal -0 0 1
    outer loop
      vertex -72.1764 18.2978 40
      vertex -71.5863 16.664 40
      vertex -71.7916 18.3743 40
    endloop
  endfacet
  facet normal -0 0 1
    outer loop
      vertex -72.548 18.1716 40
      vertex -71.5863 16.664 40
      vertex -72.1764 18.2978 40
    endloop
  endfacet
  facet normal 0 0 1
    outer loop
      vertex -71.5863 16.664 40
      vertex -72.548 18.1716 40
      vertex -71.95 16.4847 40
    endloop
  endfacet
  facet normal -0 0 1
    outer loop
      vertex -72.9 17.9981 40
      vertex -71.95 16.4847 40
      vertex -72.548 18.1716 40
    endloop
  endfacet
  facet normal -0 0 1
    outer loop
      vertex -73.2263 17.78 40
      vertex -71.95 16.4847 40
      vertex -72.9 17.9981 40
    endloop
  endfacet
  facet normal 0 0 1
    outer loop
      vertex -71.95 16.4847 40
      vertex -73.2263 17.78 40
      vertex -72.2872 16.2594 40
    endloop
  endfacet
  facet normal -0 0 1
    outer loop
      vertex -73.5213 17.5213 40
      vertex -72.2872 16.2594 40
      vertex -73.2263 17.78 40
    endloop
  endfacet
  facet normal -0 0 1
    outer loop
      vertex -73.78 17.2263 40
      vertex -72.2872 16.2594 40
      vertex -73.5213 17.5213 40
    endloop
  endfacet
  facet normal 0 0 1
    outer loop
      vertex -72.2872 16.2594 40
      vertex -73.78 17.2263 40
      vertex -72.592 15.992 40
    endloop
  endfacet
  facet normal -0 0 1
    outer loop
      vertex -73.9981 16.9 40
      vertex -72.592 15.992 40
      vertex -73.78 17.2263 40
    endloop
  endfacet
  facet normal 0 0 1
    outer loop
      vertex -72.592 15.992 40
      vertex -73.9981 16.9 40
      vertex -72.8594 15.6872 40
    endloop
  endfacet
  facet normal -0 0 1
    outer loop
      vertex -74.1716 16.548 40
      vertex -72.8594 15.6872 40
      vertex -73.9981 16.9 40
    endloop
  endfacet
  facet normal -0 0 1
    outer loop
      vertex -74.3743 15.7916 40
      vertex -73.0847 15.35 40
      vertex -74.2978 16.1764 40
    endloop
  endfacet
  facet normal 0 0 1
    outer loop
      vertex -72.8594 15.6872 40
      vertex -74.2978 16.1764 40
      vertex -73.0847 15.35 40
    endloop
  endfacet
  facet normal -0 0 1
    outer loop
      vertex -74.2978 16.1764 40
      vertex -72.8594 15.6872 40
      vertex -74.1716 16.548 40
    endloop
  endfacet
  facet normal 0 0 1
    outer loop
      vertex 74.3743 -15.7916 40
      vertex 73.0847 -15.35 40
      vertex 74.2978 -16.1764 40
    endloop
  endfacet
  facet normal -0 0 1
    outer loop
      vertex 72.8594 -15.6872 40
      vertex 74.2978 -16.1764 40
      vertex 73.0847 -15.35 40
    endloop
  endfacet
  facet normal 0 0 1
    outer loop
      vertex 74.2978 -16.1764 40
      vertex 72.8594 -15.6872 40
      vertex 74.1716 -16.548 40
    endloop
  endfacet
  facet normal 0 0 1
    outer loop
      vertex 74.1716 -16.548 40
      vertex 72.8594 -15.6872 40
      vertex 73.9981 -16.9 40
    endloop
  endfacet
  facet normal -0 0 1
    outer loop
      vertex 72.592 -15.992 40
      vertex 73.9981 -16.9 40
      vertex 72.8594 -15.6872 40
    endloop
  endfacet
  facet normal 0 0 1
    outer loop
      vertex 73.9981 -16.9 40
      vertex 72.592 -15.992 40
      vertex 73.78 -17.2263 40
    endloop
  endfacet
  facet normal -0 0 1
    outer loop
      vertex 72.2872 -16.2594 40
      vertex 73.78 -17.2263 40
      vertex 72.592 -15.992 40
    endloop
  endfacet
  facet normal 0 0 1
    outer loop
      vertex 73.78 -17.2263 40
      vertex 72.2872 -16.2594 40
      vertex 73.5213 -17.5213 40
    endloop
  endfacet
  facet normal 0 0 1
    outer loop
      vertex 73.5213 -17.5213 40
      vertex 72.2872 -16.2594 40
      vertex 73.2263 -17.78 40
    endloop
  endfacet
  facet normal -0 0 1
    outer loop
      vertex 71.95 -16.4847 40
      vertex 73.2263 -17.78 40
      vertex 72.2872 -16.2594 40
    endloop
  endfacet
  facet normal 0 0 1
    outer loop
      vertex 73.2263 -17.78 40
      vertex 71.95 -16.4847 40
      vertex 72.9 -17.9981 40
    endloop
  endfacet
  facet normal 0 0 1
    outer loop
      vertex 72.9 -17.9981 40
      vertex 71.95 -16.4847 40
      vertex 72.548 -18.1716 40
    endloop
  endfacet
  facet normal -0 0 1
    outer loop
      vertex 71.5863 -16.664 40
      vertex 72.548 -18.1716 40
      vertex 71.95 -16.4847 40
    endloop
  endfacet
  facet normal 0 0 1
    outer loop
      vertex 72.548 -18.1716 40
      vertex 71.5863 -16.664 40
      vertex 72.1764 -18.2978 40
    endloop
  endfacet
  facet normal 0 0 1
    outer loop
      vertex 72.1764 -18.2978 40
      vertex 71.5863 -16.664 40
      vertex 71.7916 -18.3743 40
    endloop
  endfacet
  facet normal -0 0 1
    outer loop
      vertex 71.2023 -16.7944 40
      vertex 71.7916 -18.3743 40
      vertex 71.5863 -16.664 40
    endloop
  endfacet
  facet normal 0 0 1
    outer loop
      vertex 71.7916 -18.3743 40
      vertex 71.2023 -16.7944 40
      vertex 71.4 -18.4 40
    endloop
  endfacet
  facet normal -0 0 1
    outer loop
      vertex 70.8046 -16.8735 40
      vertex 71.4 -18.4 40
      vertex 71.2023 -16.7944 40
    endloop
  endfacet
  facet normal -0 0 1
    outer loop
      vertex 70.4 -16.9 40
      vertex 71.4 -18.4 40
      vertex 70.8046 -16.8735 40
    endloop
  endfacet
  facet normal 0 0 1
    outer loop
      vertex 69.9954 -16.8735 40
      vertex 71.4 -18.4 40
      vertex 70.4 -16.9 40
    endloop
  endfacet
  facet normal 0 0 1
    outer loop
      vertex 69.5977 -16.7944 40
      vertex 71.4 -18.4 40
      vertex 69.9954 -16.8735 40
    endloop
  endfacet
  facet normal 0 0 1
    outer loop
      vertex 69.2137 -16.664 40
      vertex 71.4 -18.4 40
      vertex 69.5977 -16.7944 40
    endloop
  endfacet
  facet normal 0 0 1
    outer loop
      vertex 68.85 -16.4847 40
      vertex 71.4 -18.4 40
      vertex 69.2137 -16.664 40
    endloop
  endfacet
  facet normal 0 0 1
    outer loop
      vertex 68.5128 -16.2594 40
      vertex 71.4 -18.4 40
      vertex 68.85 -16.4847 40
    endloop
  endfacet
  facet normal 0 0 1
    outer loop
      vertex 67.536 -12.6137 40
      vertex 48.9265 -5.1264 40
      vertex 67.4056 -12.9977 40
    endloop
  endfacet
  facet normal -0 0 1
    outer loop
      vertex 48.6806 -5.625 40
      vertex 67.4056 -12.9977 40
      vertex 48.9265 -5.1264 40
    endloop
  endfacet
  facet normal 0 0 1
    outer loop
      vertex 67.4056 -12.9977 40
      vertex 48.6806 -5.625 40
      vertex 67.3265 -13.3954 40
    endloop
  endfacet
  facet normal -0 0 1
    outer loop
      vertex 48.3717 -6.08724 40
      vertex 67.3265 -13.3954 40
      vertex 48.6806 -5.625 40
    endloop
  endfacet
  facet normal 0 0 1
    outer loop
      vertex 67.3265 -13.3954 40
      vertex 48.3717 -6.08724 40
      vertex 67.3 -13.8 40
    endloop
  endfacet
  facet normal -0 0 1
    outer loop
      vertex 48.0052 -6.5052 40
      vertex 67.3 -13.8 40
      vertex 48.3717 -6.08724 40
    endloop
  endfacet
  facet normal 0 0 1
    outer loop
      vertex 67.3 -13.8 40
      vertex 48.0052 -6.5052 40
      vertex 67.3265 -14.2046 40
    endloop
  endfacet
  facet normal -0 0 1
    outer loop
      vertex 47.5872 -6.87175 40
      vertex 67.3265 -14.2046 40
      vertex 48.0052 -6.5052 40
    endloop
  endfacet
  facet normal 0 0 1
    outer loop
      vertex 67.3265 -14.2046 40
      vertex 47.5872 -6.87175 40
      vertex 67.4056 -14.6023 40
    endloop
  endfacet
  facet normal -0 0 1
    outer loop
      vertex 47.125 -7.18061 40
      vertex 67.4056 -14.6023 40
      vertex 47.5872 -6.87175 40
    endloop
  endfacet
  facet normal 0 0 1
    outer loop
      vertex 67.4056 -14.6023 40
      vertex 47.125 -7.18061 40
      vertex 67.536 -14.9863 40
    endloop
  endfacet
  facet normal -0 0 1
    outer loop
      vertex 46.6264 -7.42649 40
      vertex 67.536 -14.9863 40
      vertex 47.125 -7.18061 40
    endloop
  endfacet
  facet normal 0 0 1
    outer loop
      vertex 67.536 -14.9863 40
      vertex 46.6264 -7.42649 40
      vertex 67.7153 -15.35 40
    endloop
  endfacet
  facet normal -0 0 1
    outer loop
      vertex 46.1 -7.60518 40
      vertex 67.7153 -15.35 40
      vertex 46.6264 -7.42649 40
    endloop
  endfacet
  facet normal 0 0 1
    outer loop
      vertex 67.7153 -15.35 40
      vertex 46.1 -7.60518 40
      vertex 67.9406 -15.6872 40
    endloop
  endfacet
  facet normal -0 0 1
    outer loop
      vertex 45.5547 -7.71364 40
      vertex 67.9406 -15.6872 40
      vertex 46.1 -7.60518 40
    endloop
  endfacet
  facet normal 0 0 1
    outer loop
      vertex 67.9406 -15.6872 40
      vertex 45.5547 -7.71364 40
      vertex 68.208 -15.992 40
    endloop
  endfacet
  facet normal -0 0 1
    outer loop
      vertex 45 -7.75 40
      vertex 68.208 -15.992 40
      vertex 45.5547 -7.71364 40
    endloop
  endfacet
  facet normal 0 0 1
    outer loop
      vertex 68.208 -15.992 40
      vertex 45 -7.75 40
      vertex 68.5128 -16.2594 40
    endloop
  endfacet
  facet normal 0 0 1
    outer loop
      vertex 44.4453 -7.71364 40
      vertex 68.5128 -16.2594 40
      vertex 45 -7.75 40
    endloop
  endfacet
  facet normal 0 0 1
    outer loop
      vertex 68.5128 -16.2594 40
      vertex 44.4453 -7.71364 40
      vertex 71.4 -18.4 40
    endloop
  endfacet
  facet normal 0 0 1
    outer loop
      vertex 5 -18.4 40
      vertex 44.4453 -7.71364 40
      vertex 43.9 -7.60518 40
    endloop
  endfacet
  facet normal 0 0 1
    outer loop
      vertex 5 -18.4 40
      vertex 43.9 -7.60518 40
      vertex 43.3736 -7.42649 40
    endloop
  endfacet
  facet normal 0 0 1
    outer loop
      vertex 5 -16.35 40
      vertex 40.7864 -4.05474 40
      vertex 40.75 -3.5 40
    endloop
  endfacet
  facet normal 0 0 1
    outer loop
      vertex 5 -16.35 40
      vertex 40.8948 -4.59998 40
      vertex 40.7864 -4.05474 40
    endloop
  endfacet
  facet normal 0 0 1
    outer loop
      vertex 5 -16.35 40
      vertex 41.0735 -5.1264 40
      vertex 40.8948 -4.59998 40
    endloop
  endfacet
  facet normal 0 0 1
    outer loop
      vertex 5 -16.35 40
      vertex 41.3194 -5.625 40
      vertex 41.0735 -5.1264 40
    endloop
  endfacet
  facet normal 0 0 1
    outer loop
      vertex 5 -16.35 40
      vertex 41.6283 -6.08724 40
      vertex 41.3194 -5.625 40
    endloop
  endfacet
  facet normal 0 0 1
    outer loop
      vertex 5 -18.4 40
      vertex 41.6283 -6.08724 40
      vertex 5 -16.35 40
    endloop
  endfacet
  facet normal 0 0 1
    outer loop
      vertex 41.6283 -6.08724 40
      vertex 5 -18.4 40
      vertex 41.9948 -6.5052 40
    endloop
  endfacet
  facet normal 0 0 1
    outer loop
      vertex 41.9948 -6.5052 40
      vertex 5 -18.4 40
      vertex 42.4128 -6.87175 40
    endloop
  endfacet
  facet normal 0 0 1
    outer loop
      vertex 42.4128 -6.87175 40
      vertex 5 -18.4 40
      vertex 42.875 -7.18061 40
    endloop
  endfacet
  facet normal 0 0 1
    outer loop
      vertex 42.875 -7.18061 40
      vertex 5 -18.4 40
      vertex 43.3736 -7.42649 40
    endloop
  endfacet
  facet normal 0 0 1
    outer loop
      vertex 44.4453 -7.71364 40
      vertex 5 -18.4 40
      vertex 71.4 -18.4 40
    endloop
  endfacet
  facet normal 0 0 1
    outer loop
      vertex 47.125 0.180608 40
      vertex 47.1 3.5 40
      vertex 47.1 0.192937 40
    endloop
  endfacet
  facet normal -0 0 1
    outer loop
      vertex -40.8948 -4.59998 40
      vertex -5 -16.35 40
      vertex -40.7864 -4.05474 40
    endloop
  endfacet
  facet normal -0 0 1
    outer loop
      vertex -41.0735 -5.1264 40
      vertex -5 -16.35 40
      vertex -40.8948 -4.59998 40
    endloop
  endfacet
  facet normal -0 0 1
    outer loop
      vertex -41.3194 -5.625 40
      vertex -5 -16.35 40
      vertex -41.0735 -5.1264 40
    endloop
  endfacet
  facet normal -0 0 1
    outer loop
      vertex -41.6283 -6.08724 40
      vertex -5 -16.35 40
      vertex -41.3194 -5.625 40
    endloop
  endfacet
  facet normal 0 0 1
    outer loop
      vertex -5 -16.35 40
      vertex -41.6283 -6.08724 40
      vertex -5 -18.4 40
    endloop
  endfacet
  facet normal -0 0 1
    outer loop
      vertex -41.9948 -6.5052 40
      vertex -5 -18.4 40
      vertex -41.6283 -6.08724 40
    endloop
  endfacet
  facet normal -0 0 1
    outer loop
      vertex -42.4128 -6.87175 40
      vertex -5 -18.4 40
      vertex -41.9948 -6.5052 40
    endloop
  endfacet
  facet normal -0 0 1
    outer loop
      vertex -42.875 -7.18061 40
      vertex -5 -18.4 40
      vertex -42.4128 -6.87175 40
    endloop
  endfacet
  facet normal -0 0 1
    outer loop
      vertex -43.3736 -7.42649 40
      vertex -5 -18.4 40
      vertex -42.875 -7.18061 40
    endloop
  endfacet
  facet normal -0 0 1
    outer loop
      vertex -43.9 -7.60518 40
      vertex -5 -18.4 40
      vertex -43.3736 -7.42649 40
    endloop
  endfacet
  facet normal -0 0 1
    outer loop
      vertex -44.4453 -7.71364 40
      vertex -5 -18.4 40
      vertex -43.9 -7.60518 40
    endloop
  endfacet
  facet normal 0 0 1
    outer loop
      vertex -68.5128 -16.2594 40
      vertex -44.4453 -7.71364 40
      vertex -45 -7.75 40
    endloop
  endfacet
  facet normal 0 0 1
    outer loop
      vertex -68.208 -15.992 40
      vertex -45 -7.75 40
      vertex -45.5547 -7.71364 40
    endloop
  endfacet
  facet normal 0 0 1
    outer loop
      vertex -67.9406 -15.6872 40
      vertex -45.5547 -7.71364 40
      vertex -46.1 -7.60518 40
    endloop
  endfacet
  facet normal 0 0 1
    outer loop
      vertex -49.2136 -2.94526 40
      vertex -67.3 -13.8 40
      vertex -49.25 -3.5 40
    endloop
  endfacet
  facet normal 0 0 1
    outer loop
      vertex -49.25 -3.5 40
      vertex -67.3 -13.8 40
      vertex -49.2136 -4.05474 40
    endloop
  endfacet
  facet normal 0 0 1
    outer loop
      vertex -49.2136 -4.05474 40
      vertex -67.3 -13.8 40
      vertex -49.1052 -4.59998 40
    endloop
  endfacet
  facet normal 0 0 1
    outer loop
      vertex -49.1052 -4.59998 40
      vertex -67.3 -13.8 40
      vertex -48.9265 -5.1264 40
    endloop
  endfacet
  facet normal 0 0 1
    outer loop
      vertex -48.9265 -5.1264 40
      vertex -67.3 -13.8 40
      vertex -48.6806 -5.625 40
    endloop
  endfacet
  facet normal 0 0 1
    outer loop
      vertex -48.6806 -5.625 40
      vertex -67.3 -13.8 40
      vertex -48.3717 -6.08724 40
    endloop
  endfacet
  facet normal 0 0 1
    outer loop
      vertex -48.3717 -6.08724 40
      vertex -67.3 -13.8 40
      vertex -48.0052 -6.5052 40
    endloop
  endfacet
  facet normal 0 0 1
    outer loop
      vertex -67.3265 -14.2046 40
      vertex -48.0052 -6.5052 40
      vertex -67.3 -13.8 40
    endloop
  endfacet
  facet normal 0 0 1
    outer loop
      vertex -48.0052 -6.5052 40
      vertex -67.3265 -14.2046 40
      vertex -47.5872 -6.87175 40
    endloop
  endfacet
  facet normal 0 0 1
    outer loop
      vertex -67.4056 -14.6023 40
      vertex -47.5872 -6.87175 40
      vertex -67.3265 -14.2046 40
    endloop
  endfacet
  facet normal 0 0 1
    outer loop
      vertex -47.5872 -6.87175 40
      vertex -67.4056 -14.6023 40
      vertex -47.125 -7.18061 40
    endloop
  endfacet
  facet normal 0 0 1
    outer loop
      vertex -67.536 -14.9863 40
      vertex -47.125 -7.18061 40
      vertex -67.4056 -14.6023 40
    endloop
  endfacet
  facet normal 0 0 1
    outer loop
      vertex -47.125 -7.18061 40
      vertex -67.536 -14.9863 40
      vertex -46.6264 -7.42649 40
    endloop
  endfacet
  facet normal 0 0 1
    outer loop
      vertex -67.7153 -15.35 40
      vertex -46.6264 -7.42649 40
      vertex -67.536 -14.9863 40
    endloop
  endfacet
  facet normal 0 0 1
    outer loop
      vertex -46.6264 -7.42649 40
      vertex -67.7153 -15.35 40
      vertex -46.1 -7.60518 40
    endloop
  endfacet
  facet normal 0 0 1
    outer loop
      vertex -67.9406 -15.6872 40
      vertex -46.1 -7.60518 40
      vertex -67.7153 -15.35 40
    endloop
  endfacet
  facet normal 0 0 1
    outer loop
      vertex -45.5547 -7.71364 40
      vertex -67.9406 -15.6872 40
      vertex -68.208 -15.992 40
    endloop
  endfacet
  facet normal 0 0 1
    outer loop
      vertex -45 -7.75 40
      vertex -68.208 -15.992 40
      vertex -68.5128 -16.2594 40
    endloop
  endfacet
  facet normal 0 0 1
    outer loop
      vertex -44.4453 -7.71364 40
      vertex -68.5128 -16.2594 40
      vertex -71.4 -18.4 40
    endloop
  endfacet
  facet normal 0 0 1
    outer loop
      vertex -71.4 -18.4 40
      vertex -68.5128 -16.2594 40
      vertex -68.85 -16.4847 40
    endloop
  endfacet
  facet normal 0 0 1
    outer loop
      vertex -71.4 -18.4 40
      vertex -68.85 -16.4847 40
      vertex -69.2137 -16.664 40
    endloop
  endfacet
  facet normal 0 0 1
    outer loop
      vertex -71.4 -18.4 40
      vertex -69.2137 -16.664 40
      vertex -69.5977 -16.7944 40
    endloop
  endfacet
  facet normal 0 0 1
    outer loop
      vertex -71.4 -18.4 40
      vertex -69.5977 -16.7944 40
      vertex -69.9954 -16.8735 40
    endloop
  endfacet
  facet normal 0 0 1
    outer loop
      vertex -71.4 -18.4 40
      vertex -69.9954 -16.8735 40
      vertex -70.4 -16.9 40
    endloop
  endfacet
  facet normal 0 0 1
    outer loop
      vertex -44.4453 -7.71364 40
      vertex -71.4 -18.4 40
      vertex -5 -18.4 40
    endloop
  endfacet
  facet normal 0 0 1
    outer loop
      vertex -70.8046 -16.8735 40
      vertex -71.4 -18.4 40
      vertex -70.4 -16.9 40
    endloop
  endfacet
  facet normal 0 0 1
    outer loop
      vertex -71.2023 -16.7944 40
      vertex -71.4 -18.4 40
      vertex -70.8046 -16.8735 40
    endloop
  endfacet
  facet normal 0 0 1
    outer loop
      vertex -71.7916 -18.3743 40
      vertex -71.2023 -16.7944 40
      vertex -71.5863 -16.664 40
    endloop
  endfacet
  facet normal 0 0 1
    outer loop
      vertex -71.2023 -16.7944 40
      vertex -71.7916 -18.3743 40
      vertex -71.4 -18.4 40
    endloop
  endfacet
  facet normal 0 0 1
    outer loop
      vertex -72.548 -18.1716 40
      vertex -71.5863 -16.664 40
      vertex -71.95 -16.4847 40
    endloop
  endfacet
  facet normal 0 0 1
    outer loop
      vertex -71.5863 -16.664 40
      vertex -72.1764 -18.2978 40
      vertex -71.7916 -18.3743 40
    endloop
  endfacet
  facet normal 0 0 1
    outer loop
      vertex -73.2263 -17.78 40
      vertex -71.95 -16.4847 40
      vertex -72.2872 -16.2594 40
    endloop
  endfacet
  facet normal 0 0 1
    outer loop
      vertex -71.5863 -16.664 40
      vertex -72.548 -18.1716 40
      vertex -72.1764 -18.2978 40
    endloop
  endfacet
  facet normal 0 0 1
    outer loop
      vertex -73.78 -17.2263 40
      vertex -72.2872 -16.2594 40
      vertex -72.592 -15.992 40
    endloop
  endfacet
  facet normal 0 0 1
    outer loop
      vertex -73.9981 -16.9 40
      vertex -72.592 -15.992 40
      vertex -72.8594 -15.6872 40
    endloop
  endfacet
  facet normal 0 0 1
    outer loop
      vertex -71.95 -16.4847 40
      vertex -72.9 -17.9981 40
      vertex -72.548 -18.1716 40
    endloop
  endfacet
  facet normal 0 0 1
    outer loop
      vertex -74.2978 -16.1764 40
      vertex -72.8594 -15.6872 40
      vertex -73.0847 -15.35 40
    endloop
  endfacet
  facet normal 0 0 1
    outer loop
      vertex -71.95 -16.4847 40
      vertex -73.2263 -17.78 40
      vertex -72.9 -17.9981 40
    endloop
  endfacet
  facet normal 0 0 1
    outer loop
      vertex -74.4 -15.4 40
      vertex -73.0847 -15.35 40
      vertex -73.264 -14.9863 40
    endloop
  endfacet
  facet normal 0 0 1
    outer loop
      vertex -74.4 -15.4 40
      vertex -73.264 -14.9863 40
      vertex -73.3944 -14.6023 40
    endloop
  endfacet
  facet normal 0 0 1
    outer loop
      vertex -74.4 -15.4 40
      vertex -73.3944 -14.6023 40
      vertex -73.4735 -14.2046 40
    endloop
  endfacet
  facet normal 0 0 1
    outer loop
      vertex -72.2872 -16.2594 40
      vertex -73.5213 -17.5213 40
      vertex -73.2263 -17.78 40
    endloop
  endfacet
  facet normal 0 0 1
    outer loop
      vertex -74.4 -15.4 40
      vertex -73.4735 -14.2046 40
      vertex -73.5 -13.8 40
    endloop
  endfacet
  facet normal 0 0 1
    outer loop
      vertex -73.3944 -12.9977 40
      vertex -74.4 -15.4 40
      vertex -73.4735 -13.3954 40
    endloop
  endfacet
  facet normal -0 0 1
    outer loop
      vertex -74.4 15.4 40
      vertex -73.0847 15.35 40
      vertex -74.3743 15.7916 40
    endloop
  endfacet
  facet normal 0 0 1
    outer loop
      vertex -73.4735 -13.3954 40
      vertex -74.4 -15.4 40
      vertex -73.5 -13.8 40
    endloop
  endfacet
  facet normal 0 0 1
    outer loop
      vertex -73.0847 15.35 40
      vertex -74.4 15.4 40
      vertex -73.264 14.9863 40
    endloop
  endfacet
  facet normal 0 0 1
    outer loop
      vertex -73.0847 -15.35 40
      vertex -74.4 -15.4 40
      vertex -74.3743 -15.7916 40
    endloop
  endfacet
  facet normal 0 0 1
    outer loop
      vertex -73.264 14.9863 40
      vertex -74.4 15.4 40
      vertex -73.3944 14.6023 40
    endloop
  endfacet
  facet normal 0 0 1
    outer loop
      vertex -72.2872 -16.2594 40
      vertex -73.78 -17.2263 40
      vertex -73.5213 -17.5213 40
    endloop
  endfacet
  facet normal 0 0 1
    outer loop
      vertex -73.3944 14.6023 40
      vertex -74.4 15.4 40
      vertex -73.4735 14.2046 40
    endloop
  endfacet
  facet normal 0 0 1
    outer loop
      vertex -72.592 -15.992 40
      vertex -73.9981 -16.9 40
      vertex -73.78 -17.2263 40
    endloop
  endfacet
  facet normal 0 0 1
    outer loop
      vertex -73.4735 14.2046 40
      vertex -74.4 15.4 40
      vertex -73.5 13.8 40
    endloop
  endfacet
  facet normal 0 0 1
    outer loop
      vertex -72.8594 -15.6872 40
      vertex -74.1716 -16.548 40
      vertex -73.9981 -16.9 40
    endloop
  endfacet
  facet normal 0 0 1
    outer loop
      vertex -72.8594 -15.6872 40
      vertex -74.2978 -16.1764 40
      vertex -74.1716 -16.548 40
    endloop
  endfacet
  facet normal 0 0 1
    outer loop
      vertex -73.0847 -15.35 40
      vertex -74.3743 -15.7916 40
      vertex -74.2978 -16.1764 40
    endloop
  endfacet
  facet normal 0 0 1
    outer loop
      vertex -42.875 0.180608 40
      vertex -42.9 3.5 40
      vertex -42.9 0.192937 40
    endloop
  endfacet
  facet normal -0.946885 0.321574 0
    outer loop
      vertex -74.2978 16.1764 37
      vertex -74.1716 16.548 40
      vertex -74.1716 16.548 37
    endloop
  endfacet
  facet normal -0.946885 0.321574 0
    outer loop
      vertex -74.1716 16.548 40
      vertex -74.2978 16.1764 37
      vertex -74.2978 16.1764 40
    endloop
  endfacet
  facet normal 0.0654873 0.997853 -0
    outer loop
      vertex 71.7916 18.3743 37
      vertex 71.4 18.4 40
      vertex 71.7916 18.3743 40
    endloop
  endfacet
  facet normal 0.0654873 0.997853 0
    outer loop
      vertex 71.4 18.4 40
      vertex 71.7916 18.3743 37
      vertex 71.4 18.4 37
    endloop
  endfacet
  facet normal 0.321574 0.946885 -0
    outer loop
      vertex 72.548 18.1716 37
      vertex 72.1764 18.2978 40
      vertex 72.548 18.1716 40
    endloop
  endfacet
  facet normal 0.321574 0.946885 0
    outer loop
      vertex 72.1764 18.2978 40
      vertex 72.548 18.1716 37
      vertex 72.1764 18.2978 37
    endloop
  endfacet
  facet normal -0.194989 -0.980806 0
    outer loop
      vertex -72.1764 -18.2978 37
      vertex -71.7916 -18.3743 40
      vertex -72.1764 -18.2978 40
    endloop
  endfacet
  facet normal -0.194989 -0.980806 -0
    outer loop
      vertex -71.7916 -18.3743 40
      vertex -72.1764 -18.2978 37
      vertex -71.7916 -18.3743 37
    endloop
  endfacet
  facet normal -0.555699 0.831383 0
    outer loop
      vertex -72.9 17.9981 37
      vertex -73.2263 17.78 40
      vertex -72.9 17.9981 40
    endloop
  endfacet
  facet normal -0.555699 0.831383 0
    outer loop
      vertex -73.2263 17.78 40
      vertex -72.9 17.9981 37
      vertex -73.2263 17.78 37
    endloop
  endfacet
  facet normal 0.194989 0.980806 -0
    outer loop
      vertex 72.1764 18.2978 37
      vertex 71.7916 18.3743 40
      vertex 72.1764 18.2978 40
    endloop
  endfacet
  facet normal 0.194989 0.980806 0
    outer loop
      vertex 71.7916 18.3743 40
      vertex 72.1764 18.2978 37
      vertex 71.7916 18.3743 37
    endloop
  endfacet
  facet normal 0.896961 0.44211 0
    outer loop
      vertex 74.1716 16.548 40
      vertex 73.9981 16.9 37
      vertex 73.9981 16.9 40
    endloop
  endfacet
  facet normal 0.896961 0.44211 0
    outer loop
      vertex 73.9981 16.9 37
      vertex 74.1716 16.548 40
      vertex 74.1716 16.548 37
    endloop
  endfacet
  facet normal -0.659334 0.75185 0
    outer loop
      vertex -73.2263 17.78 37
      vertex -73.5213 17.5213 40
      vertex -73.2263 17.78 40
    endloop
  endfacet
  facet normal -0.659334 0.75185 0
    outer loop
      vertex -73.5213 17.5213 40
      vertex -73.2263 17.78 37
      vertex -73.5213 17.5213 37
    endloop
  endfacet
  facet normal 0.555699 -0.831383 0
    outer loop
      vertex 72.9 -17.9981 37
      vertex 73.2263 -17.78 40
      vertex 72.9 -17.9981 40
    endloop
  endfacet
  facet normal 0.555699 -0.831383 0
    outer loop
      vertex 73.2263 -17.78 40
      vertex 72.9 -17.9981 37
      vertex 73.2263 -17.78 37
    endloop
  endfacet
  facet normal 0.44211 -0.896961 0
    outer loop
      vertex 72.548 -18.1716 37
      vertex 72.9 -17.9981 40
      vertex 72.548 -18.1716 40
    endloop
  endfacet
  facet normal 0.44211 -0.896961 0
    outer loop
      vertex 72.9 -17.9981 40
      vertex 72.548 -18.1716 37
      vertex 72.9 -17.9981 37
    endloop
  endfacet
  facet normal 0.659334 -0.75185 0
    outer loop
      vertex 73.2263 -17.78 37
      vertex 73.5213 -17.5213 40
      vertex 73.2263 -17.78 40
    endloop
  endfacet
  facet normal 0.659334 -0.75185 0
    outer loop
      vertex 73.5213 -17.5213 40
      vertex 73.2263 -17.78 37
      vertex 73.5213 -17.5213 37
    endloop
  endfacet
  facet normal -0.831383 0.555699 0
    outer loop
      vertex -73.9981 16.9 37
      vertex -73.78 17.2263 40
      vertex -73.78 17.2263 37
    endloop
  endfacet
  facet normal -0.831383 0.555699 0
    outer loop
      vertex -73.78 17.2263 40
      vertex -73.9981 16.9 37
      vertex -73.9981 16.9 40
    endloop
  endfacet
  facet normal -0.75185 -0.659334 0
    outer loop
      vertex -73.5213 -17.5213 37
      vertex -73.78 -17.2263 40
      vertex -73.78 -17.2263 37
    endloop
  endfacet
  facet normal -0.75185 -0.659334 0
    outer loop
      vertex -73.78 -17.2263 40
      vertex -73.5213 -17.5213 37
      vertex -73.5213 -17.5213 40
    endloop
  endfacet
  facet normal 0.44211 0.896961 -0
    outer loop
      vertex 72.9 17.9981 37
      vertex 72.548 18.1716 40
      vertex 72.9 17.9981 40
    endloop
  endfacet
  facet normal 0.44211 0.896961 0
    outer loop
      vertex 72.548 18.1716 40
      vertex 72.9 17.9981 37
      vertex 72.548 18.1716 37
    endloop
  endfacet
  facet normal 0.659334 0.75185 -0
    outer loop
      vertex 73.5213 17.5213 37
      vertex 73.2263 17.78 40
      vertex 73.5213 17.5213 40
    endloop
  endfacet
  facet normal 0.659334 0.75185 0
    outer loop
      vertex 73.2263 17.78 40
      vertex 73.5213 17.5213 37
      vertex 73.2263 17.78 37
    endloop
  endfacet
  facet normal 0.946885 -0.321574 0
    outer loop
      vertex 74.1716 -16.548 40
      vertex 74.2978 -16.1764 37
      vertex 74.2978 -16.1764 40
    endloop
  endfacet
  facet normal 0.946885 -0.321574 0
    outer loop
      vertex 74.2978 -16.1764 37
      vertex 74.1716 -16.548 40
      vertex 74.1716 -16.548 37
    endloop
  endfacet
  facet normal -0.75185 0.659334 0
    outer loop
      vertex -73.78 17.2263 37
      vertex -73.5213 17.5213 40
      vertex -73.5213 17.5213 37
    endloop
  endfacet
  facet normal -0.75185 0.659334 0
    outer loop
      vertex -73.5213 17.5213 40
      vertex -73.78 17.2263 37
      vertex -73.78 17.2263 40
    endloop
  endfacet
  facet normal 0.831383 0.555699 0
    outer loop
      vertex 73.9981 16.9 40
      vertex 73.78 17.2263 37
      vertex 73.78 17.2263 40
    endloop
  endfacet
  facet normal 0.831383 0.555699 0
    outer loop
      vertex 73.78 17.2263 37
      vertex 73.9981 16.9 40
      vertex 73.9981 16.9 37
    endloop
  endfacet
  facet normal 0.555699 0.831383 -0
    outer loop
      vertex 73.2263 17.78 37
      vertex 72.9 17.9981 40
      vertex 73.2263 17.78 40
    endloop
  endfacet
  facet normal 0.555699 0.831383 0
    outer loop
      vertex 72.9 17.9981 40
      vertex 73.2263 17.78 37
      vertex 72.9 17.9981 37
    endloop
  endfacet
  facet normal 0.75185 -0.659334 0
    outer loop
      vertex 73.5213 -17.5213 40
      vertex 73.78 -17.2263 37
      vertex 73.78 -17.2263 40
    endloop
  endfacet
  facet normal 0.75185 -0.659334 0
    outer loop
      vertex 73.78 -17.2263 37
      vertex 73.5213 -17.5213 40
      vertex 73.5213 -17.5213 37
    endloop
  endfacet
  facet normal 0.997853 -0.0654873 0
    outer loop
      vertex 74.3743 -15.7916 40
      vertex 74.4 -15.4 37
      vertex 74.4 -15.4 40
    endloop
  endfacet
  facet normal 0.997853 -0.0654873 0
    outer loop
      vertex 74.4 -15.4 37
      vertex 74.3743 -15.7916 40
      vertex 74.3743 -15.7916 37
    endloop
  endfacet
  facet normal -0.997853 0.0654873 0
    outer loop
      vertex -74.4 15.4 37
      vertex -74.3743 15.7916 40
      vertex -74.3743 15.7916 37
    endloop
  endfacet
  facet normal -0.997853 0.0654873 0
    outer loop
      vertex -74.3743 15.7916 40
      vertex -74.4 15.4 37
      vertex -74.4 15.4 40
    endloop
  endfacet
  facet normal -0.98077 -0.195165 0
    outer loop
      vertex 72.0855 14.0219 37
      vertex 72.0421 14.24 38.4
      vertex 72.0421 14.24 37
    endloop
  endfacet
  facet normal -0.98077 -0.195165 0
    outer loop
      vertex 72.0421 14.24 38.4
      vertex 72.0855 14.0219 37
      vertex 72.0855 14.0219 38.4
    endloop
  endfacet
  facet normal -0.997872 -0.0652057 0
    outer loop
      vertex 72.1 13.8 37
      vertex 72.0855 14.0219 38.4
      vertex 72.0855 14.0219 37
    endloop
  endfacet
  facet normal -0.997872 -0.0652057 0
    outer loop
      vertex 72.0855 14.0219 38.4
      vertex 72.1 13.8 37
      vertex 72.1 13.8 38.4
    endloop
  endfacet
  facet normal -0.659268 -0.751908 0
    outer loop
      vertex 71.4349 15.1487 37
      vertex 71.6021 15.0021 38.4
      vertex 71.4349 15.1487 38.4
    endloop
  endfacet
  facet normal -0.659268 -0.751908 -0
    outer loop
      vertex 71.6021 15.0021 38.4
      vertex 71.4349 15.1487 37
      vertex 71.6021 15.0021 37
    endloop
  endfacet
  facet normal -0.44253 0.896754 0
    outer loop
      vertex 71.25 12.3278 37
      vertex 71.0506 12.2294 38.4
      vertex 71.25 12.3278 38.4
    endloop
  endfacet
  facet normal -0.44253 0.896754 0
    outer loop
      vertex 71.0506 12.2294 38.4
      vertex 71.25 12.3278 37
      vertex 71.0506 12.2294 37
    endloop
  endfacet
  facet normal -0.195165 0.98077 0
    outer loop
      vertex 70.84 12.1579 37
      vertex 70.6219 12.1145 38.4
      vertex 70.84 12.1579 38.4
    endloop
  endfacet
  facet normal -0.195165 0.98077 0
    outer loop
      vertex 70.6219 12.1145 38.4
      vertex 70.84 12.1579 37
      vertex 70.6219 12.1145 37
    endloop
  endfacet
  facet normal -0.44253 -0.896754 0
    outer loop
      vertex 71.0506 15.3706 37
      vertex 71.25 15.2722 38.4
      vertex 71.0506 15.3706 38.4
    endloop
  endfacet
  facet normal -0.44253 -0.896754 -0
    outer loop
      vertex 71.25 15.2722 38.4
      vertex 71.0506 15.3706 37
      vertex 71.25 15.2722 37
    endloop
  endfacet
  facet normal -0.997872 0.0652057 0
    outer loop
      vertex 72.0855 13.5781 37
      vertex 72.1 13.8 38.4
      vertex 72.1 13.8 37
    endloop
  endfacet
  facet normal -0.997872 0.0652057 0
    outer loop
      vertex 72.1 13.8 38.4
      vertex 72.0855 13.5781 37
      vertex 72.0855 13.5781 38.4
    endloop
  endfacet
  facet normal 0.997872 -0.0652057 0
    outer loop
      vertex 68.7 13.8 38.4
      vertex 68.7145 14.0219 37
      vertex 68.7145 14.0219 38.4
    endloop
  endfacet
  facet normal 0.997872 -0.0652057 0
    outer loop
      vertex 68.7145 14.0219 37
      vertex 68.7 13.8 38.4
      vertex 68.7 13.8 37
    endloop
  endfacet
  facet normal -0.831566 -0.555426 0
    outer loop
      vertex 71.8722 14.65 37
      vertex 71.7487 14.8349 38.4
      vertex 71.7487 14.8349 37
    endloop
  endfacet
  facet normal -0.831566 -0.555426 0
    outer loop
      vertex 71.7487 14.8349 38.4
      vertex 71.8722 14.65 37
      vertex 71.8722 14.65 38.4
    endloop
  endfacet
  facet normal 0.195165 0.98077 -0
    outer loop
      vertex 70.1781 12.1145 37
      vertex 69.96 12.1579 38.4
      vertex 70.1781 12.1145 38.4
    endloop
  endfacet
  facet normal 0.195165 0.98077 0
    outer loop
      vertex 69.96 12.1579 38.4
      vertex 70.1781 12.1145 37
      vertex 69.96 12.1579 37
    endloop
  endfacet
  facet normal -0.896754 -0.44253 0
    outer loop
      vertex 71.9706 14.4506 37
      vertex 71.8722 14.65 38.4
      vertex 71.8722 14.65 37
    endloop
  endfacet
  facet normal -0.896754 -0.44253 0
    outer loop
      vertex 71.8722 14.65 38.4
      vertex 71.9706 14.4506 37
      vertex 71.9706 14.4506 38.4
    endloop
  endfacet
  facet normal -0.946915 -0.321484 0
    outer loop
      vertex 72.0421 14.24 37
      vertex 71.9706 14.4506 38.4
      vertex 71.9706 14.4506 37
    endloop
  endfacet
  facet normal -0.946915 -0.321484 0
    outer loop
      vertex 71.9706 14.4506 38.4
      vertex 72.0421 14.24 37
      vertex 72.0421 14.24 38.4
    endloop
  endfacet
  facet normal 0.659268 -0.751908 0
    outer loop
      vertex 69.1979 15.0021 37
      vertex 69.3651 15.1487 38.4
      vertex 69.1979 15.0021 38.4
    endloop
  endfacet
  facet normal 0.659268 -0.751908 0
    outer loop
      vertex 69.3651 15.1487 38.4
      vertex 69.1979 15.0021 37
      vertex 69.3651 15.1487 37
    endloop
  endfacet
  facet normal 0.555426 -0.831566 0
    outer loop
      vertex 69.3651 15.1487 37
      vertex 69.55 15.2722 38.4
      vertex 69.3651 15.1487 38.4
    endloop
  endfacet
  facet normal 0.555426 -0.831566 0
    outer loop
      vertex 69.55 15.2722 38.4
      vertex 69.3651 15.1487 37
      vertex 69.55 15.2722 37
    endloop
  endfacet
  facet normal -0.659268 0.751908 0
    outer loop
      vertex 71.6021 12.5979 37
      vertex 71.4349 12.4513 38.4
      vertex 71.6021 12.5979 38.4
    endloop
  endfacet
  facet normal -0.659268 0.751908 0
    outer loop
      vertex 71.4349 12.4513 38.4
      vertex 71.6021 12.5979 37
      vertex 71.4349 12.4513 37
    endloop
  endfacet
  facet normal 0.44253 -0.896754 0
    outer loop
      vertex 69.55 15.2722 37
      vertex 69.7494 15.3706 38.4
      vertex 69.55 15.2722 38.4
    endloop
  endfacet
  facet normal 0.44253 -0.896754 0
    outer loop
      vertex 69.7494 15.3706 38.4
      vertex 69.55 15.2722 37
      vertex 69.7494 15.3706 37
    endloop
  endfacet
  facet normal -0.751908 0.659268 0
    outer loop
      vertex 71.6021 12.5979 37
      vertex 71.7487 12.7651 38.4
      vertex 71.7487 12.7651 37
    endloop
  endfacet
  facet normal -0.751908 0.659268 0
    outer loop
      vertex 71.7487 12.7651 38.4
      vertex 71.6021 12.5979 37
      vertex 71.6021 12.5979 38.4
    endloop
  endfacet
  facet normal -0.98077 0.195165 0
    outer loop
      vertex 72.0421 13.36 37
      vertex 72.0855 13.5781 38.4
      vertex 72.0855 13.5781 37
    endloop
  endfacet
  facet normal -0.98077 0.195165 0
    outer loop
      vertex 72.0855 13.5781 38.4
      vertex 72.0421 13.36 37
      vertex 72.0421 13.36 38.4
    endloop
  endfacet
  facet normal 0.555426 0.831566 -0
    outer loop
      vertex 69.55 12.3278 37
      vertex 69.3651 12.4513 38.4
      vertex 69.55 12.3278 38.4
    endloop
  endfacet
  facet normal 0.555426 0.831566 0
    outer loop
      vertex 69.3651 12.4513 38.4
      vertex 69.55 12.3278 37
      vertex 69.3651 12.4513 37
    endloop
  endfacet
  facet normal 0.896754 0.44253 0
    outer loop
      vertex 68.9278 12.95 38.4
      vertex 68.8294 13.1494 37
      vertex 68.8294 13.1494 38.4
    endloop
  endfacet
  facet normal 0.896754 0.44253 0
    outer loop
      vertex 68.8294 13.1494 37
      vertex 68.9278 12.95 38.4
      vertex 68.9278 12.95 37
    endloop
  endfacet
  facet normal 0.751908 -0.659268 0
    outer loop
      vertex 69.0513 14.8349 38.4
      vertex 69.1979 15.0021 37
      vertex 69.1979 15.0021 38.4
    endloop
  endfacet
  facet normal 0.751908 -0.659268 0
    outer loop
      vertex 69.1979 15.0021 37
      vertex 69.0513 14.8349 38.4
      vertex 69.0513 14.8349 37
    endloop
  endfacet
  facet normal -0.195165 -0.98077 0
    outer loop
      vertex 70.6219 15.4855 37
      vertex 70.84 15.4421 38.4
      vertex 70.6219 15.4855 38.4
    endloop
  endfacet
  facet normal -0.195165 -0.98077 -0
    outer loop
      vertex 70.84 15.4421 38.4
      vertex 70.6219 15.4855 37
      vertex 70.84 15.4421 37
    endloop
  endfacet
  facet normal -0.321484 0.946915 0
    outer loop
      vertex 71.0506 12.2294 37
      vertex 70.84 12.1579 38.4
      vertex 71.0506 12.2294 38.4
    endloop
  endfacet
  facet normal -0.321484 0.946915 0
    outer loop
      vertex 70.84 12.1579 38.4
      vertex 71.0506 12.2294 37
      vertex 70.84 12.1579 37
    endloop
  endfacet
  facet normal 0.751908 0.659268 0
    outer loop
      vertex 69.1979 12.5979 38.4
      vertex 69.0513 12.7651 37
      vertex 69.0513 12.7651 38.4
    endloop
  endfacet
  facet normal 0.751908 0.659268 0
    outer loop
      vertex 69.0513 12.7651 37
      vertex 69.1979 12.5979 38.4
      vertex 69.1979 12.5979 37
    endloop
  endfacet
  facet normal 0.831566 0.555426 0
    outer loop
      vertex 69.0513 12.7651 38.4
      vertex 68.9278 12.95 37
      vertex 68.9278 12.95 38.4
    endloop
  endfacet
  facet normal 0.831566 0.555426 0
    outer loop
      vertex 68.9278 12.95 37
      vertex 69.0513 12.7651 38.4
      vertex 69.0513 12.7651 37
    endloop
  endfacet
  facet normal -0.555426 -0.831566 0
    outer loop
      vertex 71.25 15.2722 37
      vertex 71.4349 15.1487 38.4
      vertex 71.25 15.2722 38.4
    endloop
  endfacet
  facet normal -0.555426 -0.831566 -0
    outer loop
      vertex 71.4349 15.1487 38.4
      vertex 71.25 15.2722 37
      vertex 71.4349 15.1487 37
    endloop
  endfacet
  facet normal -0.555426 0.831566 0
    outer loop
      vertex 71.4349 12.4513 37
      vertex 71.25 12.3278 38.4
      vertex 71.4349 12.4513 38.4
    endloop
  endfacet
  facet normal -0.555426 0.831566 0
    outer loop
      vertex 71.25 12.3278 38.4
      vertex 71.4349 12.4513 37
      vertex 71.25 12.3278 37
    endloop
  endfacet
  facet normal 0.195165 -0.98077 0
    outer loop
      vertex 69.96 15.4421 37
      vertex 70.1781 15.4855 38.4
      vertex 69.96 15.4421 38.4
    endloop
  endfacet
  facet normal 0.195165 -0.98077 0
    outer loop
      vertex 70.1781 15.4855 38.4
      vertex 69.96 15.4421 37
      vertex 70.1781 15.4855 37
    endloop
  endfacet
  facet normal 0.896754 -0.44253 0
    outer loop
      vertex 68.8294 14.4506 38.4
      vertex 68.9278 14.65 37
      vertex 68.9278 14.65 38.4
    endloop
  endfacet
  facet normal 0.896754 -0.44253 0
    outer loop
      vertex 68.9278 14.65 37
      vertex 68.8294 14.4506 38.4
      vertex 68.8294 14.4506 37
    endloop
  endfacet
  facet normal -0.831566 0.555426 0
    outer loop
      vertex 71.7487 12.7651 37
      vertex 71.8722 12.95 38.4
      vertex 71.8722 12.95 37
    endloop
  endfacet
  facet normal -0.831566 0.555426 0
    outer loop
      vertex 71.8722 12.95 38.4
      vertex 71.7487 12.7651 37
      vertex 71.7487 12.7651 38.4
    endloop
  endfacet
  facet normal -0.946915 0.321484 0
    outer loop
      vertex 71.9706 13.1494 37
      vertex 72.0421 13.36 38.4
      vertex 72.0421 13.36 37
    endloop
  endfacet
  facet normal -0.946915 0.321484 0
    outer loop
      vertex 72.0421 13.36 38.4
      vertex 71.9706 13.1494 37
      vertex 71.9706 13.1494 38.4
    endloop
  endfacet
  facet normal 0.0652057 -0.997872 0
    outer loop
      vertex 70.1781 15.4855 37
      vertex 70.4 15.5 38.4
      vertex 70.1781 15.4855 38.4
    endloop
  endfacet
  facet normal 0.0652057 -0.997872 0
    outer loop
      vertex 70.4 15.5 38.4
      vertex 70.1781 15.4855 37
      vertex 70.4 15.5 37
    endloop
  endfacet
  facet normal 0.946915 -0.321484 0
    outer loop
      vertex 68.7579 14.24 38.4
      vertex 68.8294 14.4506 37
      vertex 68.8294 14.4506 38.4
    endloop
  endfacet
  facet normal 0.946915 -0.321484 0
    outer loop
      vertex 68.8294 14.4506 37
      vertex 68.7579 14.24 38.4
      vertex 68.7579 14.24 37
    endloop
  endfacet
  facet normal 0.831566 -0.555426 0
    outer loop
      vertex 68.9278 14.65 38.4
      vertex 69.0513 14.8349 37
      vertex 69.0513 14.8349 38.4
    endloop
  endfacet
  facet normal 0.831566 -0.555426 0
    outer loop
      vertex 69.0513 14.8349 37
      vertex 68.9278 14.65 38.4
      vertex 68.9278 14.65 37
    endloop
  endfacet
  facet normal 0.0652057 0.997872 -0
    outer loop
      vertex 70.4 12.1 37
      vertex 70.1781 12.1145 38.4
      vertex 70.4 12.1 38.4
    endloop
  endfacet
  facet normal 0.0652057 0.997872 0
    outer loop
      vertex 70.1781 12.1145 38.4
      vertex 70.4 12.1 37
      vertex 70.1781 12.1145 37
    endloop
  endfacet
  facet normal 0.997872 0.0652057 0
    outer loop
      vertex 68.7145 13.5781 38.4
      vertex 68.7 13.8 37
      vertex 68.7 13.8 38.4
    endloop
  endfacet
  facet normal 0.997872 0.0652057 0
    outer loop
      vertex 68.7 13.8 37
      vertex 68.7145 13.5781 38.4
      vertex 68.7145 13.5781 37
    endloop
  endfacet
  facet normal -0.321484 -0.946915 0
    outer loop
      vertex 70.84 15.4421 37
      vertex 71.0506 15.3706 38.4
      vertex 70.84 15.4421 38.4
    endloop
  endfacet
  facet normal -0.321484 -0.946915 -0
    outer loop
      vertex 71.0506 15.3706 38.4
      vertex 70.84 15.4421 37
      vertex 71.0506 15.3706 37
    endloop
  endfacet
  facet normal -0.751908 -0.659268 0
    outer loop
      vertex 71.7487 14.8349 37
      vertex 71.6021 15.0021 38.4
      vertex 71.6021 15.0021 37
    endloop
  endfacet
  facet normal -0.751908 -0.659268 0
    outer loop
      vertex 71.6021 15.0021 38.4
      vertex 71.7487 14.8349 37
      vertex 71.7487 14.8349 38.4
    endloop
  endfacet
  facet normal 0.321484 -0.946915 0
    outer loop
      vertex 69.7494 15.3706 37
      vertex 69.96 15.4421 38.4
      vertex 69.7494 15.3706 38.4
    endloop
  endfacet
  facet normal 0.321484 -0.946915 0
    outer loop
      vertex 69.96 15.4421 38.4
      vertex 69.7494 15.3706 37
      vertex 69.96 15.4421 37
    endloop
  endfacet
  facet normal 0.659268 0.751908 -0
    outer loop
      vertex 69.3651 12.4513 37
      vertex 69.1979 12.5979 38.4
      vertex 69.3651 12.4513 38.4
    endloop
  endfacet
  facet normal 0.659268 0.751908 0
    outer loop
      vertex 69.1979 12.5979 38.4
      vertex 69.3651 12.4513 37
      vertex 69.1979 12.5979 37
    endloop
  endfacet
  facet normal 0.98077 0.195165 0
    outer loop
      vertex 68.7579 13.36 38.4
      vertex 68.7145 13.5781 37
      vertex 68.7145 13.5781 38.4
    endloop
  endfacet
  facet normal 0.98077 0.195165 0
    outer loop
      vertex 68.7145 13.5781 37
      vertex 68.7579 13.36 38.4
      vertex 68.7579 13.36 37
    endloop
  endfacet
  facet normal 0.946915 0.321484 0
    outer loop
      vertex 68.8294 13.1494 38.4
      vertex 68.7579 13.36 37
      vertex 68.7579 13.36 38.4
    endloop
  endfacet
  facet normal 0.946915 0.321484 0
    outer loop
      vertex 68.7579 13.36 37
      vertex 68.8294 13.1494 38.4
      vertex 68.8294 13.1494 37
    endloop
  endfacet
  facet normal -0.0652057 0.997872 0
    outer loop
      vertex 70.6219 12.1145 37
      vertex 70.4 12.1 38.4
      vertex 70.6219 12.1145 38.4
    endloop
  endfacet
  facet normal -0.0652057 0.997872 0
    outer loop
      vertex 70.4 12.1 38.4
      vertex 70.6219 12.1145 37
      vertex 70.4 12.1 37
    endloop
  endfacet
  facet normal 0.98077 -0.195165 0
    outer loop
      vertex 68.7145 14.0219 38.4
      vertex 68.7579 14.24 37
      vertex 68.7579 14.24 38.4
    endloop
  endfacet
  facet normal 0.98077 -0.195165 0
    outer loop
      vertex 68.7579 14.24 37
      vertex 68.7145 14.0219 38.4
      vertex 68.7145 14.0219 37
    endloop
  endfacet
  facet normal 0.321484 0.946915 -0
    outer loop
      vertex 69.96 12.1579 37
      vertex 69.7494 12.2294 38.4
      vertex 69.96 12.1579 38.4
    endloop
  endfacet
  facet normal 0.321484 0.946915 0
    outer loop
      vertex 69.7494 12.2294 38.4
      vertex 69.96 12.1579 37
      vertex 69.7494 12.2294 37
    endloop
  endfacet
  facet normal -0.896754 0.44253 0
    outer loop
      vertex 71.8722 12.95 37
      vertex 71.9706 13.1494 38.4
      vertex 71.9706 13.1494 37
    endloop
  endfacet
  facet normal -0.896754 0.44253 0
    outer loop
      vertex 71.9706 13.1494 38.4
      vertex 71.8722 12.95 37
      vertex 71.8722 12.95 38.4
    endloop
  endfacet
  facet normal -0.0652057 -0.997872 0
    outer loop
      vertex 70.4 15.5 37
      vertex 70.6219 15.4855 38.4
      vertex 70.4 15.5 38.4
    endloop
  endfacet
  facet normal -0.0652057 -0.997872 -0
    outer loop
      vertex 70.6219 15.4855 38.4
      vertex 70.4 15.5 37
      vertex 70.6219 15.4855 37
    endloop
  endfacet
  facet normal 0.44253 0.896754 -0
    outer loop
      vertex 69.7494 12.2294 37
      vertex 69.55 12.3278 38.4
      vertex 69.7494 12.2294 38.4
    endloop
  endfacet
  facet normal 0.44253 0.896754 0
    outer loop
      vertex 69.55 12.3278 38.4
      vertex 69.7494 12.2294 37
      vertex 69.55 12.3278 37
    endloop
  endfacet
  facet normal -0.980789 -0.195073 0
    outer loop
      vertex 73.4735 14.2046 38.4
      vertex 73.3944 14.6023 40
      vertex 73.3944 14.6023 38.4
    endloop
  endfacet
  facet normal -0.980789 -0.195073 0
    outer loop
      vertex 73.3944 14.6023 40
      vertex 73.4735 14.2046 38.4
      vertex 73.4735 14.2046 40
    endloop
  endfacet
  facet normal -0.997862 -0.0653568 0
    outer loop
      vertex 73.5 13.8 38.4
      vertex 73.4735 14.2046 40
      vertex 73.4735 14.2046 38.4
    endloop
  endfacet
  facet normal -0.997862 -0.0653568 0
    outer loop
      vertex 73.4735 14.2046 40
      vertex 73.5 13.8 38.4
      vertex 73.5 13.8 40
    endloop
  endfacet
  facet normal 0.980789 0.195073 0
    outer loop
      vertex 67.4056 12.9977 40
      vertex 67.3265 13.3954 38.4
      vertex 67.3265 13.3954 40
    endloop
  endfacet
  facet normal 0.980789 0.195073 0
    outer loop
      vertex 67.3265 13.3954 38.4
      vertex 67.4056 12.9977 40
      vertex 67.4056 12.9977 38.4
    endloop
  endfacet
  facet normal -0.321549 -0.946893 0
    outer loop
      vertex 71.2023 16.7944 38.4
      vertex 71.5863 16.664 40
      vertex 71.2023 16.7944 40
    endloop
  endfacet
  facet normal -0.321549 -0.946893 -0
    outer loop
      vertex 71.5863 16.664 40
      vertex 71.2023 16.7944 38.4
      vertex 71.5863 16.664 38.4
    endloop
  endfacet
  facet normal 0.442176 -0.896928 0
    outer loop
      vertex 68.85 16.4847 38.4
      vertex 69.2137 16.664 40
      vertex 68.85 16.4847 40
    endloop
  endfacet
  facet normal 0.442176 -0.896928 0
    outer loop
      vertex 69.2137 16.664 40
      vertex 68.85 16.4847 38.4
      vertex 69.2137 16.664 38.4
    endloop
  endfacet
  facet normal -0.659482 -0.751721 0
    outer loop
      vertex 72.2872 16.2594 38.4
      vertex 72.592 15.992 40
      vertex 72.2872 16.2594 40
    endloop
  endfacet
  facet normal -0.659482 -0.751721 -0
    outer loop
      vertex 72.592 15.992 40
      vertex 72.2872 16.2594 38.4
      vertex 72.592 15.992 38.4
    endloop
  endfacet
  facet normal -0.946893 0.321549 0
    outer loop
      vertex 73.264 12.6137 38.4
      vertex 73.3944 12.9977 40
      vertex 73.3944 12.9977 38.4
    endloop
  endfacet
  facet normal -0.946893 0.321549 0
    outer loop
      vertex 73.3944 12.9977 40
      vertex 73.264 12.6137 38.4
      vertex 73.264 12.6137 40
    endloop
  endfacet
  facet normal -0.0653568 0.997862 0
    outer loop
      vertex 70.8046 10.7265 38.4
      vertex 70.4 10.7 40
      vertex 70.8046 10.7265 40
    endloop
  endfacet
  facet normal -0.0653568 0.997862 0
    outer loop
      vertex 70.4 10.7 40
      vertex 70.8046 10.7265 38.4
      vertex 70.4 10.7 38.4
    endloop
  endfacet
  facet normal -0.831481 0.555553 0
    outer loop
      vertex 72.8594 11.9128 38.4
      vertex 73.0847 12.25 40
      vertex 73.0847 12.25 38.4
    endloop
  endfacet
  facet normal -0.831481 0.555553 0
    outer loop
      vertex 73.0847 12.25 40
      vertex 72.8594 11.9128 38.4
      vertex 72.8594 11.9128 40
    endloop
  endfacet
  facet normal -0.442176 0.896928 0
    outer loop
      vertex 71.95 11.1153 38.4
      vertex 71.5863 10.936 40
      vertex 71.95 11.1153 40
    endloop
  endfacet
  facet normal -0.442176 0.896928 0
    outer loop
      vertex 71.5863 10.936 40
      vertex 71.95 11.1153 38.4
      vertex 71.5863 10.936 38.4
    endloop
  endfacet
  facet normal 0.321549 -0.946893 0
    outer loop
      vertex 69.2137 16.664 38.4
      vertex 69.5977 16.7944 40
      vertex 69.2137 16.664 40
    endloop
  endfacet
  facet normal 0.321549 -0.946893 0
    outer loop
      vertex 69.5977 16.7944 40
      vertex 69.2137 16.664 38.4
      vertex 69.5977 16.7944 38.4
    endloop
  endfacet
  facet normal 0.555553 0.831481 -0
    outer loop
      vertex 68.85 11.1153 38.4
      vertex 68.5128 11.3406 40
      vertex 68.85 11.1153 40
    endloop
  endfacet
  facet normal 0.555553 0.831481 0
    outer loop
      vertex 68.5128 11.3406 40
      vertex 68.85 11.1153 38.4
      vertex 68.5128 11.3406 38.4
    endloop
  endfacet
  facet normal -0.896928 0.442176 0
    outer loop
      vertex 73.0847 12.25 38.4
      vertex 73.264 12.6137 40
      vertex 73.264 12.6137 38.4
    endloop
  endfacet
  facet normal -0.896928 0.442176 0
    outer loop
      vertex 73.264 12.6137 40
      vertex 73.0847 12.25 38.4
      vertex 73.0847 12.25 40
    endloop
  endfacet
  facet normal 0.321549 0.946893 -0
    outer loop
      vertex 69.5977 10.8056 38.4
      vertex 69.2137 10.936 40
      vertex 69.5977 10.8056 40
    endloop
  endfacet
  facet normal 0.321549 0.946893 0
    outer loop
      vertex 69.2137 10.936 40
      vertex 69.5977 10.8056 38.4
      vertex 69.2137 10.936 38.4
    endloop
  endfacet
  facet normal 0.659482 -0.751721 0
    outer loop
      vertex 68.208 15.992 38.4
      vertex 68.5128 16.2594 40
      vertex 68.208 15.992 40
    endloop
  endfacet
  facet normal 0.659482 -0.751721 0
    outer loop
      vertex 68.5128 16.2594 40
      vertex 68.208 15.992 38.4
      vertex 68.5128 16.2594 38.4
    endloop
  endfacet
  facet normal -0.946893 -0.321549 0
    outer loop
      vertex 73.3944 14.6023 38.4
      vertex 73.264 14.9863 40
      vertex 73.264 14.9863 38.4
    endloop
  endfacet
  facet normal -0.946893 -0.321549 0
    outer loop
      vertex 73.264 14.9863 40
      vertex 73.3944 14.6023 38.4
      vertex 73.3944 14.6023 40
    endloop
  endfacet
  facet normal -0.195073 0.980789 0
    outer loop
      vertex 71.2023 10.8056 38.4
      vertex 70.8046 10.7265 40
      vertex 71.2023 10.8056 40
    endloop
  endfacet
  facet normal -0.195073 0.980789 0
    outer loop
      vertex 70.8046 10.7265 40
      vertex 71.2023 10.8056 38.4
      vertex 70.8046 10.7265 38.4
    endloop
  endfacet
  facet normal -0.321549 0.946893 0
    outer loop
      vertex 71.5863 10.936 38.4
      vertex 71.2023 10.8056 40
      vertex 71.5863 10.936 40
    endloop
  endfacet
  facet normal -0.321549 0.946893 0
    outer loop
      vertex 71.2023 10.8056 40
      vertex 71.5863 10.936 38.4
      vertex 71.2023 10.8056 38.4
    endloop
  endfacet
  facet normal 0.896928 0.442176 0
    outer loop
      vertex 67.7153 12.25 40
      vertex 67.536 12.6137 38.4
      vertex 67.536 12.6137 40
    endloop
  endfacet
  facet normal 0.896928 0.442176 0
    outer loop
      vertex 67.536 12.6137 38.4
      vertex 67.7153 12.25 40
      vertex 67.7153 12.25 38.4
    endloop
  endfacet
  facet normal 0.751721 -0.659482 0
    outer loop
      vertex 67.9406 15.6872 40
      vertex 68.208 15.992 38.4
      vertex 68.208 15.992 40
    endloop
  endfacet
  facet normal 0.751721 -0.659482 0
    outer loop
      vertex 68.208 15.992 38.4
      vertex 67.9406 15.6872 40
      vertex 67.9406 15.6872 38.4
    endloop
  endfacet
  facet normal -0.831481 -0.555553 0
    outer loop
      vertex 73.0847 15.35 38.4
      vertex 72.8594 15.6872 40
      vertex 72.8594 15.6872 38.4
    endloop
  endfacet
  facet normal -0.831481 -0.555553 0
    outer loop
      vertex 72.8594 15.6872 40
      vertex 73.0847 15.35 38.4
      vertex 73.0847 15.35 40
    endloop
  endfacet
  facet normal -0.980789 0.195073 0
    outer loop
      vertex 73.3944 12.9977 38.4
      vertex 73.4735 13.3954 40
      vertex 73.4735 13.3954 38.4
    endloop
  endfacet
  facet normal -0.980789 0.195073 0
    outer loop
      vertex 73.4735 13.3954 40
      vertex 73.3944 12.9977 38.4
      vertex 73.3944 12.9977 40
    endloop
  endfacet
  facet normal 0.659482 0.751721 -0
    outer loop
      vertex 68.5128 11.3406 38.4
      vertex 68.208 11.608 40
      vertex 68.5128 11.3406 40
    endloop
  endfacet
  facet normal 0.659482 0.751721 0
    outer loop
      vertex 68.208 11.608 40
      vertex 68.5128 11.3406 38.4
      vertex 68.208 11.608 38.4
    endloop
  endfacet
  facet normal 0.997862 0.0653568 0
    outer loop
      vertex 67.3265 13.3954 40
      vertex 67.3 13.8 38.4
      vertex 67.3 13.8 40
    endloop
  endfacet
  facet normal 0.997862 0.0653568 0
    outer loop
      vertex 67.3 13.8 38.4
      vertex 67.3265 13.3954 40
      vertex 67.3265 13.3954 38.4
    endloop
  endfacet
  facet normal -0.555553 -0.831481 0
    outer loop
      vertex 71.95 16.4847 38.4
      vertex 72.2872 16.2594 40
      vertex 71.95 16.4847 40
    endloop
  endfacet
  facet normal -0.555553 -0.831481 -0
    outer loop
      vertex 72.2872 16.2594 40
      vertex 71.95 16.4847 38.4
      vertex 72.2872 16.2594 38.4
    endloop
  endfacet
  facet normal -0.555553 0.831481 0
    outer loop
      vertex 72.2872 11.3406 38.4
      vertex 71.95 11.1153 40
      vertex 72.2872 11.3406 40
    endloop
  endfacet
  facet normal -0.555553 0.831481 0
    outer loop
      vertex 71.95 11.1153 40
      vertex 72.2872 11.3406 38.4
      vertex 71.95 11.1153 38.4
    endloop
  endfacet
  facet normal -0.0653568 -0.997862 0
    outer loop
      vertex 70.4 16.9 38.4
      vertex 70.8046 16.8735 40
      vertex 70.4 16.9 40
    endloop
  endfacet
  facet normal -0.0653568 -0.997862 -0
    outer loop
      vertex 70.8046 16.8735 40
      vertex 70.4 16.9 38.4
      vertex 70.8046 16.8735 38.4
    endloop
  endfacet
  facet normal 0.195073 -0.980789 0
    outer loop
      vertex 69.5977 16.7944 38.4
      vertex 69.9954 16.8735 40
      vertex 69.5977 16.7944 40
    endloop
  endfacet
  facet normal 0.195073 -0.980789 0
    outer loop
      vertex 69.9954 16.8735 40
      vertex 69.5977 16.7944 38.4
      vertex 69.9954 16.8735 38.4
    endloop
  endfacet
  facet normal -0.997862 0.0653568 0
    outer loop
      vertex 73.4735 13.3954 38.4
      vertex 73.5 13.8 40
      vertex 73.5 13.8 38.4
    endloop
  endfacet
  facet normal -0.997862 0.0653568 0
    outer loop
      vertex 73.5 13.8 40
      vertex 73.4735 13.3954 38.4
      vertex 73.4735 13.3954 40
    endloop
  endfacet
  facet normal -0.896928 -0.442176 0
    outer loop
      vertex 73.264 14.9863 38.4
      vertex 73.0847 15.35 40
      vertex 73.0847 15.35 38.4
    endloop
  endfacet
  facet normal -0.896928 -0.442176 0
    outer loop
      vertex 73.0847 15.35 40
      vertex 73.264 14.9863 38.4
      vertex 73.264 14.9863 40
    endloop
  endfacet
  facet normal 0.0653568 0.997862 -0
    outer loop
      vertex 70.4 10.7 38.4
      vertex 69.9954 10.7265 40
      vertex 70.4 10.7 40
    endloop
  endfacet
  facet normal 0.0653568 0.997862 0
    outer loop
      vertex 69.9954 10.7265 40
      vertex 70.4 10.7 38.4
      vertex 69.9954 10.7265 38.4
    endloop
  endfacet
  facet normal 0.442176 0.896928 -0
    outer loop
      vertex 69.2137 10.936 38.4
      vertex 68.85 11.1153 40
      vertex 69.2137 10.936 40
    endloop
  endfacet
  facet normal 0.442176 0.896928 0
    outer loop
      vertex 68.85 11.1153 40
      vertex 69.2137 10.936 38.4
      vertex 68.85 11.1153 38.4
    endloop
  endfacet
  facet normal 0.946893 -0.321549 0
    outer loop
      vertex 67.4056 14.6023 40
      vertex 67.536 14.9863 38.4
      vertex 67.536 14.9863 40
    endloop
  endfacet
  facet normal 0.946893 -0.321549 0
    outer loop
      vertex 67.536 14.9863 38.4
      vertex 67.4056 14.6023 40
      vertex 67.4056 14.6023 38.4
    endloop
  endfacet
  facet normal 0.980789 -0.195073 0
    outer loop
      vertex 67.3265 14.2046 40
      vertex 67.4056 14.6023 38.4
      vertex 67.4056 14.6023 40
    endloop
  endfacet
  facet normal 0.980789 -0.195073 0
    outer loop
      vertex 67.4056 14.6023 38.4
      vertex 67.3265 14.2046 40
      vertex 67.3265 14.2046 38.4
    endloop
  endfacet
  facet normal -0.442176 -0.896928 0
    outer loop
      vertex 71.5863 16.664 38.4
      vertex 71.95 16.4847 40
      vertex 71.5863 16.664 40
    endloop
  endfacet
  facet normal -0.442176 -0.896928 -0
    outer loop
      vertex 71.95 16.4847 40
      vertex 71.5863 16.664 38.4
      vertex 71.95 16.4847 38.4
    endloop
  endfacet
  facet normal 0.0653568 -0.997862 0
    outer loop
      vertex 69.9954 16.8735 38.4
      vertex 70.4 16.9 40
      vertex 69.9954 16.8735 40
    endloop
  endfacet
  facet normal 0.0653568 -0.997862 0
    outer loop
      vertex 70.4 16.9 40
      vertex 69.9954 16.8735 38.4
      vertex 70.4 16.9 38.4
    endloop
  endfacet
  facet normal 0.195073 0.980789 -0
    outer loop
      vertex 69.9954 10.7265 38.4
      vertex 69.5977 10.8056 40
      vertex 69.9954 10.7265 40
    endloop
  endfacet
  facet normal 0.195073 0.980789 0
    outer loop
      vertex 69.5977 10.8056 40
      vertex 69.9954 10.7265 38.4
      vertex 69.5977 10.8056 38.4
    endloop
  endfacet
  facet normal -0.195073 -0.980789 0
    outer loop
      vertex 70.8046 16.8735 38.4
      vertex 71.2023 16.7944 40
      vertex 70.8046 16.8735 40
    endloop
  endfacet
  facet normal -0.195073 -0.980789 -0
    outer loop
      vertex 71.2023 16.7944 40
      vertex 70.8046 16.8735 38.4
      vertex 71.2023 16.7944 38.4
    endloop
  endfacet
  facet normal -0.751721 -0.659482 0
    outer loop
      vertex 72.8594 15.6872 38.4
      vertex 72.592 15.992 40
      vertex 72.592 15.992 38.4
    endloop
  endfacet
  facet normal -0.751721 -0.659482 0
    outer loop
      vertex 72.592 15.992 40
      vertex 72.8594 15.6872 38.4
      vertex 72.8594 15.6872 40
    endloop
  endfacet
  facet normal 0.555553 -0.831481 0
    outer loop
      vertex 68.5128 16.2594 38.4
      vertex 68.85 16.4847 40
      vertex 68.5128 16.2594 40
    endloop
  endfacet
  facet normal 0.555553 -0.831481 0
    outer loop
      vertex 68.85 16.4847 40
      vertex 68.5128 16.2594 38.4
      vertex 68.85 16.4847 38.4
    endloop
  endfacet
  facet normal 0.896928 -0.442176 0
    outer loop
      vertex 67.536 14.9863 40
      vertex 67.7153 15.35 38.4
      vertex 67.7153 15.35 40
    endloop
  endfacet
  facet normal 0.896928 -0.442176 0
    outer loop
      vertex 67.7153 15.35 38.4
      vertex 67.536 14.9863 40
      vertex 67.536 14.9863 38.4
    endloop
  endfacet
  facet normal 0.997862 -0.0653568 0
    outer loop
      vertex 67.3 13.8 40
      vertex 67.3265 14.2046 38.4
      vertex 67.3265 14.2046 40
    endloop
  endfacet
  facet normal 0.997862 -0.0653568 0
    outer loop
      vertex 67.3265 14.2046 38.4
      vertex 67.3 13.8 40
      vertex 67.3 13.8 38.4
    endloop
  endfacet
  facet normal 0.831481 0.555553 0
    outer loop
      vertex 67.9406 11.9128 40
      vertex 67.7153 12.25 38.4
      vertex 67.7153 12.25 40
    endloop
  endfacet
  facet normal 0.831481 0.555553 0
    outer loop
      vertex 67.7153 12.25 38.4
      vertex 67.9406 11.9128 40
      vertex 67.9406 11.9128 38.4
    endloop
  endfacet
  facet normal 0.751721 0.659482 0
    outer loop
      vertex 68.208 11.608 40
      vertex 67.9406 11.9128 38.4
      vertex 67.9406 11.9128 40
    endloop
  endfacet
  facet normal 0.751721 0.659482 0
    outer loop
      vertex 67.9406 11.9128 38.4
      vertex 68.208 11.608 40
      vertex 68.208 11.608 38.4
    endloop
  endfacet
  facet normal 0.831481 -0.555553 0
    outer loop
      vertex 67.7153 15.35 40
      vertex 67.9406 15.6872 38.4
      vertex 67.9406 15.6872 40
    endloop
  endfacet
  facet normal 0.831481 -0.555553 0
    outer loop
      vertex 67.9406 15.6872 38.4
      vertex 67.7153 15.35 40
      vertex 67.7153 15.35 38.4
    endloop
  endfacet
  facet normal 0.946893 0.321549 0
    outer loop
      vertex 67.536 12.6137 40
      vertex 67.4056 12.9977 38.4
      vertex 67.4056 12.9977 40
    endloop
  endfacet
  facet normal 0.946893 0.321549 0
    outer loop
      vertex 67.4056 12.9977 38.4
      vertex 67.536 12.6137 40
      vertex 67.536 12.6137 38.4
    endloop
  endfacet
  facet normal 0 0 1
    outer loop
      vertex 72.1 13.8 38.4
      vertex 73.5 13.8 38.4
      vertex 73.4735 14.2046 38.4
    endloop
  endfacet
  facet normal 0 0 1
    outer loop
      vertex 72.0855 14.0219 38.4
      vertex 73.4735 14.2046 38.4
      vertex 73.3944 14.6023 38.4
    endloop
  endfacet
  facet normal 0 0 1
    outer loop
      vertex 73.5 13.8 38.4
      vertex 72.1 13.8 38.4
      vertex 73.4735 13.3954 38.4
    endloop
  endfacet
  facet normal 0 0 1
    outer loop
      vertex 72.0421 14.24 38.4
      vertex 73.3944 14.6023 38.4
      vertex 73.264 14.9863 38.4
    endloop
  endfacet
  facet normal -0 0 1
    outer loop
      vertex 72.0855 13.5781 38.4
      vertex 73.4735 13.3954 38.4
      vertex 72.1 13.8 38.4
    endloop
  endfacet
  facet normal 0 0 1
    outer loop
      vertex 71.9706 14.4506 38.4
      vertex 73.264 14.9863 38.4
      vertex 73.0847 15.35 38.4
    endloop
  endfacet
  facet normal 0 0 1
    outer loop
      vertex 73.4735 13.3954 38.4
      vertex 72.0855 13.5781 38.4
      vertex 73.3944 12.9977 38.4
    endloop
  endfacet
  facet normal 0 0 1
    outer loop
      vertex 71.8722 14.65 38.4
      vertex 73.0847 15.35 38.4
      vertex 72.8594 15.6872 38.4
    endloop
  endfacet
  facet normal -0 0 1
    outer loop
      vertex 72.0421 13.36 38.4
      vertex 73.3944 12.9977 38.4
      vertex 72.0855 13.5781 38.4
    endloop
  endfacet
  facet normal 0 0 1
    outer loop
      vertex 71.7487 14.8349 38.4
      vertex 72.8594 15.6872 38.4
      vertex 72.592 15.992 38.4
    endloop
  endfacet
  facet normal 0 0 1
    outer loop
      vertex 73.3944 12.9977 38.4
      vertex 72.0421 13.36 38.4
      vertex 73.264 12.6137 38.4
    endloop
  endfacet
  facet normal 0 0 1
    outer loop
      vertex 71.6021 15.0021 38.4
      vertex 72.592 15.992 38.4
      vertex 72.2872 16.2594 38.4
    endloop
  endfacet
  facet normal -0 0 1
    outer loop
      vertex 71.9706 13.1494 38.4
      vertex 73.264 12.6137 38.4
      vertex 72.0421 13.36 38.4
    endloop
  endfacet
  facet normal 0 0 1
    outer loop
      vertex 73.264 12.6137 38.4
      vertex 71.9706 13.1494 38.4
      vertex 73.0847 12.25 38.4
    endloop
  endfacet
  facet normal 0 0 1
    outer loop
      vertex 73.4735 14.2046 38.4
      vertex 72.0855 14.0219 38.4
      vertex 72.1 13.8 38.4
    endloop
  endfacet
  facet normal 0 0 1
    outer loop
      vertex 73.3944 14.6023 38.4
      vertex 72.0421 14.24 38.4
      vertex 72.0855 14.0219 38.4
    endloop
  endfacet
  facet normal 0 0 1
    outer loop
      vertex 73.264 14.9863 38.4
      vertex 71.9706 14.4506 38.4
      vertex 72.0421 14.24 38.4
    endloop
  endfacet
  facet normal 0 0 1
    outer loop
      vertex 71.4349 15.1487 38.4
      vertex 72.2872 16.2594 38.4
      vertex 71.95 16.4847 38.4
    endloop
  endfacet
  facet normal 0 0 1
    outer loop
      vertex 73.0847 15.35 38.4
      vertex 71.8722 14.65 38.4
      vertex 71.9706 14.4506 38.4
    endloop
  endfacet
  facet normal 0 0 1
    outer loop
      vertex 72.8594 15.6872 38.4
      vertex 71.7487 14.8349 38.4
      vertex 71.8722 14.65 38.4
    endloop
  endfacet
  facet normal 0 0 1
    outer loop
      vertex 72.592 15.992 38.4
      vertex 71.6021 15.0021 38.4
      vertex 71.7487 14.8349 38.4
    endloop
  endfacet
  facet normal 0 0 1
    outer loop
      vertex 71.25 15.2722 38.4
      vertex 71.95 16.4847 38.4
      vertex 71.5863 16.664 38.4
    endloop
  endfacet
  facet normal 0 0 1
    outer loop
      vertex 72.2872 16.2594 38.4
      vertex 71.4349 15.1487 38.4
      vertex 71.6021 15.0021 38.4
    endloop
  endfacet
  facet normal 0 0 1
    outer loop
      vertex 71.95 16.4847 38.4
      vertex 71.25 15.2722 38.4
      vertex 71.4349 15.1487 38.4
    endloop
  endfacet
  facet normal 0 0 1
    outer loop
      vertex 71.0506 15.3706 38.4
      vertex 71.5863 16.664 38.4
      vertex 71.2023 16.7944 38.4
    endloop
  endfacet
  facet normal 0 0 1
    outer loop
      vertex 71.5863 16.664 38.4
      vertex 71.0506 15.3706 38.4
      vertex 71.25 15.2722 38.4
    endloop
  endfacet
  facet normal 0 0 1
    outer loop
      vertex 71.2023 16.7944 38.4
      vertex 70.84 15.4421 38.4
      vertex 71.0506 15.3706 38.4
    endloop
  endfacet
  facet normal 0 0 1
    outer loop
      vertex 70.8046 16.8735 38.4
      vertex 70.84 15.4421 38.4
      vertex 71.2023 16.7944 38.4
    endloop
  endfacet
  facet normal 0 0 1
    outer loop
      vertex 70.8046 16.8735 38.4
      vertex 70.6219 15.4855 38.4
      vertex 70.84 15.4421 38.4
    endloop
  endfacet
  facet normal 0 0 1
    outer loop
      vertex 70.4 16.9 38.4
      vertex 70.6219 15.4855 38.4
      vertex 70.8046 16.8735 38.4
    endloop
  endfacet
  facet normal 0 0 1
    outer loop
      vertex 70.4 16.9 38.4
      vertex 70.4 15.5 38.4
      vertex 70.6219 15.4855 38.4
    endloop
  endfacet
  facet normal 0 0 1
    outer loop
      vertex 70.4 16.9 38.4
      vertex 70.1781 15.4855 38.4
      vertex 70.4 15.5 38.4
    endloop
  endfacet
  facet normal -0 0 1
    outer loop
      vertex 69.9954 16.8735 38.4
      vertex 70.1781 15.4855 38.4
      vertex 70.4 16.9 38.4
    endloop
  endfacet
  facet normal 0 0 1
    outer loop
      vertex 69.9954 16.8735 38.4
      vertex 69.96 15.4421 38.4
      vertex 70.1781 15.4855 38.4
    endloop
  endfacet
  facet normal -0 0 1
    outer loop
      vertex 69.5977 16.7944 38.4
      vertex 69.96 15.4421 38.4
      vertex 69.9954 16.8735 38.4
    endloop
  endfacet
  facet normal 0 0 1
    outer loop
      vertex 69.96 15.4421 38.4
      vertex 69.5977 16.7944 38.4
      vertex 69.7494 15.3706 38.4
    endloop
  endfacet
  facet normal -0 0 1
    outer loop
      vertex 69.2137 16.664 38.4
      vertex 69.7494 15.3706 38.4
      vertex 69.5977 16.7944 38.4
    endloop
  endfacet
  facet normal 0 0 1
    outer loop
      vertex 69.7494 15.3706 38.4
      vertex 69.2137 16.664 38.4
      vertex 69.55 15.2722 38.4
    endloop
  endfacet
  facet normal -0 0 1
    outer loop
      vertex 68.85 16.4847 38.4
      vertex 69.55 15.2722 38.4
      vertex 69.2137 16.664 38.4
    endloop
  endfacet
  facet normal 0 0 1
    outer loop
      vertex 69.55 15.2722 38.4
      vertex 68.85 16.4847 38.4
      vertex 69.3651 15.1487 38.4
    endloop
  endfacet
  facet normal -0 0 1
    outer loop
      vertex 68.5128 16.2594 38.4
      vertex 69.3651 15.1487 38.4
      vertex 68.85 16.4847 38.4
    endloop
  endfacet
  facet normal 0 0 1
    outer loop
      vertex 69.3651 15.1487 38.4
      vertex 68.5128 16.2594 38.4
      vertex 69.1979 15.0021 38.4
    endloop
  endfacet
  facet normal -0 0 1
    outer loop
      vertex 68.208 15.992 38.4
      vertex 69.1979 15.0021 38.4
      vertex 68.5128 16.2594 38.4
    endloop
  endfacet
  facet normal 0 0 1
    outer loop
      vertex 69.1979 15.0021 38.4
      vertex 68.208 15.992 38.4
      vertex 69.0513 14.8349 38.4
    endloop
  endfacet
  facet normal -0 0 1
    outer loop
      vertex 67.9406 15.6872 38.4
      vertex 69.0513 14.8349 38.4
      vertex 68.208 15.992 38.4
    endloop
  endfacet
  facet normal 0 0 1
    outer loop
      vertex 69.0513 14.8349 38.4
      vertex 67.9406 15.6872 38.4
      vertex 68.9278 14.65 38.4
    endloop
  endfacet
  facet normal -0 0 1
    outer loop
      vertex 67.7153 15.35 38.4
      vertex 68.9278 14.65 38.4
      vertex 67.9406 15.6872 38.4
    endloop
  endfacet
  facet normal 0 0 1
    outer loop
      vertex 68.9278 14.65 38.4
      vertex 67.7153 15.35 38.4
      vertex 68.8294 14.4506 38.4
    endloop
  endfacet
  facet normal -0 0 1
    outer loop
      vertex 71.8722 12.95 38.4
      vertex 73.0847 12.25 38.4
      vertex 71.9706 13.1494 38.4
    endloop
  endfacet
  facet normal 0 0 1
    outer loop
      vertex 73.0847 12.25 38.4
      vertex 71.8722 12.95 38.4
      vertex 72.8594 11.9128 38.4
    endloop
  endfacet
  facet normal -0 0 1
    outer loop
      vertex 71.7487 12.7651 38.4
      vertex 72.8594 11.9128 38.4
      vertex 71.8722 12.95 38.4
    endloop
  endfacet
  facet normal 0 0 1
    outer loop
      vertex 72.8594 11.9128 38.4
      vertex 71.7487 12.7651 38.4
      vertex 72.592 11.608 38.4
    endloop
  endfacet
  facet normal -0 0 1
    outer loop
      vertex 71.6021 12.5979 38.4
      vertex 72.592 11.608 38.4
      vertex 71.7487 12.7651 38.4
    endloop
  endfacet
  facet normal 0 0 1
    outer loop
      vertex 72.592 11.608 38.4
      vertex 71.6021 12.5979 38.4
      vertex 72.2872 11.3406 38.4
    endloop
  endfacet
  facet normal -0 0 1
    outer loop
      vertex 71.4349 12.4513 38.4
      vertex 72.2872 11.3406 38.4
      vertex 71.6021 12.5979 38.4
    endloop
  endfacet
  facet normal 0 0 1
    outer loop
      vertex 72.2872 11.3406 38.4
      vertex 71.4349 12.4513 38.4
      vertex 71.95 11.1153 38.4
    endloop
  endfacet
  facet normal -0 0 1
    outer loop
      vertex 71.25 12.3278 38.4
      vertex 71.95 11.1153 38.4
      vertex 71.4349 12.4513 38.4
    endloop
  endfacet
  facet normal 0 0 1
    outer loop
      vertex 71.95 11.1153 38.4
      vertex 71.25 12.3278 38.4
      vertex 71.5863 10.936 38.4
    endloop
  endfacet
  facet normal -0 0 1
    outer loop
      vertex 71.0506 12.2294 38.4
      vertex 71.5863 10.936 38.4
      vertex 71.25 12.3278 38.4
    endloop
  endfacet
  facet normal 0 0 1
    outer loop
      vertex 71.5863 10.936 38.4
      vertex 71.0506 12.2294 38.4
      vertex 71.2023 10.8056 38.4
    endloop
  endfacet
  facet normal -0 0 1
    outer loop
      vertex 70.84 12.1579 38.4
      vertex 71.2023 10.8056 38.4
      vertex 71.0506 12.2294 38.4
    endloop
  endfacet
  facet normal 0 0 1
    outer loop
      vertex 70.84 12.1579 38.4
      vertex 70.8046 10.7265 38.4
      vertex 71.2023 10.8056 38.4
    endloop
  endfacet
  facet normal -0 0 1
    outer loop
      vertex 70.6219 12.1145 38.4
      vertex 70.8046 10.7265 38.4
      vertex 70.84 12.1579 38.4
    endloop
  endfacet
  facet normal -0 0 1
    outer loop
      vertex 70.4 12.1 38.4
      vertex 70.8046 10.7265 38.4
      vertex 70.6219 12.1145 38.4
    endloop
  endfacet
  facet normal 0 0 1
    outer loop
      vertex 70.4 12.1 38.4
      vertex 70.4 10.7 38.4
      vertex 70.8046 10.7265 38.4
    endloop
  endfacet
  facet normal 0 0 1
    outer loop
      vertex 70.1781 12.1145 38.4
      vertex 70.4 10.7 38.4
      vertex 70.4 12.1 38.4
    endloop
  endfacet
  facet normal 0 0 1
    outer loop
      vertex 70.1781 12.1145 38.4
      vertex 69.9954 10.7265 38.4
      vertex 70.4 10.7 38.4
    endloop
  endfacet
  facet normal 0 0 1
    outer loop
      vertex 69.96 12.1579 38.4
      vertex 69.9954 10.7265 38.4
      vertex 70.1781 12.1145 38.4
    endloop
  endfacet
  facet normal 0 0 1
    outer loop
      vertex 69.5977 10.8056 38.4
      vertex 69.96 12.1579 38.4
      vertex 69.7494 12.2294 38.4
    endloop
  endfacet
  facet normal 0 0 1
    outer loop
      vertex 69.96 12.1579 38.4
      vertex 69.5977 10.8056 38.4
      vertex 69.9954 10.7265 38.4
    endloop
  endfacet
  facet normal 0 0 1
    outer loop
      vertex 69.2137 10.936 38.4
      vertex 69.7494 12.2294 38.4
      vertex 69.55 12.3278 38.4
    endloop
  endfacet
  facet normal 0 0 1
    outer loop
      vertex 68.85 11.1153 38.4
      vertex 69.55 12.3278 38.4
      vertex 69.3651 12.4513 38.4
    endloop
  endfacet
  facet normal 0 0 1
    outer loop
      vertex 69.7494 12.2294 38.4
      vertex 69.2137 10.936 38.4
      vertex 69.5977 10.8056 38.4
    endloop
  endfacet
  facet normal 0 0 1
    outer loop
      vertex 68.5128 11.3406 38.4
      vertex 69.3651 12.4513 38.4
      vertex 69.1979 12.5979 38.4
    endloop
  endfacet
  facet normal 0 0 1
    outer loop
      vertex 68.208 11.608 38.4
      vertex 69.1979 12.5979 38.4
      vertex 69.0513 12.7651 38.4
    endloop
  endfacet
  facet normal 0 0 1
    outer loop
      vertex 67.9406 11.9128 38.4
      vertex 69.0513 12.7651 38.4
      vertex 68.9278 12.95 38.4
    endloop
  endfacet
  facet normal 0 0 1
    outer loop
      vertex 69.55 12.3278 38.4
      vertex 68.85 11.1153 38.4
      vertex 69.2137 10.936 38.4
    endloop
  endfacet
  facet normal 0 0 1
    outer loop
      vertex 67.7153 12.25 38.4
      vertex 68.9278 12.95 38.4
      vertex 68.8294 13.1494 38.4
    endloop
  endfacet
  facet normal 0 0 1
    outer loop
      vertex 67.536 12.6137 38.4
      vertex 68.8294 13.1494 38.4
      vertex 68.7579 13.36 38.4
    endloop
  endfacet
  facet normal 0 0 1
    outer loop
      vertex 67.4056 12.9977 38.4
      vertex 68.7579 13.36 38.4
      vertex 68.7145 13.5781 38.4
    endloop
  endfacet
  facet normal 0 0 1
    outer loop
      vertex 67.3265 13.3954 38.4
      vertex 68.7145 13.5781 38.4
      vertex 68.7 13.8 38.4
    endloop
  endfacet
  facet normal -0 0 1
    outer loop
      vertex 67.536 14.9863 38.4
      vertex 68.8294 14.4506 38.4
      vertex 67.7153 15.35 38.4
    endloop
  endfacet
  facet normal 0 0 1
    outer loop
      vertex 69.3651 12.4513 38.4
      vertex 68.5128 11.3406 38.4
      vertex 68.85 11.1153 38.4
    endloop
  endfacet
  facet normal 0 0 1
    outer loop
      vertex 68.8294 14.4506 38.4
      vertex 67.536 14.9863 38.4
      vertex 68.7579 14.24 38.4
    endloop
  endfacet
  facet normal 0 0 1
    outer loop
      vertex 69.1979 12.5979 38.4
      vertex 68.208 11.608 38.4
      vertex 68.5128 11.3406 38.4
    endloop
  endfacet
  facet normal -0 0 1
    outer loop
      vertex 67.4056 14.6023 38.4
      vertex 68.7579 14.24 38.4
      vertex 67.536 14.9863 38.4
    endloop
  endfacet
  facet normal 0 0 1
    outer loop
      vertex 69.0513 12.7651 38.4
      vertex 67.9406 11.9128 38.4
      vertex 68.208 11.608 38.4
    endloop
  endfacet
  facet normal 0 0 1
    outer loop
      vertex 68.7579 14.24 38.4
      vertex 67.4056 14.6023 38.4
      vertex 68.7145 14.0219 38.4
    endloop
  endfacet
  facet normal 0 0 1
    outer loop
      vertex 68.9278 12.95 38.4
      vertex 67.7153 12.25 38.4
      vertex 67.9406 11.9128 38.4
    endloop
  endfacet
  facet normal -0 0 1
    outer loop
      vertex 67.3265 14.2046 38.4
      vertex 68.7145 14.0219 38.4
      vertex 67.4056 14.6023 38.4
    endloop
  endfacet
  facet normal 0 0 1
    outer loop
      vertex 68.8294 13.1494 38.4
      vertex 67.536 12.6137 38.4
      vertex 67.7153 12.25 38.4
    endloop
  endfacet
  facet normal 0 0 1
    outer loop
      vertex 68.7145 14.0219 38.4
      vertex 67.3265 14.2046 38.4
      vertex 68.7 13.8 38.4
    endloop
  endfacet
  facet normal 0 0 1
    outer loop
      vertex 68.7579 13.36 38.4
      vertex 67.4056 12.9977 38.4
      vertex 67.536 12.6137 38.4
    endloop
  endfacet
  facet normal 0 0 1
    outer loop
      vertex 67.3 13.8 38.4
      vertex 68.7 13.8 38.4
      vertex 67.3265 14.2046 38.4
    endloop
  endfacet
  facet normal 0 0 1
    outer loop
      vertex 68.7145 13.5781 38.4
      vertex 67.3265 13.3954 38.4
      vertex 67.4056 12.9977 38.4
    endloop
  endfacet
  facet normal 0 0 1
    outer loop
      vertex 68.7 13.8 38.4
      vertex 67.3 13.8 38.4
      vertex 67.3265 13.3954 38.4
    endloop
  endfacet
  facet normal -0.659482 0.751721 0
    outer loop
      vertex 72.592 11.608 38.4
      vertex 72.2872 11.3406 40
      vertex 72.592 11.608 40
    endloop
  endfacet
  facet normal -0.659482 0.751721 0
    outer loop
      vertex 72.2872 11.3406 40
      vertex 72.592 11.608 38.4
      vertex 72.2872 11.3406 38.4
    endloop
  endfacet
  facet normal -0.751721 0.659482 0
    outer loop
      vertex 72.592 11.608 38.4
      vertex 72.8594 11.9128 40
      vertex 72.8594 11.9128 38.4
    endloop
  endfacet
  facet normal -0.751721 0.659482 0
    outer loop
      vertex 72.8594 11.9128 40
      vertex 72.592 11.608 38.4
      vertex 72.592 11.608 40
    endloop
  endfacet
  facet normal -0.195165 0.98077 0
    outer loop
      vertex 70.84 -15.4421 37
      vertex 70.6219 -15.4855 38.4
      vertex 70.84 -15.4421 38.4
    endloop
  endfacet
  facet normal -0.195165 0.98077 0
    outer loop
      vertex 70.6219 -15.4855 38.4
      vertex 70.84 -15.4421 37
      vertex 70.6219 -15.4855 37
    endloop
  endfacet
  facet normal -0.98077 -0.195165 0
    outer loop
      vertex 72.0855 -13.5781 37
      vertex 72.0421 -13.36 38.4
      vertex 72.0421 -13.36 37
    endloop
  endfacet
  facet normal -0.98077 -0.195165 0
    outer loop
      vertex 72.0421 -13.36 38.4
      vertex 72.0855 -13.5781 37
      vertex 72.0855 -13.5781 38.4
    endloop
  endfacet
  facet normal -0.997872 -0.0652057 0
    outer loop
      vertex 72.1 -13.8 37
      vertex 72.0855 -13.5781 38.4
      vertex 72.0855 -13.5781 37
    endloop
  endfacet
  facet normal -0.997872 -0.0652057 0
    outer loop
      vertex 72.0855 -13.5781 38.4
      vertex 72.1 -13.8 37
      vertex 72.1 -13.8 38.4
    endloop
  endfacet
  facet normal 0.997872 0.0652057 0
    outer loop
      vertex 68.7145 -14.0219 38.4
      vertex 68.7 -13.8 37
      vertex 68.7 -13.8 38.4
    endloop
  endfacet
  facet normal 0.997872 0.0652057 0
    outer loop
      vertex 68.7 -13.8 37
      vertex 68.7145 -14.0219 38.4
      vertex 68.7145 -14.0219 37
    endloop
  endfacet
  facet normal 0.751908 -0.659268 0
    outer loop
      vertex 69.0513 -12.7651 38.4
      vertex 69.1979 -12.5979 37
      vertex 69.1979 -12.5979 38.4
    endloop
  endfacet
  facet normal 0.751908 -0.659268 0
    outer loop
      vertex 69.1979 -12.5979 37
      vertex 69.0513 -12.7651 38.4
      vertex 69.0513 -12.7651 37
    endloop
  endfacet
  facet normal -0.896754 0.44253 0
    outer loop
      vertex 71.8722 -14.65 37
      vertex 71.9706 -14.4506 38.4
      vertex 71.9706 -14.4506 37
    endloop
  endfacet
  facet normal -0.896754 0.44253 0
    outer loop
      vertex 71.9706 -14.4506 38.4
      vertex 71.8722 -14.65 37
      vertex 71.8722 -14.65 38.4
    endloop
  endfacet
  facet normal -0.321484 -0.946915 0
    outer loop
      vertex 70.84 -12.1579 37
      vertex 71.0506 -12.2294 38.4
      vertex 70.84 -12.1579 38.4
    endloop
  endfacet
  facet normal -0.321484 -0.946915 -0
    outer loop
      vertex 71.0506 -12.2294 38.4
      vertex 70.84 -12.1579 37
      vertex 71.0506 -12.2294 37
    endloop
  endfacet
  facet normal 0.321484 -0.946915 0
    outer loop
      vertex 69.7494 -12.2294 37
      vertex 69.96 -12.1579 38.4
      vertex 69.7494 -12.2294 38.4
    endloop
  endfacet
  facet normal 0.321484 -0.946915 0
    outer loop
      vertex 69.96 -12.1579 38.4
      vertex 69.7494 -12.2294 37
      vertex 69.96 -12.1579 37
    endloop
  endfacet
  facet normal -0.659268 -0.751908 0
    outer loop
      vertex 71.4349 -12.4513 37
      vertex 71.6021 -12.5979 38.4
      vertex 71.4349 -12.4513 38.4
    endloop
  endfacet
  facet normal -0.659268 -0.751908 -0
    outer loop
      vertex 71.6021 -12.5979 38.4
      vertex 71.4349 -12.4513 37
      vertex 71.6021 -12.5979 37
    endloop
  endfacet
  facet normal 0.0652057 0.997872 -0
    outer loop
      vertex 70.4 -15.5 37
      vertex 70.1781 -15.4855 38.4
      vertex 70.4 -15.5 38.4
    endloop
  endfacet
  facet normal 0.0652057 0.997872 0
    outer loop
      vertex 70.1781 -15.4855 38.4
      vertex 70.4 -15.5 37
      vertex 70.1781 -15.4855 37
    endloop
  endfacet
  facet normal -0.831566 0.555426 0
    outer loop
      vertex 71.7487 -14.8349 37
      vertex 71.8722 -14.65 38.4
      vertex 71.8722 -14.65 37
    endloop
  endfacet
  facet normal -0.831566 0.555426 0
    outer loop
      vertex 71.8722 -14.65 38.4
      vertex 71.7487 -14.8349 37
      vertex 71.7487 -14.8349 38.4
    endloop
  endfacet
  facet normal -0.946915 0.321484 0
    outer loop
      vertex 71.9706 -14.4506 37
      vertex 72.0421 -14.24 38.4
      vertex 72.0421 -14.24 37
    endloop
  endfacet
  facet normal -0.946915 0.321484 0
    outer loop
      vertex 72.0421 -14.24 38.4
      vertex 71.9706 -14.4506 37
      vertex 71.9706 -14.4506 38.4
    endloop
  endfacet
  facet normal 0.896754 0.44253 0
    outer loop
      vertex 68.9278 -14.65 38.4
      vertex 68.8294 -14.4506 37
      vertex 68.8294 -14.4506 38.4
    endloop
  endfacet
  facet normal 0.896754 0.44253 0
    outer loop
      vertex 68.8294 -14.4506 37
      vertex 68.9278 -14.65 38.4
      vertex 68.9278 -14.65 37
    endloop
  endfacet
  facet normal 0.195165 -0.98077 0
    outer loop
      vertex 69.96 -12.1579 37
      vertex 70.1781 -12.1145 38.4
      vertex 69.96 -12.1579 38.4
    endloop
  endfacet
  facet normal 0.195165 -0.98077 0
    outer loop
      vertex 70.1781 -12.1145 38.4
      vertex 69.96 -12.1579 37
      vertex 70.1781 -12.1145 37
    endloop
  endfacet
  facet normal 0.751908 0.659268 0
    outer loop
      vertex 69.1979 -15.0021 38.4
      vertex 69.0513 -14.8349 37
      vertex 69.0513 -14.8349 38.4
    endloop
  endfacet
  facet normal 0.751908 0.659268 0
    outer loop
      vertex 69.0513 -14.8349 37
      vertex 69.1979 -15.0021 38.4
      vertex 69.1979 -15.0021 37
    endloop
  endfacet
  facet normal 0.98077 0.195165 0
    outer loop
      vertex 68.7579 -14.24 38.4
      vertex 68.7145 -14.0219 37
      vertex 68.7145 -14.0219 38.4
    endloop
  endfacet
  facet normal 0.98077 0.195165 0
    outer loop
      vertex 68.7145 -14.0219 37
      vertex 68.7579 -14.24 38.4
      vertex 68.7579 -14.24 37
    endloop
  endfacet
  facet normal 0.44253 0.896754 -0
    outer loop
      vertex 69.7494 -15.3706 37
      vertex 69.55 -15.2722 38.4
      vertex 69.7494 -15.3706 38.4
    endloop
  endfacet
  facet normal 0.44253 0.896754 0
    outer loop
      vertex 69.55 -15.2722 38.4
      vertex 69.7494 -15.3706 37
      vertex 69.55 -15.2722 37
    endloop
  endfacet
  facet normal 0.555426 -0.831566 0
    outer loop
      vertex 69.3651 -12.4513 37
      vertex 69.55 -12.3278 38.4
      vertex 69.3651 -12.4513 38.4
    endloop
  endfacet
  facet normal 0.555426 -0.831566 0
    outer loop
      vertex 69.55 -12.3278 38.4
      vertex 69.3651 -12.4513 37
      vertex 69.55 -12.3278 37
    endloop
  endfacet
  facet normal -0.44253 -0.896754 0
    outer loop
      vertex 71.0506 -12.2294 37
      vertex 71.25 -12.3278 38.4
      vertex 71.0506 -12.2294 38.4
    endloop
  endfacet
  facet normal -0.44253 -0.896754 -0
    outer loop
      vertex 71.25 -12.3278 38.4
      vertex 71.0506 -12.2294 37
      vertex 71.25 -12.3278 37
    endloop
  endfacet
  facet normal -0.98077 0.195165 0
    outer loop
      vertex 72.0421 -14.24 37
      vertex 72.0855 -14.0219 38.4
      vertex 72.0855 -14.0219 37
    endloop
  endfacet
  facet normal -0.98077 0.195165 0
    outer loop
      vertex 72.0855 -14.0219 38.4
      vertex 72.0421 -14.24 37
      vertex 72.0421 -14.24 38.4
    endloop
  endfacet
  facet normal -0.997872 0.0652057 0
    outer loop
      vertex 72.0855 -14.0219 37
      vertex 72.1 -13.8 38.4
      vertex 72.1 -13.8 37
    endloop
  endfacet
  facet normal -0.997872 0.0652057 0
    outer loop
      vertex 72.1 -13.8 38.4
      vertex 72.0855 -14.0219 37
      vertex 72.0855 -14.0219 38.4
    endloop
  endfacet
  facet normal 0.946915 0.321484 0
    outer loop
      vertex 68.8294 -14.4506 38.4
      vertex 68.7579 -14.24 37
      vertex 68.7579 -14.24 38.4
    endloop
  endfacet
  facet normal 0.946915 0.321484 0
    outer loop
      vertex 68.7579 -14.24 37
      vertex 68.8294 -14.4506 38.4
      vertex 68.8294 -14.4506 37
    endloop
  endfacet
  facet normal -0.555426 -0.831566 0
    outer loop
      vertex 71.25 -12.3278 37
      vertex 71.4349 -12.4513 38.4
      vertex 71.25 -12.3278 38.4
    endloop
  endfacet
  facet normal -0.555426 -0.831566 -0
    outer loop
      vertex 71.4349 -12.4513 38.4
      vertex 71.25 -12.3278 37
      vertex 71.4349 -12.4513 37
    endloop
  endfacet
  facet normal 0.555426 0.831566 -0
    outer loop
      vertex 69.55 -15.2722 37
      vertex 69.3651 -15.1487 38.4
      vertex 69.55 -15.2722 38.4
    endloop
  endfacet
  facet normal 0.555426 0.831566 0
    outer loop
      vertex 69.3651 -15.1487 38.4
      vertex 69.55 -15.2722 37
      vertex 69.3651 -15.1487 37
    endloop
  endfacet
  facet normal -0.831566 -0.555426 0
    outer loop
      vertex 71.8722 -12.95 37
      vertex 71.7487 -12.7651 38.4
      vertex 71.7487 -12.7651 37
    endloop
  endfacet
  facet normal -0.831566 -0.555426 0
    outer loop
      vertex 71.7487 -12.7651 38.4
      vertex 71.8722 -12.95 37
      vertex 71.8722 -12.95 38.4
    endloop
  endfacet
  facet normal 0.997872 -0.0652057 0
    outer loop
      vertex 68.7 -13.8 38.4
      vertex 68.7145 -13.5781 37
      vertex 68.7145 -13.5781 38.4
    endloop
  endfacet
  facet normal 0.997872 -0.0652057 0
    outer loop
      vertex 68.7145 -13.5781 37
      vertex 68.7 -13.8 38.4
      vertex 68.7 -13.8 37
    endloop
  endfacet
  facet normal -0.896754 -0.44253 0
    outer loop
      vertex 71.9706 -13.1494 37
      vertex 71.8722 -12.95 38.4
      vertex 71.8722 -12.95 37
    endloop
  endfacet
  facet normal -0.896754 -0.44253 0
    outer loop
      vertex 71.8722 -12.95 38.4
      vertex 71.9706 -13.1494 37
      vertex 71.9706 -13.1494 38.4
    endloop
  endfacet
  facet normal -0.195165 -0.98077 0
    outer loop
      vertex 70.6219 -12.1145 37
      vertex 70.84 -12.1579 38.4
      vertex 70.6219 -12.1145 38.4
    endloop
  endfacet
  facet normal -0.195165 -0.98077 -0
    outer loop
      vertex 70.84 -12.1579 38.4
      vertex 70.6219 -12.1145 37
      vertex 70.84 -12.1579 37
    endloop
  endfacet
  facet normal 0.896754 -0.44253 0
    outer loop
      vertex 68.8294 -13.1494 38.4
      vertex 68.9278 -12.95 37
      vertex 68.9278 -12.95 38.4
    endloop
  endfacet
  facet normal 0.896754 -0.44253 0
    outer loop
      vertex 68.9278 -12.95 37
      vertex 68.8294 -13.1494 38.4
      vertex 68.8294 -13.1494 37
    endloop
  endfacet
  facet normal 0.659268 0.751908 -0
    outer loop
      vertex 69.3651 -15.1487 37
      vertex 69.1979 -15.0021 38.4
      vertex 69.3651 -15.1487 38.4
    endloop
  endfacet
  facet normal 0.659268 0.751908 0
    outer loop
      vertex 69.1979 -15.0021 38.4
      vertex 69.3651 -15.1487 37
      vertex 69.1979 -15.0021 37
    endloop
  endfacet
  facet normal -0.659268 0.751908 0
    outer loop
      vertex 71.6021 -15.0021 37
      vertex 71.4349 -15.1487 38.4
      vertex 71.6021 -15.0021 38.4
    endloop
  endfacet
  facet normal -0.659268 0.751908 0
    outer loop
      vertex 71.4349 -15.1487 38.4
      vertex 71.6021 -15.0021 37
      vertex 71.4349 -15.1487 37
    endloop
  endfacet
  facet normal -0.555426 0.831566 0
    outer loop
      vertex 71.4349 -15.1487 37
      vertex 71.25 -15.2722 38.4
      vertex 71.4349 -15.1487 38.4
    endloop
  endfacet
  facet normal -0.555426 0.831566 0
    outer loop
      vertex 71.25 -15.2722 38.4
      vertex 71.4349 -15.1487 37
      vertex 71.25 -15.2722 37
    endloop
  endfacet
  facet normal -0.751908 0.659268 0
    outer loop
      vertex 71.6021 -15.0021 37
      vertex 71.7487 -14.8349 38.4
      vertex 71.7487 -14.8349 37
    endloop
  endfacet
  facet normal -0.751908 0.659268 0
    outer loop
      vertex 71.7487 -14.8349 38.4
      vertex 71.6021 -15.0021 37
      vertex 71.6021 -15.0021 38.4
    endloop
  endfacet
  facet normal -0.0652057 0.997872 0
    outer loop
      vertex 70.6219 -15.4855 37
      vertex 70.4 -15.5 38.4
      vertex 70.6219 -15.4855 38.4
    endloop
  endfacet
  facet normal -0.0652057 0.997872 0
    outer loop
      vertex 70.4 -15.5 38.4
      vertex 70.6219 -15.4855 37
      vertex 70.4 -15.5 37
    endloop
  endfacet
  facet normal 0.98077 -0.195165 0
    outer loop
      vertex 68.7145 -13.5781 38.4
      vertex 68.7579 -13.36 37
      vertex 68.7579 -13.36 38.4
    endloop
  endfacet
  facet normal 0.98077 -0.195165 0
    outer loop
      vertex 68.7579 -13.36 37
      vertex 68.7145 -13.5781 38.4
      vertex 68.7145 -13.5781 37
    endloop
  endfacet
  facet normal -0.751908 -0.659268 0
    outer loop
      vertex 71.7487 -12.7651 37
      vertex 71.6021 -12.5979 38.4
      vertex 71.6021 -12.5979 37
    endloop
  endfacet
  facet normal -0.751908 -0.659268 0
    outer loop
      vertex 71.6021 -12.5979 38.4
      vertex 71.7487 -12.7651 37
      vertex 71.7487 -12.7651 38.4
    endloop
  endfacet
  facet normal -0.946915 -0.321484 0
    outer loop
      vertex 72.0421 -13.36 37
      vertex 71.9706 -13.1494 38.4
      vertex 71.9706 -13.1494 37
    endloop
  endfacet
  facet normal -0.946915 -0.321484 0
    outer loop
      vertex 71.9706 -13.1494 38.4
      vertex 72.0421 -13.36 37
      vertex 72.0421 -13.36 38.4
    endloop
  endfacet
  facet normal 0.44253 -0.896754 0
    outer loop
      vertex 69.55 -12.3278 37
      vertex 69.7494 -12.2294 38.4
      vertex 69.55 -12.3278 38.4
    endloop
  endfacet
  facet normal 0.44253 -0.896754 0
    outer loop
      vertex 69.7494 -12.2294 38.4
      vertex 69.55 -12.3278 37
      vertex 69.7494 -12.2294 37
    endloop
  endfacet
  facet normal -0.0652057 -0.997872 0
    outer loop
      vertex 70.4 -12.1 37
      vertex 70.6219 -12.1145 38.4
      vertex 70.4 -12.1 38.4
    endloop
  endfacet
  facet normal -0.0652057 -0.997872 -0
    outer loop
      vertex 70.6219 -12.1145 38.4
      vertex 70.4 -12.1 37
      vertex 70.6219 -12.1145 37
    endloop
  endfacet
  facet normal -0.44253 0.896754 0
    outer loop
      vertex 71.25 -15.2722 37
      vertex 71.0506 -15.3706 38.4
      vertex 71.25 -15.2722 38.4
    endloop
  endfacet
  facet normal -0.44253 0.896754 0
    outer loop
      vertex 71.0506 -15.3706 38.4
      vertex 71.25 -15.2722 37
      vertex 71.0506 -15.3706 37
    endloop
  endfacet
  facet normal -0.321484 0.946915 0
    outer loop
      vertex 71.0506 -15.3706 37
      vertex 70.84 -15.4421 38.4
      vertex 71.0506 -15.3706 38.4
    endloop
  endfacet
  facet normal -0.321484 0.946915 0
    outer loop
      vertex 70.84 -15.4421 38.4
      vertex 71.0506 -15.3706 37
      vertex 70.84 -15.4421 37
    endloop
  endfacet
  facet normal 0.659268 -0.751908 0
    outer loop
      vertex 69.1979 -12.5979 37
      vertex 69.3651 -12.4513 38.4
      vertex 69.1979 -12.5979 38.4
    endloop
  endfacet
  facet normal 0.659268 -0.751908 0
    outer loop
      vertex 69.3651 -12.4513 38.4
      vertex 69.1979 -12.5979 37
      vertex 69.3651 -12.4513 37
    endloop
  endfacet
  facet normal 0.0652057 -0.997872 0
    outer loop
      vertex 70.1781 -12.1145 37
      vertex 70.4 -12.1 38.4
      vertex 70.1781 -12.1145 38.4
    endloop
  endfacet
  facet normal 0.0652057 -0.997872 0
    outer loop
      vertex 70.4 -12.1 38.4
      vertex 70.1781 -12.1145 37
      vertex 70.4 -12.1 37
    endloop
  endfacet
  facet normal 0.946915 -0.321484 0
    outer loop
      vertex 68.7579 -13.36 38.4
      vertex 68.8294 -13.1494 37
      vertex 68.8294 -13.1494 38.4
    endloop
  endfacet
  facet normal 0.946915 -0.321484 0
    outer loop
      vertex 68.8294 -13.1494 37
      vertex 68.7579 -13.36 38.4
      vertex 68.7579 -13.36 37
    endloop
  endfacet
  facet normal 0.321484 0.946915 -0
    outer loop
      vertex 69.96 -15.4421 37
      vertex 69.7494 -15.3706 38.4
      vertex 69.96 -15.4421 38.4
    endloop
  endfacet
  facet normal 0.321484 0.946915 0
    outer loop
      vertex 69.7494 -15.3706 38.4
      vertex 69.96 -15.4421 37
      vertex 69.7494 -15.3706 37
    endloop
  endfacet
  facet normal 0.831566 0.555426 0
    outer loop
      vertex 69.0513 -14.8349 38.4
      vertex 68.9278 -14.65 37
      vertex 68.9278 -14.65 38.4
    endloop
  endfacet
  facet normal 0.831566 0.555426 0
    outer loop
      vertex 68.9278 -14.65 37
      vertex 69.0513 -14.8349 38.4
      vertex 69.0513 -14.8349 37
    endloop
  endfacet
  facet normal 0.195165 0.98077 -0
    outer loop
      vertex 70.1781 -15.4855 37
      vertex 69.96 -15.4421 38.4
      vertex 70.1781 -15.4855 38.4
    endloop
  endfacet
  facet normal 0.195165 0.98077 0
    outer loop
      vertex 69.96 -15.4421 38.4
      vertex 70.1781 -15.4855 37
      vertex 69.96 -15.4421 37
    endloop
  endfacet
  facet normal 0.831566 -0.555426 0
    outer loop
      vertex 68.9278 -12.95 38.4
      vertex 69.0513 -12.7651 37
      vertex 69.0513 -12.7651 38.4
    endloop
  endfacet
  facet normal 0.831566 -0.555426 0
    outer loop
      vertex 69.0513 -12.7651 37
      vertex 68.9278 -12.95 38.4
      vertex 68.9278 -12.95 37
    endloop
  endfacet
  facet normal -0.980789 -0.195073 0
    outer loop
      vertex 73.4735 -13.3954 38.4
      vertex 73.3944 -12.9977 40
      vertex 73.3944 -12.9977 38.4
    endloop
  endfacet
  facet normal -0.980789 -0.195073 0
    outer loop
      vertex 73.3944 -12.9977 40
      vertex 73.4735 -13.3954 38.4
      vertex 73.4735 -13.3954 40
    endloop
  endfacet
  facet normal -0.997862 -0.0653568 0
    outer loop
      vertex 73.5 -13.8 38.4
      vertex 73.4735 -13.3954 40
      vertex 73.4735 -13.3954 38.4
    endloop
  endfacet
  facet normal -0.997862 -0.0653568 0
    outer loop
      vertex 73.4735 -13.3954 40
      vertex 73.5 -13.8 38.4
      vertex 73.5 -13.8 40
    endloop
  endfacet
  facet normal 0.195073 0.980789 -0
    outer loop
      vertex 69.9954 -16.8735 38.4
      vertex 69.5977 -16.7944 40
      vertex 69.9954 -16.8735 40
    endloop
  endfacet
  facet normal 0.195073 0.980789 0
    outer loop
      vertex 69.5977 -16.7944 40
      vertex 69.9954 -16.8735 38.4
      vertex 69.5977 -16.7944 38.4
    endloop
  endfacet
  facet normal 0.442176 -0.896928 0
    outer loop
      vertex 68.85 -11.1153 38.4
      vertex 69.2137 -10.936 40
      vertex 68.85 -11.1153 40
    endloop
  endfacet
  facet normal 0.442176 -0.896928 0
    outer loop
      vertex 69.2137 -10.936 40
      vertex 68.85 -11.1153 38.4
      vertex 69.2137 -10.936 38.4
    endloop
  endfacet
  facet normal 0.442176 0.896928 -0
    outer loop
      vertex 69.2137 -16.664 38.4
      vertex 68.85 -16.4847 40
      vertex 69.2137 -16.664 40
    endloop
  endfacet
  facet normal 0.442176 0.896928 0
    outer loop
      vertex 68.85 -16.4847 40
      vertex 69.2137 -16.664 38.4
      vertex 68.85 -16.4847 38.4
    endloop
  endfacet
  facet normal -0.442176 0.896928 0
    outer loop
      vertex 71.95 -16.4847 38.4
      vertex 71.5863 -16.664 40
      vertex 71.95 -16.4847 40
    endloop
  endfacet
  facet normal -0.442176 0.896928 0
    outer loop
      vertex 71.5863 -16.664 40
      vertex 71.95 -16.4847 38.4
      vertex 71.5863 -16.664 38.4
    endloop
  endfacet
  facet normal 0.555553 0.831481 -0
    outer loop
      vertex 68.85 -16.4847 38.4
      vertex 68.5128 -16.2594 40
      vertex 68.85 -16.4847 40
    endloop
  endfacet
  facet normal 0.555553 0.831481 0
    outer loop
      vertex 68.5128 -16.2594 40
      vertex 68.85 -16.4847 38.4
      vertex 68.5128 -16.2594 38.4
    endloop
  endfacet
  facet normal 0.555553 -0.831481 0
    outer loop
      vertex 68.5128 -11.3406 38.4
      vertex 68.85 -11.1153 40
      vertex 68.5128 -11.3406 40
    endloop
  endfacet
  facet normal 0.555553 -0.831481 0
    outer loop
      vertex 68.85 -11.1153 40
      vertex 68.5128 -11.3406 38.4
      vertex 68.85 -11.1153 38.4
    endloop
  endfacet
  facet normal -0.896928 0.442176 0
    outer loop
      vertex 73.0847 -15.35 38.4
      vertex 73.264 -14.9863 40
      vertex 73.264 -14.9863 38.4
    endloop
  endfacet
  facet normal -0.896928 0.442176 0
    outer loop
      vertex 73.264 -14.9863 40
      vertex 73.0847 -15.35 38.4
      vertex 73.0847 -15.35 40
    endloop
  endfacet
  facet normal -0.555553 -0.831481 0
    outer loop
      vertex 71.95 -11.1153 38.4
      vertex 72.2872 -11.3406 40
      vertex 71.95 -11.1153 40
    endloop
  endfacet
  facet normal -0.555553 -0.831481 -0
    outer loop
      vertex 72.2872 -11.3406 40
      vertex 71.95 -11.1153 38.4
      vertex 72.2872 -11.3406 38.4
    endloop
  endfacet
  facet normal -0.321549 0.946893 0
    outer loop
      vertex 71.5863 -16.664 38.4
      vertex 71.2023 -16.7944 40
      vertex 71.5863 -16.664 40
    endloop
  endfacet
  facet normal -0.321549 0.946893 0
    outer loop
      vertex 71.2023 -16.7944 40
      vertex 71.5863 -16.664 38.4
      vertex 71.2023 -16.7944 38.4
    endloop
  endfacet
  facet normal 0.831481 -0.555553 0
    outer loop
      vertex 67.7153 -12.25 40
      vertex 67.9406 -11.9128 38.4
      vertex 67.9406 -11.9128 40
    endloop
  endfacet
  facet normal 0.831481 -0.555553 0
    outer loop
      vertex 67.9406 -11.9128 38.4
      vertex 67.7153 -12.25 40
      vertex 67.7153 -12.25 38.4
    endloop
  endfacet
  facet normal 0.659482 0.751721 -0
    outer loop
      vertex 68.5128 -16.2594 38.4
      vertex 68.208 -15.992 40
      vertex 68.5128 -16.2594 40
    endloop
  endfacet
  facet normal 0.659482 0.751721 0
    outer loop
      vertex 68.208 -15.992 40
      vertex 68.5128 -16.2594 38.4
      vertex 68.208 -15.992 38.4
    endloop
  endfacet
  facet normal -0.195073 0.980789 0
    outer loop
      vertex 71.2023 -16.7944 38.4
      vertex 70.8046 -16.8735 40
      vertex 71.2023 -16.7944 40
    endloop
  endfacet
  facet normal -0.195073 0.980789 0
    outer loop
      vertex 70.8046 -16.8735 40
      vertex 71.2023 -16.7944 38.4
      vertex 70.8046 -16.8735 38.4
    endloop
  endfacet
  facet normal -0.831481 0.555553 0
    outer loop
      vertex 72.8594 -15.6872 38.4
      vertex 73.0847 -15.35 40
      vertex 73.0847 -15.35 38.4
    endloop
  endfacet
  facet normal -0.831481 0.555553 0
    outer loop
      vertex 73.0847 -15.35 40
      vertex 72.8594 -15.6872 38.4
      vertex 72.8594 -15.6872 40
    endloop
  endfacet
  facet normal 0.896928 -0.442176 0
    outer loop
      vertex 67.536 -12.6137 40
      vertex 67.7153 -12.25 38.4
      vertex 67.7153 -12.25 40
    endloop
  endfacet
  facet normal 0.896928 -0.442176 0
    outer loop
      vertex 67.7153 -12.25 38.4
      vertex 67.536 -12.6137 40
      vertex 67.536 -12.6137 38.4
    endloop
  endfacet
  facet normal 0.896928 0.442176 0
    outer loop
      vertex 67.7153 -15.35 40
      vertex 67.536 -14.9863 38.4
      vertex 67.536 -14.9863 40
    endloop
  endfacet
  facet normal 0.896928 0.442176 0
    outer loop
      vertex 67.536 -14.9863 38.4
      vertex 67.7153 -15.35 40
      vertex 67.7153 -15.35 38.4
    endloop
  endfacet
  facet normal -0.321549 -0.946893 0
    outer loop
      vertex 71.2023 -10.8056 38.4
      vertex 71.5863 -10.936 40
      vertex 71.2023 -10.8056 40
    endloop
  endfacet
  facet normal -0.321549 -0.946893 -0
    outer loop
      vertex 71.5863 -10.936 40
      vertex 71.2023 -10.8056 38.4
      vertex 71.5863 -10.936 38.4
    endloop
  endfacet
  facet normal 0.321549 -0.946893 0
    outer loop
      vertex 69.2137 -10.936 38.4
      vertex 69.5977 -10.8056 40
      vertex 69.2137 -10.936 40
    endloop
  endfacet
  facet normal 0.321549 -0.946893 0
    outer loop
      vertex 69.5977 -10.8056 40
      vertex 69.2137 -10.936 38.4
      vertex 69.5977 -10.8056 38.4
    endloop
  endfacet
  facet normal -0.659482 -0.751721 0
    outer loop
      vertex 72.2872 -11.3406 38.4
      vertex 72.592 -11.608 40
      vertex 72.2872 -11.3406 40
    endloop
  endfacet
  facet normal -0.659482 -0.751721 -0
    outer loop
      vertex 72.592 -11.608 40
      vertex 72.2872 -11.3406 38.4
      vertex 72.592 -11.608 38.4
    endloop
  endfacet
  facet normal -0.555553 0.831481 0
    outer loop
      vertex 72.2872 -16.2594 38.4
      vertex 71.95 -16.4847 40
      vertex 72.2872 -16.2594 40
    endloop
  endfacet
  facet normal -0.555553 0.831481 0
    outer loop
      vertex 71.95 -16.4847 40
      vertex 72.2872 -16.2594 38.4
      vertex 71.95 -16.4847 38.4
    endloop
  endfacet
  facet normal -0.831481 -0.555553 0
    outer loop
      vertex 73.0847 -12.25 38.4
      vertex 72.8594 -11.9128 40
      vertex 72.8594 -11.9128 38.4
    endloop
  endfacet
  facet normal -0.831481 -0.555553 0
    outer loop
      vertex 72.8594 -11.9128 40
      vertex 73.0847 -12.25 38.4
      vertex 73.0847 -12.25 40
    endloop
  endfacet
  facet normal 0.997862 -0.0653568 0
    outer loop
      vertex 67.3 -13.8 40
      vertex 67.3265 -13.3954 38.4
      vertex 67.3265 -13.3954 40
    endloop
  endfacet
  facet normal 0.997862 -0.0653568 0
    outer loop
      vertex 67.3265 -13.3954 38.4
      vertex 67.3 -13.8 40
      vertex 67.3 -13.8 38.4
    endloop
  endfacet
  facet normal -0.442176 -0.896928 0
    outer loop
      vertex 71.5863 -10.936 38.4
      vertex 71.95 -11.1153 40
      vertex 71.5863 -10.936 40
    endloop
  endfacet
  facet normal -0.442176 -0.896928 -0
    outer loop
      vertex 71.95 -11.1153 40
      vertex 71.5863 -10.936 38.4
      vertex 71.95 -11.1153 38.4
    endloop
  endfacet
  facet normal -0.195073 -0.980789 0
    outer loop
      vertex 70.8046 -10.7265 38.4
      vertex 71.2023 -10.8056 40
      vertex 70.8046 -10.7265 40
    endloop
  endfacet
  facet normal -0.195073 -0.980789 -0
    outer loop
      vertex 71.2023 -10.8056 40
      vertex 70.8046 -10.7265 38.4
      vertex 71.2023 -10.8056 38.4
    endloop
  endfacet
  facet normal 0.195073 -0.980789 0
    outer loop
      vertex 69.5977 -10.8056 38.4
      vertex 69.9954 -10.7265 40
      vertex 69.5977 -10.8056 40
    endloop
  endfacet
  facet normal 0.195073 -0.980789 0
    outer loop
      vertex 69.9954 -10.7265 40
      vertex 69.5977 -10.8056 38.4
      vertex 69.9954 -10.7265 38.4
    endloop
  endfacet
  facet normal -0.896928 -0.442176 0
    outer loop
      vertex 73.264 -12.6137 38.4
      vertex 73.0847 -12.25 40
      vertex 73.0847 -12.25 38.4
    endloop
  endfacet
  facet normal -0.896928 -0.442176 0
    outer loop
      vertex 73.0847 -12.25 40
      vertex 73.264 -12.6137 38.4
      vertex 73.264 -12.6137 40
    endloop
  endfacet
  facet normal -0.997862 0.0653568 0
    outer loop
      vertex 73.4735 -14.2046 38.4
      vertex 73.5 -13.8 40
      vertex 73.5 -13.8 38.4
    endloop
  endfacet
  facet normal -0.997862 0.0653568 0
    outer loop
      vertex 73.5 -13.8 40
      vertex 73.4735 -14.2046 38.4
      vertex 73.4735 -14.2046 40
    endloop
  endfacet
  facet normal -0.946893 0.321549 0
    outer loop
      vertex 73.264 -14.9863 38.4
      vertex 73.3944 -14.6023 40
      vertex 73.3944 -14.6023 38.4
    endloop
  endfacet
  facet normal -0.946893 0.321549 0
    outer loop
      vertex 73.3944 -14.6023 40
      vertex 73.264 -14.9863 38.4
      vertex 73.264 -14.9863 40
    endloop
  endfacet
  facet normal 0.659482 -0.751721 0
    outer loop
      vertex 68.208 -11.608 38.4
      vertex 68.5128 -11.3406 40
      vertex 68.208 -11.608 40
    endloop
  endfacet
  facet normal 0.659482 -0.751721 0
    outer loop
      vertex 68.5128 -11.3406 40
      vertex 68.208 -11.608 38.4
      vertex 68.5128 -11.3406 38.4
    endloop
  endfacet
  facet normal 0.946893 0.321549 0
    outer loop
      vertex 67.536 -14.9863 40
      vertex 67.4056 -14.6023 38.4
      vertex 67.4056 -14.6023 40
    endloop
  endfacet
  facet normal 0.946893 0.321549 0
    outer loop
      vertex 67.4056 -14.6023 38.4
      vertex 67.536 -14.9863 40
      vertex 67.536 -14.9863 38.4
    endloop
  endfacet
  facet normal -0.751721 0.659482 0
    outer loop
      vertex 72.592 -15.992 38.4
      vertex 72.8594 -15.6872 40
      vertex 72.8594 -15.6872 38.4
    endloop
  endfacet
  facet normal -0.751721 0.659482 0
    outer loop
      vertex 72.8594 -15.6872 40
      vertex 72.592 -15.992 38.4
      vertex 72.592 -15.992 40
    endloop
  endfacet
  facet normal 0.980789 0.195073 0
    outer loop
      vertex 67.4056 -14.6023 40
      vertex 67.3265 -14.2046 38.4
      vertex 67.3265 -14.2046 40
    endloop
  endfacet
  facet normal 0.980789 0.195073 0
    outer loop
      vertex 67.3265 -14.2046 38.4
      vertex 67.4056 -14.6023 40
      vertex 67.4056 -14.6023 38.4
    endloop
  endfacet
  facet normal 0.751721 -0.659482 0
    outer loop
      vertex 67.9406 -11.9128 40
      vertex 68.208 -11.608 38.4
      vertex 68.208 -11.608 40
    endloop
  endfacet
  facet normal 0.751721 -0.659482 0
    outer loop
      vertex 68.208 -11.608 38.4
      vertex 67.9406 -11.9128 40
      vertex 67.9406 -11.9128 38.4
    endloop
  endfacet
  facet normal -0.980789 0.195073 0
    outer loop
      vertex 73.3944 -14.6023 38.4
      vertex 73.4735 -14.2046 40
      vertex 73.4735 -14.2046 38.4
    endloop
  endfacet
  facet normal -0.980789 0.195073 0
    outer loop
      vertex 73.4735 -14.2046 40
      vertex 73.3944 -14.6023 38.4
      vertex 73.3944 -14.6023 40
    endloop
  endfacet
  facet normal -0.659482 0.751721 0
    outer loop
      vertex 72.592 -15.992 38.4
      vertex 72.2872 -16.2594 40
      vertex 72.592 -15.992 40
    endloop
  endfacet
  facet normal -0.659482 0.751721 0
    outer loop
      vertex 72.2872 -16.2594 40
      vertex 72.592 -15.992 38.4
      vertex 72.2872 -16.2594 38.4
    endloop
  endfacet
  facet normal 0.0653568 0.997862 -0
    outer loop
      vertex 70.4 -16.9 38.4
      vertex 69.9954 -16.8735 40
      vertex 70.4 -16.9 40
    endloop
  endfacet
  facet normal 0.0653568 0.997862 0
    outer loop
      vertex 69.9954 -16.8735 40
      vertex 70.4 -16.9 38.4
      vertex 69.9954 -16.8735 38.4
    endloop
  endfacet
  facet normal -0.751721 -0.659482 0
    outer loop
      vertex 72.8594 -11.9128 38.4
      vertex 72.592 -11.608 40
      vertex 72.592 -11.608 38.4
    endloop
  endfacet
  facet normal -0.751721 -0.659482 0
    outer loop
      vertex 72.592 -11.608 40
      vertex 72.8594 -11.9128 38.4
      vertex 72.8594 -11.9128 40
    endloop
  endfacet
  facet normal 0.831481 0.555553 0
    outer loop
      vertex 67.9406 -15.6872 40
      vertex 67.7153 -15.35 38.4
      vertex 67.7153 -15.35 40
    endloop
  endfacet
  facet normal 0.831481 0.555553 0
    outer loop
      vertex 67.7153 -15.35 38.4
      vertex 67.9406 -15.6872 40
      vertex 67.9406 -15.6872 38.4
    endloop
  endfacet
  facet normal 0.980789 -0.195073 0
    outer loop
      vertex 67.3265 -13.3954 40
      vertex 67.4056 -12.9977 38.4
      vertex 67.4056 -12.9977 40
    endloop
  endfacet
  facet normal 0.980789 -0.195073 0
    outer loop
      vertex 67.4056 -12.9977 38.4
      vertex 67.3265 -13.3954 40
      vertex 67.3265 -13.3954 38.4
    endloop
  endfacet
  facet normal -0.946893 -0.321549 0
    outer loop
      vertex 73.3944 -12.9977 38.4
      vertex 73.264 -12.6137 40
      vertex 73.264 -12.6137 38.4
    endloop
  endfacet
  facet normal -0.946893 -0.321549 0
    outer loop
      vertex 73.264 -12.6137 40
      vertex 73.3944 -12.9977 38.4
      vertex 73.3944 -12.9977 40
    endloop
  endfacet
  facet normal -0.0653568 -0.997862 0
    outer loop
      vertex 70.4 -10.7 38.4
      vertex 70.8046 -10.7265 40
      vertex 70.4 -10.7 40
    endloop
  endfacet
  facet normal -0.0653568 -0.997862 -0
    outer loop
      vertex 70.8046 -10.7265 40
      vertex 70.4 -10.7 38.4
      vertex 70.8046 -10.7265 38.4
    endloop
  endfacet
  facet normal 0.997862 0.0653568 0
    outer loop
      vertex 67.3265 -14.2046 40
      vertex 67.3 -13.8 38.4
      vertex 67.3 -13.8 40
    endloop
  endfacet
  facet normal 0.997862 0.0653568 0
    outer loop
      vertex 67.3 -13.8 38.4
      vertex 67.3265 -14.2046 40
      vertex 67.3265 -14.2046 38.4
    endloop
  endfacet
  facet normal 0.321549 0.946893 -0
    outer loop
      vertex 69.5977 -16.7944 38.4
      vertex 69.2137 -16.664 40
      vertex 69.5977 -16.7944 40
    endloop
  endfacet
  facet normal 0.321549 0.946893 0
    outer loop
      vertex 69.2137 -16.664 40
      vertex 69.5977 -16.7944 38.4
      vertex 69.2137 -16.664 38.4
    endloop
  endfacet
  facet normal 0.0653568 -0.997862 0
    outer loop
      vertex 69.9954 -10.7265 38.4
      vertex 70.4 -10.7 40
      vertex 69.9954 -10.7265 40
    endloop
  endfacet
  facet normal 0.0653568 -0.997862 0
    outer loop
      vertex 70.4 -10.7 40
      vertex 69.9954 -10.7265 38.4
      vertex 70.4 -10.7 38.4
    endloop
  endfacet
  facet normal -0.0653568 0.997862 0
    outer loop
      vertex 70.8046 -16.8735 38.4
      vertex 70.4 -16.9 40
      vertex 70.8046 -16.8735 40
    endloop
  endfacet
  facet normal -0.0653568 0.997862 0
    outer loop
      vertex 70.4 -16.9 40
      vertex 70.8046 -16.8735 38.4
      vertex 70.4 -16.9 38.4
    endloop
  endfacet
  facet normal 0.751721 0.659482 0
    outer loop
      vertex 68.208 -15.992 40
      vertex 67.9406 -15.6872 38.4
      vertex 67.9406 -15.6872 40
    endloop
  endfacet
  facet normal 0.751721 0.659482 0
    outer loop
      vertex 67.9406 -15.6872 38.4
      vertex 68.208 -15.992 40
      vertex 68.208 -15.992 38.4
    endloop
  endfacet
  facet normal 0 0 1
    outer loop
      vertex 72.1 -13.8 38.4
      vertex 73.5 -13.8 38.4
      vertex 73.4735 -13.3954 38.4
    endloop
  endfacet
  facet normal 0 0 1
    outer loop
      vertex 72.0855 -13.5781 38.4
      vertex 73.4735 -13.3954 38.4
      vertex 73.3944 -12.9977 38.4
    endloop
  endfacet
  facet normal 0 0 1
    outer loop
      vertex 73.5 -13.8 38.4
      vertex 72.1 -13.8 38.4
      vertex 73.4735 -14.2046 38.4
    endloop
  endfacet
  facet normal 0 0 1
    outer loop
      vertex 72.0421 -13.36 38.4
      vertex 73.3944 -12.9977 38.4
      vertex 73.264 -12.6137 38.4
    endloop
  endfacet
  facet normal -0 0 1
    outer loop
      vertex 72.0855 -14.0219 38.4
      vertex 73.4735 -14.2046 38.4
      vertex 72.1 -13.8 38.4
    endloop
  endfacet
  facet normal 0 0 1
    outer loop
      vertex 71.9706 -13.1494 38.4
      vertex 73.264 -12.6137 38.4
      vertex 73.0847 -12.25 38.4
    endloop
  endfacet
  facet normal 0 0 1
    outer loop
      vertex 73.4735 -14.2046 38.4
      vertex 72.0855 -14.0219 38.4
      vertex 73.3944 -14.6023 38.4
    endloop
  endfacet
  facet normal 0 0 1
    outer loop
      vertex 71.8722 -12.95 38.4
      vertex 73.0847 -12.25 38.4
      vertex 72.8594 -11.9128 38.4
    endloop
  endfacet
  facet normal -0 0 1
    outer loop
      vertex 72.0421 -14.24 38.4
      vertex 73.3944 -14.6023 38.4
      vertex 72.0855 -14.0219 38.4
    endloop
  endfacet
  facet normal 0 0 1
    outer loop
      vertex 71.7487 -12.7651 38.4
      vertex 72.8594 -11.9128 38.4
      vertex 72.592 -11.608 38.4
    endloop
  endfacet
  facet normal 0 0 1
    outer loop
      vertex 73.3944 -14.6023 38.4
      vertex 72.0421 -14.24 38.4
      vertex 73.264 -14.9863 38.4
    endloop
  endfacet
  facet normal 0 0 1
    outer loop
      vertex 71.6021 -12.5979 38.4
      vertex 72.592 -11.608 38.4
      vertex 72.2872 -11.3406 38.4
    endloop
  endfacet
  facet normal -0 0 1
    outer loop
      vertex 71.9706 -14.4506 38.4
      vertex 73.264 -14.9863 38.4
      vertex 72.0421 -14.24 38.4
    endloop
  endfacet
  facet normal 0 0 1
    outer loop
      vertex 73.264 -14.9863 38.4
      vertex 71.9706 -14.4506 38.4
      vertex 73.0847 -15.35 38.4
    endloop
  endfacet
  facet normal 0 0 1
    outer loop
      vertex 73.4735 -13.3954 38.4
      vertex 72.0855 -13.5781 38.4
      vertex 72.1 -13.8 38.4
    endloop
  endfacet
  facet normal 0 0 1
    outer loop
      vertex 73.3944 -12.9977 38.4
      vertex 72.0421 -13.36 38.4
      vertex 72.0855 -13.5781 38.4
    endloop
  endfacet
  facet normal 0 0 1
    outer loop
      vertex 73.264 -12.6137 38.4
      vertex 71.9706 -13.1494 38.4
      vertex 72.0421 -13.36 38.4
    endloop
  endfacet
  facet normal 0 0 1
    outer loop
      vertex 71.4349 -12.4513 38.4
      vertex 72.2872 -11.3406 38.4
      vertex 71.95 -11.1153 38.4
    endloop
  endfacet
  facet normal 0 0 1
    outer loop
      vertex 73.0847 -12.25 38.4
      vertex 71.8722 -12.95 38.4
      vertex 71.9706 -13.1494 38.4
    endloop
  endfacet
  facet normal 0 0 1
    outer loop
      vertex 72.8594 -11.9128 38.4
      vertex 71.7487 -12.7651 38.4
      vertex 71.8722 -12.95 38.4
    endloop
  endfacet
  facet normal 0 0 1
    outer loop
      vertex 72.592 -11.608 38.4
      vertex 71.6021 -12.5979 38.4
      vertex 71.7487 -12.7651 38.4
    endloop
  endfacet
  facet normal 0 0 1
    outer loop
      vertex 71.25 -12.3278 38.4
      vertex 71.95 -11.1153 38.4
      vertex 71.5863 -10.936 38.4
    endloop
  endfacet
  facet normal 0 0 1
    outer loop
      vertex 72.2872 -11.3406 38.4
      vertex 71.4349 -12.4513 38.4
      vertex 71.6021 -12.5979 38.4
    endloop
  endfacet
  facet normal 0 0 1
    outer loop
      vertex 71.95 -11.1153 38.4
      vertex 71.25 -12.3278 38.4
      vertex 71.4349 -12.4513 38.4
    endloop
  endfacet
  facet normal 0 0 1
    outer loop
      vertex 71.0506 -12.2294 38.4
      vertex 71.5863 -10.936 38.4
      vertex 71.2023 -10.8056 38.4
    endloop
  endfacet
  facet normal 0 0 1
    outer loop
      vertex 71.5863 -10.936 38.4
      vertex 71.0506 -12.2294 38.4
      vertex 71.25 -12.3278 38.4
    endloop
  endfacet
  facet normal 0 0 1
    outer loop
      vertex 71.2023 -10.8056 38.4
      vertex 70.84 -12.1579 38.4
      vertex 71.0506 -12.2294 38.4
    endloop
  endfacet
  facet normal 0 0 1
    outer loop
      vertex 70.8046 -10.7265 38.4
      vertex 70.84 -12.1579 38.4
      vertex 71.2023 -10.8056 38.4
    endloop
  endfacet
  facet normal 0 0 1
    outer loop
      vertex 70.8046 -10.7265 38.4
      vertex 70.6219 -12.1145 38.4
      vertex 70.84 -12.1579 38.4
    endloop
  endfacet
  facet normal 0 0 1
    outer loop
      vertex 70.4 -10.7 38.4
      vertex 70.6219 -12.1145 38.4
      vertex 70.8046 -10.7265 38.4
    endloop
  endfacet
  facet normal 0 0 1
    outer loop
      vertex 70.4 -10.7 38.4
      vertex 70.4 -12.1 38.4
      vertex 70.6219 -12.1145 38.4
    endloop
  endfacet
  facet normal 0 0 1
    outer loop
      vertex 70.4 -10.7 38.4
      vertex 70.1781 -12.1145 38.4
      vertex 70.4 -12.1 38.4
    endloop
  endfacet
  facet normal -0 0 1
    outer loop
      vertex 69.9954 -10.7265 38.4
      vertex 70.1781 -12.1145 38.4
      vertex 70.4 -10.7 38.4
    endloop
  endfacet
  facet normal 0 0 1
    outer loop
      vertex 69.9954 -10.7265 38.4
      vertex 69.96 -12.1579 38.4
      vertex 70.1781 -12.1145 38.4
    endloop
  endfacet
  facet normal -0 0 1
    outer loop
      vertex 69.5977 -10.8056 38.4
      vertex 69.96 -12.1579 38.4
      vertex 69.9954 -10.7265 38.4
    endloop
  endfacet
  facet normal 0 0 1
    outer loop
      vertex 69.96 -12.1579 38.4
      vertex 69.5977 -10.8056 38.4
      vertex 69.7494 -12.2294 38.4
    endloop
  endfacet
  facet normal -0 0 1
    outer loop
      vertex 69.2137 -10.936 38.4
      vertex 69.7494 -12.2294 38.4
      vertex 69.5977 -10.8056 38.4
    endloop
  endfacet
  facet normal 0 0 1
    outer loop
      vertex 69.7494 -12.2294 38.4
      vertex 69.2137 -10.936 38.4
      vertex 69.55 -12.3278 38.4
    endloop
  endfacet
  facet normal -0 0 1
    outer loop
      vertex 68.85 -11.1153 38.4
      vertex 69.55 -12.3278 38.4
      vertex 69.2137 -10.936 38.4
    endloop
  endfacet
  facet normal 0 0 1
    outer loop
      vertex 69.55 -12.3278 38.4
      vertex 68.85 -11.1153 38.4
      vertex 69.3651 -12.4513 38.4
    endloop
  endfacet
  facet normal -0 0 1
    outer loop
      vertex 68.5128 -11.3406 38.4
      vertex 69.3651 -12.4513 38.4
      vertex 68.85 -11.1153 38.4
    endloop
  endfacet
  facet normal 0 0 1
    outer loop
      vertex 69.3651 -12.4513 38.4
      vertex 68.5128 -11.3406 38.4
      vertex 69.1979 -12.5979 38.4
    endloop
  endfacet
  facet normal -0 0 1
    outer loop
      vertex 68.208 -11.608 38.4
      vertex 69.1979 -12.5979 38.4
      vertex 68.5128 -11.3406 38.4
    endloop
  endfacet
  facet normal 0 0 1
    outer loop
      vertex 69.1979 -12.5979 38.4
      vertex 68.208 -11.608 38.4
      vertex 69.0513 -12.7651 38.4
    endloop
  endfacet
  facet normal -0 0 1
    outer loop
      vertex 67.9406 -11.9128 38.4
      vertex 69.0513 -12.7651 38.4
      vertex 68.208 -11.608 38.4
    endloop
  endfacet
  facet normal 0 0 1
    outer loop
      vertex 69.0513 -12.7651 38.4
      vertex 67.9406 -11.9128 38.4
      vertex 68.9278 -12.95 38.4
    endloop
  endfacet
  facet normal -0 0 1
    outer loop
      vertex 67.7153 -12.25 38.4
      vertex 68.9278 -12.95 38.4
      vertex 67.9406 -11.9128 38.4
    endloop
  endfacet
  facet normal 0 0 1
    outer loop
      vertex 68.9278 -12.95 38.4
      vertex 67.7153 -12.25 38.4
      vertex 68.8294 -13.1494 38.4
    endloop
  endfacet
  facet normal -0 0 1
    outer loop
      vertex 71.8722 -14.65 38.4
      vertex 73.0847 -15.35 38.4
      vertex 71.9706 -14.4506 38.4
    endloop
  endfacet
  facet normal 0 0 1
    outer loop
      vertex 73.0847 -15.35 38.4
      vertex 71.8722 -14.65 38.4
      vertex 72.8594 -15.6872 38.4
    endloop
  endfacet
  facet normal -0 0 1
    outer loop
      vertex 71.7487 -14.8349 38.4
      vertex 72.8594 -15.6872 38.4
      vertex 71.8722 -14.65 38.4
    endloop
  endfacet
  facet normal 0 0 1
    outer loop
      vertex 72.8594 -15.6872 38.4
      vertex 71.7487 -14.8349 38.4
      vertex 72.592 -15.992 38.4
    endloop
  endfacet
  facet normal -0 0 1
    outer loop
      vertex 71.6021 -15.0021 38.4
      vertex 72.592 -15.992 38.4
      vertex 71.7487 -14.8349 38.4
    endloop
  endfacet
  facet normal 0 0 1
    outer loop
      vertex 72.592 -15.992 38.4
      vertex 71.6021 -15.0021 38.4
      vertex 72.2872 -16.2594 38.4
    endloop
  endfacet
  facet normal -0 0 1
    outer loop
      vertex 71.4349 -15.1487 38.4
      vertex 72.2872 -16.2594 38.4
      vertex 71.6021 -15.0021 38.4
    endloop
  endfacet
  facet normal 0 0 1
    outer loop
      vertex 72.2872 -16.2594 38.4
      vertex 71.4349 -15.1487 38.4
      vertex 71.95 -16.4847 38.4
    endloop
  endfacet
  facet normal -0 0 1
    outer loop
      vertex 71.25 -15.2722 38.4
      vertex 71.95 -16.4847 38.4
      vertex 71.4349 -15.1487 38.4
    endloop
  endfacet
  facet normal 0 0 1
    outer loop
      vertex 71.95 -16.4847 38.4
      vertex 71.25 -15.2722 38.4
      vertex 71.5863 -16.664 38.4
    endloop
  endfacet
  facet normal -0 0 1
    outer loop
      vertex 71.0506 -15.3706 38.4
      vertex 71.5863 -16.664 38.4
      vertex 71.25 -15.2722 38.4
    endloop
  endfacet
  facet normal 0 0 1
    outer loop
      vertex 71.5863 -16.664 38.4
      vertex 71.0506 -15.3706 38.4
      vertex 71.2023 -16.7944 38.4
    endloop
  endfacet
  facet normal -0 0 1
    outer loop
      vertex 70.84 -15.4421 38.4
      vertex 71.2023 -16.7944 38.4
      vertex 71.0506 -15.3706 38.4
    endloop
  endfacet
  facet normal 0 0 1
    outer loop
      vertex 70.84 -15.4421 38.4
      vertex 70.8046 -16.8735 38.4
      vertex 71.2023 -16.7944 38.4
    endloop
  endfacet
  facet normal -0 0 1
    outer loop
      vertex 70.6219 -15.4855 38.4
      vertex 70.8046 -16.8735 38.4
      vertex 70.84 -15.4421 38.4
    endloop
  endfacet
  facet normal -0 0 1
    outer loop
      vertex 70.4 -15.5 38.4
      vertex 70.8046 -16.8735 38.4
      vertex 70.6219 -15.4855 38.4
    endloop
  endfacet
  facet normal 0 0 1
    outer loop
      vertex 70.4 -15.5 38.4
      vertex 70.4 -16.9 38.4
      vertex 70.8046 -16.8735 38.4
    endloop
  endfacet
  facet normal 0 0 1
    outer loop
      vertex 70.1781 -15.4855 38.4
      vertex 70.4 -16.9 38.4
      vertex 70.4 -15.5 38.4
    endloop
  endfacet
  facet normal 0 0 1
    outer loop
      vertex 70.1781 -15.4855 38.4
      vertex 69.9954 -16.8735 38.4
      vertex 70.4 -16.9 38.4
    endloop
  endfacet
  facet normal 0 0 1
    outer loop
      vertex 69.96 -15.4421 38.4
      vertex 69.9954 -16.8735 38.4
      vertex 70.1781 -15.4855 38.4
    endloop
  endfacet
  facet normal 0 0 1
    outer loop
      vertex 69.5977 -16.7944 38.4
      vertex 69.96 -15.4421 38.4
      vertex 69.7494 -15.3706 38.4
    endloop
  endfacet
  facet normal 0 0 1
    outer loop
      vertex 69.96 -15.4421 38.4
      vertex 69.5977 -16.7944 38.4
      vertex 69.9954 -16.8735 38.4
    endloop
  endfacet
  facet normal 0 0 1
    outer loop
      vertex 69.2137 -16.664 38.4
      vertex 69.7494 -15.3706 38.4
      vertex 69.55 -15.2722 38.4
    endloop
  endfacet
  facet normal 0 0 1
    outer loop
      vertex 68.85 -16.4847 38.4
      vertex 69.55 -15.2722 38.4
      vertex 69.3651 -15.1487 38.4
    endloop
  endfacet
  facet normal 0 0 1
    outer loop
      vertex 69.7494 -15.3706 38.4
      vertex 69.2137 -16.664 38.4
      vertex 69.5977 -16.7944 38.4
    endloop
  endfacet
  facet normal 0 0 1
    outer loop
      vertex 68.5128 -16.2594 38.4
      vertex 69.3651 -15.1487 38.4
      vertex 69.1979 -15.0021 38.4
    endloop
  endfacet
  facet normal 0 0 1
    outer loop
      vertex 68.208 -15.992 38.4
      vertex 69.1979 -15.0021 38.4
      vertex 69.0513 -14.8349 38.4
    endloop
  endfacet
  facet normal 0 0 1
    outer loop
      vertex 67.9406 -15.6872 38.4
      vertex 69.0513 -14.8349 38.4
      vertex 68.9278 -14.65 38.4
    endloop
  endfacet
  facet normal 0 0 1
    outer loop
      vertex 69.55 -15.2722 38.4
      vertex 68.85 -16.4847 38.4
      vertex 69.2137 -16.664 38.4
    endloop
  endfacet
  facet normal 0 0 1
    outer loop
      vertex 67.7153 -15.35 38.4
      vertex 68.9278 -14.65 38.4
      vertex 68.8294 -14.4506 38.4
    endloop
  endfacet
  facet normal 0 0 1
    outer loop
      vertex 67.536 -14.9863 38.4
      vertex 68.8294 -14.4506 38.4
      vertex 68.7579 -14.24 38.4
    endloop
  endfacet
  facet normal 0 0 1
    outer loop
      vertex 67.4056 -14.6023 38.4
      vertex 68.7579 -14.24 38.4
      vertex 68.7145 -14.0219 38.4
    endloop
  endfacet
  facet normal 0 0 1
    outer loop
      vertex 67.3265 -14.2046 38.4
      vertex 68.7145 -14.0219 38.4
      vertex 68.7 -13.8 38.4
    endloop
  endfacet
  facet normal -0 0 1
    outer loop
      vertex 67.536 -12.6137 38.4
      vertex 68.8294 -13.1494 38.4
      vertex 67.7153 -12.25 38.4
    endloop
  endfacet
  facet normal 0 0 1
    outer loop
      vertex 69.3651 -15.1487 38.4
      vertex 68.5128 -16.2594 38.4
      vertex 68.85 -16.4847 38.4
    endloop
  endfacet
  facet normal 0 0 1
    outer loop
      vertex 68.8294 -13.1494 38.4
      vertex 67.536 -12.6137 38.4
      vertex 68.7579 -13.36 38.4
    endloop
  endfacet
  facet normal 0 0 1
    outer loop
      vertex 69.1979 -15.0021 38.4
      vertex 68.208 -15.992 38.4
      vertex 68.5128 -16.2594 38.4
    endloop
  endfacet
  facet normal -0 0 1
    outer loop
      vertex 67.4056 -12.9977 38.4
      vertex 68.7579 -13.36 38.4
      vertex 67.536 -12.6137 38.4
    endloop
  endfacet
  facet normal 0 0 1
    outer loop
      vertex 69.0513 -14.8349 38.4
      vertex 67.9406 -15.6872 38.4
      vertex 68.208 -15.992 38.4
    endloop
  endfacet
  facet normal 0 0 1
    outer loop
      vertex 68.7579 -13.36 38.4
      vertex 67.4056 -12.9977 38.4
      vertex 68.7145 -13.5781 38.4
    endloop
  endfacet
  facet normal 0 0 1
    outer loop
      vertex 68.9278 -14.65 38.4
      vertex 67.7153 -15.35 38.4
      vertex 67.9406 -15.6872 38.4
    endloop
  endfacet
  facet normal -0 0 1
    outer loop
      vertex 67.3265 -13.3954 38.4
      vertex 68.7145 -13.5781 38.4
      vertex 67.4056 -12.9977 38.4
    endloop
  endfacet
  facet normal 0 0 1
    outer loop
      vertex 68.8294 -14.4506 38.4
      vertex 67.536 -14.9863 38.4
      vertex 67.7153 -15.35 38.4
    endloop
  endfacet
  facet normal 0 0 1
    outer loop
      vertex 68.7145 -13.5781 38.4
      vertex 67.3265 -13.3954 38.4
      vertex 68.7 -13.8 38.4
    endloop
  endfacet
  facet normal 0 0 1
    outer loop
      vertex 68.7579 -14.24 38.4
      vertex 67.4056 -14.6023 38.4
      vertex 67.536 -14.9863 38.4
    endloop
  endfacet
  facet normal 0 0 1
    outer loop
      vertex 67.3 -13.8 38.4
      vertex 68.7 -13.8 38.4
      vertex 67.3265 -13.3954 38.4
    endloop
  endfacet
  facet normal 0 0 1
    outer loop
      vertex 68.7145 -14.0219 38.4
      vertex 67.3265 -14.2046 38.4
      vertex 67.4056 -14.6023 38.4
    endloop
  endfacet
  facet normal 0 0 1
    outer loop
      vertex 68.7 -13.8 38.4
      vertex 67.3 -13.8 38.4
      vertex 67.3265 -14.2046 38.4
    endloop
  endfacet
  facet normal 0.946893 -0.321549 0
    outer loop
      vertex 67.4056 -12.9977 40
      vertex 67.536 -12.6137 38.4
      vertex 67.536 -12.6137 40
    endloop
  endfacet
  facet normal 0.946893 -0.321549 0
    outer loop
      vertex 67.536 -12.6137 38.4
      vertex 67.4056 -12.9977 40
      vertex 67.4056 -12.9977 38.4
    endloop
  endfacet
  facet normal -0.98077 -0.195165 0
    outer loop
      vertex -68.7145 14.0219 37
      vertex -68.7579 14.24 38.4
      vertex -68.7579 14.24 37
    endloop
  endfacet
  facet normal -0.98077 -0.195165 0
    outer loop
      vertex -68.7579 14.24 38.4
      vertex -68.7145 14.0219 37
      vertex -68.7145 14.0219 38.4
    endloop
  endfacet
  facet normal -0.997872 -0.0652057 0
    outer loop
      vertex -68.7 13.8 37
      vertex -68.7145 14.0219 38.4
      vertex -68.7145 14.0219 37
    endloop
  endfacet
  facet normal -0.997872 -0.0652057 0
    outer loop
      vertex -68.7145 14.0219 38.4
      vertex -68.7 13.8 37
      vertex -68.7 13.8 38.4
    endloop
  endfacet
  facet normal -0.946915 -0.321484 0
    outer loop
      vertex -68.7579 14.24 37
      vertex -68.8294 14.4506 38.4
      vertex -68.8294 14.4506 37
    endloop
  endfacet
  facet normal -0.946915 -0.321484 0
    outer loop
      vertex -68.8294 14.4506 38.4
      vertex -68.7579 14.24 37
      vertex -68.7579 14.24 38.4
    endloop
  endfacet
  facet normal 0.946915 -0.321484 0
    outer loop
      vertex -72.0421 14.24 38.4
      vertex -71.9706 14.4506 37
      vertex -71.9706 14.4506 38.4
    endloop
  endfacet
  facet normal 0.946915 -0.321484 0
    outer loop
      vertex -71.9706 14.4506 37
      vertex -72.0421 14.24 38.4
      vertex -72.0421 14.24 37
    endloop
  endfacet
  facet normal -0.321484 -0.946915 0
    outer loop
      vertex -69.96 15.4421 37
      vertex -69.7494 15.3706 38.4
      vertex -69.96 15.4421 38.4
    endloop
  endfacet
  facet normal -0.321484 -0.946915 -0
    outer loop
      vertex -69.7494 15.3706 38.4
      vertex -69.96 15.4421 37
      vertex -69.7494 15.3706 37
    endloop
  endfacet
  facet normal -0.0652057 0.997872 0
    outer loop
      vertex -70.1781 12.1145 37
      vertex -70.4 12.1 38.4
      vertex -70.1781 12.1145 38.4
    endloop
  endfacet
  facet normal -0.0652057 0.997872 0
    outer loop
      vertex -70.4 12.1 38.4
      vertex -70.1781 12.1145 37
      vertex -70.4 12.1 37
    endloop
  endfacet
  facet normal 0.0652057 0.997872 -0
    outer loop
      vertex -70.4 12.1 37
      vertex -70.6219 12.1145 38.4
      vertex -70.4 12.1 38.4
    endloop
  endfacet
  facet normal 0.0652057 0.997872 0
    outer loop
      vertex -70.6219 12.1145 38.4
      vertex -70.4 12.1 37
      vertex -70.6219 12.1145 37
    endloop
  endfacet
  facet normal 0.896754 0.44253 0
    outer loop
      vertex -71.8722 12.95 38.4
      vertex -71.9706 13.1494 37
      vertex -71.9706 13.1494 38.4
    endloop
  endfacet
  facet normal 0.896754 0.44253 0
    outer loop
      vertex -71.9706 13.1494 37
      vertex -71.8722 12.95 38.4
      vertex -71.8722 12.95 37
    endloop
  endfacet
  facet normal -0.321484 0.946915 0
    outer loop
      vertex -69.7494 12.2294 37
      vertex -69.96 12.1579 38.4
      vertex -69.7494 12.2294 38.4
    endloop
  endfacet
  facet normal -0.321484 0.946915 0
    outer loop
      vertex -69.96 12.1579 38.4
      vertex -69.7494 12.2294 37
      vertex -69.96 12.1579 37
    endloop
  endfacet
  facet normal -0.896754 -0.44253 0
    outer loop
      vertex -68.8294 14.4506 37
      vertex -68.9278 14.65 38.4
      vertex -68.9278 14.65 37
    endloop
  endfacet
  facet normal -0.896754 -0.44253 0
    outer loop
      vertex -68.9278 14.65 38.4
      vertex -68.8294 14.4506 37
      vertex -68.8294 14.4506 38.4
    endloop
  endfacet
  facet normal 0.195165 -0.98077 0
    outer loop
      vertex -70.84 15.4421 37
      vertex -70.6219 15.4855 38.4
      vertex -70.84 15.4421 38.4
    endloop
  endfacet
  facet normal 0.195165 -0.98077 0
    outer loop
      vertex -70.6219 15.4855 38.4
      vertex -70.84 15.4421 37
      vertex -70.6219 15.4855 37
    endloop
  endfacet
  facet normal -0.896754 0.44253 0
    outer loop
      vertex -68.9278 12.95 37
      vertex -68.8294 13.1494 38.4
      vertex -68.8294 13.1494 37
    endloop
  endfacet
  facet normal -0.896754 0.44253 0
    outer loop
      vertex -68.8294 13.1494 38.4
      vertex -68.9278 12.95 37
      vertex -68.9278 12.95 38.4
    endloop
  endfacet
  facet normal -0.0652057 -0.997872 0
    outer loop
      vertex -70.4 15.5 37
      vertex -70.1781 15.4855 38.4
      vertex -70.4 15.5 38.4
    endloop
  endfacet
  facet normal -0.0652057 -0.997872 -0
    outer loop
      vertex -70.1781 15.4855 38.4
      vertex -70.4 15.5 37
      vertex -70.1781 15.4855 37
    endloop
  endfacet
  facet normal -0.946915 0.321484 0
    outer loop
      vertex -68.8294 13.1494 37
      vertex -68.7579 13.36 38.4
      vertex -68.7579 13.36 37
    endloop
  endfacet
  facet normal -0.946915 0.321484 0
    outer loop
      vertex -68.7579 13.36 38.4
      vertex -68.8294 13.1494 37
      vertex -68.8294 13.1494 38.4
    endloop
  endfacet
  facet normal 0.659268 -0.751908 0
    outer loop
      vertex -71.6021 15.0021 37
      vertex -71.4349 15.1487 38.4
      vertex -71.6021 15.0021 38.4
    endloop
  endfacet
  facet normal 0.659268 -0.751908 0
    outer loop
      vertex -71.4349 15.1487 38.4
      vertex -71.6021 15.0021 37
      vertex -71.4349 15.1487 37
    endloop
  endfacet
  facet normal 0.751908 -0.659268 0
    outer loop
      vertex -71.7487 14.8349 38.4
      vertex -71.6021 15.0021 37
      vertex -71.6021 15.0021 38.4
    endloop
  endfacet
  facet normal 0.751908 -0.659268 0
    outer loop
      vertex -71.6021 15.0021 37
      vertex -71.7487 14.8349 38.4
      vertex -71.7487 14.8349 37
    endloop
  endfacet
  facet normal -0.195165 -0.98077 0
    outer loop
      vertex -70.1781 15.4855 37
      vertex -69.96 15.4421 38.4
      vertex -70.1781 15.4855 38.4
    endloop
  endfacet
  facet normal -0.195165 -0.98077 -0
    outer loop
      vertex -69.96 15.4421 38.4
      vertex -70.1781 15.4855 37
      vertex -69.96 15.4421 37
    endloop
  endfacet
  facet normal 0.831566 0.555426 0
    outer loop
      vertex -71.7487 12.7651 38.4
      vertex -71.8722 12.95 37
      vertex -71.8722 12.95 38.4
    endloop
  endfacet
  facet normal 0.831566 0.555426 0
    outer loop
      vertex -71.8722 12.95 37
      vertex -71.7487 12.7651 38.4
      vertex -71.7487 12.7651 37
    endloop
  endfacet
  facet normal 0.98077 0.195165 0
    outer loop
      vertex -72.0421 13.36 38.4
      vertex -72.0855 13.5781 37
      vertex -72.0855 13.5781 38.4
    endloop
  endfacet
  facet normal 0.98077 0.195165 0
    outer loop
      vertex -72.0855 13.5781 37
      vertex -72.0421 13.36 38.4
      vertex -72.0421 13.36 37
    endloop
  endfacet
  facet normal 0.555426 0.831566 -0
    outer loop
      vertex -71.25 12.3278 37
      vertex -71.4349 12.4513 38.4
      vertex -71.25 12.3278 38.4
    endloop
  endfacet
  facet normal 0.555426 0.831566 0
    outer loop
      vertex -71.4349 12.4513 38.4
      vertex -71.25 12.3278 37
      vertex -71.4349 12.4513 37
    endloop
  endfacet
  facet normal -0.831566 -0.555426 0
    outer loop
      vertex -68.9278 14.65 37
      vertex -69.0513 14.8349 38.4
      vertex -69.0513 14.8349 37
    endloop
  endfacet
  facet normal -0.831566 -0.555426 0
    outer loop
      vertex -69.0513 14.8349 38.4
      vertex -68.9278 14.65 37
      vertex -68.9278 14.65 38.4
    endloop
  endfacet
  facet normal -0.195165 0.98077 0
    outer loop
      vertex -69.96 12.1579 37
      vertex -70.1781 12.1145 38.4
      vertex -69.96 12.1579 38.4
    endloop
  endfacet
  facet normal -0.195165 0.98077 0
    outer loop
      vertex -70.1781 12.1145 38.4
      vertex -69.96 12.1579 37
      vertex -70.1781 12.1145 37
    endloop
  endfacet
  facet normal 0.555426 -0.831566 0
    outer loop
      vertex -71.4349 15.1487 37
      vertex -71.25 15.2722 38.4
      vertex -71.4349 15.1487 38.4
    endloop
  endfacet
  facet normal 0.555426 -0.831566 0
    outer loop
      vertex -71.25 15.2722 38.4
      vertex -71.4349 15.1487 37
      vertex -71.25 15.2722 37
    endloop
  endfacet
  facet normal 0.44253 -0.896754 0
    outer loop
      vertex -71.25 15.2722 37
      vertex -71.0506 15.3706 38.4
      vertex -71.25 15.2722 38.4
    endloop
  endfacet
  facet normal 0.44253 -0.896754 0
    outer loop
      vertex -71.0506 15.3706 38.4
      vertex -71.25 15.2722 37
      vertex -71.0506 15.3706 37
    endloop
  endfacet
  facet normal -0.659268 -0.751908 0
    outer loop
      vertex -69.3651 15.1487 37
      vertex -69.1979 15.0021 38.4
      vertex -69.3651 15.1487 38.4
    endloop
  endfacet
  facet normal -0.659268 -0.751908 -0
    outer loop
      vertex -69.1979 15.0021 38.4
      vertex -69.3651 15.1487 37
      vertex -69.1979 15.0021 37
    endloop
  endfacet
  facet normal -0.751908 -0.659268 0
    outer loop
      vertex -69.0513 14.8349 37
      vertex -69.1979 15.0021 38.4
      vertex -69.1979 15.0021 37
    endloop
  endfacet
  facet normal -0.751908 -0.659268 0
    outer loop
      vertex -69.1979 15.0021 38.4
      vertex -69.0513 14.8349 37
      vertex -69.0513 14.8349 38.4
    endloop
  endfacet
  facet normal 0.44253 0.896754 -0
    outer loop
      vertex -71.0506 12.2294 37
      vertex -71.25 12.3278 38.4
      vertex -71.0506 12.2294 38.4
    endloop
  endfacet
  facet normal 0.44253 0.896754 0
    outer loop
      vertex -71.25 12.3278 38.4
      vertex -71.0506 12.2294 37
      vertex -71.25 12.3278 37
    endloop
  endfacet
  facet normal -0.997872 0.0652057 0
    outer loop
      vertex -68.7145 13.5781 37
      vertex -68.7 13.8 38.4
      vertex -68.7 13.8 37
    endloop
  endfacet
  facet normal -0.997872 0.0652057 0
    outer loop
      vertex -68.7 13.8 38.4
      vertex -68.7145 13.5781 37
      vertex -68.7145 13.5781 38.4
    endloop
  endfacet
  facet normal 0.321484 -0.946915 0
    outer loop
      vertex -71.0506 15.3706 37
      vertex -70.84 15.4421 38.4
      vertex -71.0506 15.3706 38.4
    endloop
  endfacet
  facet normal 0.321484 -0.946915 0
    outer loop
      vertex -70.84 15.4421 38.4
      vertex -71.0506 15.3706 37
      vertex -70.84 15.4421 37
    endloop
  endfacet
  facet normal -0.555426 0.831566 0
    outer loop
      vertex -69.3651 12.4513 37
      vertex -69.55 12.3278 38.4
      vertex -69.3651 12.4513 38.4
    endloop
  endfacet
  facet normal -0.555426 0.831566 0
    outer loop
      vertex -69.55 12.3278 38.4
      vertex -69.3651 12.4513 37
      vertex -69.55 12.3278 37
    endloop
  endfacet
  facet normal -0.44253 0.896754 0
    outer loop
      vertex -69.55 12.3278 37
      vertex -69.7494 12.2294 38.4
      vertex -69.55 12.3278 38.4
    endloop
  endfacet
  facet normal -0.44253 0.896754 0
    outer loop
      vertex -69.7494 12.2294 38.4
      vertex -69.55 12.3278 37
      vertex -69.7494 12.2294 37
    endloop
  endfacet
  facet normal -0.98077 0.195165 0
    outer loop
      vertex -68.7579 13.36 37
      vertex -68.7145 13.5781 38.4
      vertex -68.7145 13.5781 37
    endloop
  endfacet
  facet normal -0.98077 0.195165 0
    outer loop
      vertex -68.7145 13.5781 38.4
      vertex -68.7579 13.36 37
      vertex -68.7579 13.36 38.4
    endloop
  endfacet
  facet normal 0.997872 0.0652057 0
    outer loop
      vertex -72.0855 13.5781 38.4
      vertex -72.1 13.8 37
      vertex -72.1 13.8 38.4
    endloop
  endfacet
  facet normal 0.997872 0.0652057 0
    outer loop
      vertex -72.1 13.8 37
      vertex -72.0855 13.5781 38.4
      vertex -72.0855 13.5781 37
    endloop
  endfacet
  facet normal 0.659268 0.751908 -0
    outer loop
      vertex -71.4349 12.4513 37
      vertex -71.6021 12.5979 38.4
      vertex -71.4349 12.4513 38.4
    endloop
  endfacet
  facet normal 0.659268 0.751908 0
    outer loop
      vertex -71.6021 12.5979 38.4
      vertex -71.4349 12.4513 37
      vertex -71.6021 12.5979 37
    endloop
  endfacet
  facet normal 0.0652057 -0.997872 0
    outer loop
      vertex -70.6219 15.4855 37
      vertex -70.4 15.5 38.4
      vertex -70.6219 15.4855 38.4
    endloop
  endfacet
  facet normal 0.0652057 -0.997872 0
    outer loop
      vertex -70.4 15.5 38.4
      vertex -70.6219 15.4855 37
      vertex -70.4 15.5 37
    endloop
  endfacet
  facet normal 0.98077 -0.195165 0
    outer loop
      vertex -72.0855 14.0219 38.4
      vertex -72.0421 14.24 37
      vertex -72.0421 14.24 38.4
    endloop
  endfacet
  facet normal 0.98077 -0.195165 0
    outer loop
      vertex -72.0421 14.24 37
      vertex -72.0855 14.0219 38.4
      vertex -72.0855 14.0219 37
    endloop
  endfacet
  facet normal 0.195165 0.98077 -0
    outer loop
      vertex -70.6219 12.1145 37
      vertex -70.84 12.1579 38.4
      vertex -70.6219 12.1145 38.4
    endloop
  endfacet
  facet normal 0.195165 0.98077 0
    outer loop
      vertex -70.84 12.1579 38.4
      vertex -70.6219 12.1145 37
      vertex -70.84 12.1579 37
    endloop
  endfacet
  facet normal 0.997872 -0.0652057 0
    outer loop
      vertex -72.1 13.8 38.4
      vertex -72.0855 14.0219 37
      vertex -72.0855 14.0219 38.4
    endloop
  endfacet
  facet normal 0.997872 -0.0652057 0
    outer loop
      vertex -72.0855 14.0219 37
      vertex -72.1 13.8 38.4
      vertex -72.1 13.8 37
    endloop
  endfacet
  facet normal -0.44253 -0.896754 0
    outer loop
      vertex -69.7494 15.3706 37
      vertex -69.55 15.2722 38.4
      vertex -69.7494 15.3706 38.4
    endloop
  endfacet
  facet normal -0.44253 -0.896754 -0
    outer loop
      vertex -69.55 15.2722 38.4
      vertex -69.7494 15.3706 37
      vertex -69.55 15.2722 37
    endloop
  endfacet
  facet normal -0.555426 -0.831566 0
    outer loop
      vertex -69.55 15.2722 37
      vertex -69.3651 15.1487 38.4
      vertex -69.55 15.2722 38.4
    endloop
  endfacet
  facet normal -0.555426 -0.831566 -0
    outer loop
      vertex -69.3651 15.1487 38.4
      vertex -69.55 15.2722 37
      vertex -69.3651 15.1487 37
    endloop
  endfacet
  facet normal -0.831566 0.555426 0
    outer loop
      vertex -69.0513 12.7651 37
      vertex -68.9278 12.95 38.4
      vertex -68.9278 12.95 37
    endloop
  endfacet
  facet normal -0.831566 0.555426 0
    outer loop
      vertex -68.9278 12.95 38.4
      vertex -69.0513 12.7651 37
      vertex -69.0513 12.7651 38.4
    endloop
  endfacet
  facet normal 0.896754 -0.44253 0
    outer loop
      vertex -71.9706 14.4506 38.4
      vertex -71.8722 14.65 37
      vertex -71.8722 14.65 38.4
    endloop
  endfacet
  facet normal 0.896754 -0.44253 0
    outer loop
      vertex -71.8722 14.65 37
      vertex -71.9706 14.4506 38.4
      vertex -71.9706 14.4506 37
    endloop
  endfacet
  facet normal 0.751908 0.659268 0
    outer loop
      vertex -71.6021 12.5979 38.4
      vertex -71.7487 12.7651 37
      vertex -71.7487 12.7651 38.4
    endloop
  endfacet
  facet normal 0.751908 0.659268 0
    outer loop
      vertex -71.7487 12.7651 37
      vertex -71.6021 12.5979 38.4
      vertex -71.6021 12.5979 37
    endloop
  endfacet
  facet normal -0.751908 0.659268 0
    outer loop
      vertex -69.1979 12.5979 37
      vertex -69.0513 12.7651 38.4
      vertex -69.0513 12.7651 37
    endloop
  endfacet
  facet normal -0.751908 0.659268 0
    outer loop
      vertex -69.0513 12.7651 38.4
      vertex -69.1979 12.5979 37
      vertex -69.1979 12.5979 38.4
    endloop
  endfacet
  facet normal -0.659268 0.751908 0
    outer loop
      vertex -69.1979 12.5979 37
      vertex -69.3651 12.4513 38.4
      vertex -69.1979 12.5979 38.4
    endloop
  endfacet
  facet normal -0.659268 0.751908 0
    outer loop
      vertex -69.3651 12.4513 38.4
      vertex -69.1979 12.5979 37
      vertex -69.3651 12.4513 37
    endloop
  endfacet
  facet normal 0.946915 0.321484 0
    outer loop
      vertex -71.9706 13.1494 38.4
      vertex -72.0421 13.36 37
      vertex -72.0421 13.36 38.4
    endloop
  endfacet
  facet normal 0.946915 0.321484 0
    outer loop
      vertex -72.0421 13.36 37
      vertex -71.9706 13.1494 38.4
      vertex -71.9706 13.1494 37
    endloop
  endfacet
  facet normal 0.831566 -0.555426 0
    outer loop
      vertex -71.8722 14.65 38.4
      vertex -71.7487 14.8349 37
      vertex -71.7487 14.8349 38.4
    endloop
  endfacet
  facet normal 0.831566 -0.555426 0
    outer loop
      vertex -71.7487 14.8349 37
      vertex -71.8722 14.65 38.4
      vertex -71.8722 14.65 37
    endloop
  endfacet
  facet normal 0.321484 0.946915 -0
    outer loop
      vertex -70.84 12.1579 37
      vertex -71.0506 12.2294 38.4
      vertex -70.84 12.1579 38.4
    endloop
  endfacet
  facet normal 0.321484 0.946915 0
    outer loop
      vertex -71.0506 12.2294 38.4
      vertex -70.84 12.1579 37
      vertex -71.0506 12.2294 37
    endloop
  endfacet
  facet normal -0.980789 -0.195073 0
    outer loop
      vertex -67.3265 14.2046 38.4
      vertex -67.4056 14.6023 40
      vertex -67.4056 14.6023 38.4
    endloop
  endfacet
  facet normal -0.980789 -0.195073 0
    outer loop
      vertex -67.4056 14.6023 40
      vertex -67.3265 14.2046 38.4
      vertex -67.3265 14.2046 40
    endloop
  endfacet
  facet normal -0.997862 -0.0653568 0
    outer loop
      vertex -67.3 13.8 38.4
      vertex -67.3265 14.2046 40
      vertex -67.3265 14.2046 38.4
    endloop
  endfacet
  facet normal -0.997862 -0.0653568 0
    outer loop
      vertex -67.3265 14.2046 40
      vertex -67.3 13.8 38.4
      vertex -67.3 13.8 40
    endloop
  endfacet
  facet normal -0.195073 0.980789 0
    outer loop
      vertex -69.5977 10.8056 38.4
      vertex -69.9954 10.7265 40
      vertex -69.5977 10.8056 40
    endloop
  endfacet
  facet normal -0.195073 0.980789 0
    outer loop
      vertex -69.9954 10.7265 40
      vertex -69.5977 10.8056 38.4
      vertex -69.9954 10.7265 38.4
    endloop
  endfacet
  facet normal 0.980789 0.195073 0
    outer loop
      vertex -73.3944 12.9977 40
      vertex -73.4735 13.3954 38.4
      vertex -73.4735 13.3954 40
    endloop
  endfacet
  facet normal 0.980789 0.195073 0
    outer loop
      vertex -73.4735 13.3954 38.4
      vertex -73.3944 12.9977 40
      vertex -73.3944 12.9977 38.4
    endloop
  endfacet
  facet normal -0.321549 -0.946893 0
    outer loop
      vertex -69.5977 16.7944 38.4
      vertex -69.2137 16.664 40
      vertex -69.5977 16.7944 40
    endloop
  endfacet
  facet normal -0.321549 -0.946893 -0
    outer loop
      vertex -69.2137 16.664 40
      vertex -69.5977 16.7944 38.4
      vertex -69.2137 16.664 38.4
    endloop
  endfacet
  facet normal -0.659482 -0.751721 0
    outer loop
      vertex -68.5128 16.2594 38.4
      vertex -68.208 15.992 40
      vertex -68.5128 16.2594 40
    endloop
  endfacet
  facet normal -0.659482 -0.751721 -0
    outer loop
      vertex -68.208 15.992 40
      vertex -68.5128 16.2594 38.4
      vertex -68.208 15.992 38.4
    endloop
  endfacet
  facet normal 0.321549 0.946893 -0
    outer loop
      vertex -71.2023 10.8056 38.4
      vertex -71.5863 10.936 40
      vertex -71.2023 10.8056 40
    endloop
  endfacet
  facet normal 0.321549 0.946893 0
    outer loop
      vertex -71.5863 10.936 40
      vertex -71.2023 10.8056 38.4
      vertex -71.5863 10.936 38.4
    endloop
  endfacet
  facet normal -0.0653568 0.997862 0
    outer loop
      vertex -69.9954 10.7265 38.4
      vertex -70.4 10.7 40
      vertex -69.9954 10.7265 40
    endloop
  endfacet
  facet normal -0.0653568 0.997862 0
    outer loop
      vertex -70.4 10.7 40
      vertex -69.9954 10.7265 38.4
      vertex -70.4 10.7 38.4
    endloop
  endfacet
  facet normal -0.442176 0.896928 0
    outer loop
      vertex -68.85 11.1153 38.4
      vertex -69.2137 10.936 40
      vertex -68.85 11.1153 40
    endloop
  endfacet
  facet normal -0.442176 0.896928 0
    outer loop
      vertex -69.2137 10.936 40
      vertex -68.85 11.1153 38.4
      vertex -69.2137 10.936 38.4
    endloop
  endfacet
  facet normal -0.831481 0.555553 0
    outer loop
      vertex -67.9406 11.9128 38.4
      vertex -67.7153 12.25 40
      vertex -67.7153 12.25 38.4
    endloop
  endfacet
  facet normal -0.831481 0.555553 0
    outer loop
      vertex -67.7153 12.25 40
      vertex -67.9406 11.9128 38.4
      vertex -67.9406 11.9128 40
    endloop
  endfacet
  facet normal 0.195073 -0.980789 0
    outer loop
      vertex -71.2023 16.7944 38.4
      vertex -70.8046 16.8735 40
      vertex -71.2023 16.7944 40
    endloop
  endfacet
  facet normal 0.195073 -0.980789 0
    outer loop
      vertex -70.8046 16.8735 40
      vertex -71.2023 16.7944 38.4
      vertex -70.8046 16.8735 38.4
    endloop
  endfacet
  facet normal -0.997862 0.0653568 0
    outer loop
      vertex -67.3265 13.3954 38.4
      vertex -67.3 13.8 40
      vertex -67.3 13.8 38.4
    endloop
  endfacet
  facet normal -0.997862 0.0653568 0
    outer loop
      vertex -67.3 13.8 40
      vertex -67.3265 13.3954 38.4
      vertex -67.3265 13.3954 40
    endloop
  endfacet
  facet normal -0.0653568 -0.997862 0
    outer loop
      vertex -70.4 16.9 38.4
      vertex -69.9954 16.8735 40
      vertex -70.4 16.9 40
    endloop
  endfacet
  facet normal -0.0653568 -0.997862 -0
    outer loop
      vertex -69.9954 16.8735 40
      vertex -70.4 16.9 38.4
      vertex -69.9954 16.8735 38.4
    endloop
  endfacet
  facet normal 0.555553 0.831481 -0
    outer loop
      vertex -71.95 11.1153 38.4
      vertex -72.2872 11.3406 40
      vertex -71.95 11.1153 40
    endloop
  endfacet
  facet normal 0.555553 0.831481 0
    outer loop
      vertex -72.2872 11.3406 40
      vertex -71.95 11.1153 38.4
      vertex -72.2872 11.3406 38.4
    endloop
  endfacet
  facet normal -0.946893 0.321549 0
    outer loop
      vertex -67.536 12.6137 38.4
      vertex -67.4056 12.9977 40
      vertex -67.4056 12.9977 38.4
    endloop
  endfacet
  facet normal -0.946893 0.321549 0
    outer loop
      vertex -67.4056 12.9977 40
      vertex -67.536 12.6137 38.4
      vertex -67.536 12.6137 40
    endloop
  endfacet
  facet normal 0.659482 -0.751721 0
    outer loop
      vertex -72.592 15.992 38.4
      vertex -72.2872 16.2594 40
      vertex -72.592 15.992 40
    endloop
  endfacet
  facet normal 0.659482 -0.751721 0
    outer loop
      vertex -72.2872 16.2594 40
      vertex -72.592 15.992 38.4
      vertex -72.2872 16.2594 38.4
    endloop
  endfacet
  facet normal -0.946893 -0.321549 0
    outer loop
      vertex -67.4056 14.6023 38.4
      vertex -67.536 14.9863 40
      vertex -67.536 14.9863 38.4
    endloop
  endfacet
  facet normal -0.946893 -0.321549 0
    outer loop
      vertex -67.536 14.9863 40
      vertex -67.4056 14.6023 38.4
      vertex -67.4056 14.6023 40
    endloop
  endfacet
  facet normal -0.980789 0.195073 0
    outer loop
      vertex -67.4056 12.9977 38.4
      vertex -67.3265 13.3954 40
      vertex -67.3265 13.3954 38.4
    endloop
  endfacet
  facet normal -0.980789 0.195073 0
    outer loop
      vertex -67.3265 13.3954 40
      vertex -67.4056 12.9977 38.4
      vertex -67.4056 12.9977 40
    endloop
  endfacet
  facet normal -0.321549 0.946893 0
    outer loop
      vertex -69.2137 10.936 38.4
      vertex -69.5977 10.8056 40
      vertex -69.2137 10.936 40
    endloop
  endfacet
  facet normal -0.321549 0.946893 0
    outer loop
      vertex -69.5977 10.8056 40
      vertex -69.2137 10.936 38.4
      vertex -69.5977 10.8056 38.4
    endloop
  endfacet
  facet normal 0.896928 0.442176 0
    outer loop
      vertex -73.0847 12.25 40
      vertex -73.264 12.6137 38.4
      vertex -73.264 12.6137 40
    endloop
  endfacet
  facet normal 0.896928 0.442176 0
    outer loop
      vertex -73.264 12.6137 38.4
      vertex -73.0847 12.25 40
      vertex -73.0847 12.25 38.4
    endloop
  endfacet
  facet normal 0.751721 -0.659482 0
    outer loop
      vertex -72.8594 15.6872 40
      vertex -72.592 15.992 38.4
      vertex -72.592 15.992 40
    endloop
  endfacet
  facet normal 0.751721 -0.659482 0
    outer loop
      vertex -72.592 15.992 38.4
      vertex -72.8594 15.6872 40
      vertex -72.8594 15.6872 38.4
    endloop
  endfacet
  facet normal -0.831481 -0.555553 0
    outer loop
      vertex -67.7153 15.35 38.4
      vertex -67.9406 15.6872 40
      vertex -67.9406 15.6872 38.4
    endloop
  endfacet
  facet normal -0.831481 -0.555553 0
    outer loop
      vertex -67.9406 15.6872 40
      vertex -67.7153 15.35 38.4
      vertex -67.7153 15.35 40
    endloop
  endfacet
  facet normal 0.659482 0.751721 -0
    outer loop
      vertex -72.2872 11.3406 38.4
      vertex -72.592 11.608 40
      vertex -72.2872 11.3406 40
    endloop
  endfacet
  facet normal 0.659482 0.751721 0
    outer loop
      vertex -72.592 11.608 40
      vertex -72.2872 11.3406 38.4
      vertex -72.592 11.608 38.4
    endloop
  endfacet
  facet normal 0.997862 0.0653568 0
    outer loop
      vertex -73.4735 13.3954 40
      vertex -73.5 13.8 38.4
      vertex -73.5 13.8 40
    endloop
  endfacet
  facet normal 0.997862 0.0653568 0
    outer loop
      vertex -73.5 13.8 38.4
      vertex -73.4735 13.3954 40
      vertex -73.4735 13.3954 38.4
    endloop
  endfacet
  facet normal -0.555553 -0.831481 0
    outer loop
      vertex -68.85 16.4847 38.4
      vertex -68.5128 16.2594 40
      vertex -68.85 16.4847 40
    endloop
  endfacet
  facet normal -0.555553 -0.831481 -0
    outer loop
      vertex -68.5128 16.2594 40
      vertex -68.85 16.4847 38.4
      vertex -68.5128 16.2594 38.4
    endloop
  endfacet
  facet normal -0.555553 0.831481 0
    outer loop
      vertex -68.5128 11.3406 38.4
      vertex -68.85 11.1153 40
      vertex -68.5128 11.3406 40
    endloop
  endfacet
  facet normal -0.555553 0.831481 0
    outer loop
      vertex -68.85 11.1153 40
      vertex -68.5128 11.3406 38.4
      vertex -68.85 11.1153 38.4
    endloop
  endfacet
  facet normal -0.896928 0.442176 0
    outer loop
      vertex -67.7153 12.25 38.4
      vertex -67.536 12.6137 40
      vertex -67.536 12.6137 38.4
    endloop
  endfacet
  facet normal -0.896928 0.442176 0
    outer loop
      vertex -67.536 12.6137 40
      vertex -67.7153 12.25 38.4
      vertex -67.7153 12.25 40
    endloop
  endfacet
  facet normal 0.442176 -0.896928 0
    outer loop
      vertex -71.95 16.4847 38.4
      vertex -71.5863 16.664 40
      vertex -71.95 16.4847 40
    endloop
  endfacet
  facet normal 0.442176 -0.896928 0
    outer loop
      vertex -71.5863 16.664 40
      vertex -71.95 16.4847 38.4
      vertex -71.5863 16.664 38.4
    endloop
  endfacet
  facet normal 0.0653568 0.997862 -0
    outer loop
      vertex -70.4 10.7 38.4
      vertex -70.8046 10.7265 40
      vertex -70.4 10.7 40
    endloop
  endfacet
  facet normal 0.0653568 0.997862 0
    outer loop
      vertex -70.8046 10.7265 40
      vertex -70.4 10.7 38.4
      vertex -70.8046 10.7265 38.4
    endloop
  endfacet
  facet normal -0.896928 -0.442176 0
    outer loop
      vertex -67.536 14.9863 38.4
      vertex -67.7153 15.35 40
      vertex -67.7153 15.35 38.4
    endloop
  endfacet
  facet normal -0.896928 -0.442176 0
    outer loop
      vertex -67.7153 15.35 40
      vertex -67.536 14.9863 38.4
      vertex -67.536 14.9863 40
    endloop
  endfacet
  facet normal 0.442176 0.896928 -0
    outer loop
      vertex -71.5863 10.936 38.4
      vertex -71.95 11.1153 40
      vertex -71.5863 10.936 40
    endloop
  endfacet
  facet normal 0.442176 0.896928 0
    outer loop
      vertex -71.95 11.1153 40
      vertex -71.5863 10.936 38.4
      vertex -71.95 11.1153 38.4
    endloop
  endfacet
  facet normal 0.946893 -0.321549 0
    outer loop
      vertex -73.3944 14.6023 40
      vertex -73.264 14.9863 38.4
      vertex -73.264 14.9863 40
    endloop
  endfacet
  facet normal 0.946893 -0.321549 0
    outer loop
      vertex -73.264 14.9863 38.4
      vertex -73.3944 14.6023 40
      vertex -73.3944 14.6023 38.4
    endloop
  endfacet
  facet normal 0.980789 -0.195073 0
    outer loop
      vertex -73.4735 14.2046 40
      vertex -73.3944 14.6023 38.4
      vertex -73.3944 14.6023 40
    endloop
  endfacet
  facet normal 0.980789 -0.195073 0
    outer loop
      vertex -73.3944 14.6023 38.4
      vertex -73.4735 14.2046 40
      vertex -73.4735 14.2046 38.4
    endloop
  endfacet
  facet normal -0.442176 -0.896928 0
    outer loop
      vertex -69.2137 16.664 38.4
      vertex -68.85 16.4847 40
      vertex -69.2137 16.664 40
    endloop
  endfacet
  facet normal -0.442176 -0.896928 -0
    outer loop
      vertex -68.85 16.4847 40
      vertex -69.2137 16.664 38.4
      vertex -68.85 16.4847 38.4
    endloop
  endfacet
  facet normal 0.0653568 -0.997862 0
    outer loop
      vertex -70.8046 16.8735 38.4
      vertex -70.4 16.9 40
      vertex -70.8046 16.8735 40
    endloop
  endfacet
  facet normal 0.0653568 -0.997862 0
    outer loop
      vertex -70.4 16.9 40
      vertex -70.8046 16.8735 38.4
      vertex -70.4 16.9 38.4
    endloop
  endfacet
  facet normal 0.195073 0.980789 -0
    outer loop
      vertex -70.8046 10.7265 38.4
      vertex -71.2023 10.8056 40
      vertex -70.8046 10.7265 40
    endloop
  endfacet
  facet normal 0.195073 0.980789 0
    outer loop
      vertex -71.2023 10.8056 40
      vertex -70.8046 10.7265 38.4
      vertex -71.2023 10.8056 38.4
    endloop
  endfacet
  facet normal -0.195073 -0.980789 0
    outer loop
      vertex -69.9954 16.8735 38.4
      vertex -69.5977 16.7944 40
      vertex -69.9954 16.8735 40
    endloop
  endfacet
  facet normal -0.195073 -0.980789 -0
    outer loop
      vertex -69.5977 16.7944 40
      vertex -69.9954 16.8735 38.4
      vertex -69.5977 16.7944 38.4
    endloop
  endfacet
  facet normal -0.751721 -0.659482 0
    outer loop
      vertex -67.9406 15.6872 38.4
      vertex -68.208 15.992 40
      vertex -68.208 15.992 38.4
    endloop
  endfacet
  facet normal -0.751721 -0.659482 0
    outer loop
      vertex -68.208 15.992 40
      vertex -67.9406 15.6872 38.4
      vertex -67.9406 15.6872 40
    endloop
  endfacet
  facet normal 0.321549 -0.946893 0
    outer loop
      vertex -71.5863 16.664 38.4
      vertex -71.2023 16.7944 40
      vertex -71.5863 16.664 40
    endloop
  endfacet
  facet normal 0.321549 -0.946893 0
    outer loop
      vertex -71.2023 16.7944 40
      vertex -71.5863 16.664 38.4
      vertex -71.2023 16.7944 38.4
    endloop
  endfacet
  facet normal 0.555553 -0.831481 0
    outer loop
      vertex -72.2872 16.2594 38.4
      vertex -71.95 16.4847 40
      vertex -72.2872 16.2594 40
    endloop
  endfacet
  facet normal 0.555553 -0.831481 0
    outer loop
      vertex -71.95 16.4847 40
      vertex -72.2872 16.2594 38.4
      vertex -71.95 16.4847 38.4
    endloop
  endfacet
  facet normal 0.896928 -0.442176 0
    outer loop
      vertex -73.264 14.9863 40
      vertex -73.0847 15.35 38.4
      vertex -73.0847 15.35 40
    endloop
  endfacet
  facet normal 0.896928 -0.442176 0
    outer loop
      vertex -73.0847 15.35 38.4
      vertex -73.264 14.9863 40
      vertex -73.264 14.9863 38.4
    endloop
  endfacet
  facet normal 0.997862 -0.0653568 0
    outer loop
      vertex -73.5 13.8 40
      vertex -73.4735 14.2046 38.4
      vertex -73.4735 14.2046 40
    endloop
  endfacet
  facet normal 0.997862 -0.0653568 0
    outer loop
      vertex -73.4735 14.2046 38.4
      vertex -73.5 13.8 40
      vertex -73.5 13.8 38.4
    endloop
  endfacet
  facet normal 0.831481 0.555553 0
    outer loop
      vertex -72.8594 11.9128 40
      vertex -73.0847 12.25 38.4
      vertex -73.0847 12.25 40
    endloop
  endfacet
  facet normal 0.831481 0.555553 0
    outer loop
      vertex -73.0847 12.25 38.4
      vertex -72.8594 11.9128 40
      vertex -72.8594 11.9128 38.4
    endloop
  endfacet
  facet normal 0.751721 0.659482 0
    outer loop
      vertex -72.592 11.608 40
      vertex -72.8594 11.9128 38.4
      vertex -72.8594 11.9128 40
    endloop
  endfacet
  facet normal 0.751721 0.659482 0
    outer loop
      vertex -72.8594 11.9128 38.4
      vertex -72.592 11.608 40
      vertex -72.592 11.608 38.4
    endloop
  endfacet
  facet normal 0.831481 -0.555553 0
    outer loop
      vertex -73.0847 15.35 40
      vertex -72.8594 15.6872 38.4
      vertex -72.8594 15.6872 40
    endloop
  endfacet
  facet normal 0.831481 -0.555553 0
    outer loop
      vertex -72.8594 15.6872 38.4
      vertex -73.0847 15.35 40
      vertex -73.0847 15.35 38.4
    endloop
  endfacet
  facet normal 0.946893 0.321549 0
    outer loop
      vertex -73.264 12.6137 40
      vertex -73.3944 12.9977 38.4
      vertex -73.3944 12.9977 40
    endloop
  endfacet
  facet normal 0.946893 0.321549 0
    outer loop
      vertex -73.3944 12.9977 38.4
      vertex -73.264 12.6137 40
      vertex -73.264 12.6137 38.4
    endloop
  endfacet
  facet normal 0 0 1
    outer loop
      vertex -68.7 13.8 38.4
      vertex -67.3 13.8 38.4
      vertex -67.3265 14.2046 38.4
    endloop
  endfacet
  facet normal 0 0 1
    outer loop
      vertex -68.7145 14.0219 38.4
      vertex -67.3265 14.2046 38.4
      vertex -67.4056 14.6023 38.4
    endloop
  endfacet
  facet normal 0 0 1
    outer loop
      vertex -67.3 13.8 38.4
      vertex -68.7 13.8 38.4
      vertex -67.3265 13.3954 38.4
    endloop
  endfacet
  facet normal 0 0 1
    outer loop
      vertex -68.7579 14.24 38.4
      vertex -67.4056 14.6023 38.4
      vertex -67.536 14.9863 38.4
    endloop
  endfacet
  facet normal -0 0 1
    outer loop
      vertex -68.7145 13.5781 38.4
      vertex -67.3265 13.3954 38.4
      vertex -68.7 13.8 38.4
    endloop
  endfacet
  facet normal 0 0 1
    outer loop
      vertex -68.8294 14.4506 38.4
      vertex -67.536 14.9863 38.4
      vertex -67.7153 15.35 38.4
    endloop
  endfacet
  facet normal 0 0 1
    outer loop
      vertex -67.3265 13.3954 38.4
      vertex -68.7145 13.5781 38.4
      vertex -67.4056 12.9977 38.4
    endloop
  endfacet
  facet normal 0 0 1
    outer loop
      vertex -68.9278 14.65 38.4
      vertex -67.7153 15.35 38.4
      vertex -67.9406 15.6872 38.4
    endloop
  endfacet
  facet normal -0 0 1
    outer loop
      vertex -68.7579 13.36 38.4
      vertex -67.4056 12.9977 38.4
      vertex -68.7145 13.5781 38.4
    endloop
  endfacet
  facet normal 0 0 1
    outer loop
      vertex -69.0513 14.8349 38.4
      vertex -67.9406 15.6872 38.4
      vertex -68.208 15.992 38.4
    endloop
  endfacet
  facet normal 0 0 1
    outer loop
      vertex -67.4056 12.9977 38.4
      vertex -68.7579 13.36 38.4
      vertex -67.536 12.6137 38.4
    endloop
  endfacet
  facet normal 0 0 1
    outer loop
      vertex -69.1979 15.0021 38.4
      vertex -68.208 15.992 38.4
      vertex -68.5128 16.2594 38.4
    endloop
  endfacet
  facet normal -0 0 1
    outer loop
      vertex -68.8294 13.1494 38.4
      vertex -67.536 12.6137 38.4
      vertex -68.7579 13.36 38.4
    endloop
  endfacet
  facet normal 0 0 1
    outer loop
      vertex -67.536 12.6137 38.4
      vertex -68.8294 13.1494 38.4
      vertex -67.7153 12.25 38.4
    endloop
  endfacet
  facet normal 0 0 1
    outer loop
      vertex -67.3265 14.2046 38.4
      vertex -68.7145 14.0219 38.4
      vertex -68.7 13.8 38.4
    endloop
  endfacet
  facet normal 0 0 1
    outer loop
      vertex -67.4056 14.6023 38.4
      vertex -68.7579 14.24 38.4
      vertex -68.7145 14.0219 38.4
    endloop
  endfacet
  facet normal 0 0 1
    outer loop
      vertex -67.536 14.9863 38.4
      vertex -68.8294 14.4506 38.4
      vertex -68.7579 14.24 38.4
    endloop
  endfacet
  facet normal 0 0 1
    outer loop
      vertex -69.3651 15.1487 38.4
      vertex -68.5128 16.2594 38.4
      vertex -68.85 16.4847 38.4
    endloop
  endfacet
  facet normal 0 0 1
    outer loop
      vertex -67.7153 15.35 38.4
      vertex -68.9278 14.65 38.4
      vertex -68.8294 14.4506 38.4
    endloop
  endfacet
  facet normal 0 0 1
    outer loop
      vertex -67.9406 15.6872 38.4
      vertex -69.0513 14.8349 38.4
      vertex -68.9278 14.65 38.4
    endloop
  endfacet
  facet normal 0 0 1
    outer loop
      vertex -68.208 15.992 38.4
      vertex -69.1979 15.0021 38.4
      vertex -69.0513 14.8349 38.4
    endloop
  endfacet
  facet normal 0 0 1
    outer loop
      vertex -69.55 15.2722 38.4
      vertex -68.85 16.4847 38.4
      vertex -69.2137 16.664 38.4
    endloop
  endfacet
  facet normal 0 0 1
    outer loop
      vertex -68.5128 16.2594 38.4
      vertex -69.3651 15.1487 38.4
      vertex -69.1979 15.0021 38.4
    endloop
  endfacet
  facet normal 0 0 1
    outer loop
      vertex -68.85 16.4847 38.4
      vertex -69.55 15.2722 38.4
      vertex -69.3651 15.1487 38.4
    endloop
  endfacet
  facet normal 0 0 1
    outer loop
      vertex -69.7494 15.3706 38.4
      vertex -69.2137 16.664 38.4
      vertex -69.5977 16.7944 38.4
    endloop
  endfacet
  facet normal 0 0 1
    outer loop
      vertex -69.2137 16.664 38.4
      vertex -69.7494 15.3706 38.4
      vertex -69.55 15.2722 38.4
    endloop
  endfacet
  facet normal 0 0 1
    outer loop
      vertex -69.5977 16.7944 38.4
      vertex -69.96 15.4421 38.4
      vertex -69.7494 15.3706 38.4
    endloop
  endfacet
  facet normal 0 0 1
    outer loop
      vertex -69.9954 16.8735 38.4
      vertex -69.96 15.4421 38.4
      vertex -69.5977 16.7944 38.4
    endloop
  endfacet
  facet normal 0 0 1
    outer loop
      vertex -69.9954 16.8735 38.4
      vertex -70.1781 15.4855 38.4
      vertex -69.96 15.4421 38.4
    endloop
  endfacet
  facet normal 0 0 1
    outer loop
      vertex -70.4 16.9 38.4
      vertex -70.1781 15.4855 38.4
      vertex -69.9954 16.8735 38.4
    endloop
  endfacet
  facet normal 0 0 1
    outer loop
      vertex -70.4 16.9 38.4
      vertex -70.4 15.5 38.4
      vertex -70.1781 15.4855 38.4
    endloop
  endfacet
  facet normal 0 0 1
    outer loop
      vertex -70.4 16.9 38.4
      vertex -70.6219 15.4855 38.4
      vertex -70.4 15.5 38.4
    endloop
  endfacet
  facet normal -0 0 1
    outer loop
      vertex -70.8046 16.8735 38.4
      vertex -70.6219 15.4855 38.4
      vertex -70.4 16.9 38.4
    endloop
  endfacet
  facet normal 0 0 1
    outer loop
      vertex -70.8046 16.8735 38.4
      vertex -70.84 15.4421 38.4
      vertex -70.6219 15.4855 38.4
    endloop
  endfacet
  facet normal -0 0 1
    outer loop
      vertex -71.2023 16.7944 38.4
      vertex -70.84 15.4421 38.4
      vertex -70.8046 16.8735 38.4
    endloop
  endfacet
  facet normal 0 0 1
    outer loop
      vertex -70.84 15.4421 38.4
      vertex -71.2023 16.7944 38.4
      vertex -71.0506 15.3706 38.4
    endloop
  endfacet
  facet normal -0 0 1
    outer loop
      vertex -71.5863 16.664 38.4
      vertex -71.0506 15.3706 38.4
      vertex -71.2023 16.7944 38.4
    endloop
  endfacet
  facet normal 0 0 1
    outer loop
      vertex -71.0506 15.3706 38.4
      vertex -71.5863 16.664 38.4
      vertex -71.25 15.2722 38.4
    endloop
  endfacet
  facet normal -0 0 1
    outer loop
      vertex -71.95 16.4847 38.4
      vertex -71.25 15.2722 38.4
      vertex -71.5863 16.664 38.4
    endloop
  endfacet
  facet normal 0 0 1
    outer loop
      vertex -71.25 15.2722 38.4
      vertex -71.95 16.4847 38.4
      vertex -71.4349 15.1487 38.4
    endloop
  endfacet
  facet normal -0 0 1
    outer loop
      vertex -72.2872 16.2594 38.4
      vertex -71.4349 15.1487 38.4
      vertex -71.95 16.4847 38.4
    endloop
  endfacet
  facet normal 0 0 1
    outer loop
      vertex -71.4349 15.1487 38.4
      vertex -72.2872 16.2594 38.4
      vertex -71.6021 15.0021 38.4
    endloop
  endfacet
  facet normal -0 0 1
    outer loop
      vertex -72.592 15.992 38.4
      vertex -71.6021 15.0021 38.4
      vertex -72.2872 16.2594 38.4
    endloop
  endfacet
  facet normal 0 0 1
    outer loop
      vertex -71.6021 15.0021 38.4
      vertex -72.592 15.992 38.4
      vertex -71.7487 14.8349 38.4
    endloop
  endfacet
  facet normal -0 0 1
    outer loop
      vertex -72.8594 15.6872 38.4
      vertex -71.7487 14.8349 38.4
      vertex -72.592 15.992 38.4
    endloop
  endfacet
  facet normal 0 0 1
    outer loop
      vertex -71.7487 14.8349 38.4
      vertex -72.8594 15.6872 38.4
      vertex -71.8722 14.65 38.4
    endloop
  endfacet
  facet normal -0 0 1
    outer loop
      vertex -73.0847 15.35 38.4
      vertex -71.8722 14.65 38.4
      vertex -72.8594 15.6872 38.4
    endloop
  endfacet
  facet normal 0 0 1
    outer loop
      vertex -71.8722 14.65 38.4
      vertex -73.0847 15.35 38.4
      vertex -71.9706 14.4506 38.4
    endloop
  endfacet
  facet normal -0 0 1
    outer loop
      vertex -68.9278 12.95 38.4
      vertex -67.7153 12.25 38.4
      vertex -68.8294 13.1494 38.4
    endloop
  endfacet
  facet normal 0 0 1
    outer loop
      vertex -67.7153 12.25 38.4
      vertex -68.9278 12.95 38.4
      vertex -67.9406 11.9128 38.4
    endloop
  endfacet
  facet normal -0 0 1
    outer loop
      vertex -69.0513 12.7651 38.4
      vertex -67.9406 11.9128 38.4
      vertex -68.9278 12.95 38.4
    endloop
  endfacet
  facet normal 0 0 1
    outer loop
      vertex -67.9406 11.9128 38.4
      vertex -69.0513 12.7651 38.4
      vertex -68.208 11.608 38.4
    endloop
  endfacet
  facet normal -0 0 1
    outer loop
      vertex -69.1979 12.5979 38.4
      vertex -68.208 11.608 38.4
      vertex -69.0513 12.7651 38.4
    endloop
  endfacet
  facet normal 0 0 1
    outer loop
      vertex -68.208 11.608 38.4
      vertex -69.1979 12.5979 38.4
      vertex -68.5128 11.3406 38.4
    endloop
  endfacet
  facet normal -0 0 1
    outer loop
      vertex -69.3651 12.4513 38.4
      vertex -68.5128 11.3406 38.4
      vertex -69.1979 12.5979 38.4
    endloop
  endfacet
  facet normal 0 0 1
    outer loop
      vertex -68.5128 11.3406 38.4
      vertex -69.3651 12.4513 38.4
      vertex -68.85 11.1153 38.4
    endloop
  endfacet
  facet normal -0 0 1
    outer loop
      vertex -69.55 12.3278 38.4
      vertex -68.85 11.1153 38.4
      vertex -69.3651 12.4513 38.4
    endloop
  endfacet
  facet normal 0 0 1
    outer loop
      vertex -68.85 11.1153 38.4
      vertex -69.55 12.3278 38.4
      vertex -69.2137 10.936 38.4
    endloop
  endfacet
  facet normal -0 0 1
    outer loop
      vertex -69.7494 12.2294 38.4
      vertex -69.2137 10.936 38.4
      vertex -69.55 12.3278 38.4
    endloop
  endfacet
  facet normal 0 0 1
    outer loop
      vertex -69.2137 10.936 38.4
      vertex -69.7494 12.2294 38.4
      vertex -69.5977 10.8056 38.4
    endloop
  endfacet
  facet normal -0 0 1
    outer loop
      vertex -69.96 12.1579 38.4
      vertex -69.5977 10.8056 38.4
      vertex -69.7494 12.2294 38.4
    endloop
  endfacet
  facet normal 0 0 1
    outer loop
      vertex -69.96 12.1579 38.4
      vertex -69.9954 10.7265 38.4
      vertex -69.5977 10.8056 38.4
    endloop
  endfacet
  facet normal -0 0 1
    outer loop
      vertex -70.1781 12.1145 38.4
      vertex -69.9954 10.7265 38.4
      vertex -69.96 12.1579 38.4
    endloop
  endfacet
  facet normal -0 0 1
    outer loop
      vertex -70.4 12.1 38.4
      vertex -69.9954 10.7265 38.4
      vertex -70.1781 12.1145 38.4
    endloop
  endfacet
  facet normal 0 0 1
    outer loop
      vertex -70.4 12.1 38.4
      vertex -70.4 10.7 38.4
      vertex -69.9954 10.7265 38.4
    endloop
  endfacet
  facet normal 0 0 1
    outer loop
      vertex -70.6219 12.1145 38.4
      vertex -70.4 10.7 38.4
      vertex -70.4 12.1 38.4
    endloop
  endfacet
  facet normal 0 0 1
    outer loop
      vertex -70.6219 12.1145 38.4
      vertex -70.8046 10.7265 38.4
      vertex -70.4 10.7 38.4
    endloop
  endfacet
  facet normal 0 0 1
    outer loop
      vertex -70.84 12.1579 38.4
      vertex -70.8046 10.7265 38.4
      vertex -70.6219 12.1145 38.4
    endloop
  endfacet
  facet normal 0 0 1
    outer loop
      vertex -71.2023 10.8056 38.4
      vertex -70.84 12.1579 38.4
      vertex -71.0506 12.2294 38.4
    endloop
  endfacet
  facet normal 0 0 1
    outer loop
      vertex -70.84 12.1579 38.4
      vertex -71.2023 10.8056 38.4
      vertex -70.8046 10.7265 38.4
    endloop
  endfacet
  facet normal 0 0 1
    outer loop
      vertex -71.5863 10.936 38.4
      vertex -71.0506 12.2294 38.4
      vertex -71.25 12.3278 38.4
    endloop
  endfacet
  facet normal 0 0 1
    outer loop
      vertex -71.95 11.1153 38.4
      vertex -71.25 12.3278 38.4
      vertex -71.4349 12.4513 38.4
    endloop
  endfacet
  facet normal 0 0 1
    outer loop
      vertex -71.0506 12.2294 38.4
      vertex -71.5863 10.936 38.4
      vertex -71.2023 10.8056 38.4
    endloop
  endfacet
  facet normal 0 0 1
    outer loop
      vertex -72.2872 11.3406 38.4
      vertex -71.4349 12.4513 38.4
      vertex -71.6021 12.5979 38.4
    endloop
  endfacet
  facet normal 0 0 1
    outer loop
      vertex -72.592 11.608 38.4
      vertex -71.6021 12.5979 38.4
      vertex -71.7487 12.7651 38.4
    endloop
  endfacet
  facet normal 0 0 1
    outer loop
      vertex -72.8594 11.9128 38.4
      vertex -71.7487 12.7651 38.4
      vertex -71.8722 12.95 38.4
    endloop
  endfacet
  facet normal 0 0 1
    outer loop
      vertex -71.25 12.3278 38.4
      vertex -71.95 11.1153 38.4
      vertex -71.5863 10.936 38.4
    endloop
  endfacet
  facet normal 0 0 1
    outer loop
      vertex -73.0847 12.25 38.4
      vertex -71.8722 12.95 38.4
      vertex -71.9706 13.1494 38.4
    endloop
  endfacet
  facet normal 0 0 1
    outer loop
      vertex -73.264 12.6137 38.4
      vertex -71.9706 13.1494 38.4
      vertex -72.0421 13.36 38.4
    endloop
  endfacet
  facet normal 0 0 1
    outer loop
      vertex -73.3944 12.9977 38.4
      vertex -72.0421 13.36 38.4
      vertex -72.0855 13.5781 38.4
    endloop
  endfacet
  facet normal 0 0 1
    outer loop
      vertex -73.4735 13.3954 38.4
      vertex -72.0855 13.5781 38.4
      vertex -72.1 13.8 38.4
    endloop
  endfacet
  facet normal -0 0 1
    outer loop
      vertex -73.264 14.9863 38.4
      vertex -71.9706 14.4506 38.4
      vertex -73.0847 15.35 38.4
    endloop
  endfacet
  facet normal 0 0 1
    outer loop
      vertex -71.4349 12.4513 38.4
      vertex -72.2872 11.3406 38.4
      vertex -71.95 11.1153 38.4
    endloop
  endfacet
  facet normal 0 0 1
    outer loop
      vertex -71.9706 14.4506 38.4
      vertex -73.264 14.9863 38.4
      vertex -72.0421 14.24 38.4
    endloop
  endfacet
  facet normal 0 0 1
    outer loop
      vertex -71.6021 12.5979 38.4
      vertex -72.592 11.608 38.4
      vertex -72.2872 11.3406 38.4
    endloop
  endfacet
  facet normal -0 0 1
    outer loop
      vertex -73.3944 14.6023 38.4
      vertex -72.0421 14.24 38.4
      vertex -73.264 14.9863 38.4
    endloop
  endfacet
  facet normal 0 0 1
    outer loop
      vertex -71.7487 12.7651 38.4
      vertex -72.8594 11.9128 38.4
      vertex -72.592 11.608 38.4
    endloop
  endfacet
  facet normal 0 0 1
    outer loop
      vertex -72.0421 14.24 38.4
      vertex -73.3944 14.6023 38.4
      vertex -72.0855 14.0219 38.4
    endloop
  endfacet
  facet normal 0 0 1
    outer loop
      vertex -71.8722 12.95 38.4
      vertex -73.0847 12.25 38.4
      vertex -72.8594 11.9128 38.4
    endloop
  endfacet
  facet normal -0 0 1
    outer loop
      vertex -73.4735 14.2046 38.4
      vertex -72.0855 14.0219 38.4
      vertex -73.3944 14.6023 38.4
    endloop
  endfacet
  facet normal 0 0 1
    outer loop
      vertex -71.9706 13.1494 38.4
      vertex -73.264 12.6137 38.4
      vertex -73.0847 12.25 38.4
    endloop
  endfacet
  facet normal 0 0 1
    outer loop
      vertex -72.0855 14.0219 38.4
      vertex -73.4735 14.2046 38.4
      vertex -72.1 13.8 38.4
    endloop
  endfacet
  facet normal 0 0 1
    outer loop
      vertex -72.0421 13.36 38.4
      vertex -73.3944 12.9977 38.4
      vertex -73.264 12.6137 38.4
    endloop
  endfacet
  facet normal 0 0 1
    outer loop
      vertex -73.5 13.8 38.4
      vertex -72.1 13.8 38.4
      vertex -73.4735 14.2046 38.4
    endloop
  endfacet
  facet normal 0 0 1
    outer loop
      vertex -72.0855 13.5781 38.4
      vertex -73.4735 13.3954 38.4
      vertex -73.3944 12.9977 38.4
    endloop
  endfacet
  facet normal 0 0 1
    outer loop
      vertex -72.1 13.8 38.4
      vertex -73.5 13.8 38.4
      vertex -73.4735 13.3954 38.4
    endloop
  endfacet
  facet normal -0.659482 0.751721 0
    outer loop
      vertex -68.208 11.608 38.4
      vertex -68.5128 11.3406 40
      vertex -68.208 11.608 40
    endloop
  endfacet
  facet normal -0.659482 0.751721 0
    outer loop
      vertex -68.5128 11.3406 40
      vertex -68.208 11.608 38.4
      vertex -68.5128 11.3406 38.4
    endloop
  endfacet
  facet normal -0.751721 0.659482 0
    outer loop
      vertex -68.208 11.608 38.4
      vertex -67.9406 11.9128 40
      vertex -67.9406 11.9128 38.4
    endloop
  endfacet
  facet normal -0.751721 0.659482 0
    outer loop
      vertex -67.9406 11.9128 40
      vertex -68.208 11.608 38.4
      vertex -68.208 11.608 40
    endloop
  endfacet
  facet normal -0.321484 -0.946915 0
    outer loop
      vertex -69.96 -12.1579 37
      vertex -69.7494 -12.2294 38.4
      vertex -69.96 -12.1579 38.4
    endloop
  endfacet
  facet normal -0.321484 -0.946915 -0
    outer loop
      vertex -69.7494 -12.2294 38.4
      vertex -69.96 -12.1579 37
      vertex -69.7494 -12.2294 37
    endloop
  endfacet
  facet normal -0.195165 0.98077 0
    outer loop
      vertex -69.96 -15.4421 37
      vertex -70.1781 -15.4855 38.4
      vertex -69.96 -15.4421 38.4
    endloop
  endfacet
  facet normal -0.195165 0.98077 0
    outer loop
      vertex -70.1781 -15.4855 38.4
      vertex -69.96 -15.4421 37
      vertex -70.1781 -15.4855 37
    endloop
  endfacet
  facet normal -0.98077 -0.195165 0
    outer loop
      vertex -68.7145 -13.5781 37
      vertex -68.7579 -13.36 38.4
      vertex -68.7579 -13.36 37
    endloop
  endfacet
  facet normal -0.98077 -0.195165 0
    outer loop
      vertex -68.7579 -13.36 38.4
      vertex -68.7145 -13.5781 37
      vertex -68.7145 -13.5781 38.4
    endloop
  endfacet
  facet normal -0.997872 -0.0652057 0
    outer loop
      vertex -68.7 -13.8 37
      vertex -68.7145 -13.5781 38.4
      vertex -68.7145 -13.5781 37
    endloop
  endfacet
  facet normal -0.997872 -0.0652057 0
    outer loop
      vertex -68.7145 -13.5781 38.4
      vertex -68.7 -13.8 37
      vertex -68.7 -13.8 38.4
    endloop
  endfacet
  facet normal -0.946915 -0.321484 0
    outer loop
      vertex -68.7579 -13.36 37
      vertex -68.8294 -13.1494 38.4
      vertex -68.8294 -13.1494 37
    endloop
  endfacet
  facet normal -0.946915 -0.321484 0
    outer loop
      vertex -68.8294 -13.1494 38.4
      vertex -68.7579 -13.36 37
      vertex -68.7579 -13.36 38.4
    endloop
  endfacet
  facet normal -0.98077 0.195165 0
    outer loop
      vertex -68.7579 -14.24 37
      vertex -68.7145 -14.0219 38.4
      vertex -68.7145 -14.0219 37
    endloop
  endfacet
  facet normal -0.98077 0.195165 0
    outer loop
      vertex -68.7145 -14.0219 38.4
      vertex -68.7579 -14.24 37
      vertex -68.7579 -14.24 38.4
    endloop
  endfacet
  facet normal 0.98077 0.195165 0
    outer loop
      vertex -72.0421 -14.24 38.4
      vertex -72.0855 -14.0219 37
      vertex -72.0855 -14.0219 38.4
    endloop
  endfacet
  facet normal 0.98077 0.195165 0
    outer loop
      vertex -72.0855 -14.0219 37
      vertex -72.0421 -14.24 38.4
      vertex -72.0421 -14.24 37
    endloop
  endfacet
  facet normal -0.896754 -0.44253 0
    outer loop
      vertex -68.8294 -13.1494 37
      vertex -68.9278 -12.95 38.4
      vertex -68.9278 -12.95 37
    endloop
  endfacet
  facet normal -0.896754 -0.44253 0
    outer loop
      vertex -68.9278 -12.95 38.4
      vertex -68.8294 -13.1494 37
      vertex -68.8294 -13.1494 38.4
    endloop
  endfacet
  facet normal -0.659268 -0.751908 0
    outer loop
      vertex -69.3651 -12.4513 37
      vertex -69.1979 -12.5979 38.4
      vertex -69.3651 -12.4513 38.4
    endloop
  endfacet
  facet normal -0.659268 -0.751908 -0
    outer loop
      vertex -69.1979 -12.5979 38.4
      vertex -69.3651 -12.4513 37
      vertex -69.1979 -12.5979 37
    endloop
  endfacet
  facet normal -0.555426 -0.831566 0
    outer loop
      vertex -69.55 -12.3278 37
      vertex -69.3651 -12.4513 38.4
      vertex -69.55 -12.3278 38.4
    endloop
  endfacet
  facet normal -0.555426 -0.831566 -0
    outer loop
      vertex -69.3651 -12.4513 38.4
      vertex -69.55 -12.3278 37
      vertex -69.3651 -12.4513 37
    endloop
  endfacet
  facet normal 0.321484 -0.946915 0
    outer loop
      vertex -71.0506 -12.2294 37
      vertex -70.84 -12.1579 38.4
      vertex -71.0506 -12.2294 38.4
    endloop
  endfacet
  facet normal 0.321484 -0.946915 0
    outer loop
      vertex -70.84 -12.1579 38.4
      vertex -71.0506 -12.2294 37
      vertex -70.84 -12.1579 37
    endloop
  endfacet
  facet normal -0.44253 -0.896754 0
    outer loop
      vertex -69.7494 -12.2294 37
      vertex -69.55 -12.3278 38.4
      vertex -69.7494 -12.2294 38.4
    endloop
  endfacet
  facet normal -0.44253 -0.896754 -0
    outer loop
      vertex -69.55 -12.3278 38.4
      vertex -69.7494 -12.2294 37
      vertex -69.55 -12.3278 37
    endloop
  endfacet
  facet normal -0.831566 -0.555426 0
    outer loop
      vertex -68.9278 -12.95 37
      vertex -69.0513 -12.7651 38.4
      vertex -69.0513 -12.7651 37
    endloop
  endfacet
  facet normal -0.831566 -0.555426 0
    outer loop
      vertex -69.0513 -12.7651 38.4
      vertex -68.9278 -12.95 37
      vertex -68.9278 -12.95 38.4
    endloop
  endfacet
  facet normal -0.555426 0.831566 0
    outer loop
      vertex -69.3651 -15.1487 37
      vertex -69.55 -15.2722 38.4
      vertex -69.3651 -15.1487 38.4
    endloop
  endfacet
  facet normal -0.555426 0.831566 0
    outer loop
      vertex -69.55 -15.2722 38.4
      vertex -69.3651 -15.1487 37
      vertex -69.55 -15.2722 37
    endloop
  endfacet
  facet normal 0.659268 0.751908 -0
    outer loop
      vertex -71.4349 -15.1487 37
      vertex -71.6021 -15.0021 38.4
      vertex -71.4349 -15.1487 38.4
    endloop
  endfacet
  facet normal 0.659268 0.751908 0
    outer loop
      vertex -71.6021 -15.0021 38.4
      vertex -71.4349 -15.1487 37
      vertex -71.6021 -15.0021 37
    endloop
  endfacet
  facet normal -0.896754 0.44253 0
    outer loop
      vertex -68.9278 -14.65 37
      vertex -68.8294 -14.4506 38.4
      vertex -68.8294 -14.4506 37
    endloop
  endfacet
  facet normal -0.896754 0.44253 0
    outer loop
      vertex -68.8294 -14.4506 38.4
      vertex -68.9278 -14.65 37
      vertex -68.9278 -14.65 38.4
    endloop
  endfacet
  facet normal 0.751908 0.659268 0
    outer loop
      vertex -71.6021 -15.0021 38.4
      vertex -71.7487 -14.8349 37
      vertex -71.7487 -14.8349 38.4
    endloop
  endfacet
  facet normal 0.751908 0.659268 0
    outer loop
      vertex -71.7487 -14.8349 37
      vertex -71.6021 -15.0021 38.4
      vertex -71.6021 -15.0021 37
    endloop
  endfacet
  facet normal -0.751908 -0.659268 0
    outer loop
      vertex -69.0513 -12.7651 37
      vertex -69.1979 -12.5979 38.4
      vertex -69.1979 -12.5979 37
    endloop
  endfacet
  facet normal -0.751908 -0.659268 0
    outer loop
      vertex -69.1979 -12.5979 38.4
      vertex -69.0513 -12.7651 37
      vertex -69.0513 -12.7651 38.4
    endloop
  endfacet
  facet normal -0.751908 0.659268 0
    outer loop
      vertex -69.1979 -15.0021 37
      vertex -69.0513 -14.8349 38.4
      vertex -69.0513 -14.8349 37
    endloop
  endfacet
  facet normal -0.751908 0.659268 0
    outer loop
      vertex -69.0513 -14.8349 38.4
      vertex -69.1979 -15.0021 37
      vertex -69.1979 -15.0021 38.4
    endloop
  endfacet
  facet normal -0.997872 0.0652057 0
    outer loop
      vertex -68.7145 -14.0219 37
      vertex -68.7 -13.8 38.4
      vertex -68.7 -13.8 37
    endloop
  endfacet
  facet normal -0.997872 0.0652057 0
    outer loop
      vertex -68.7 -13.8 38.4
      vertex -68.7145 -14.0219 37
      vertex -68.7145 -14.0219 38.4
    endloop
  endfacet
  facet normal 0.44253 -0.896754 0
    outer loop
      vertex -71.25 -12.3278 37
      vertex -71.0506 -12.2294 38.4
      vertex -71.25 -12.3278 38.4
    endloop
  endfacet
  facet normal 0.44253 -0.896754 0
    outer loop
      vertex -71.0506 -12.2294 38.4
      vertex -71.25 -12.3278 37
      vertex -71.0506 -12.2294 37
    endloop
  endfacet
  facet normal 0.751908 -0.659268 0
    outer loop
      vertex -71.7487 -12.7651 38.4
      vertex -71.6021 -12.5979 37
      vertex -71.6021 -12.5979 38.4
    endloop
  endfacet
  facet normal 0.751908 -0.659268 0
    outer loop
      vertex -71.6021 -12.5979 37
      vertex -71.7487 -12.7651 38.4
      vertex -71.7487 -12.7651 37
    endloop
  endfacet
  facet normal -0.44253 0.896754 0
    outer loop
      vertex -69.55 -15.2722 37
      vertex -69.7494 -15.3706 38.4
      vertex -69.55 -15.2722 38.4
    endloop
  endfacet
  facet normal -0.44253 0.896754 0
    outer loop
      vertex -69.7494 -15.3706 38.4
      vertex -69.55 -15.2722 37
      vertex -69.7494 -15.3706 37
    endloop
  endfacet
  facet normal 0.44253 0.896754 -0
    outer loop
      vertex -71.0506 -15.3706 37
      vertex -71.25 -15.2722 38.4
      vertex -71.0506 -15.3706 38.4
    endloop
  endfacet
  facet normal 0.44253 0.896754 0
    outer loop
      vertex -71.25 -15.2722 38.4
      vertex -71.0506 -15.3706 37
      vertex -71.25 -15.2722 37
    endloop
  endfacet
  facet normal -0.0652057 0.997872 0
    outer loop
      vertex -70.1781 -15.4855 37
      vertex -70.4 -15.5 38.4
      vertex -70.1781 -15.4855 38.4
    endloop
  endfacet
  facet normal -0.0652057 0.997872 0
    outer loop
      vertex -70.4 -15.5 38.4
      vertex -70.1781 -15.4855 37
      vertex -70.4 -15.5 37
    endloop
  endfacet
  facet normal 0.831566 0.555426 0
    outer loop
      vertex -71.7487 -14.8349 38.4
      vertex -71.8722 -14.65 37
      vertex -71.8722 -14.65 38.4
    endloop
  endfacet
  facet normal 0.831566 0.555426 0
    outer loop
      vertex -71.8722 -14.65 37
      vertex -71.7487 -14.8349 38.4
      vertex -71.7487 -14.8349 37
    endloop
  endfacet
  facet normal -0.946915 0.321484 0
    outer loop
      vertex -68.8294 -14.4506 37
      vertex -68.7579 -14.24 38.4
      vertex -68.7579 -14.24 37
    endloop
  endfacet
  facet normal -0.946915 0.321484 0
    outer loop
      vertex -68.7579 -14.24 38.4
      vertex -68.8294 -14.4506 37
      vertex -68.8294 -14.4506 38.4
    endloop
  endfacet
  facet normal 0.896754 -0.44253 0
    outer loop
      vertex -71.9706 -13.1494 38.4
      vertex -71.8722 -12.95 37
      vertex -71.8722 -12.95 38.4
    endloop
  endfacet
  facet normal 0.896754 -0.44253 0
    outer loop
      vertex -71.8722 -12.95 37
      vertex -71.9706 -13.1494 38.4
      vertex -71.9706 -13.1494 37
    endloop
  endfacet
  facet normal 0.946915 0.321484 0
    outer loop
      vertex -71.9706 -14.4506 38.4
      vertex -72.0421 -14.24 37
      vertex -72.0421 -14.24 38.4
    endloop
  endfacet
  facet normal 0.946915 0.321484 0
    outer loop
      vertex -72.0421 -14.24 37
      vertex -71.9706 -14.4506 38.4
      vertex -71.9706 -14.4506 37
    endloop
  endfacet
  facet normal 0.195165 -0.98077 0
    outer loop
      vertex -70.84 -12.1579 37
      vertex -70.6219 -12.1145 38.4
      vertex -70.84 -12.1579 38.4
    endloop
  endfacet
  facet normal 0.195165 -0.98077 0
    outer loop
      vertex -70.6219 -12.1145 38.4
      vertex -70.84 -12.1579 37
      vertex -70.6219 -12.1145 37
    endloop
  endfacet
  facet normal 0.997872 -0.0652057 0
    outer loop
      vertex -72.1 -13.8 38.4
      vertex -72.0855 -13.5781 37
      vertex -72.0855 -13.5781 38.4
    endloop
  endfacet
  facet normal 0.997872 -0.0652057 0
    outer loop
      vertex -72.0855 -13.5781 37
      vertex -72.1 -13.8 38.4
      vertex -72.1 -13.8 37
    endloop
  endfacet
  facet normal -0.659268 0.751908 0
    outer loop
      vertex -69.1979 -15.0021 37
      vertex -69.3651 -15.1487 38.4
      vertex -69.1979 -15.0021 38.4
    endloop
  endfacet
  facet normal -0.659268 0.751908 0
    outer loop
      vertex -69.3651 -15.1487 38.4
      vertex -69.1979 -15.0021 37
      vertex -69.3651 -15.1487 37
    endloop
  endfacet
  facet normal 0.0652057 0.997872 -0
    outer loop
      vertex -70.4 -15.5 37
      vertex -70.6219 -15.4855 38.4
      vertex -70.4 -15.5 38.4
    endloop
  endfacet
  facet normal 0.0652057 0.997872 0
    outer loop
      vertex -70.6219 -15.4855 38.4
      vertex -70.4 -15.5 37
      vertex -70.6219 -15.4855 37
    endloop
  endfacet
  facet normal -0.831566 0.555426 0
    outer loop
      vertex -69.0513 -14.8349 37
      vertex -68.9278 -14.65 38.4
      vertex -68.9278 -14.65 37
    endloop
  endfacet
  facet normal -0.831566 0.555426 0
    outer loop
      vertex -68.9278 -14.65 38.4
      vertex -69.0513 -14.8349 37
      vertex -69.0513 -14.8349 38.4
    endloop
  endfacet
  facet normal -0.195165 -0.98077 0
    outer loop
      vertex -70.1781 -12.1145 37
      vertex -69.96 -12.1579 38.4
      vertex -70.1781 -12.1145 38.4
    endloop
  endfacet
  facet normal -0.195165 -0.98077 -0
    outer loop
      vertex -69.96 -12.1579 38.4
      vertex -70.1781 -12.1145 37
      vertex -69.96 -12.1579 37
    endloop
  endfacet
  facet normal 0.555426 -0.831566 0
    outer loop
      vertex -71.4349 -12.4513 37
      vertex -71.25 -12.3278 38.4
      vertex -71.4349 -12.4513 38.4
    endloop
  endfacet
  facet normal 0.555426 -0.831566 0
    outer loop
      vertex -71.25 -12.3278 38.4
      vertex -71.4349 -12.4513 37
      vertex -71.25 -12.3278 37
    endloop
  endfacet
  facet normal 0.195165 0.98077 -0
    outer loop
      vertex -70.6219 -15.4855 37
      vertex -70.84 -15.4421 38.4
      vertex -70.6219 -15.4855 38.4
    endloop
  endfacet
  facet normal 0.195165 0.98077 0
    outer loop
      vertex -70.84 -15.4421 38.4
      vertex -70.6219 -15.4855 37
      vertex -70.84 -15.4421 37
    endloop
  endfacet
  facet normal 0.659268 -0.751908 0
    outer loop
      vertex -71.6021 -12.5979 37
      vertex -71.4349 -12.4513 38.4
      vertex -71.6021 -12.5979 38.4
    endloop
  endfacet
  facet normal 0.659268 -0.751908 0
    outer loop
      vertex -71.4349 -12.4513 38.4
      vertex -71.6021 -12.5979 37
      vertex -71.4349 -12.4513 37
    endloop
  endfacet
  facet normal 0.946915 -0.321484 0
    outer loop
      vertex -72.0421 -13.36 38.4
      vertex -71.9706 -13.1494 37
      vertex -71.9706 -13.1494 38.4
    endloop
  endfacet
  facet normal 0.946915 -0.321484 0
    outer loop
      vertex -71.9706 -13.1494 37
      vertex -72.0421 -13.36 38.4
      vertex -72.0421 -13.36 37
    endloop
  endfacet
  facet normal 0.896754 0.44253 0
    outer loop
      vertex -71.8722 -14.65 38.4
      vertex -71.9706 -14.4506 37
      vertex -71.9706 -14.4506 38.4
    endloop
  endfacet
  facet normal 0.896754 0.44253 0
    outer loop
      vertex -71.9706 -14.4506 37
      vertex -71.8722 -14.65 38.4
      vertex -71.8722 -14.65 37
    endloop
  endfacet
  facet normal 0.321484 0.946915 -0
    outer loop
      vertex -70.84 -15.4421 37
      vertex -71.0506 -15.3706 38.4
      vertex -70.84 -15.4421 38.4
    endloop
  endfacet
  facet normal 0.321484 0.946915 0
    outer loop
      vertex -71.0506 -15.3706 38.4
      vertex -70.84 -15.4421 37
      vertex -71.0506 -15.3706 37
    endloop
  endfacet
  facet normal -0.321484 0.946915 0
    outer loop
      vertex -69.7494 -15.3706 37
      vertex -69.96 -15.4421 38.4
      vertex -69.7494 -15.3706 38.4
    endloop
  endfacet
  facet normal -0.321484 0.946915 0
    outer loop
      vertex -69.96 -15.4421 38.4
      vertex -69.7494 -15.3706 37
      vertex -69.96 -15.4421 37
    endloop
  endfacet
  facet normal 0.831566 -0.555426 0
    outer loop
      vertex -71.8722 -12.95 38.4
      vertex -71.7487 -12.7651 37
      vertex -71.7487 -12.7651 38.4
    endloop
  endfacet
  facet normal 0.831566 -0.555426 0
    outer loop
      vertex -71.7487 -12.7651 37
      vertex -71.8722 -12.95 38.4
      vertex -71.8722 -12.95 37
    endloop
  endfacet
  facet normal 0.98077 -0.195165 0
    outer loop
      vertex -72.0855 -13.5781 38.4
      vertex -72.0421 -13.36 37
      vertex -72.0421 -13.36 38.4
    endloop
  endfacet
  facet normal 0.98077 -0.195165 0
    outer loop
      vertex -72.0421 -13.36 37
      vertex -72.0855 -13.5781 38.4
      vertex -72.0855 -13.5781 37
    endloop
  endfacet
  facet normal 0.997872 0.0652057 0
    outer loop
      vertex -72.0855 -14.0219 38.4
      vertex -72.1 -13.8 37
      vertex -72.1 -13.8 38.4
    endloop
  endfacet
  facet normal 0.997872 0.0652057 0
    outer loop
      vertex -72.1 -13.8 37
      vertex -72.0855 -14.0219 38.4
      vertex -72.0855 -14.0219 37
    endloop
  endfacet
  facet normal -0.0652057 -0.997872 0
    outer loop
      vertex -70.4 -12.1 37
      vertex -70.1781 -12.1145 38.4
      vertex -70.4 -12.1 38.4
    endloop
  endfacet
  facet normal -0.0652057 -0.997872 -0
    outer loop
      vertex -70.1781 -12.1145 38.4
      vertex -70.4 -12.1 37
      vertex -70.1781 -12.1145 37
    endloop
  endfacet
  facet normal 0.0652057 -0.997872 0
    outer loop
      vertex -70.6219 -12.1145 37
      vertex -70.4 -12.1 38.4
      vertex -70.6219 -12.1145 38.4
    endloop
  endfacet
  facet normal 0.0652057 -0.997872 0
    outer loop
      vertex -70.4 -12.1 38.4
      vertex -70.6219 -12.1145 37
      vertex -70.4 -12.1 37
    endloop
  endfacet
  facet normal 0.555426 0.831566 -0
    outer loop
      vertex -71.25 -15.2722 37
      vertex -71.4349 -15.1487 38.4
      vertex -71.25 -15.2722 38.4
    endloop
  endfacet
  facet normal 0.555426 0.831566 0
    outer loop
      vertex -71.4349 -15.1487 38.4
      vertex -71.25 -15.2722 37
      vertex -71.4349 -15.1487 37
    endloop
  endfacet
  facet normal 0.659482 -0.751721 0
    outer loop
      vertex -72.592 -11.608 38.4
      vertex -72.2872 -11.3406 40
      vertex -72.592 -11.608 40
    endloop
  endfacet
  facet normal 0.659482 -0.751721 0
    outer loop
      vertex -72.2872 -11.3406 40
      vertex -72.592 -11.608 38.4
      vertex -72.2872 -11.3406 38.4
    endloop
  endfacet
  facet normal -0.980789 -0.195073 0
    outer loop
      vertex -67.3265 -13.3954 38.4
      vertex -67.4056 -12.9977 40
      vertex -67.4056 -12.9977 38.4
    endloop
  endfacet
  facet normal -0.980789 -0.195073 0
    outer loop
      vertex -67.4056 -12.9977 40
      vertex -67.3265 -13.3954 38.4
      vertex -67.3265 -13.3954 40
    endloop
  endfacet
  facet normal -0.997862 -0.0653568 0
    outer loop
      vertex -67.3 -13.8 38.4
      vertex -67.3265 -13.3954 40
      vertex -67.3265 -13.3954 38.4
    endloop
  endfacet
  facet normal -0.997862 -0.0653568 0
    outer loop
      vertex -67.3265 -13.3954 40
      vertex -67.3 -13.8 38.4
      vertex -67.3 -13.8 40
    endloop
  endfacet
  facet normal 0.321549 0.946893 -0
    outer loop
      vertex -71.2023 -16.7944 38.4
      vertex -71.5863 -16.664 40
      vertex -71.2023 -16.7944 40
    endloop
  endfacet
  facet normal 0.321549 0.946893 0
    outer loop
      vertex -71.5863 -16.664 40
      vertex -71.2023 -16.7944 38.4
      vertex -71.5863 -16.664 38.4
    endloop
  endfacet
  facet normal 0.195073 -0.980789 0
    outer loop
      vertex -71.2023 -10.8056 38.4
      vertex -70.8046 -10.7265 40
      vertex -71.2023 -10.8056 40
    endloop
  endfacet
  facet normal 0.195073 -0.980789 0
    outer loop
      vertex -70.8046 -10.7265 40
      vertex -71.2023 -10.8056 38.4
      vertex -70.8046 -10.7265 38.4
    endloop
  endfacet
  facet normal -0.831481 -0.555553 0
    outer loop
      vertex -67.7153 -12.25 38.4
      vertex -67.9406 -11.9128 40
      vertex -67.9406 -11.9128 38.4
    endloop
  endfacet
  facet normal -0.831481 -0.555553 0
    outer loop
      vertex -67.9406 -11.9128 40
      vertex -67.7153 -12.25 38.4
      vertex -67.7153 -12.25 40
    endloop
  endfacet
  facet normal -0.659482 -0.751721 0
    outer loop
      vertex -68.5128 -11.3406 38.4
      vertex -68.208 -11.608 40
      vertex -68.5128 -11.3406 40
    endloop
  endfacet
  facet normal -0.659482 -0.751721 -0
    outer loop
      vertex -68.208 -11.608 40
      vertex -68.5128 -11.3406 38.4
      vertex -68.208 -11.608 38.4
    endloop
  endfacet
  facet normal -0.555553 0.831481 0
    outer loop
      vertex -68.5128 -16.2594 38.4
      vertex -68.85 -16.4847 40
      vertex -68.5128 -16.2594 40
    endloop
  endfacet
  facet normal -0.555553 0.831481 0
    outer loop
      vertex -68.85 -16.4847 40
      vertex -68.5128 -16.2594 38.4
      vertex -68.85 -16.4847 38.4
    endloop
  endfacet
  facet normal 0.980789 0.195073 0
    outer loop
      vertex -73.3944 -14.6023 40
      vertex -73.4735 -14.2046 38.4
      vertex -73.4735 -14.2046 40
    endloop
  endfacet
  facet normal 0.980789 0.195073 0
    outer loop
      vertex -73.4735 -14.2046 38.4
      vertex -73.3944 -14.6023 40
      vertex -73.3944 -14.6023 38.4
    endloop
  endfacet
  facet normal 0.946893 0.321549 0
    outer loop
      vertex -73.264 -14.9863 40
      vertex -73.3944 -14.6023 38.4
      vertex -73.3944 -14.6023 40
    endloop
  endfacet
  facet normal 0.946893 0.321549 0
    outer loop
      vertex -73.3944 -14.6023 38.4
      vertex -73.264 -14.9863 40
      vertex -73.264 -14.9863 38.4
    endloop
  endfacet
  facet normal -0.946893 0.321549 0
    outer loop
      vertex -67.536 -14.9863 38.4
      vertex -67.4056 -14.6023 40
      vertex -67.4056 -14.6023 38.4
    endloop
  endfacet
  facet normal -0.946893 0.321549 0
    outer loop
      vertex -67.4056 -14.6023 40
      vertex -67.536 -14.9863 38.4
      vertex -67.536 -14.9863 40
    endloop
  endfacet
  facet normal -0.195073 0.980789 0
    outer loop
      vertex -69.5977 -16.7944 38.4
      vertex -69.9954 -16.8735 40
      vertex -69.5977 -16.7944 40
    endloop
  endfacet
  facet normal -0.195073 0.980789 0
    outer loop
      vertex -69.9954 -16.8735 40
      vertex -69.5977 -16.7944 38.4
      vertex -69.9954 -16.8735 38.4
    endloop
  endfacet
  facet normal -0.555553 -0.831481 0
    outer loop
      vertex -68.85 -11.1153 38.4
      vertex -68.5128 -11.3406 40
      vertex -68.85 -11.1153 40
    endloop
  endfacet
  facet normal -0.555553 -0.831481 -0
    outer loop
      vertex -68.5128 -11.3406 40
      vertex -68.85 -11.1153 38.4
      vertex -68.5128 -11.3406 38.4
    endloop
  endfacet
  facet normal -0.442176 -0.896928 0
    outer loop
      vertex -69.2137 -10.936 38.4
      vertex -68.85 -11.1153 40
      vertex -69.2137 -10.936 40
    endloop
  endfacet
  facet normal -0.442176 -0.896928 -0
    outer loop
      vertex -68.85 -11.1153 40
      vertex -69.2137 -10.936 38.4
      vertex -68.85 -11.1153 38.4
    endloop
  endfacet
  facet normal 0.555553 -0.831481 0
    outer loop
      vertex -72.2872 -11.3406 38.4
      vertex -71.95 -11.1153 40
      vertex -72.2872 -11.3406 40
    endloop
  endfacet
  facet normal 0.555553 -0.831481 0
    outer loop
      vertex -71.95 -11.1153 40
      vertex -72.2872 -11.3406 38.4
      vertex -71.95 -11.1153 38.4
    endloop
  endfacet
  facet normal 0.831481 0.555553 0
    outer loop
      vertex -72.8594 -15.6872 40
      vertex -73.0847 -15.35 38.4
      vertex -73.0847 -15.35 40
    endloop
  endfacet
  facet normal 0.831481 0.555553 0
    outer loop
      vertex -73.0847 -15.35 38.4
      vertex -72.8594 -15.6872 40
      vertex -72.8594 -15.6872 38.4
    endloop
  endfacet
  facet normal -0.321549 -0.946893 0
    outer loop
      vertex -69.5977 -10.8056 38.4
      vertex -69.2137 -10.936 40
      vertex -69.5977 -10.8056 40
    endloop
  endfacet
  facet normal -0.321549 -0.946893 -0
    outer loop
      vertex -69.2137 -10.936 40
      vertex -69.5977 -10.8056 38.4
      vertex -69.2137 -10.936 38.4
    endloop
  endfacet
  facet normal 0.321549 -0.946893 0
    outer loop
      vertex -71.5863 -10.936 38.4
      vertex -71.2023 -10.8056 40
      vertex -71.5863 -10.936 40
    endloop
  endfacet
  facet normal 0.321549 -0.946893 0
    outer loop
      vertex -71.2023 -10.8056 40
      vertex -71.5863 -10.936 38.4
      vertex -71.2023 -10.8056 38.4
    endloop
  endfacet
  facet normal 0.831481 -0.555553 0
    outer loop
      vertex -73.0847 -12.25 40
      vertex -72.8594 -11.9128 38.4
      vertex -72.8594 -11.9128 40
    endloop
  endfacet
  facet normal 0.831481 -0.555553 0
    outer loop
      vertex -72.8594 -11.9128 38.4
      vertex -73.0847 -12.25 40
      vertex -73.0847 -12.25 38.4
    endloop
  endfacet
  facet normal -0.195073 -0.980789 0
    outer loop
      vertex -69.9954 -10.7265 38.4
      vertex -69.5977 -10.8056 40
      vertex -69.9954 -10.7265 40
    endloop
  endfacet
  facet normal -0.195073 -0.980789 -0
    outer loop
      vertex -69.5977 -10.8056 40
      vertex -69.9954 -10.7265 38.4
      vertex -69.5977 -10.8056 38.4
    endloop
  endfacet
  facet normal -0.997862 0.0653568 0
    outer loop
      vertex -67.3265 -14.2046 38.4
      vertex -67.3 -13.8 40
      vertex -67.3 -13.8 38.4
    endloop
  endfacet
  facet normal -0.997862 0.0653568 0
    outer loop
      vertex -67.3 -13.8 40
      vertex -67.3265 -14.2046 38.4
      vertex -67.3265 -14.2046 40
    endloop
  endfacet
  facet normal 0.896928 0.442176 0
    outer loop
      vertex -73.0847 -15.35 40
      vertex -73.264 -14.9863 38.4
      vertex -73.264 -14.9863 40
    endloop
  endfacet
  facet normal 0.896928 0.442176 0
    outer loop
      vertex -73.264 -14.9863 38.4
      vertex -73.0847 -15.35 40
      vertex -73.0847 -15.35 38.4
    endloop
  endfacet
  facet normal -0.0653568 -0.997862 0
    outer loop
      vertex -70.4 -10.7 38.4
      vertex -69.9954 -10.7265 40
      vertex -70.4 -10.7 40
    endloop
  endfacet
  facet normal -0.0653568 -0.997862 -0
    outer loop
      vertex -69.9954 -10.7265 40
      vertex -70.4 -10.7 38.4
      vertex -69.9954 -10.7265 38.4
    endloop
  endfacet
  facet normal 0.442176 -0.896928 0
    outer loop
      vertex -71.95 -11.1153 38.4
      vertex -71.5863 -10.936 40
      vertex -71.95 -11.1153 40
    endloop
  endfacet
  facet normal 0.442176 -0.896928 0
    outer loop
      vertex -71.5863 -10.936 40
      vertex -71.95 -11.1153 38.4
      vertex -71.5863 -10.936 38.4
    endloop
  endfacet
  facet normal 0.997862 -0.0653568 0
    outer loop
      vertex -73.5 -13.8 40
      vertex -73.4735 -13.3954 38.4
      vertex -73.4735 -13.3954 40
    endloop
  endfacet
  facet normal 0.997862 -0.0653568 0
    outer loop
      vertex -73.4735 -13.3954 38.4
      vertex -73.5 -13.8 40
      vertex -73.5 -13.8 38.4
    endloop
  endfacet
  facet normal 0.751721 -0.659482 0
    outer loop
      vertex -72.8594 -11.9128 40
      vertex -72.592 -11.608 38.4
      vertex -72.592 -11.608 40
    endloop
  endfacet
  facet normal 0.751721 -0.659482 0
    outer loop
      vertex -72.592 -11.608 38.4
      vertex -72.8594 -11.9128 40
      vertex -72.8594 -11.9128 38.4
    endloop
  endfacet
  facet normal 0.0653568 -0.997862 0
    outer loop
      vertex -70.8046 -10.7265 38.4
      vertex -70.4 -10.7 40
      vertex -70.8046 -10.7265 40
    endloop
  endfacet
  facet normal 0.0653568 -0.997862 0
    outer loop
      vertex -70.4 -10.7 40
      vertex -70.8046 -10.7265 38.4
      vertex -70.4 -10.7 38.4
    endloop
  endfacet
  facet normal -0.896928 -0.442176 0
    outer loop
      vertex -67.536 -12.6137 38.4
      vertex -67.7153 -12.25 40
      vertex -67.7153 -12.25 38.4
    endloop
  endfacet
  facet normal -0.896928 -0.442176 0
    outer loop
      vertex -67.7153 -12.25 40
      vertex -67.536 -12.6137 38.4
      vertex -67.536 -12.6137 40
    endloop
  endfacet
  facet normal -0.896928 0.442176 0
    outer loop
      vertex -67.7153 -15.35 38.4
      vertex -67.536 -14.9863 40
      vertex -67.536 -14.9863 38.4
    endloop
  endfacet
  facet normal -0.896928 0.442176 0
    outer loop
      vertex -67.536 -14.9863 40
      vertex -67.7153 -15.35 38.4
      vertex -67.7153 -15.35 40
    endloop
  endfacet
  facet normal 0.555553 0.831481 -0
    outer loop
      vertex -71.95 -16.4847 38.4
      vertex -72.2872 -16.2594 40
      vertex -71.95 -16.4847 40
    endloop
  endfacet
  facet normal 0.555553 0.831481 0
    outer loop
      vertex -72.2872 -16.2594 40
      vertex -71.95 -16.4847 38.4
      vertex -72.2872 -16.2594 38.4
    endloop
  endfacet
  facet normal 0.659482 0.751721 -0
    outer loop
      vertex -72.2872 -16.2594 38.4
      vertex -72.592 -15.992 40
      vertex -72.2872 -16.2594 40
    endloop
  endfacet
  facet normal 0.659482 0.751721 0
    outer loop
      vertex -72.592 -15.992 40
      vertex -72.2872 -16.2594 38.4
      vertex -72.592 -15.992 38.4
    endloop
  endfacet
  facet normal -0.751721 0.659482 0
    outer loop
      vertex -68.208 -15.992 38.4
      vertex -67.9406 -15.6872 40
      vertex -67.9406 -15.6872 38.4
    endloop
  endfacet
  facet normal -0.751721 0.659482 0
    outer loop
      vertex -67.9406 -15.6872 40
      vertex -68.208 -15.992 38.4
      vertex -68.208 -15.992 40
    endloop
  endfacet
  facet normal 0.0653568 0.997862 -0
    outer loop
      vertex -70.4 -16.9 38.4
      vertex -70.8046 -16.8735 40
      vertex -70.4 -16.9 40
    endloop
  endfacet
  facet normal 0.0653568 0.997862 0
    outer loop
      vertex -70.8046 -16.8735 40
      vertex -70.4 -16.9 38.4
      vertex -70.8046 -16.8735 38.4
    endloop
  endfacet
  facet normal -0.659482 0.751721 0
    outer loop
      vertex -68.208 -15.992 38.4
      vertex -68.5128 -16.2594 40
      vertex -68.208 -15.992 40
    endloop
  endfacet
  facet normal -0.659482 0.751721 0
    outer loop
      vertex -68.5128 -16.2594 40
      vertex -68.208 -15.992 38.4
      vertex -68.5128 -16.2594 38.4
    endloop
  endfacet
  facet normal -0.831481 0.555553 0
    outer loop
      vertex -67.9406 -15.6872 38.4
      vertex -67.7153 -15.35 40
      vertex -67.7153 -15.35 38.4
    endloop
  endfacet
  facet normal -0.831481 0.555553 0
    outer loop
      vertex -67.7153 -15.35 40
      vertex -67.9406 -15.6872 38.4
      vertex -67.9406 -15.6872 40
    endloop
  endfacet
  facet normal 0.195073 0.980789 -0
    outer loop
      vertex -70.8046 -16.8735 38.4
      vertex -71.2023 -16.7944 40
      vertex -70.8046 -16.8735 40
    endloop
  endfacet
  facet normal 0.195073 0.980789 0
    outer loop
      vertex -71.2023 -16.7944 40
      vertex -70.8046 -16.8735 38.4
      vertex -71.2023 -16.7944 38.4
    endloop
  endfacet
  facet normal -0.751721 -0.659482 0
    outer loop
      vertex -67.9406 -11.9128 38.4
      vertex -68.208 -11.608 40
      vertex -68.208 -11.608 38.4
    endloop
  endfacet
  facet normal -0.751721 -0.659482 0
    outer loop
      vertex -68.208 -11.608 40
      vertex -67.9406 -11.9128 38.4
      vertex -67.9406 -11.9128 40
    endloop
  endfacet
  facet normal -0.980789 0.195073 0
    outer loop
      vertex -67.4056 -14.6023 38.4
      vertex -67.3265 -14.2046 40
      vertex -67.3265 -14.2046 38.4
    endloop
  endfacet
  facet normal -0.980789 0.195073 0
    outer loop
      vertex -67.3265 -14.2046 40
      vertex -67.4056 -14.6023 38.4
      vertex -67.4056 -14.6023 40
    endloop
  endfacet
  facet normal 0.896928 -0.442176 0
    outer loop
      vertex -73.264 -12.6137 40
      vertex -73.0847 -12.25 38.4
      vertex -73.0847 -12.25 40
    endloop
  endfacet
  facet normal 0.896928 -0.442176 0
    outer loop
      vertex -73.0847 -12.25 38.4
      vertex -73.264 -12.6137 40
      vertex -73.264 -12.6137 38.4
    endloop
  endfacet
  facet normal -0.946893 -0.321549 0
    outer loop
      vertex -67.4056 -12.9977 38.4
      vertex -67.536 -12.6137 40
      vertex -67.536 -12.6137 38.4
    endloop
  endfacet
  facet normal -0.946893 -0.321549 0
    outer loop
      vertex -67.536 -12.6137 40
      vertex -67.4056 -12.9977 38.4
      vertex -67.4056 -12.9977 40
    endloop
  endfacet
  facet normal 0.442176 0.896928 -0
    outer loop
      vertex -71.5863 -16.664 38.4
      vertex -71.95 -16.4847 40
      vertex -71.5863 -16.664 40
    endloop
  endfacet
  facet normal 0.442176 0.896928 0
    outer loop
      vertex -71.95 -16.4847 40
      vertex -71.5863 -16.664 38.4
      vertex -71.95 -16.4847 38.4
    endloop
  endfacet
  facet normal -0.442176 0.896928 0
    outer loop
      vertex -68.85 -16.4847 38.4
      vertex -69.2137 -16.664 40
      vertex -68.85 -16.4847 40
    endloop
  endfacet
  facet normal -0.442176 0.896928 0
    outer loop
      vertex -69.2137 -16.664 40
      vertex -68.85 -16.4847 38.4
      vertex -69.2137 -16.664 38.4
    endloop
  endfacet
  facet normal -0.321549 0.946893 0
    outer loop
      vertex -69.2137 -16.664 38.4
      vertex -69.5977 -16.7944 40
      vertex -69.2137 -16.664 40
    endloop
  endfacet
  facet normal -0.321549 0.946893 0
    outer loop
      vertex -69.5977 -16.7944 40
      vertex -69.2137 -16.664 38.4
      vertex -69.5977 -16.7944 38.4
    endloop
  endfacet
  facet normal 0.997862 0.0653568 0
    outer loop
      vertex -73.4735 -14.2046 40
      vertex -73.5 -13.8 38.4
      vertex -73.5 -13.8 40
    endloop
  endfacet
  facet normal 0.997862 0.0653568 0
    outer loop
      vertex -73.5 -13.8 38.4
      vertex -73.4735 -14.2046 40
      vertex -73.4735 -14.2046 38.4
    endloop
  endfacet
  facet normal 0.980789 -0.195073 0
    outer loop
      vertex -73.4735 -13.3954 40
      vertex -73.3944 -12.9977 38.4
      vertex -73.3944 -12.9977 40
    endloop
  endfacet
  facet normal 0.980789 -0.195073 0
    outer loop
      vertex -73.3944 -12.9977 38.4
      vertex -73.4735 -13.3954 40
      vertex -73.4735 -13.3954 38.4
    endloop
  endfacet
  facet normal -0.0653568 0.997862 0
    outer loop
      vertex -69.9954 -16.8735 38.4
      vertex -70.4 -16.9 40
      vertex -69.9954 -16.8735 40
    endloop
  endfacet
  facet normal -0.0653568 0.997862 0
    outer loop
      vertex -70.4 -16.9 40
      vertex -69.9954 -16.8735 38.4
      vertex -70.4 -16.9 38.4
    endloop
  endfacet
  facet normal 0.751721 0.659482 0
    outer loop
      vertex -72.592 -15.992 40
      vertex -72.8594 -15.6872 38.4
      vertex -72.8594 -15.6872 40
    endloop
  endfacet
  facet normal 0.751721 0.659482 0
    outer loop
      vertex -72.8594 -15.6872 38.4
      vertex -72.592 -15.992 40
      vertex -72.592 -15.992 38.4
    endloop
  endfacet
  facet normal 0 0 1
    outer loop
      vertex -68.7 -13.8 38.4
      vertex -67.3 -13.8 38.4
      vertex -67.3265 -13.3954 38.4
    endloop
  endfacet
  facet normal 0 0 1
    outer loop
      vertex -68.7145 -13.5781 38.4
      vertex -67.3265 -13.3954 38.4
      vertex -67.4056 -12.9977 38.4
    endloop
  endfacet
  facet normal 0 0 1
    outer loop
      vertex -67.3 -13.8 38.4
      vertex -68.7 -13.8 38.4
      vertex -67.3265 -14.2046 38.4
    endloop
  endfacet
  facet normal 0 0 1
    outer loop
      vertex -68.7579 -13.36 38.4
      vertex -67.4056 -12.9977 38.4
      vertex -67.536 -12.6137 38.4
    endloop
  endfacet
  facet normal -0 0 1
    outer loop
      vertex -68.7145 -14.0219 38.4
      vertex -67.3265 -14.2046 38.4
      vertex -68.7 -13.8 38.4
    endloop
  endfacet
  facet normal 0 0 1
    outer loop
      vertex -68.8294 -13.1494 38.4
      vertex -67.536 -12.6137 38.4
      vertex -67.7153 -12.25 38.4
    endloop
  endfacet
  facet normal 0 0 1
    outer loop
      vertex -67.3265 -14.2046 38.4
      vertex -68.7145 -14.0219 38.4
      vertex -67.4056 -14.6023 38.4
    endloop
  endfacet
  facet normal 0 0 1
    outer loop
      vertex -68.9278 -12.95 38.4
      vertex -67.7153 -12.25 38.4
      vertex -67.9406 -11.9128 38.4
    endloop
  endfacet
  facet normal -0 0 1
    outer loop
      vertex -68.7579 -14.24 38.4
      vertex -67.4056 -14.6023 38.4
      vertex -68.7145 -14.0219 38.4
    endloop
  endfacet
  facet normal 0 0 1
    outer loop
      vertex -69.0513 -12.7651 38.4
      vertex -67.9406 -11.9128 38.4
      vertex -68.208 -11.608 38.4
    endloop
  endfacet
  facet normal 0 0 1
    outer loop
      vertex -67.4056 -14.6023 38.4
      vertex -68.7579 -14.24 38.4
      vertex -67.536 -14.9863 38.4
    endloop
  endfacet
  facet normal 0 0 1
    outer loop
      vertex -69.1979 -12.5979 38.4
      vertex -68.208 -11.608 38.4
      vertex -68.5128 -11.3406 38.4
    endloop
  endfacet
  facet normal -0 0 1
    outer loop
      vertex -68.8294 -14.4506 38.4
      vertex -67.536 -14.9863 38.4
      vertex -68.7579 -14.24 38.4
    endloop
  endfacet
  facet normal 0 0 1
    outer loop
      vertex -67.536 -14.9863 38.4
      vertex -68.8294 -14.4506 38.4
      vertex -67.7153 -15.35 38.4
    endloop
  endfacet
  facet normal 0 0 1
    outer loop
      vertex -67.3265 -13.3954 38.4
      vertex -68.7145 -13.5781 38.4
      vertex -68.7 -13.8 38.4
    endloop
  endfacet
  facet normal 0 0 1
    outer loop
      vertex -67.4056 -12.9977 38.4
      vertex -68.7579 -13.36 38.4
      vertex -68.7145 -13.5781 38.4
    endloop
  endfacet
  facet normal 0 0 1
    outer loop
      vertex -67.536 -12.6137 38.4
      vertex -68.8294 -13.1494 38.4
      vertex -68.7579 -13.36 38.4
    endloop
  endfacet
  facet normal 0 0 1
    outer loop
      vertex -69.3651 -12.4513 38.4
      vertex -68.5128 -11.3406 38.4
      vertex -68.85 -11.1153 38.4
    endloop
  endfacet
  facet normal 0 0 1
    outer loop
      vertex -67.7153 -12.25 38.4
      vertex -68.9278 -12.95 38.4
      vertex -68.8294 -13.1494 38.4
    endloop
  endfacet
  facet normal 0 0 1
    outer loop
      vertex -67.9406 -11.9128 38.4
      vertex -69.0513 -12.7651 38.4
      vertex -68.9278 -12.95 38.4
    endloop
  endfacet
  facet normal 0 0 1
    outer loop
      vertex -68.208 -11.608 38.4
      vertex -69.1979 -12.5979 38.4
      vertex -69.0513 -12.7651 38.4
    endloop
  endfacet
  facet normal 0 0 1
    outer loop
      vertex -69.55 -12.3278 38.4
      vertex -68.85 -11.1153 38.4
      vertex -69.2137 -10.936 38.4
    endloop
  endfacet
  facet normal 0 0 1
    outer loop
      vertex -68.5128 -11.3406 38.4
      vertex -69.3651 -12.4513 38.4
      vertex -69.1979 -12.5979 38.4
    endloop
  endfacet
  facet normal 0 0 1
    outer loop
      vertex -68.85 -11.1153 38.4
      vertex -69.55 -12.3278 38.4
      vertex -69.3651 -12.4513 38.4
    endloop
  endfacet
  facet normal 0 0 1
    outer loop
      vertex -69.7494 -12.2294 38.4
      vertex -69.2137 -10.936 38.4
      vertex -69.5977 -10.8056 38.4
    endloop
  endfacet
  facet normal 0 0 1
    outer loop
      vertex -69.2137 -10.936 38.4
      vertex -69.7494 -12.2294 38.4
      vertex -69.55 -12.3278 38.4
    endloop
  endfacet
  facet normal 0 0 1
    outer loop
      vertex -69.5977 -10.8056 38.4
      vertex -69.96 -12.1579 38.4
      vertex -69.7494 -12.2294 38.4
    endloop
  endfacet
  facet normal 0 0 1
    outer loop
      vertex -69.9954 -10.7265 38.4
      vertex -69.96 -12.1579 38.4
      vertex -69.5977 -10.8056 38.4
    endloop
  endfacet
  facet normal 0 0 1
    outer loop
      vertex -69.9954 -10.7265 38.4
      vertex -70.1781 -12.1145 38.4
      vertex -69.96 -12.1579 38.4
    endloop
  endfacet
  facet normal 0 0 1
    outer loop
      vertex -70.4 -10.7 38.4
      vertex -70.1781 -12.1145 38.4
      vertex -69.9954 -10.7265 38.4
    endloop
  endfacet
  facet normal 0 0 1
    outer loop
      vertex -70.4 -10.7 38.4
      vertex -70.4 -12.1 38.4
      vertex -70.1781 -12.1145 38.4
    endloop
  endfacet
  facet normal 0 0 1
    outer loop
      vertex -70.4 -10.7 38.4
      vertex -70.6219 -12.1145 38.4
      vertex -70.4 -12.1 38.4
    endloop
  endfacet
  facet normal -0 0 1
    outer loop
      vertex -70.8046 -10.7265 38.4
      vertex -70.6219 -12.1145 38.4
      vertex -70.4 -10.7 38.4
    endloop
  endfacet
  facet normal 0 0 1
    outer loop
      vertex -70.8046 -10.7265 38.4
      vertex -70.84 -12.1579 38.4
      vertex -70.6219 -12.1145 38.4
    endloop
  endfacet
  facet normal -0 0 1
    outer loop
      vertex -71.2023 -10.8056 38.4
      vertex -70.84 -12.1579 38.4
      vertex -70.8046 -10.7265 38.4
    endloop
  endfacet
  facet normal 0 0 1
    outer loop
      vertex -70.84 -12.1579 38.4
      vertex -71.2023 -10.8056 38.4
      vertex -71.0506 -12.2294 38.4
    endloop
  endfacet
  facet normal -0 0 1
    outer loop
      vertex -71.5863 -10.936 38.4
      vertex -71.0506 -12.2294 38.4
      vertex -71.2023 -10.8056 38.4
    endloop
  endfacet
  facet normal 0 0 1
    outer loop
      vertex -71.0506 -12.2294 38.4
      vertex -71.5863 -10.936 38.4
      vertex -71.25 -12.3278 38.4
    endloop
  endfacet
  facet normal -0 0 1
    outer loop
      vertex -71.95 -11.1153 38.4
      vertex -71.25 -12.3278 38.4
      vertex -71.5863 -10.936 38.4
    endloop
  endfacet
  facet normal 0 0 1
    outer loop
      vertex -71.25 -12.3278 38.4
      vertex -71.95 -11.1153 38.4
      vertex -71.4349 -12.4513 38.4
    endloop
  endfacet
  facet normal -0 0 1
    outer loop
      vertex -72.2872 -11.3406 38.4
      vertex -71.4349 -12.4513 38.4
      vertex -71.95 -11.1153 38.4
    endloop
  endfacet
  facet normal 0 0 1
    outer loop
      vertex -71.4349 -12.4513 38.4
      vertex -72.2872 -11.3406 38.4
      vertex -71.6021 -12.5979 38.4
    endloop
  endfacet
  facet normal -0 0 1
    outer loop
      vertex -72.592 -11.608 38.4
      vertex -71.6021 -12.5979 38.4
      vertex -72.2872 -11.3406 38.4
    endloop
  endfacet
  facet normal 0 0 1
    outer loop
      vertex -71.6021 -12.5979 38.4
      vertex -72.592 -11.608 38.4
      vertex -71.7487 -12.7651 38.4
    endloop
  endfacet
  facet normal -0 0 1
    outer loop
      vertex -72.8594 -11.9128 38.4
      vertex -71.7487 -12.7651 38.4
      vertex -72.592 -11.608 38.4
    endloop
  endfacet
  facet normal 0 0 1
    outer loop
      vertex -71.7487 -12.7651 38.4
      vertex -72.8594 -11.9128 38.4
      vertex -71.8722 -12.95 38.4
    endloop
  endfacet
  facet normal -0 0 1
    outer loop
      vertex -73.0847 -12.25 38.4
      vertex -71.8722 -12.95 38.4
      vertex -72.8594 -11.9128 38.4
    endloop
  endfacet
  facet normal 0 0 1
    outer loop
      vertex -71.8722 -12.95 38.4
      vertex -73.0847 -12.25 38.4
      vertex -71.9706 -13.1494 38.4
    endloop
  endfacet
  facet normal -0 0 1
    outer loop
      vertex -68.9278 -14.65 38.4
      vertex -67.7153 -15.35 38.4
      vertex -68.8294 -14.4506 38.4
    endloop
  endfacet
  facet normal 0 0 1
    outer loop
      vertex -67.7153 -15.35 38.4
      vertex -68.9278 -14.65 38.4
      vertex -67.9406 -15.6872 38.4
    endloop
  endfacet
  facet normal -0 0 1
    outer loop
      vertex -69.0513 -14.8349 38.4
      vertex -67.9406 -15.6872 38.4
      vertex -68.9278 -14.65 38.4
    endloop
  endfacet
  facet normal 0 0 1
    outer loop
      vertex -67.9406 -15.6872 38.4
      vertex -69.0513 -14.8349 38.4
      vertex -68.208 -15.992 38.4
    endloop
  endfacet
  facet normal -0 0 1
    outer loop
      vertex -69.1979 -15.0021 38.4
      vertex -68.208 -15.992 38.4
      vertex -69.0513 -14.8349 38.4
    endloop
  endfacet
  facet normal 0 0 1
    outer loop
      vertex -68.208 -15.992 38.4
      vertex -69.1979 -15.0021 38.4
      vertex -68.5128 -16.2594 38.4
    endloop
  endfacet
  facet normal -0 0 1
    outer loop
      vertex -69.3651 -15.1487 38.4
      vertex -68.5128 -16.2594 38.4
      vertex -69.1979 -15.0021 38.4
    endloop
  endfacet
  facet normal 0 0 1
    outer loop
      vertex -68.5128 -16.2594 38.4
      vertex -69.3651 -15.1487 38.4
      vertex -68.85 -16.4847 38.4
    endloop
  endfacet
  facet normal -0 0 1
    outer loop
      vertex -69.55 -15.2722 38.4
      vertex -68.85 -16.4847 38.4
      vertex -69.3651 -15.1487 38.4
    endloop
  endfacet
  facet normal 0 0 1
    outer loop
      vertex -68.85 -16.4847 38.4
      vertex -69.55 -15.2722 38.4
      vertex -69.2137 -16.664 38.4
    endloop
  endfacet
  facet normal -0 0 1
    outer loop
      vertex -69.7494 -15.3706 38.4
      vertex -69.2137 -16.664 38.4
      vertex -69.55 -15.2722 38.4
    endloop
  endfacet
  facet normal 0 0 1
    outer loop
      vertex -69.2137 -16.664 38.4
      vertex -69.7494 -15.3706 38.4
      vertex -69.5977 -16.7944 38.4
    endloop
  endfacet
  facet normal -0 0 1
    outer loop
      vertex -69.96 -15.4421 38.4
      vertex -69.5977 -16.7944 38.4
      vertex -69.7494 -15.3706 38.4
    endloop
  endfacet
  facet normal 0 0 1
    outer loop
      vertex -69.96 -15.4421 38.4
      vertex -69.9954 -16.8735 38.4
      vertex -69.5977 -16.7944 38.4
    endloop
  endfacet
  facet normal -0 0 1
    outer loop
      vertex -70.1781 -15.4855 38.4
      vertex -69.9954 -16.8735 38.4
      vertex -69.96 -15.4421 38.4
    endloop
  endfacet
  facet normal -0 0 1
    outer loop
      vertex -70.4 -15.5 38.4
      vertex -69.9954 -16.8735 38.4
      vertex -70.1781 -15.4855 38.4
    endloop
  endfacet
  facet normal 0 0 1
    outer loop
      vertex -70.4 -15.5 38.4
      vertex -70.4 -16.9 38.4
      vertex -69.9954 -16.8735 38.4
    endloop
  endfacet
  facet normal 0 0 1
    outer loop
      vertex -70.6219 -15.4855 38.4
      vertex -70.4 -16.9 38.4
      vertex -70.4 -15.5 38.4
    endloop
  endfacet
  facet normal 0 0 1
    outer loop
      vertex -70.6219 -15.4855 38.4
      vertex -70.8046 -16.8735 38.4
      vertex -70.4 -16.9 38.4
    endloop
  endfacet
  facet normal 0 0 1
    outer loop
      vertex -70.84 -15.4421 38.4
      vertex -70.8046 -16.8735 38.4
      vertex -70.6219 -15.4855 38.4
    endloop
  endfacet
  facet normal 0 0 1
    outer loop
      vertex -71.2023 -16.7944 38.4
      vertex -70.84 -15.4421 38.4
      vertex -71.0506 -15.3706 38.4
    endloop
  endfacet
  facet normal 0 0 1
    outer loop
      vertex -70.84 -15.4421 38.4
      vertex -71.2023 -16.7944 38.4
      vertex -70.8046 -16.8735 38.4
    endloop
  endfacet
  facet normal 0 0 1
    outer loop
      vertex -71.5863 -16.664 38.4
      vertex -71.0506 -15.3706 38.4
      vertex -71.25 -15.2722 38.4
    endloop
  endfacet
  facet normal 0 0 1
    outer loop
      vertex -71.95 -16.4847 38.4
      vertex -71.25 -15.2722 38.4
      vertex -71.4349 -15.1487 38.4
    endloop
  endfacet
  facet normal 0 0 1
    outer loop
      vertex -71.0506 -15.3706 38.4
      vertex -71.5863 -16.664 38.4
      vertex -71.2023 -16.7944 38.4
    endloop
  endfacet
  facet normal 0 0 1
    outer loop
      vertex -72.2872 -16.2594 38.4
      vertex -71.4349 -15.1487 38.4
      vertex -71.6021 -15.0021 38.4
    endloop
  endfacet
  facet normal 0 0 1
    outer loop
      vertex -72.592 -15.992 38.4
      vertex -71.6021 -15.0021 38.4
      vertex -71.7487 -14.8349 38.4
    endloop
  endfacet
  facet normal 0 0 1
    outer loop
      vertex -72.8594 -15.6872 38.4
      vertex -71.7487 -14.8349 38.4
      vertex -71.8722 -14.65 38.4
    endloop
  endfacet
  facet normal 0 0 1
    outer loop
      vertex -71.25 -15.2722 38.4
      vertex -71.95 -16.4847 38.4
      vertex -71.5863 -16.664 38.4
    endloop
  endfacet
  facet normal 0 0 1
    outer loop
      vertex -73.0847 -15.35 38.4
      vertex -71.8722 -14.65 38.4
      vertex -71.9706 -14.4506 38.4
    endloop
  endfacet
  facet normal 0 0 1
    outer loop
      vertex -73.264 -14.9863 38.4
      vertex -71.9706 -14.4506 38.4
      vertex -72.0421 -14.24 38.4
    endloop
  endfacet
  facet normal 0 0 1
    outer loop
      vertex -73.3944 -14.6023 38.4
      vertex -72.0421 -14.24 38.4
      vertex -72.0855 -14.0219 38.4
    endloop
  endfacet
  facet normal 0 0 1
    outer loop
      vertex -73.4735 -14.2046 38.4
      vertex -72.0855 -14.0219 38.4
      vertex -72.1 -13.8 38.4
    endloop
  endfacet
  facet normal -0 0 1
    outer loop
      vertex -73.264 -12.6137 38.4
      vertex -71.9706 -13.1494 38.4
      vertex -73.0847 -12.25 38.4
    endloop
  endfacet
  facet normal 0 0 1
    outer loop
      vertex -71.4349 -15.1487 38.4
      vertex -72.2872 -16.2594 38.4
      vertex -71.95 -16.4847 38.4
    endloop
  endfacet
  facet normal 0 0 1
    outer loop
      vertex -71.9706 -13.1494 38.4
      vertex -73.264 -12.6137 38.4
      vertex -72.0421 -13.36 38.4
    endloop
  endfacet
  facet normal 0 0 1
    outer loop
      vertex -71.6021 -15.0021 38.4
      vertex -72.592 -15.992 38.4
      vertex -72.2872 -16.2594 38.4
    endloop
  endfacet
  facet normal -0 0 1
    outer loop
      vertex -73.3944 -12.9977 38.4
      vertex -72.0421 -13.36 38.4
      vertex -73.264 -12.6137 38.4
    endloop
  endfacet
  facet normal 0 0 1
    outer loop
      vertex -71.7487 -14.8349 38.4
      vertex -72.8594 -15.6872 38.4
      vertex -72.592 -15.992 38.4
    endloop
  endfacet
  facet normal 0 0 1
    outer loop
      vertex -72.0421 -13.36 38.4
      vertex -73.3944 -12.9977 38.4
      vertex -72.0855 -13.5781 38.4
    endloop
  endfacet
  facet normal 0 0 1
    outer loop
      vertex -71.8722 -14.65 38.4
      vertex -73.0847 -15.35 38.4
      vertex -72.8594 -15.6872 38.4
    endloop
  endfacet
  facet normal -0 0 1
    outer loop
      vertex -73.4735 -13.3954 38.4
      vertex -72.0855 -13.5781 38.4
      vertex -73.3944 -12.9977 38.4
    endloop
  endfacet
  facet normal 0 0 1
    outer loop
      vertex -71.9706 -14.4506 38.4
      vertex -73.264 -14.9863 38.4
      vertex -73.0847 -15.35 38.4
    endloop
  endfacet
  facet normal 0 0 1
    outer loop
      vertex -72.0855 -13.5781 38.4
      vertex -73.4735 -13.3954 38.4
      vertex -72.1 -13.8 38.4
    endloop
  endfacet
  facet normal 0 0 1
    outer loop
      vertex -72.0421 -14.24 38.4
      vertex -73.3944 -14.6023 38.4
      vertex -73.264 -14.9863 38.4
    endloop
  endfacet
  facet normal 0 0 1
    outer loop
      vertex -73.5 -13.8 38.4
      vertex -72.1 -13.8 38.4
      vertex -73.4735 -13.3954 38.4
    endloop
  endfacet
  facet normal 0 0 1
    outer loop
      vertex -72.0855 -14.0219 38.4
      vertex -73.4735 -14.2046 38.4
      vertex -73.3944 -14.6023 38.4
    endloop
  endfacet
  facet normal 0 0 1
    outer loop
      vertex -72.1 -13.8 38.4
      vertex -73.5 -13.8 38.4
      vertex -73.4735 -14.2046 38.4
    endloop
  endfacet
  facet normal 0.946893 -0.321549 0
    outer loop
      vertex -73.3944 -12.9977 40
      vertex -73.264 -12.6137 38.4
      vertex -73.264 -12.6137 40
    endloop
  endfacet
  facet normal 0.946893 -0.321549 0
    outer loop
      vertex -73.264 -12.6137 38.4
      vertex -73.3944 -12.9977 40
      vertex -73.3944 -12.9977 38.4
    endloop
  endfacet
  facet normal -0.980804 -0.194995 0
    outer loop
      vertex -40.7864 -2.94526 37
      vertex -40.8948 -2.40002 40
      vertex -40.8948 -2.40002 37
    endloop
  endfacet
  facet normal -0.980804 -0.194995 0
    outer loop
      vertex -40.8948 -2.40002 40
      vertex -40.7864 -2.94526 37
      vertex -40.7864 -2.94526 40
    endloop
  endfacet
  facet normal -0.751876 0.659304 0
    outer loop
      vertex -41.9948 -6.5052 37
      vertex -41.6283 -6.08724 40
      vertex -41.6283 -6.08724 37
    endloop
  endfacet
  facet normal -0.751876 0.659304 0
    outer loop
      vertex -41.6283 -6.08724 40
      vertex -41.9948 -6.5052 37
      vertex -41.9948 -6.5052 40
    endloop
  endfacet
  facet normal 0.997854 -0.0654755 0
    outer loop
      vertex -49.25 -3.5 40
      vertex -49.2136 -2.94526 37
      vertex -49.2136 -2.94526 40
    endloop
  endfacet
  facet normal 0.997854 -0.0654755 0
    outer loop
      vertex -49.2136 -2.94526 37
      vertex -49.25 -3.5 40
      vertex -49.25 -3.5 37
    endloop
  endfacet
  facet normal -0.0654086 0.997859 0
    outer loop
      vertex -44.4453 -7.71364 37
      vertex -45 -7.75 40
      vertex -44.4453 -7.71364 40
    endloop
  endfacet
  facet normal -0.0654086 0.997859 0
    outer loop
      vertex -45 -7.75 40
      vertex -44.4453 -7.71364 37
      vertex -45 -7.75 37
    endloop
  endfacet
  facet normal 0.831435 0.555621 0
    outer loop
      vertex -48.3717 -6.08724 40
      vertex -48.6806 -5.625 37
      vertex -48.6806 -5.625 40
    endloop
  endfacet
  facet normal 0.831435 0.555621 0
    outer loop
      vertex -48.6806 -5.625 37
      vertex -48.3717 -6.08724 40
      vertex -48.3717 -6.08724 37
    endloop
  endfacet
  facet normal 0.997854 0.0654755 0
    outer loop
      vertex -49.2136 -4.05474 40
      vertex -49.25 -3.5 37
      vertex -49.25 -3.5 40
    endloop
  endfacet
  facet normal 0.997854 0.0654755 0
    outer loop
      vertex -49.25 -3.5 37
      vertex -49.2136 -4.05474 40
      vertex -49.2136 -4.05474 37
    endloop
  endfacet
  facet normal -0.997854 0.0654755 0
    outer loop
      vertex -40.7864 -4.05474 37
      vertex -40.75 -3.5 40
      vertex -40.75 -3.5 37
    endloop
  endfacet
  facet normal -0.997854 0.0654755 0
    outer loop
      vertex -40.75 -3.5 40
      vertex -40.7864 -4.05474 37
      vertex -40.7864 -4.05474 40
    endloop
  endfacet
  facet normal -0.442285 0.896874 0
    outer loop
      vertex -42.875 -7.18061 37
      vertex -43.3736 -7.42649 40
      vertex -42.875 -7.18061 40
    endloop
  endfacet
  facet normal -0.442285 0.896874 0
    outer loop
      vertex -43.3736 -7.42649 40
      vertex -42.875 -7.18061 37
      vertex -43.3736 -7.42649 37
    endloop
  endfacet
  facet normal -0.946928 -0.321447 0
    outer loop
      vertex -40.8948 -2.40002 37
      vertex -41.0735 -1.8736 40
      vertex -41.0735 -1.8736 37
    endloop
  endfacet
  facet normal -0.946928 -0.321447 0
    outer loop
      vertex -41.0735 -1.8736 40
      vertex -40.8948 -2.40002 37
      vertex -40.8948 -2.40002 40
    endloop
  endfacet
  facet normal 0.442285 0.896874 -0
    outer loop
      vertex -46.6264 -7.42649 37
      vertex -47.125 -7.18061 40
      vertex -46.6264 -7.42649 40
    endloop
  endfacet
  facet normal 0.442285 0.896874 0
    outer loop
      vertex -47.125 -7.18061 40
      vertex -46.6264 -7.42649 37
      vertex -47.125 -7.18061 37
    endloop
  endfacet
  facet normal 0.321442 0.946929 -0
    outer loop
      vertex -46.1 -7.60518 37
      vertex -46.6264 -7.42649 40
      vertex -46.1 -7.60518 40
    endloop
  endfacet
  facet normal 0.321442 0.946929 0
    outer loop
      vertex -46.6264 -7.42649 40
      vertex -46.1 -7.60518 37
      vertex -46.6264 -7.42649 37
    endloop
  endfacet
  facet normal -0.659317 -0.751865 0
    outer loop
      vertex -42.4128 -0.128248 37
      vertex -41.9948 -0.494796 40
      vertex -42.4128 -0.128248 40
    endloop
  endfacet
  facet normal -0.659317 -0.751865 -0
    outer loop
      vertex -41.9948 -0.494796 40
      vertex -42.4128 -0.128248 37
      vertex -41.9948 -0.494796 37
    endloop
  endfacet
  facet normal -0.997854 -0.0654755 0
    outer loop
      vertex -40.75 -3.5 37
      vertex -40.7864 -2.94526 40
      vertex -40.7864 -2.94526 37
    endloop
  endfacet
  facet normal -0.997854 -0.0654755 0
    outer loop
      vertex -40.7864 -2.94526 40
      vertex -40.75 -3.5 37
      vertex -40.75 -3.5 40
    endloop
  endfacet
  facet normal 0.946928 0.321447 0
    outer loop
      vertex -48.9265 -5.1264 40
      vertex -49.1052 -4.59998 37
      vertex -49.1052 -4.59998 40
    endloop
  endfacet
  facet normal 0.946928 0.321447 0
    outer loop
      vertex -49.1052 -4.59998 37
      vertex -48.9265 -5.1264 40
      vertex -48.9265 -5.1264 37
    endloop
  endfacet
  facet normal -0.89686 0.442314 0
    outer loop
      vertex -41.3194 -5.625 37
      vertex -41.0735 -5.1264 40
      vertex -41.0735 -5.1264 37
    endloop
  endfacet
  facet normal -0.89686 0.442314 0
    outer loop
      vertex -41.0735 -5.1264 40
      vertex -41.3194 -5.625 37
      vertex -41.3194 -5.625 40
    endloop
  endfacet
  facet normal 0.5556 -0.83145 0
    outer loop
      vertex -47.5872 -0.128248 37
      vertex -47.125 0.180608 40
      vertex -47.5872 -0.128248 40
    endloop
  endfacet
  facet normal 0.5556 -0.83145 0
    outer loop
      vertex -47.125 0.180608 40
      vertex -47.5872 -0.128248 37
      vertex -47.125 0.180608 37
    endloop
  endfacet
  facet normal -0.831433 -0.555625 0
    outer loop
      vertex -41.3194 -1.375 37
      vertex -41.6283 -0.912764 40
      vertex -41.6283 -0.912764 37
    endloop
  endfacet
  facet normal -0.831433 -0.555625 0
    outer loop
      vertex -41.6283 -0.912764 40
      vertex -41.3194 -1.375 37
      vertex -41.3194 -1.375 40
    endloop
  endfacet
  facet normal 0.89686 -0.442314 0
    outer loop
      vertex -48.9265 -1.8736 40
      vertex -48.6806 -1.375 37
      vertex -48.6806 -1.375 40
    endloop
  endfacet
  facet normal 0.89686 -0.442314 0
    outer loop
      vertex -48.6806 -1.375 37
      vertex -48.9265 -1.8736 40
      vertex -48.9265 -1.8736 37
    endloop
  endfacet
  facet normal -0.659319 0.751863 0
    outer loop
      vertex -41.9948 -6.5052 37
      vertex -42.4128 -6.87175 40
      vertex -41.9948 -6.5052 40
    endloop
  endfacet
  facet normal -0.659319 0.751863 0
    outer loop
      vertex -42.4128 -6.87175 40
      vertex -41.9948 -6.5052 37
      vertex -42.4128 -6.87175 37
    endloop
  endfacet
  facet normal -0.89686 -0.442314 0
    outer loop
      vertex -41.0735 -1.8736 37
      vertex -41.3194 -1.375 40
      vertex -41.3194 -1.375 37
    endloop
  endfacet
  facet normal -0.89686 -0.442314 0
    outer loop
      vertex -41.3194 -1.375 40
      vertex -41.0735 -1.8736 37
      vertex -41.0735 -1.8736 40
    endloop
  endfacet
  facet normal -0.321442 0.946929 0
    outer loop
      vertex -43.3736 -7.42649 37
      vertex -43.9 -7.60518 40
      vertex -43.3736 -7.42649 40
    endloop
  endfacet
  facet normal -0.321442 0.946929 0
    outer loop
      vertex -43.9 -7.60518 40
      vertex -43.3736 -7.42649 37
      vertex -43.9 -7.60518 37
    endloop
  endfacet
  facet normal -0.442299 -0.896868 0
    outer loop
      vertex -42.9 0.192937 37
      vertex -42.875 0.180608 40
      vertex -42.9 0.192937 40
    endloop
  endfacet
  facet normal -0.442299 -0.896868 -0
    outer loop
      vertex -42.875 0.180608 40
      vertex -42.9 0.192937 37
      vertex -42.875 0.180608 37
    endloop
  endfacet
  facet normal 0.980804 -0.194995 0
    outer loop
      vertex -49.2136 -2.94526 40
      vertex -49.1052 -2.40002 37
      vertex -49.1052 -2.40002 40
    endloop
  endfacet
  facet normal 0.980804 -0.194995 0
    outer loop
      vertex -49.1052 -2.40002 37
      vertex -49.2136 -2.94526 40
      vertex -49.2136 -2.94526 37
    endloop
  endfacet
  facet normal 0.751883 -0.659297 0
    outer loop
      vertex -48.3717 -0.912764 40
      vertex -48.0052 -0.494796 37
      vertex -48.0052 -0.494796 40
    endloop
  endfacet
  facet normal 0.751883 -0.659297 0
    outer loop
      vertex -48.0052 -0.494796 37
      vertex -48.3717 -0.912764 40
      vertex -48.3717 -0.912764 37
    endloop
  endfacet
  facet normal 0.555605 0.831446 -0
    outer loop
      vertex -47.125 -7.18061 37
      vertex -47.5872 -6.87175 40
      vertex -47.125 -7.18061 40
    endloop
  endfacet
  facet normal 0.555605 0.831446 0
    outer loop
      vertex -47.5872 -6.87175 40
      vertex -47.125 -7.18061 37
      vertex -47.5872 -6.87175 37
    endloop
  endfacet
  facet normal -0.980804 0.194995 0
    outer loop
      vertex -40.8948 -4.59998 37
      vertex -40.7864 -4.05474 40
      vertex -40.7864 -4.05474 37
    endloop
  endfacet
  facet normal -0.980804 0.194995 0
    outer loop
      vertex -40.7864 -4.05474 40
      vertex -40.8948 -4.59998 37
      vertex -40.8948 -4.59998 40
    endloop
  endfacet
  facet normal -0.195078 0.980788 0
    outer loop
      vertex -43.9 -7.60518 37
      vertex -44.4453 -7.71364 40
      vertex -43.9 -7.60518 40
    endloop
  endfacet
  facet normal -0.195078 0.980788 0
    outer loop
      vertex -44.4453 -7.71364 40
      vertex -43.9 -7.60518 37
      vertex -44.4453 -7.71364 37
    endloop
  endfacet
  facet normal 0.442299 -0.896868 0
    outer loop
      vertex -47.125 0.180608 37
      vertex -47.1 0.192937 40
      vertex -47.125 0.180608 40
    endloop
  endfacet
  facet normal 0.442299 -0.896868 0
    outer loop
      vertex -47.1 0.192937 40
      vertex -47.125 0.180608 37
      vertex -47.1 0.192937 37
    endloop
  endfacet
  facet normal 0.0654086 0.997859 -0
    outer loop
      vertex -45 -7.75 37
      vertex -45.5547 -7.71364 40
      vertex -45 -7.75 40
    endloop
  endfacet
  facet normal 0.0654086 0.997859 0
    outer loop
      vertex -45.5547 -7.71364 40
      vertex -45 -7.75 37
      vertex -45.5547 -7.71364 37
    endloop
  endfacet
  facet normal -0.751883 -0.659297 0
    outer loop
      vertex -41.6283 -0.912764 37
      vertex -41.9948 -0.494796 40
      vertex -41.9948 -0.494796 37
    endloop
  endfacet
  facet normal -0.751883 -0.659297 0
    outer loop
      vertex -41.9948 -0.494796 40
      vertex -41.6283 -0.912764 37
      vertex -41.6283 -0.912764 40
    endloop
  endfacet
  facet normal 0.946928 -0.321447 0
    outer loop
      vertex -49.1052 -2.40002 40
      vertex -48.9265 -1.8736 37
      vertex -48.9265 -1.8736 40
    endloop
  endfacet
  facet normal 0.946928 -0.321447 0
    outer loop
      vertex -48.9265 -1.8736 37
      vertex -49.1052 -2.40002 40
      vertex -49.1052 -2.40002 37
    endloop
  endfacet
  facet normal 0.89686 0.442314 0
    outer loop
      vertex -48.6806 -5.625 40
      vertex -48.9265 -5.1264 37
      vertex -48.9265 -5.1264 40
    endloop
  endfacet
  facet normal 0.89686 0.442314 0
    outer loop
      vertex -48.9265 -5.1264 37
      vertex -48.6806 -5.625 40
      vertex -48.6806 -5.625 37
    endloop
  endfacet
  facet normal -0.831435 0.555621 0
    outer loop
      vertex -41.6283 -6.08724 37
      vertex -41.3194 -5.625 40
      vertex -41.3194 -5.625 37
    endloop
  endfacet
  facet normal -0.831435 0.555621 0
    outer loop
      vertex -41.3194 -5.625 40
      vertex -41.6283 -6.08724 37
      vertex -41.6283 -6.08724 40
    endloop
  endfacet
  facet normal 0.659317 -0.751865 0
    outer loop
      vertex -48.0052 -0.494796 37
      vertex -47.5872 -0.128248 40
      vertex -48.0052 -0.494796 40
    endloop
  endfacet
  facet normal 0.659317 -0.751865 0
    outer loop
      vertex -47.5872 -0.128248 40
      vertex -48.0052 -0.494796 37
      vertex -47.5872 -0.128248 37
    endloop
  endfacet
  facet normal -0.946928 0.321447 0
    outer loop
      vertex -41.0735 -5.1264 37
      vertex -40.8948 -4.59998 40
      vertex -40.8948 -4.59998 37
    endloop
  endfacet
  facet normal -0.946928 0.321447 0
    outer loop
      vertex -40.8948 -4.59998 40
      vertex -41.0735 -5.1264 37
      vertex -41.0735 -5.1264 40
    endloop
  endfacet
  facet normal -0.5556 -0.83145 0
    outer loop
      vertex -42.875 0.180608 37
      vertex -42.4128 -0.128248 40
      vertex -42.875 0.180608 40
    endloop
  endfacet
  facet normal -0.5556 -0.83145 -0
    outer loop
      vertex -42.4128 -0.128248 40
      vertex -42.875 0.180608 37
      vertex -42.4128 -0.128248 37
    endloop
  endfacet
  facet normal 0.831433 -0.555625 0
    outer loop
      vertex -48.6806 -1.375 40
      vertex -48.3717 -0.912764 37
      vertex -48.3717 -0.912764 40
    endloop
  endfacet
  facet normal 0.831433 -0.555625 0
    outer loop
      vertex -48.3717 -0.912764 37
      vertex -48.6806 -1.375 40
      vertex -48.6806 -1.375 37
    endloop
  endfacet
  facet normal 0.980804 0.194995 0
    outer loop
      vertex -49.1052 -4.59998 40
      vertex -49.2136 -4.05474 37
      vertex -49.2136 -4.05474 40
    endloop
  endfacet
  facet normal 0.980804 0.194995 0
    outer loop
      vertex -49.2136 -4.05474 37
      vertex -49.1052 -4.59998 40
      vertex -49.1052 -4.59998 37
    endloop
  endfacet
  facet normal 0.751876 0.659304 0
    outer loop
      vertex -48.0052 -6.5052 40
      vertex -48.3717 -6.08724 37
      vertex -48.3717 -6.08724 40
    endloop
  endfacet
  facet normal 0.751876 0.659304 0
    outer loop
      vertex -48.3717 -6.08724 37
      vertex -48.0052 -6.5052 40
      vertex -48.0052 -6.5052 37
    endloop
  endfacet
  facet normal 0.659319 0.751863 -0
    outer loop
      vertex -47.5872 -6.87175 37
      vertex -48.0052 -6.5052 40
      vertex -47.5872 -6.87175 40
    endloop
  endfacet
  facet normal 0.659319 0.751863 0
    outer loop
      vertex -48.0052 -6.5052 40
      vertex -47.5872 -6.87175 37
      vertex -48.0052 -6.5052 37
    endloop
  endfacet
  facet normal -0.555605 0.831446 0
    outer loop
      vertex -42.4128 -6.87175 37
      vertex -42.875 -7.18061 40
      vertex -42.4128 -6.87175 40
    endloop
  endfacet
  facet normal -0.555605 0.831446 0
    outer loop
      vertex -42.875 -7.18061 40
      vertex -42.4128 -6.87175 37
      vertex -42.875 -7.18061 37
    endloop
  endfacet
  facet normal 0.195078 0.980788 -0
    outer loop
      vertex -45.5547 -7.71364 37
      vertex -46.1 -7.60518 40
      vertex -45.5547 -7.71364 40
    endloop
  endfacet
  facet normal 0.195078 0.980788 0
    outer loop
      vertex -46.1 -7.60518 40
      vertex -45.5547 -7.71364 37
      vertex -46.1 -7.60518 37
    endloop
  endfacet
  facet normal -1 0 0
    outer loop
      vertex -42.9 0.192937 37
      vertex -42.9 3.5 40
      vertex -42.9 3.5 37
    endloop
  endfacet
  facet normal -1 -0 0
    outer loop
      vertex -42.9 3.5 40
      vertex -42.9 0.192937 37
      vertex -42.9 0.192937 40
    endloop
  endfacet
  facet normal -0.659396 -0.751796 0
    outer loop
      vertex -43.7216 5.16604 37
      vertex -43.5151 4.98492 40
      vertex -43.7216 5.16604 40
    endloop
  endfacet
  facet normal -0.659396 -0.751796 -0
    outer loop
      vertex -43.5151 4.98492 40
      vertex -43.7216 5.16604 37
      vertex -43.5151 4.98492 37
    endloop
  endfacet
  facet normal 0.997851 -0.0655283 0
    outer loop
      vertex -47.1 3.5 40
      vertex -47.082 3.7741 37
      vertex -47.082 3.7741 40
    endloop
  endfacet
  facet normal 0.997851 -0.0655283 0
    outer loop
      vertex -47.082 3.7741 37
      vertex -47.1 3.5 40
      vertex -47.1 3.5 37
    endloop
  endfacet
  facet normal -0.831322 -0.555792 0
    outer loop
      vertex -43.1813 4.55 37
      vertex -43.334 4.7784 40
      vertex -43.334 4.7784 37
    endloop
  endfacet
  facet normal -0.831322 -0.555792 0
    outer loop
      vertex -43.334 4.7784 40
      vertex -43.1813 4.55 37
      vertex -43.1813 4.55 40
    endloop
  endfacet
  facet normal -0.195101 -0.980783 0
    outer loop
      vertex -44.7259 5.58203 37
      vertex -44.4565 5.52844 40
      vertex -44.7259 5.58203 40
    endloop
  endfacet
  facet normal -0.195101 -0.980783 -0
    outer loop
      vertex -44.4565 5.52844 40
      vertex -44.7259 5.58203 37
      vertex -44.4565 5.52844 37
    endloop
  endfacet
  facet normal 0.897012 -0.442007 0
    outer loop
      vertex -46.9401 4.30363 40
      vertex -46.8187 4.55 37
      vertex -46.8187 4.55 40
    endloop
  endfacet
  facet normal 0.897012 -0.442007 0
    outer loop
      vertex -46.8187 4.55 37
      vertex -46.9401 4.30363 40
      vertex -46.9401 4.30363 37
    endloop
  endfacet
  facet normal 1 -0 0
    outer loop
      vertex -47.1 0.192937 40
      vertex -47.1 3.5 37
      vertex -47.1 3.5 40
    endloop
  endfacet
  facet normal 1 0 0
    outer loop
      vertex -47.1 3.5 37
      vertex -47.1 0.192937 40
      vertex -47.1 0.192937 37
    endloop
  endfacet
  facet normal -0.897012 -0.442007 0
    outer loop
      vertex -43.0599 4.30363 37
      vertex -43.1813 4.55 40
      vertex -43.1813 4.55 37
    endloop
  endfacet
  facet normal -0.897012 -0.442007 0
    outer loop
      vertex -43.1813 4.55 40
      vertex -43.0599 4.30363 37
      vertex -43.0599 4.30363 40
    endloop
  endfacet
  facet normal -0.946925 -0.321454 0
    outer loop
      vertex -42.9716 4.04352 37
      vertex -43.0599 4.30363 40
      vertex -43.0599 4.30363 37
    endloop
  endfacet
  facet normal -0.946925 -0.321454 0
    outer loop
      vertex -43.0599 4.30363 40
      vertex -42.9716 4.04352 37
      vertex -42.9716 4.04352 40
    endloop
  endfacet
  facet normal -0.997851 -0.0655283 0
    outer loop
      vertex -42.9 3.5 37
      vertex -42.918 3.7741 40
      vertex -42.918 3.7741 37
    endloop
  endfacet
  facet normal -0.997851 -0.0655283 0
    outer loop
      vertex -42.918 3.7741 40
      vertex -42.9 3.5 37
      vertex -42.9 3.5 40
    endloop
  endfacet
  facet normal -0.555565 -0.831473 0
    outer loop
      vertex -43.95 5.31865 37
      vertex -43.7216 5.16604 40
      vertex -43.95 5.31865 40
    endloop
  endfacet
  facet normal -0.555565 -0.831473 -0
    outer loop
      vertex -43.7216 5.16604 40
      vertex -43.95 5.31865 37
      vertex -43.7216 5.16604 37
    endloop
  endfacet
  facet normal 0.831322 -0.555792 0
    outer loop
      vertex -46.8187 4.55 40
      vertex -46.666 4.7784 37
      vertex -46.666 4.7784 40
    endloop
  endfacet
  facet normal 0.831322 -0.555792 0
    outer loop
      vertex -46.666 4.7784 37
      vertex -46.8187 4.55 40
      vertex -46.8187 4.55 37
    endloop
  endfacet
  facet normal -0.980779 -0.195122 0
    outer loop
      vertex -42.918 3.7741 37
      vertex -42.9716 4.04352 40
      vertex -42.9716 4.04352 37
    endloop
  endfacet
  facet normal -0.980779 -0.195122 0
    outer loop
      vertex -42.9716 4.04352 40
      vertex -42.918 3.7741 37
      vertex -42.918 3.7741 40
    endloop
  endfacet
  facet normal 0.659396 -0.751796 0
    outer loop
      vertex -46.4849 4.98492 37
      vertex -46.2784 5.16604 40
      vertex -46.4849 4.98492 40
    endloop
  endfacet
  facet normal 0.659396 -0.751796 0
    outer loop
      vertex -46.2784 5.16604 40
      vertex -46.4849 4.98492 37
      vertex -46.2784 5.16604 37
    endloop
  endfacet
  facet normal 0.751864 -0.659319 0
    outer loop
      vertex -46.666 4.7784 40
      vertex -46.4849 4.98492 37
      vertex -46.4849 4.98492 40
    endloop
  endfacet
  facet normal 0.751864 -0.659319 0
    outer loop
      vertex -46.4849 4.98492 37
      vertex -46.666 4.7784 40
      vertex -46.666 4.7784 37
    endloop
  endfacet
  facet normal -0.0654196 -0.997858 0
    outer loop
      vertex -45 5.6 37
      vertex -44.7259 5.58203 40
      vertex -45 5.6 40
    endloop
  endfacet
  facet normal -0.0654196 -0.997858 -0
    outer loop
      vertex -44.7259 5.58203 40
      vertex -45 5.6 37
      vertex -44.7259 5.58203 37
    endloop
  endfacet
  facet normal -0.442256 -0.896889 0
    outer loop
      vertex -44.1964 5.44015 37
      vertex -43.95 5.31865 40
      vertex -44.1964 5.44015 40
    endloop
  endfacet
  facet normal -0.442256 -0.896889 -0
    outer loop
      vertex -43.95 5.31865 40
      vertex -44.1964 5.44015 37
      vertex -43.95 5.31865 37
    endloop
  endfacet
  facet normal -0.751864 -0.659319 0
    outer loop
      vertex -43.334 4.7784 37
      vertex -43.5151 4.98492 40
      vertex -43.5151 4.98492 37
    endloop
  endfacet
  facet normal -0.751864 -0.659319 0
    outer loop
      vertex -43.5151 4.98492 40
      vertex -43.334 4.7784 37
      vertex -43.334 4.7784 40
    endloop
  endfacet
  facet normal 0.0654196 -0.997858 0
    outer loop
      vertex -45.2741 5.58203 37
      vertex -45 5.6 40
      vertex -45.2741 5.58203 40
    endloop
  endfacet
  facet normal 0.0654196 -0.997858 0
    outer loop
      vertex -45 5.6 40
      vertex -45.2741 5.58203 37
      vertex -45 5.6 37
    endloop
  endfacet
  facet normal 0.442256 -0.896889 0
    outer loop
      vertex -46.05 5.31865 37
      vertex -45.8036 5.44015 40
      vertex -46.05 5.31865 40
    endloop
  endfacet
  facet normal 0.442256 -0.896889 0
    outer loop
      vertex -45.8036 5.44015 40
      vertex -46.05 5.31865 37
      vertex -45.8036 5.44015 37
    endloop
  endfacet
  facet normal 0.321433 -0.946932 0
    outer loop
      vertex -45.8036 5.44015 37
      vertex -45.5435 5.52844 40
      vertex -45.8036 5.44015 40
    endloop
  endfacet
  facet normal 0.321433 -0.946932 0
    outer loop
      vertex -45.5435 5.52844 40
      vertex -45.8036 5.44015 37
      vertex -45.5435 5.52844 37
    endloop
  endfacet
  facet normal 0.980779 -0.195122 0
    outer loop
      vertex -47.082 3.7741 40
      vertex -47.0284 4.04352 37
      vertex -47.0284 4.04352 40
    endloop
  endfacet
  facet normal 0.980779 -0.195122 0
    outer loop
      vertex -47.0284 4.04352 37
      vertex -47.082 3.7741 40
      vertex -47.082 3.7741 37
    endloop
  endfacet
  facet normal 0.195101 -0.980783 0
    outer loop
      vertex -45.5435 5.52844 37
      vertex -45.2741 5.58203 40
      vertex -45.5435 5.52844 40
    endloop
  endfacet
  facet normal 0.195101 -0.980783 0
    outer loop
      vertex -45.2741 5.58203 40
      vertex -45.5435 5.52844 37
      vertex -45.2741 5.58203 37
    endloop
  endfacet
  facet normal 0.555565 -0.831473 0
    outer loop
      vertex -46.2784 5.16604 37
      vertex -46.05 5.31865 40
      vertex -46.2784 5.16604 40
    endloop
  endfacet
  facet normal 0.555565 -0.831473 0
    outer loop
      vertex -46.05 5.31865 40
      vertex -46.2784 5.16604 37
      vertex -46.05 5.31865 37
    endloop
  endfacet
  facet normal 0.946925 -0.321454 0
    outer loop
      vertex -47.0284 4.04352 40
      vertex -46.9401 4.30363 37
      vertex -46.9401 4.30363 40
    endloop
  endfacet
  facet normal 0.946925 -0.321454 0
    outer loop
      vertex -46.9401 4.30363 37
      vertex -47.0284 4.04352 40
      vertex -47.0284 4.04352 37
    endloop
  endfacet
  facet normal -0.321433 -0.946932 0
    outer loop
      vertex -44.4565 5.52844 37
      vertex -44.1964 5.44015 40
      vertex -44.4565 5.52844 40
    endloop
  endfacet
  facet normal -0.321433 -0.946932 -0
    outer loop
      vertex -44.1964 5.44015 40
      vertex -44.4565 5.52844 37
      vertex -44.1964 5.44015 37
    endloop
  endfacet
  facet normal -0.980804 -0.194995 0
    outer loop
      vertex 49.2136 -2.94526 37
      vertex 49.1052 -2.40002 40
      vertex 49.1052 -2.40002 37
    endloop
  endfacet
  facet normal -0.980804 -0.194995 0
    outer loop
      vertex 49.1052 -2.40002 40
      vertex 49.2136 -2.94526 37
      vertex 49.2136 -2.94526 40
    endloop
  endfacet
  facet normal -0.751876 0.659304 0
    outer loop
      vertex 48.0052 -6.5052 37
      vertex 48.3717 -6.08724 40
      vertex 48.3717 -6.08724 37
    endloop
  endfacet
  facet normal -0.751876 0.659304 0
    outer loop
      vertex 48.3717 -6.08724 40
      vertex 48.0052 -6.5052 37
      vertex 48.0052 -6.5052 40
    endloop
  endfacet
  facet normal 0.997854 -0.0654755 0
    outer loop
      vertex 40.75 -3.5 40
      vertex 40.7864 -2.94526 37
      vertex 40.7864 -2.94526 40
    endloop
  endfacet
  facet normal 0.997854 -0.0654755 0
    outer loop
      vertex 40.7864 -2.94526 37
      vertex 40.75 -3.5 40
      vertex 40.75 -3.5 37
    endloop
  endfacet
  facet normal -0.0654086 0.997859 0
    outer loop
      vertex 45.5547 -7.71364 37
      vertex 45 -7.75 40
      vertex 45.5547 -7.71364 40
    endloop
  endfacet
  facet normal -0.0654086 0.997859 0
    outer loop
      vertex 45 -7.75 40
      vertex 45.5547 -7.71364 37
      vertex 45 -7.75 37
    endloop
  endfacet
  facet normal 0.831435 0.555621 0
    outer loop
      vertex 41.6283 -6.08724 40
      vertex 41.3194 -5.625 37
      vertex 41.3194 -5.625 40
    endloop
  endfacet
  facet normal 0.831435 0.555621 0
    outer loop
      vertex 41.3194 -5.625 37
      vertex 41.6283 -6.08724 40
      vertex 41.6283 -6.08724 37
    endloop
  endfacet
  facet normal 0.997854 0.0654755 0
    outer loop
      vertex 40.7864 -4.05474 40
      vertex 40.75 -3.5 37
      vertex 40.75 -3.5 40
    endloop
  endfacet
  facet normal 0.997854 0.0654755 0
    outer loop
      vertex 40.75 -3.5 37
      vertex 40.7864 -4.05474 40
      vertex 40.7864 -4.05474 37
    endloop
  endfacet
  facet normal -0.997854 0.0654755 0
    outer loop
      vertex 49.2136 -4.05474 37
      vertex 49.25 -3.5 40
      vertex 49.25 -3.5 37
    endloop
  endfacet
  facet normal -0.997854 0.0654755 0
    outer loop
      vertex 49.25 -3.5 40
      vertex 49.2136 -4.05474 37
      vertex 49.2136 -4.05474 40
    endloop
  endfacet
  facet normal -0.442285 0.896874 0
    outer loop
      vertex 47.125 -7.18061 37
      vertex 46.6264 -7.42649 40
      vertex 47.125 -7.18061 40
    endloop
  endfacet
  facet normal -0.442285 0.896874 0
    outer loop
      vertex 46.6264 -7.42649 40
      vertex 47.125 -7.18061 37
      vertex 46.6264 -7.42649 37
    endloop
  endfacet
  facet normal -0.946928 -0.321447 0
    outer loop
      vertex 49.1052 -2.40002 37
      vertex 48.9265 -1.8736 40
      vertex 48.9265 -1.8736 37
    endloop
  endfacet
  facet normal -0.946928 -0.321447 0
    outer loop
      vertex 48.9265 -1.8736 40
      vertex 49.1052 -2.40002 37
      vertex 49.1052 -2.40002 40
    endloop
  endfacet
  facet normal 0.442285 0.896874 -0
    outer loop
      vertex 43.3736 -7.42649 37
      vertex 42.875 -7.18061 40
      vertex 43.3736 -7.42649 40
    endloop
  endfacet
  facet normal 0.442285 0.896874 0
    outer loop
      vertex 42.875 -7.18061 40
      vertex 43.3736 -7.42649 37
      vertex 42.875 -7.18061 37
    endloop
  endfacet
  facet normal 0.321442 0.946929 -0
    outer loop
      vertex 43.9 -7.60518 37
      vertex 43.3736 -7.42649 40
      vertex 43.9 -7.60518 40
    endloop
  endfacet
  facet normal 0.321442 0.946929 0
    outer loop
      vertex 43.3736 -7.42649 40
      vertex 43.9 -7.60518 37
      vertex 43.3736 -7.42649 37
    endloop
  endfacet
  facet normal -0.659317 -0.751865 0
    outer loop
      vertex 47.5872 -0.128248 37
      vertex 48.0052 -0.494796 40
      vertex 47.5872 -0.128248 40
    endloop
  endfacet
  facet normal -0.659317 -0.751865 -0
    outer loop
      vertex 48.0052 -0.494796 40
      vertex 47.5872 -0.128248 37
      vertex 48.0052 -0.494796 37
    endloop
  endfacet
  facet normal -0.997854 -0.0654755 0
    outer loop
      vertex 49.25 -3.5 37
      vertex 49.2136 -2.94526 40
      vertex 49.2136 -2.94526 37
    endloop
  endfacet
  facet normal -0.997854 -0.0654755 0
    outer loop
      vertex 49.2136 -2.94526 40
      vertex 49.25 -3.5 37
      vertex 49.25 -3.5 40
    endloop
  endfacet
  facet normal 0.946928 0.321447 0
    outer loop
      vertex 41.0735 -5.1264 40
      vertex 40.8948 -4.59998 37
      vertex 40.8948 -4.59998 40
    endloop
  endfacet
  facet normal 0.946928 0.321447 0
    outer loop
      vertex 40.8948 -4.59998 37
      vertex 41.0735 -5.1264 40
      vertex 41.0735 -5.1264 37
    endloop
  endfacet
  facet normal -0.89686 0.442314 0
    outer loop
      vertex 48.6806 -5.625 37
      vertex 48.9265 -5.1264 40
      vertex 48.9265 -5.1264 37
    endloop
  endfacet
  facet normal -0.89686 0.442314 0
    outer loop
      vertex 48.9265 -5.1264 40
      vertex 48.6806 -5.625 37
      vertex 48.6806 -5.625 40
    endloop
  endfacet
  facet normal 0.5556 -0.83145 0
    outer loop
      vertex 42.4128 -0.128248 37
      vertex 42.875 0.180608 40
      vertex 42.4128 -0.128248 40
    endloop
  endfacet
  facet normal 0.5556 -0.83145 0
    outer loop
      vertex 42.875 0.180608 40
      vertex 42.4128 -0.128248 37
      vertex 42.875 0.180608 37
    endloop
  endfacet
  facet normal -0.831433 -0.555625 0
    outer loop
      vertex 48.6806 -1.375 37
      vertex 48.3717 -0.912764 40
      vertex 48.3717 -0.912764 37
    endloop
  endfacet
  facet normal -0.831433 -0.555625 0
    outer loop
      vertex 48.3717 -0.912764 40
      vertex 48.6806 -1.375 37
      vertex 48.6806 -1.375 40
    endloop
  endfacet
  facet normal 0.89686 -0.442314 0
    outer loop
      vertex 41.0735 -1.8736 40
      vertex 41.3194 -1.375 37
      vertex 41.3194 -1.375 40
    endloop
  endfacet
  facet normal 0.89686 -0.442314 0
    outer loop
      vertex 41.3194 -1.375 37
      vertex 41.0735 -1.8736 40
      vertex 41.0735 -1.8736 37
    endloop
  endfacet
  facet normal -0.659319 0.751863 0
    outer loop
      vertex 48.0052 -6.5052 37
      vertex 47.5872 -6.87175 40
      vertex 48.0052 -6.5052 40
    endloop
  endfacet
  facet normal -0.659319 0.751863 0
    outer loop
      vertex 47.5872 -6.87175 40
      vertex 48.0052 -6.5052 37
      vertex 47.5872 -6.87175 37
    endloop
  endfacet
  facet normal -0.89686 -0.442314 0
    outer loop
      vertex 48.9265 -1.8736 37
      vertex 48.6806 -1.375 40
      vertex 48.6806 -1.375 37
    endloop
  endfacet
  facet normal -0.89686 -0.442314 0
    outer loop
      vertex 48.6806 -1.375 40
      vertex 48.9265 -1.8736 37
      vertex 48.9265 -1.8736 40
    endloop
  endfacet
  facet normal -0.321442 0.946929 0
    outer loop
      vertex 46.6264 -7.42649 37
      vertex 46.1 -7.60518 40
      vertex 46.6264 -7.42649 40
    endloop
  endfacet
  facet normal -0.321442 0.946929 0
    outer loop
      vertex 46.1 -7.60518 40
      vertex 46.6264 -7.42649 37
      vertex 46.1 -7.60518 37
    endloop
  endfacet
  facet normal -0.442299 -0.896868 0
    outer loop
      vertex 47.1 0.192937 37
      vertex 47.125 0.180608 40
      vertex 47.1 0.192937 40
    endloop
  endfacet
  facet normal -0.442299 -0.896868 -0
    outer loop
      vertex 47.125 0.180608 40
      vertex 47.1 0.192937 37
      vertex 47.125 0.180608 37
    endloop
  endfacet
  facet normal 0.980804 -0.194995 0
    outer loop
      vertex 40.7864 -2.94526 40
      vertex 40.8948 -2.40002 37
      vertex 40.8948 -2.40002 40
    endloop
  endfacet
  facet normal 0.980804 -0.194995 0
    outer loop
      vertex 40.8948 -2.40002 37
      vertex 40.7864 -2.94526 40
      vertex 40.7864 -2.94526 37
    endloop
  endfacet
  facet normal 0.751883 -0.659297 0
    outer loop
      vertex 41.6283 -0.912764 40
      vertex 41.9948 -0.494796 37
      vertex 41.9948 -0.494796 40
    endloop
  endfacet
  facet normal 0.751883 -0.659297 0
    outer loop
      vertex 41.9948 -0.494796 37
      vertex 41.6283 -0.912764 40
      vertex 41.6283 -0.912764 37
    endloop
  endfacet
  facet normal 0.555605 0.831446 -0
    outer loop
      vertex 42.875 -7.18061 37
      vertex 42.4128 -6.87175 40
      vertex 42.875 -7.18061 40
    endloop
  endfacet
  facet normal 0.555605 0.831446 0
    outer loop
      vertex 42.4128 -6.87175 40
      vertex 42.875 -7.18061 37
      vertex 42.4128 -6.87175 37
    endloop
  endfacet
  facet normal -0.980804 0.194995 0
    outer loop
      vertex 49.1052 -4.59998 37
      vertex 49.2136 -4.05474 40
      vertex 49.2136 -4.05474 37
    endloop
  endfacet
  facet normal -0.980804 0.194995 0
    outer loop
      vertex 49.2136 -4.05474 40
      vertex 49.1052 -4.59998 37
      vertex 49.1052 -4.59998 40
    endloop
  endfacet
  facet normal -0.195078 0.980788 0
    outer loop
      vertex 46.1 -7.60518 37
      vertex 45.5547 -7.71364 40
      vertex 46.1 -7.60518 40
    endloop
  endfacet
  facet normal -0.195078 0.980788 0
    outer loop
      vertex 45.5547 -7.71364 40
      vertex 46.1 -7.60518 37
      vertex 45.5547 -7.71364 37
    endloop
  endfacet
  facet normal 0.442299 -0.896868 0
    outer loop
      vertex 42.875 0.180608 37
      vertex 42.9 0.192937 40
      vertex 42.875 0.180608 40
    endloop
  endfacet
  facet normal 0.442299 -0.896868 0
    outer loop
      vertex 42.9 0.192937 40
      vertex 42.875 0.180608 37
      vertex 42.9 0.192937 37
    endloop
  endfacet
  facet normal 0.0654086 0.997859 -0
    outer loop
      vertex 45 -7.75 37
      vertex 44.4453 -7.71364 40
      vertex 45 -7.75 40
    endloop
  endfacet
  facet normal 0.0654086 0.997859 0
    outer loop
      vertex 44.4453 -7.71364 40
      vertex 45 -7.75 37
      vertex 44.4453 -7.71364 37
    endloop
  endfacet
  facet normal -0.751883 -0.659297 0
    outer loop
      vertex 48.3717 -0.912764 37
      vertex 48.0052 -0.494796 40
      vertex 48.0052 -0.494796 37
    endloop
  endfacet
  facet normal -0.751883 -0.659297 0
    outer loop
      vertex 48.0052 -0.494796 40
      vertex 48.3717 -0.912764 37
      vertex 48.3717 -0.912764 40
    endloop
  endfacet
  facet normal 0.946928 -0.321447 0
    outer loop
      vertex 40.8948 -2.40002 40
      vertex 41.0735 -1.8736 37
      vertex 41.0735 -1.8736 40
    endloop
  endfacet
  facet normal 0.946928 -0.321447 0
    outer loop
      vertex 41.0735 -1.8736 37
      vertex 40.8948 -2.40002 40
      vertex 40.8948 -2.40002 37
    endloop
  endfacet
  facet normal 0.89686 0.442314 0
    outer loop
      vertex 41.3194 -5.625 40
      vertex 41.0735 -5.1264 37
      vertex 41.0735 -5.1264 40
    endloop
  endfacet
  facet normal 0.89686 0.442314 0
    outer loop
      vertex 41.0735 -5.1264 37
      vertex 41.3194 -5.625 40
      vertex 41.3194 -5.625 37
    endloop
  endfacet
  facet normal -0.831435 0.555621 0
    outer loop
      vertex 48.3717 -6.08724 37
      vertex 48.6806 -5.625 40
      vertex 48.6806 -5.625 37
    endloop
  endfacet
  facet normal -0.831435 0.555621 0
    outer loop
      vertex 48.6806 -5.625 40
      vertex 48.3717 -6.08724 37
      vertex 48.3717 -6.08724 40
    endloop
  endfacet
  facet normal 0.659317 -0.751865 0
    outer loop
      vertex 41.9948 -0.494796 37
      vertex 42.4128 -0.128248 40
      vertex 41.9948 -0.494796 40
    endloop
  endfacet
  facet normal 0.659317 -0.751865 0
    outer loop
      vertex 42.4128 -0.128248 40
      vertex 41.9948 -0.494796 37
      vertex 42.4128 -0.128248 37
    endloop
  endfacet
  facet normal -0.946928 0.321447 0
    outer loop
      vertex 48.9265 -5.1264 37
      vertex 49.1052 -4.59998 40
      vertex 49.1052 -4.59998 37
    endloop
  endfacet
  facet normal -0.946928 0.321447 0
    outer loop
      vertex 49.1052 -4.59998 40
      vertex 48.9265 -5.1264 37
      vertex 48.9265 -5.1264 40
    endloop
  endfacet
  facet normal -0.5556 -0.83145 0
    outer loop
      vertex 47.125 0.180608 37
      vertex 47.5872 -0.128248 40
      vertex 47.125 0.180608 40
    endloop
  endfacet
  facet normal -0.5556 -0.83145 -0
    outer loop
      vertex 47.5872 -0.128248 40
      vertex 47.125 0.180608 37
      vertex 47.5872 -0.128248 37
    endloop
  endfacet
  facet normal 0.831433 -0.555625 0
    outer loop
      vertex 41.3194 -1.375 40
      vertex 41.6283 -0.912764 37
      vertex 41.6283 -0.912764 40
    endloop
  endfacet
  facet normal 0.831433 -0.555625 0
    outer loop
      vertex 41.6283 -0.912764 37
      vertex 41.3194 -1.375 40
      vertex 41.3194 -1.375 37
    endloop
  endfacet
  facet normal 0.980804 0.194995 0
    outer loop
      vertex 40.8948 -4.59998 40
      vertex 40.7864 -4.05474 37
      vertex 40.7864 -4.05474 40
    endloop
  endfacet
  facet normal 0.980804 0.194995 0
    outer loop
      vertex 40.7864 -4.05474 37
      vertex 40.8948 -4.59998 40
      vertex 40.8948 -4.59998 37
    endloop
  endfacet
  facet normal 0.751876 0.659304 0
    outer loop
      vertex 41.9948 -6.5052 40
      vertex 41.6283 -6.08724 37
      vertex 41.6283 -6.08724 40
    endloop
  endfacet
  facet normal 0.751876 0.659304 0
    outer loop
      vertex 41.6283 -6.08724 37
      vertex 41.9948 -6.5052 40
      vertex 41.9948 -6.5052 37
    endloop
  endfacet
  facet normal 0.659319 0.751863 -0
    outer loop
      vertex 42.4128 -6.87175 37
      vertex 41.9948 -6.5052 40
      vertex 42.4128 -6.87175 40
    endloop
  endfacet
  facet normal 0.659319 0.751863 0
    outer loop
      vertex 41.9948 -6.5052 40
      vertex 42.4128 -6.87175 37
      vertex 41.9948 -6.5052 37
    endloop
  endfacet
  facet normal -0.555605 0.831446 0
    outer loop
      vertex 47.5872 -6.87175 37
      vertex 47.125 -7.18061 40
      vertex 47.5872 -6.87175 40
    endloop
  endfacet
  facet normal -0.555605 0.831446 0
    outer loop
      vertex 47.125 -7.18061 40
      vertex 47.5872 -6.87175 37
      vertex 47.125 -7.18061 37
    endloop
  endfacet
  facet normal 0.195078 0.980788 -0
    outer loop
      vertex 44.4453 -7.71364 37
      vertex 43.9 -7.60518 40
      vertex 44.4453 -7.71364 40
    endloop
  endfacet
  facet normal 0.195078 0.980788 0
    outer loop
      vertex 43.9 -7.60518 40
      vertex 44.4453 -7.71364 37
      vertex 43.9 -7.60518 37
    endloop
  endfacet
  facet normal -1 0 0
    outer loop
      vertex 47.1 0.192937 37
      vertex 47.1 3.5 40
      vertex 47.1 3.5 37
    endloop
  endfacet
  facet normal -1 -0 0
    outer loop
      vertex 47.1 3.5 40
      vertex 47.1 0.192937 37
      vertex 47.1 0.192937 40
    endloop
  endfacet
  facet normal -0.659396 -0.751796 0
    outer loop
      vertex 46.2784 5.16604 37
      vertex 46.4849 4.98492 40
      vertex 46.2784 5.16604 40
    endloop
  endfacet
  facet normal -0.659396 -0.751796 -0
    outer loop
      vertex 46.4849 4.98492 40
      vertex 46.2784 5.16604 37
      vertex 46.4849 4.98492 37
    endloop
  endfacet
  facet normal 0.997851 -0.0655283 0
    outer loop
      vertex 42.9 3.5 40
      vertex 42.918 3.7741 37
      vertex 42.918 3.7741 40
    endloop
  endfacet
  facet normal 0.997851 -0.0655283 0
    outer loop
      vertex 42.918 3.7741 37
      vertex 42.9 3.5 40
      vertex 42.9 3.5 37
    endloop
  endfacet
  facet normal -0.831322 -0.555792 0
    outer loop
      vertex 46.8187 4.55 37
      vertex 46.666 4.7784 40
      vertex 46.666 4.7784 37
    endloop
  endfacet
  facet normal -0.831322 -0.555792 0
    outer loop
      vertex 46.666 4.7784 40
      vertex 46.8187 4.55 37
      vertex 46.8187 4.55 40
    endloop
  endfacet
  facet normal -0.195101 -0.980783 0
    outer loop
      vertex 45.2741 5.58203 37
      vertex 45.5435 5.52844 40
      vertex 45.2741 5.58203 40
    endloop
  endfacet
  facet normal -0.195101 -0.980783 -0
    outer loop
      vertex 45.5435 5.52844 40
      vertex 45.2741 5.58203 37
      vertex 45.5435 5.52844 37
    endloop
  endfacet
  facet normal 0.897012 -0.442007 0
    outer loop
      vertex 43.0599 4.30363 40
      vertex 43.1813 4.55 37
      vertex 43.1813 4.55 40
    endloop
  endfacet
  facet normal 0.897012 -0.442007 0
    outer loop
      vertex 43.1813 4.55 37
      vertex 43.0599 4.30363 40
      vertex 43.0599 4.30363 37
    endloop
  endfacet
  facet normal 1 -0 0
    outer loop
      vertex 42.9 0.192937 40
      vertex 42.9 3.5 37
      vertex 42.9 3.5 40
    endloop
  endfacet
  facet normal 1 0 0
    outer loop
      vertex 42.9 3.5 37
      vertex 42.9 0.192937 40
      vertex 42.9 0.192937 37
    endloop
  endfacet
  facet normal -0.897012 -0.442007 0
    outer loop
      vertex 46.9401 4.30363 37
      vertex 46.8187 4.55 40
      vertex 46.8187 4.55 37
    endloop
  endfacet
  facet normal -0.897012 -0.442007 0
    outer loop
      vertex 46.8187 4.55 40
      vertex 46.9401 4.30363 37
      vertex 46.9401 4.30363 40
    endloop
  endfacet
  facet normal -0.946925 -0.321454 0
    outer loop
      vertex 47.0284 4.04352 37
      vertex 46.9401 4.30363 40
      vertex 46.9401 4.30363 37
    endloop
  endfacet
  facet normal -0.946925 -0.321454 0
    outer loop
      vertex 46.9401 4.30363 40
      vertex 47.0284 4.04352 37
      vertex 47.0284 4.04352 40
    endloop
  endfacet
  facet normal -0.997851 -0.0655283 0
    outer loop
      vertex 47.1 3.5 37
      vertex 47.082 3.7741 40
      vertex 47.082 3.7741 37
    endloop
  endfacet
  facet normal -0.997851 -0.0655283 0
    outer loop
      vertex 47.082 3.7741 40
      vertex 47.1 3.5 37
      vertex 47.1 3.5 40
    endloop
  endfacet
  facet normal -0.555565 -0.831473 0
    outer loop
      vertex 46.05 5.31865 37
      vertex 46.2784 5.16604 40
      vertex 46.05 5.31865 40
    endloop
  endfacet
  facet normal -0.555565 -0.831473 -0
    outer loop
      vertex 46.2784 5.16604 40
      vertex 46.05 5.31865 37
      vertex 46.2784 5.16604 37
    endloop
  endfacet
  facet normal 0.831322 -0.555792 0
    outer loop
      vertex 43.1813 4.55 40
      vertex 43.334 4.7784 37
      vertex 43.334 4.7784 40
    endloop
  endfacet
  facet normal 0.831322 -0.555792 0
    outer loop
      vertex 43.334 4.7784 37
      vertex 43.1813 4.55 40
      vertex 43.1813 4.55 37
    endloop
  endfacet
  facet normal -0.980779 -0.195122 0
    outer loop
      vertex 47.082 3.7741 37
      vertex 47.0284 4.04352 40
      vertex 47.0284 4.04352 37
    endloop
  endfacet
  facet normal -0.980779 -0.195122 0
    outer loop
      vertex 47.0284 4.04352 40
      vertex 47.082 3.7741 37
      vertex 47.082 3.7741 40
    endloop
  endfacet
  facet normal 0.659396 -0.751796 0
    outer loop
      vertex 43.5151 4.98492 37
      vertex 43.7216 5.16604 40
      vertex 43.5151 4.98492 40
    endloop
  endfacet
  facet normal 0.659396 -0.751796 0
    outer loop
      vertex 43.7216 5.16604 40
      vertex 43.5151 4.98492 37
      vertex 43.7216 5.16604 37
    endloop
  endfacet
  facet normal 0.751864 -0.659319 0
    outer loop
      vertex 43.334 4.7784 40
      vertex 43.5151 4.98492 37
      vertex 43.5151 4.98492 40
    endloop
  endfacet
  facet normal 0.751864 -0.659319 0
    outer loop
      vertex 43.5151 4.98492 37
      vertex 43.334 4.7784 40
      vertex 43.334 4.7784 37
    endloop
  endfacet
  facet normal -0.0654196 -0.997858 0
    outer loop
      vertex 45 5.6 37
      vertex 45.2741 5.58203 40
      vertex 45 5.6 40
    endloop
  endfacet
  facet normal -0.0654196 -0.997858 -0
    outer loop
      vertex 45.2741 5.58203 40
      vertex 45 5.6 37
      vertex 45.2741 5.58203 37
    endloop
  endfacet
  facet normal -0.442256 -0.896889 0
    outer loop
      vertex 45.8036 5.44015 37
      vertex 46.05 5.31865 40
      vertex 45.8036 5.44015 40
    endloop
  endfacet
  facet normal -0.442256 -0.896889 -0
    outer loop
      vertex 46.05 5.31865 40
      vertex 45.8036 5.44015 37
      vertex 46.05 5.31865 37
    endloop
  endfacet
  facet normal -0.751864 -0.659319 0
    outer loop
      vertex 46.666 4.7784 37
      vertex 46.4849 4.98492 40
      vertex 46.4849 4.98492 37
    endloop
  endfacet
  facet normal -0.751864 -0.659319 0
    outer loop
      vertex 46.4849 4.98492 40
      vertex 46.666 4.7784 37
      vertex 46.666 4.7784 40
    endloop
  endfacet
  facet normal 0.0654196 -0.997858 0
    outer loop
      vertex 44.7259 5.58203 37
      vertex 45 5.6 40
      vertex 44.7259 5.58203 40
    endloop
  endfacet
  facet normal 0.0654196 -0.997858 0
    outer loop
      vertex 45 5.6 40
      vertex 44.7259 5.58203 37
      vertex 45 5.6 37
    endloop
  endfacet
  facet normal 0.442256 -0.896889 0
    outer loop
      vertex 43.95 5.31865 37
      vertex 44.1964 5.44015 40
      vertex 43.95 5.31865 40
    endloop
  endfacet
  facet normal 0.442256 -0.896889 0
    outer loop
      vertex 44.1964 5.44015 40
      vertex 43.95 5.31865 37
      vertex 44.1964 5.44015 37
    endloop
  endfacet
  facet normal 0.321433 -0.946932 0
    outer loop
      vertex 44.1964 5.44015 37
      vertex 44.4565 5.52844 40
      vertex 44.1964 5.44015 40
    endloop
  endfacet
  facet normal 0.321433 -0.946932 0
    outer loop
      vertex 44.4565 5.52844 40
      vertex 44.1964 5.44015 37
      vertex 44.4565 5.52844 37
    endloop
  endfacet
  facet normal 0.980779 -0.195122 0
    outer loop
      vertex 42.918 3.7741 40
      vertex 42.9716 4.04352 37
      vertex 42.9716 4.04352 40
    endloop
  endfacet
  facet normal 0.980779 -0.195122 0
    outer loop
      vertex 42.9716 4.04352 37
      vertex 42.918 3.7741 40
      vertex 42.918 3.7741 37
    endloop
  endfacet
  facet normal 0.195101 -0.980783 0
    outer loop
      vertex 44.4565 5.52844 37
      vertex 44.7259 5.58203 40
      vertex 44.4565 5.52844 40
    endloop
  endfacet
  facet normal 0.195101 -0.980783 0
    outer loop
      vertex 44.7259 5.58203 40
      vertex 44.4565 5.52844 37
      vertex 44.7259 5.58203 37
    endloop
  endfacet
  facet normal 0.555565 -0.831473 0
    outer loop
      vertex 43.7216 5.16604 37
      vertex 43.95 5.31865 40
      vertex 43.7216 5.16604 40
    endloop
  endfacet
  facet normal 0.555565 -0.831473 0
    outer loop
      vertex 43.95 5.31865 40
      vertex 43.7216 5.16604 37
      vertex 43.95 5.31865 37
    endloop
  endfacet
  facet normal 0.946925 -0.321454 0
    outer loop
      vertex 42.9716 4.04352 40
      vertex 43.0599 4.30363 37
      vertex 43.0599 4.30363 40
    endloop
  endfacet
  facet normal 0.946925 -0.321454 0
    outer loop
      vertex 43.0599 4.30363 37
      vertex 42.9716 4.04352 40
      vertex 42.9716 4.04352 37
    endloop
  endfacet
  facet normal -0.321433 -0.946932 0
    outer loop
      vertex 45.5435 5.52844 37
      vertex 45.8036 5.44015 40
      vertex 45.5435 5.52844 40
    endloop
  endfacet
  facet normal -0.321433 -0.946932 -0
    outer loop
      vertex 45.8036 5.44015 40
      vertex 45.5435 5.52844 37
      vertex 45.8036 5.44015 37
    endloop
  endfacet
  facet normal -1 0 0
    outer loop
      vertex 5 -18.4 37
      vertex 5 -16.35 40
      vertex 5 -16.35 37
    endloop
  endfacet
  facet normal -1 -0 0
    outer loop
      vertex 5 -16.35 40
      vertex 5 -18.4 37
      vertex 5 -18.4 40
    endloop
  endfacet
  facet normal 1 -0 0
    outer loop
      vertex -5 -18.4 40
      vertex -5 -16.35 37
      vertex -5 -16.35 40
    endloop
  endfacet
  facet normal 1 0 0
    outer loop
      vertex -5 -16.35 37
      vertex -5 -18.4 40
      vertex -5 -18.4 37
    endloop
  endfacet
  facet normal 0 -1 0
    outer loop
      vertex -5 -16.35 37
      vertex 5 -16.35 40
      vertex -5 -16.35 40
    endloop
  endfacet
  facet normal 0 -1 -0
    outer loop
      vertex 5 -16.35 40
      vertex -5 -16.35 37
      vertex 5 -16.35 37
    endloop
  endfacet
endsolid OpenSCAD_Model
