solid OpenSCAD_Model
  facet normal 0.321574 -0.946885 0
    outer loop
      vertex 72.1764 -18.2978 0
      vertex 72.548 -18.1716 44
      vertex 72.1764 -18.2978 44
    endloop
  endfacet
  facet normal 0.321574 -0.946885 0
    outer loop
      vertex 72.548 -18.1716 44
      vertex 72.1764 -18.2978 0
      vertex 72.548 -18.1716 0
    endloop
  endfacet
  facet normal 0.946885 0.321574 0
    outer loop
      vertex 74.2978 16.1764 44
      vertex 74.1716 16.548 0
      vertex 74.1716 16.548 44
    endloop
  endfacet
  facet normal 0.946885 0.321574 0
    outer loop
      vertex 74.1716 16.548 0
      vertex 74.2978 16.1764 44
      vertex 74.2978 16.1764 0
    endloop
  endfacet
  facet normal -0.896961 -0.44211 0
    outer loop
      vertex -73.9981 -16.9 0
      vertex -74.1716 -16.548 44
      vertex -74.1716 -16.548 0
    endloop
  endfacet
  facet normal -0.896961 -0.44211 0
    outer loop
      vertex -74.1716 -16.548 44
      vertex -73.9981 -16.9 0
      vertex -73.9981 -16.9 44
    endloop
  endfacet
  facet normal -0.44211 -0.896961 0
    outer loop
      vertex -72.9 -17.9981 0
      vertex -72.548 -18.1716 44
      vertex -72.9 -17.9981 44
    endloop
  endfacet
  facet normal -0.44211 -0.896961 -0
    outer loop
      vertex -72.548 -18.1716 44
      vertex -72.9 -17.9981 0
      vertex -72.548 -18.1716 0
    endloop
  endfacet
  facet normal 0 1 -0
    outer loop
      vertex 71.4 18.4 0
      vertex -71.4 18.4 44
      vertex 71.4 18.4 44
    endloop
  endfacet
  facet normal 0 1 0
    outer loop
      vertex -71.4 18.4 44
      vertex 71.4 18.4 0
      vertex -71.4 18.4 0
    endloop
  endfacet
  facet normal 0 -1 0
    outer loop
      vertex -71.4 -18.4 44
      vertex -5 -18.4 31
      vertex 71.4 -18.4 44
    endloop
  endfacet
  facet normal 0 -1 0
    outer loop
      vertex -71.4 -18.4 44
      vertex -5 -18.4 25
      vertex -5 -18.4 31
    endloop
  endfacet
  facet normal 0 -1 -0
    outer loop
      vertex -5 -18.4 25
      vertex -71.4 -18.4 0
      vertex 5 -18.4 25
    endloop
  endfacet
  facet normal 0 -1 0
    outer loop
      vertex -71.4 -18.4 0
      vertex -5 -18.4 25
      vertex -71.4 -18.4 44
    endloop
  endfacet
  facet normal 0 -1 0
    outer loop
      vertex 5 -18.4 31
      vertex 71.4 -18.4 44
      vertex -5 -18.4 31
    endloop
  endfacet
  facet normal 0 -1 0
    outer loop
      vertex 5 -18.4 25
      vertex 71.4 -18.4 44
      vertex 5 -18.4 31
    endloop
  endfacet
  facet normal 0 -1 0
    outer loop
      vertex 71.4 -18.4 0
      vertex 5 -18.4 25
      vertex -71.4 -18.4 0
    endloop
  endfacet
  facet normal 0 -1 0
    outer loop
      vertex 5 -18.4 25
      vertex 71.4 -18.4 0
      vertex 71.4 -18.4 44
    endloop
  endfacet
  facet normal -0.0654873 -0.997853 0
    outer loop
      vertex -71.7916 -18.3743 0
      vertex -71.4 -18.4 44
      vertex -71.7916 -18.3743 44
    endloop
  endfacet
  facet normal -0.0654873 -0.997853 -0
    outer loop
      vertex -71.4 -18.4 44
      vertex -71.7916 -18.3743 0
      vertex -71.4 -18.4 0
    endloop
  endfacet
  facet normal -0.194989 0.980806 0
    outer loop
      vertex -71.7916 18.3743 0
      vertex -72.1764 18.2978 44
      vertex -71.7916 18.3743 44
    endloop
  endfacet
  facet normal -0.194989 0.980806 0
    outer loop
      vertex -72.1764 18.2978 44
      vertex -71.7916 18.3743 0
      vertex -72.1764 18.2978 0
    endloop
  endfacet
  facet normal -0.659334 -0.75185 0
    outer loop
      vertex -73.5213 -17.5213 0
      vertex -73.2263 -17.78 44
      vertex -73.5213 -17.5213 44
    endloop
  endfacet
  facet normal -0.659334 -0.75185 -0
    outer loop
      vertex -73.2263 -17.78 44
      vertex -73.5213 -17.5213 0
      vertex -73.2263 -17.78 0
    endloop
  endfacet
  facet normal 0.194989 -0.980806 0
    outer loop
      vertex 71.7916 -18.3743 0
      vertex 72.1764 -18.2978 44
      vertex 71.7916 -18.3743 44
    endloop
  endfacet
  facet normal 0.194989 -0.980806 0
    outer loop
      vertex 72.1764 -18.2978 44
      vertex 71.7916 -18.3743 0
      vertex 72.1764 -18.2978 0
    endloop
  endfacet
  facet normal -0.997853 -0.0654873 0
    outer loop
      vertex -74.3743 -15.7916 0
      vertex -74.4 -15.4 44
      vertex -74.4 -15.4 0
    endloop
  endfacet
  facet normal -0.997853 -0.0654873 0
    outer loop
      vertex -74.4 -15.4 44
      vertex -74.3743 -15.7916 0
      vertex -74.3743 -15.7916 44
    endloop
  endfacet
  facet normal 1 0 0
    outer loop
      vertex 74.4 5 23.5
      vertex 74.4 15.4 44
      vertex 74.4 5 32.5
    endloop
  endfacet
  facet normal 1 0 0
    outer loop
      vertex 74.4 15.4 44
      vertex 74.4 -5 32.5
      vertex 74.4 5 32.5
    endloop
  endfacet
  facet normal 1 0 0
    outer loop
      vertex 74.4 -5 32.5
      vertex 74.4 -15.4 44
      vertex 74.4 -5 23.5
    endloop
  endfacet
  facet normal 1 -0 0
    outer loop
      vertex 74.4 -15.4 44
      vertex 74.4 -5 32.5
      vertex 74.4 15.4 44
    endloop
  endfacet
  facet normal 1 0 0
    outer loop
      vertex 74.4 15.4 44
      vertex 74.4 5 23.5
      vertex 74.4 15.4 0
    endloop
  endfacet
  facet normal 1 -0 0
    outer loop
      vertex 74.4 -5 23.5
      vertex 74.4 15.4 0
      vertex 74.4 5 23.5
    endloop
  endfacet
  facet normal 1 0 0
    outer loop
      vertex 74.4 -5 23.5
      vertex 74.4 -15.4 0
      vertex 74.4 15.4 0
    endloop
  endfacet
  facet normal 1 0 0
    outer loop
      vertex 74.4 -15.4 0
      vertex 74.4 -5 23.5
      vertex 74.4 -15.4 44
    endloop
  endfacet
  facet normal -0.831383 -0.555699 0
    outer loop
      vertex -73.78 -17.2263 0
      vertex -73.9981 -16.9 44
      vertex -73.9981 -16.9 0
    endloop
  endfacet
  facet normal -0.831383 -0.555699 0
    outer loop
      vertex -73.9981 -16.9 44
      vertex -73.78 -17.2263 0
      vertex -73.78 -17.2263 44
    endloop
  endfacet
  facet normal -0.946885 -0.321574 0
    outer loop
      vertex -74.1716 -16.548 0
      vertex -74.2978 -16.1764 44
      vertex -74.2978 -16.1764 0
    endloop
  endfacet
  facet normal -0.946885 -0.321574 0
    outer loop
      vertex -74.2978 -16.1764 44
      vertex -74.1716 -16.548 0
      vertex -74.1716 -16.548 44
    endloop
  endfacet
  facet normal 0.997853 0.0654873 0
    outer loop
      vertex 74.4 15.4 44
      vertex 74.3743 15.7916 0
      vertex 74.3743 15.7916 44
    endloop
  endfacet
  facet normal 0.997853 0.0654873 0
    outer loop
      vertex 74.3743 15.7916 0
      vertex 74.4 15.4 44
      vertex 74.4 15.4 0
    endloop
  endfacet
  facet normal 0.980806 0.194989 0
    outer loop
      vertex 74.3743 15.7916 44
      vertex 74.2978 16.1764 0
      vertex 74.2978 16.1764 44
    endloop
  endfacet
  facet normal 0.980806 0.194989 0
    outer loop
      vertex 74.2978 16.1764 0
      vertex 74.3743 15.7916 44
      vertex 74.3743 15.7916 0
    endloop
  endfacet
  facet normal -1 0 0
    outer loop
      vertex -74.4 15.4 0
      vertex -74.4 5 23.5
      vertex -74.4 15.4 44
    endloop
  endfacet
  facet normal -1 0 0
    outer loop
      vertex -74.4 15.4 0
      vertex -74.4 -5 23.5
      vertex -74.4 5 23.5
    endloop
  endfacet
  facet normal -1 0 0
    outer loop
      vertex -74.4 -15.4 44
      vertex -74.4 -5 23.5
      vertex -74.4 -15.4 0
    endloop
  endfacet
  facet normal -1 0 0
    outer loop
      vertex -74.4 -15.4 0
      vertex -74.4 -5 23.5
      vertex -74.4 15.4 0
    endloop
  endfacet
  facet normal -1 0 0
    outer loop
      vertex -74.4 5 32.5
      vertex -74.4 15.4 44
      vertex -74.4 5 23.5
    endloop
  endfacet
  facet normal -1 0 0
    outer loop
      vertex -74.4 -5 32.5
      vertex -74.4 15.4 44
      vertex -74.4 5 32.5
    endloop
  endfacet
  facet normal -1 0 0
    outer loop
      vertex -74.4 -5 32.5
      vertex -74.4 -15.4 44
      vertex -74.4 15.4 44
    endloop
  endfacet
  facet normal -1 0 0
    outer loop
      vertex -74.4 -5 23.5
      vertex -74.4 -15.4 44
      vertex -74.4 -5 32.5
    endloop
  endfacet
  facet normal -0.896961 0.44211 0
    outer loop
      vertex -74.1716 16.548 0
      vertex -73.9981 16.9 44
      vertex -73.9981 16.9 0
    endloop
  endfacet
  facet normal -0.896961 0.44211 0
    outer loop
      vertex -73.9981 16.9 44
      vertex -74.1716 16.548 0
      vertex -74.1716 16.548 44
    endloop
  endfacet
  facet normal -0.321574 0.946885 0
    outer loop
      vertex -72.1764 18.2978 0
      vertex -72.548 18.1716 44
      vertex -72.1764 18.2978 44
    endloop
  endfacet
  facet normal -0.321574 0.946885 0
    outer loop
      vertex -72.548 18.1716 44
      vertex -72.1764 18.2978 0
      vertex -72.548 18.1716 0
    endloop
  endfacet
  facet normal -0.980806 0.194989 0
    outer loop
      vertex -74.3743 15.7916 0
      vertex -74.2978 16.1764 44
      vertex -74.2978 16.1764 0
    endloop
  endfacet
  facet normal -0.980806 0.194989 0
    outer loop
      vertex -74.2978 16.1764 44
      vertex -74.3743 15.7916 0
      vertex -74.3743 15.7916 44
    endloop
  endfacet
  facet normal 0 0 -1
    outer loop
      vertex -63.45 11.45 0
      vertex -60.55 12.55 0
      vertex -60.55 11.45 0
    endloop
  endfacet
  facet normal -0 0 -1
    outer loop
      vertex -60.55 12.55 0
      vertex -63.45 11.45 0
      vertex -63.45 12.55 0
    endloop
  endfacet
  facet normal 0 0 -1
    outer loop
      vertex -63.45 7.45 0
      vertex -60.55 8.55 0
      vertex -60.55 7.45 0
    endloop
  endfacet
  facet normal -0 0 -1
    outer loop
      vertex -60.55 8.55 0
      vertex -63.45 7.45 0
      vertex -63.45 8.55 0
    endloop
  endfacet
  facet normal 0 0 -1
    outer loop
      vertex -63.45 3.45 0
      vertex -60.55 4.55 0
      vertex -60.55 3.45 0
    endloop
  endfacet
  facet normal -0 0 -1
    outer loop
      vertex -60.55 4.55 0
      vertex -63.45 3.45 0
      vertex -63.45 4.55 0
    endloop
  endfacet
  facet normal 0 0 -1
    outer loop
      vertex -63.45 -0.549999 0
      vertex -60.55 0.549999 0
      vertex -60.55 -0.549999 0
    endloop
  endfacet
  facet normal -0 0 -1
    outer loop
      vertex -60.55 0.549999 0
      vertex -63.45 -0.549999 0
      vertex -63.45 0.549999 0
    endloop
  endfacet
  facet normal 0 0 -1
    outer loop
      vertex -63.45 -4.55 0
      vertex -60.55 -3.45 0
      vertex -60.55 -4.55 0
    endloop
  endfacet
  facet normal -0 0 -1
    outer loop
      vertex -60.55 -3.45 0
      vertex -63.45 -4.55 0
      vertex -63.45 -3.45 0
    endloop
  endfacet
  facet normal 0 0 -1
    outer loop
      vertex -63.45 -8.55 0
      vertex -60.55 -7.45 0
      vertex -60.55 -8.55 0
    endloop
  endfacet
  facet normal -0 0 -1
    outer loop
      vertex -60.55 -7.45 0
      vertex -63.45 -8.55 0
      vertex -63.45 -7.45 0
    endloop
  endfacet
  facet normal 0 0 -1
    outer loop
      vertex -63.45 -12.55 0
      vertex -60.55 -11.45 0
      vertex -60.55 -12.55 0
    endloop
  endfacet
  facet normal -0 0 -1
    outer loop
      vertex -60.55 -11.45 0
      vertex -63.45 -12.55 0
      vertex -63.45 -11.45 0
    endloop
  endfacet
  facet normal 0 0 -1
    outer loop
      vertex -59.45 11.45 0
      vertex -56.55 12.55 0
      vertex -56.55 11.45 0
    endloop
  endfacet
  facet normal -0 0 -1
    outer loop
      vertex -56.55 12.55 0
      vertex -59.45 11.45 0
      vertex -59.45 12.55 0
    endloop
  endfacet
  facet normal 0 0 -1
    outer loop
      vertex -59.45 7.45 0
      vertex -56.55 8.55 0
      vertex -56.55 7.45 0
    endloop
  endfacet
  facet normal -0 0 -1
    outer loop
      vertex -56.55 8.55 0
      vertex -59.45 7.45 0
      vertex -59.45 8.55 0
    endloop
  endfacet
  facet normal 0 0 -1
    outer loop
      vertex -59.45 3.45 0
      vertex -56.55 4.55 0
      vertex -56.55 3.45 0
    endloop
  endfacet
  facet normal -0 0 -1
    outer loop
      vertex -56.55 4.55 0
      vertex -59.45 3.45 0
      vertex -59.45 4.55 0
    endloop
  endfacet
  facet normal 0 0 -1
    outer loop
      vertex -59.45 -0.549999 0
      vertex -56.55 0.549999 0
      vertex -56.55 -0.549999 0
    endloop
  endfacet
  facet normal -0 0 -1
    outer loop
      vertex -56.55 0.549999 0
      vertex -59.45 -0.549999 0
      vertex -59.45 0.549999 0
    endloop
  endfacet
  facet normal 0 0 -1
    outer loop
      vertex -59.45 -4.55 0
      vertex -56.55 -3.45 0
      vertex -56.55 -4.55 0
    endloop
  endfacet
  facet normal -0 0 -1
    outer loop
      vertex -56.55 -3.45 0
      vertex -59.45 -4.55 0
      vertex -59.45 -3.45 0
    endloop
  endfacet
  facet normal 0 0 -1
    outer loop
      vertex -59.45 -8.55 0
      vertex -56.55 -7.45 0
      vertex -56.55 -8.55 0
    endloop
  endfacet
  facet normal -0 0 -1
    outer loop
      vertex -56.55 -7.45 0
      vertex -59.45 -8.55 0
      vertex -59.45 -7.45 0
    endloop
  endfacet
  facet normal 0 0 -1
    outer loop
      vertex -59.45 -12.55 0
      vertex -56.55 -11.45 0
      vertex -56.55 -12.55 0
    endloop
  endfacet
  facet normal -0 0 -1
    outer loop
      vertex -56.55 -11.45 0
      vertex -59.45 -12.55 0
      vertex -59.45 -11.45 0
    endloop
  endfacet
  facet normal 0 0 -1
    outer loop
      vertex -55.45 11.45 0
      vertex -52.55 12.55 0
      vertex -52.55 11.45 0
    endloop
  endfacet
  facet normal -0 0 -1
    outer loop
      vertex -52.55 12.55 0
      vertex -55.45 11.45 0
      vertex -55.45 12.55 0
    endloop
  endfacet
  facet normal 0 0 -1
    outer loop
      vertex -55.45 7.45 0
      vertex -52.55 8.55 0
      vertex -52.55 7.45 0
    endloop
  endfacet
  facet normal -0 0 -1
    outer loop
      vertex -52.55 8.55 0
      vertex -55.45 7.45 0
      vertex -55.45 8.55 0
    endloop
  endfacet
  facet normal 0 0 -1
    outer loop
      vertex -55.45 3.45 0
      vertex -52.55 4.55 0
      vertex -52.55 3.45 0
    endloop
  endfacet
  facet normal -0 0 -1
    outer loop
      vertex -52.55 4.55 0
      vertex -55.45 3.45 0
      vertex -55.45 4.55 0
    endloop
  endfacet
  facet normal 0 0 -1
    outer loop
      vertex -55.45 -0.549999 0
      vertex -52.55 0.549999 0
      vertex -52.55 -0.549999 0
    endloop
  endfacet
  facet normal -0 0 -1
    outer loop
      vertex -52.55 0.549999 0
      vertex -55.45 -0.549999 0
      vertex -55.45 0.549999 0
    endloop
  endfacet
  facet normal 0 0 -1
    outer loop
      vertex -55.45 -4.55 0
      vertex -52.55 -3.45 0
      vertex -52.55 -4.55 0
    endloop
  endfacet
  facet normal -0 0 -1
    outer loop
      vertex -52.55 -3.45 0
      vertex -55.45 -4.55 0
      vertex -55.45 -3.45 0
    endloop
  endfacet
  facet normal 0 0 -1
    outer loop
      vertex -55.45 -8.55 0
      vertex -52.55 -7.45 0
      vertex -52.55 -8.55 0
    endloop
  endfacet
  facet normal -0 0 -1
    outer loop
      vertex -52.55 -7.45 0
      vertex -55.45 -8.55 0
      vertex -55.45 -7.45 0
    endloop
  endfacet
  facet normal 0 0 -1
    outer loop
      vertex -55.45 -12.55 0
      vertex -52.55 -11.45 0
      vertex -52.55 -12.55 0
    endloop
  endfacet
  facet normal -0 0 -1
    outer loop
      vertex -52.55 -11.45 0
      vertex -55.45 -12.55 0
      vertex -55.45 -11.45 0
    endloop
  endfacet
  facet normal 0 0 -1
    outer loop
      vertex -51.45 11.45 0
      vertex -48.55 12.55 0
      vertex -48.55 11.45 0
    endloop
  endfacet
  facet normal -0 0 -1
    outer loop
      vertex -48.55 12.55 0
      vertex -51.45 11.45 0
      vertex -51.45 12.55 0
    endloop
  endfacet
  facet normal 0 0 -1
    outer loop
      vertex -51.45 7.45 0
      vertex -48.55 8.55 0
      vertex -48.55 7.45 0
    endloop
  endfacet
  facet normal -0 0 -1
    outer loop
      vertex -48.55 8.55 0
      vertex -51.45 7.45 0
      vertex -51.45 8.55 0
    endloop
  endfacet
  facet normal 0 0 -1
    outer loop
      vertex -51.45 3.45 0
      vertex -48.55 4.55 0
      vertex -48.55 3.45 0
    endloop
  endfacet
  facet normal -0 0 -1
    outer loop
      vertex -48.55 4.55 0
      vertex -51.45 3.45 0
      vertex -51.45 4.55 0
    endloop
  endfacet
  facet normal 0 0 -1
    outer loop
      vertex -51.45 -0.549999 0
      vertex -48.55 0.549999 0
      vertex -48.55 -0.549999 0
    endloop
  endfacet
  facet normal -0 0 -1
    outer loop
      vertex -48.55 0.549999 0
      vertex -51.45 -0.549999 0
      vertex -51.45 0.549999 0
    endloop
  endfacet
  facet normal 0 0 -1
    outer loop
      vertex -51.45 -4.55 0
      vertex -48.55 -3.45 0
      vertex -48.55 -4.55 0
    endloop
  endfacet
  facet normal -0 0 -1
    outer loop
      vertex -48.55 -3.45 0
      vertex -51.45 -4.55 0
      vertex -51.45 -3.45 0
    endloop
  endfacet
  facet normal 0 0 -1
    outer loop
      vertex -51.45 -8.55 0
      vertex -48.55 -7.45 0
      vertex -48.55 -8.55 0
    endloop
  endfacet
  facet normal -0 0 -1
    outer loop
      vertex -48.55 -7.45 0
      vertex -51.45 -8.55 0
      vertex -51.45 -7.45 0
    endloop
  endfacet
  facet normal 0 0 -1
    outer loop
      vertex -51.45 -12.55 0
      vertex -48.55 -11.45 0
      vertex -48.55 -12.55 0
    endloop
  endfacet
  facet normal -0 0 -1
    outer loop
      vertex -48.55 -11.45 0
      vertex -51.45 -12.55 0
      vertex -51.45 -11.45 0
    endloop
  endfacet
  facet normal 0 0 -1
    outer loop
      vertex -47.45 11.45 0
      vertex -44.55 12.55 0
      vertex -44.55 11.45 0
    endloop
  endfacet
  facet normal -0 0 -1
    outer loop
      vertex -44.55 12.55 0
      vertex -47.45 11.45 0
      vertex -47.45 12.55 0
    endloop
  endfacet
  facet normal 0 0 -1
    outer loop
      vertex -47.45 7.45 0
      vertex -44.55 8.55 0
      vertex -44.55 7.45 0
    endloop
  endfacet
  facet normal -0 0 -1
    outer loop
      vertex -44.55 8.55 0
      vertex -47.45 7.45 0
      vertex -47.45 8.55 0
    endloop
  endfacet
  facet normal 0 0 -1
    outer loop
      vertex -47.45 3.45 0
      vertex -44.55 4.55 0
      vertex -44.55 3.45 0
    endloop
  endfacet
  facet normal -0 0 -1
    outer loop
      vertex -44.55 4.55 0
      vertex -47.45 3.45 0
      vertex -47.45 4.55 0
    endloop
  endfacet
  facet normal 0 0 -1
    outer loop
      vertex -47.45 -0.549999 0
      vertex -44.55 0.549999 0
      vertex -44.55 -0.549999 0
    endloop
  endfacet
  facet normal -0 0 -1
    outer loop
      vertex -44.55 0.549999 0
      vertex -47.45 -0.549999 0
      vertex -47.45 0.549999 0
    endloop
  endfacet
  facet normal 0 0 -1
    outer loop
      vertex -47.45 -4.55 0
      vertex -44.55 -3.45 0
      vertex -44.55 -4.55 0
    endloop
  endfacet
  facet normal -0 0 -1
    outer loop
      vertex -44.55 -3.45 0
      vertex -47.45 -4.55 0
      vertex -47.45 -3.45 0
    endloop
  endfacet
  facet normal 0 0 -1
    outer loop
      vertex -47.45 -8.55 0
      vertex -44.55 -7.45 0
      vertex -44.55 -8.55 0
    endloop
  endfacet
  facet normal -0 0 -1
    outer loop
      vertex -44.55 -7.45 0
      vertex -47.45 -8.55 0
      vertex -47.45 -7.45 0
    endloop
  endfacet
  facet normal 0 0 -1
    outer loop
      vertex -47.45 -12.55 0
      vertex -44.55 -11.45 0
      vertex -44.55 -12.55 0
    endloop
  endfacet
  facet normal -0 0 -1
    outer loop
      vertex -44.55 -11.45 0
      vertex -47.45 -12.55 0
      vertex -47.45 -11.45 0
    endloop
  endfacet
  facet normal 0 0 -1
    outer loop
      vertex -43.45 11.45 0
      vertex -40.55 12.55 0
      vertex -40.55 11.45 0
    endloop
  endfacet
  facet normal -0 0 -1
    outer loop
      vertex -40.55 12.55 0
      vertex -43.45 11.45 0
      vertex -43.45 12.55 0
    endloop
  endfacet
  facet normal 0 0 -1
    outer loop
      vertex -43.45 7.45 0
      vertex -40.55 8.55 0
      vertex -40.55 7.45 0
    endloop
  endfacet
  facet normal -0 0 -1
    outer loop
      vertex -40.55 8.55 0
      vertex -43.45 7.45 0
      vertex -43.45 8.55 0
    endloop
  endfacet
  facet normal 0 0 -1
    outer loop
      vertex -43.45 3.45 0
      vertex -40.55 4.55 0
      vertex -40.55 3.45 0
    endloop
  endfacet
  facet normal -0 0 -1
    outer loop
      vertex -40.55 4.55 0
      vertex -43.45 3.45 0
      vertex -43.45 4.55 0
    endloop
  endfacet
  facet normal 0 0 -1
    outer loop
      vertex -43.45 -0.549999 0
      vertex -40.55 0.549999 0
      vertex -40.55 -0.549999 0
    endloop
  endfacet
  facet normal -0 0 -1
    outer loop
      vertex -40.55 0.549999 0
      vertex -43.45 -0.549999 0
      vertex -43.45 0.549999 0
    endloop
  endfacet
  facet normal 0 0 -1
    outer loop
      vertex -43.45 -4.55 0
      vertex -40.55 -3.45 0
      vertex -40.55 -4.55 0
    endloop
  endfacet
  facet normal -0 0 -1
    outer loop
      vertex -40.55 -3.45 0
      vertex -43.45 -4.55 0
      vertex -43.45 -3.45 0
    endloop
  endfacet
  facet normal 0 0 -1
    outer loop
      vertex -43.45 -8.55 0
      vertex -40.55 -7.45 0
      vertex -40.55 -8.55 0
    endloop
  endfacet
  facet normal -0 0 -1
    outer loop
      vertex -40.55 -7.45 0
      vertex -43.45 -8.55 0
      vertex -43.45 -7.45 0
    endloop
  endfacet
  facet normal 0 0 -1
    outer loop
      vertex -43.45 -12.55 0
      vertex -40.55 -11.45 0
      vertex -40.55 -12.55 0
    endloop
  endfacet
  facet normal -0 0 -1
    outer loop
      vertex -40.55 -11.45 0
      vertex -43.45 -12.55 0
      vertex -43.45 -11.45 0
    endloop
  endfacet
  facet normal 0 0 -1
    outer loop
      vertex -39.45 11.45 0
      vertex -36.55 12.55 0
      vertex -36.55 11.45 0
    endloop
  endfacet
  facet normal -0 0 -1
    outer loop
      vertex -36.55 12.55 0
      vertex -39.45 11.45 0
      vertex -39.45 12.55 0
    endloop
  endfacet
  facet normal 0 0 -1
    outer loop
      vertex -39.45 7.45 0
      vertex -36.55 8.55 0
      vertex -36.55 7.45 0
    endloop
  endfacet
  facet normal -0 0 -1
    outer loop
      vertex -36.55 8.55 0
      vertex -39.45 7.45 0
      vertex -39.45 8.55 0
    endloop
  endfacet
  facet normal 0 0 -1
    outer loop
      vertex -39.45 3.45 0
      vertex -36.55 4.55 0
      vertex -36.55 3.45 0
    endloop
  endfacet
  facet normal -0 0 -1
    outer loop
      vertex -36.55 4.55 0
      vertex -39.45 3.45 0
      vertex -39.45 4.55 0
    endloop
  endfacet
  facet normal 0 0 -1
    outer loop
      vertex -39.45 -0.549999 0
      vertex -36.55 0.549999 0
      vertex -36.55 -0.549999 0
    endloop
  endfacet
  facet normal -0 0 -1
    outer loop
      vertex -36.55 0.549999 0
      vertex -39.45 -0.549999 0
      vertex -39.45 0.549999 0
    endloop
  endfacet
  facet normal 0 0 -1
    outer loop
      vertex -39.45 -4.55 0
      vertex -36.55 -3.45 0
      vertex -36.55 -4.55 0
    endloop
  endfacet
  facet normal -0 0 -1
    outer loop
      vertex -36.55 -3.45 0
      vertex -39.45 -4.55 0
      vertex -39.45 -3.45 0
    endloop
  endfacet
  facet normal 0 0 -1
    outer loop
      vertex -39.45 -8.55 0
      vertex -36.55 -7.45 0
      vertex -36.55 -8.55 0
    endloop
  endfacet
  facet normal -0 0 -1
    outer loop
      vertex -36.55 -7.45 0
      vertex -39.45 -8.55 0
      vertex -39.45 -7.45 0
    endloop
  endfacet
  facet normal 0 0 -1
    outer loop
      vertex -39.45 -12.55 0
      vertex -36.55 -11.45 0
      vertex -36.55 -12.55 0
    endloop
  endfacet
  facet normal -0 0 -1
    outer loop
      vertex -36.55 -11.45 0
      vertex -39.45 -12.55 0
      vertex -39.45 -11.45 0
    endloop
  endfacet
  facet normal 0 0 -1
    outer loop
      vertex -35.45 11.45 0
      vertex -32.55 12.55 0
      vertex -32.55 11.45 0
    endloop
  endfacet
  facet normal -0 0 -1
    outer loop
      vertex -32.55 12.55 0
      vertex -35.45 11.45 0
      vertex -35.45 12.55 0
    endloop
  endfacet
  facet normal 0 0 -1
    outer loop
      vertex -35.45 7.45 0
      vertex -32.55 8.55 0
      vertex -32.55 7.45 0
    endloop
  endfacet
  facet normal -0 0 -1
    outer loop
      vertex -32.55 8.55 0
      vertex -35.45 7.45 0
      vertex -35.45 8.55 0
    endloop
  endfacet
  facet normal 0 0 -1
    outer loop
      vertex -35.45 3.45 0
      vertex -32.55 4.55 0
      vertex -32.55 3.45 0
    endloop
  endfacet
  facet normal -0 0 -1
    outer loop
      vertex -32.55 4.55 0
      vertex -35.45 3.45 0
      vertex -35.45 4.55 0
    endloop
  endfacet
  facet normal 0 0 -1
    outer loop
      vertex -35.45 -0.549999 0
      vertex -32.55 0.549999 0
      vertex -32.55 -0.549999 0
    endloop
  endfacet
  facet normal -0 0 -1
    outer loop
      vertex -32.55 0.549999 0
      vertex -35.45 -0.549999 0
      vertex -35.45 0.549999 0
    endloop
  endfacet
  facet normal 0 0 -1
    outer loop
      vertex -35.45 -4.55 0
      vertex -32.55 -3.45 0
      vertex -32.55 -4.55 0
    endloop
  endfacet
  facet normal -0 0 -1
    outer loop
      vertex -32.55 -3.45 0
      vertex -35.45 -4.55 0
      vertex -35.45 -3.45 0
    endloop
  endfacet
  facet normal 0 0 -1
    outer loop
      vertex -35.45 -8.55 0
      vertex -32.55 -7.45 0
      vertex -32.55 -8.55 0
    endloop
  endfacet
  facet normal -0 0 -1
    outer loop
      vertex -32.55 -7.45 0
      vertex -35.45 -8.55 0
      vertex -35.45 -7.45 0
    endloop
  endfacet
  facet normal 0 0 -1
    outer loop
      vertex -35.45 -12.55 0
      vertex -32.55 -11.45 0
      vertex -32.55 -12.55 0
    endloop
  endfacet
  facet normal -0 0 -1
    outer loop
      vertex -32.55 -11.45 0
      vertex -35.45 -12.55 0
      vertex -35.45 -11.45 0
    endloop
  endfacet
  facet normal 0 0 -1
    outer loop
      vertex -31.45 11.45 0
      vertex -28.55 12.55 0
      vertex -28.55 11.45 0
    endloop
  endfacet
  facet normal -0 0 -1
    outer loop
      vertex -28.55 12.55 0
      vertex -31.45 11.45 0
      vertex -31.45 12.55 0
    endloop
  endfacet
  facet normal 0 0 -1
    outer loop
      vertex -31.45 7.45 0
      vertex -28.55 8.55 0
      vertex -28.55 7.45 0
    endloop
  endfacet
  facet normal -0 0 -1
    outer loop
      vertex -28.55 8.55 0
      vertex -31.45 7.45 0
      vertex -31.45 8.55 0
    endloop
  endfacet
  facet normal 0 0 -1
    outer loop
      vertex -31.45 3.45 0
      vertex -28.55 4.55 0
      vertex -28.55 3.45 0
    endloop
  endfacet
  facet normal -0 0 -1
    outer loop
      vertex -28.55 4.55 0
      vertex -31.45 3.45 0
      vertex -31.45 4.55 0
    endloop
  endfacet
  facet normal 0 0 -1
    outer loop
      vertex -31.45 -0.549999 0
      vertex -28.55 0.549999 0
      vertex -28.55 -0.549999 0
    endloop
  endfacet
  facet normal -0 0 -1
    outer loop
      vertex -28.55 0.549999 0
      vertex -31.45 -0.549999 0
      vertex -31.45 0.549999 0
    endloop
  endfacet
  facet normal 0 0 -1
    outer loop
      vertex -31.45 -4.55 0
      vertex -28.55 -3.45 0
      vertex -28.55 -4.55 0
    endloop
  endfacet
  facet normal -0 0 -1
    outer loop
      vertex -28.55 -3.45 0
      vertex -31.45 -4.55 0
      vertex -31.45 -3.45 0
    endloop
  endfacet
  facet normal 0 0 -1
    outer loop
      vertex -31.45 -8.55 0
      vertex -28.55 -7.45 0
      vertex -28.55 -8.55 0
    endloop
  endfacet
  facet normal -0 0 -1
    outer loop
      vertex -28.55 -7.45 0
      vertex -31.45 -8.55 0
      vertex -31.45 -7.45 0
    endloop
  endfacet
  facet normal 0 0 -1
    outer loop
      vertex -31.45 -12.55 0
      vertex -28.55 -11.45 0
      vertex -28.55 -12.55 0
    endloop
  endfacet
  facet normal -0 0 -1
    outer loop
      vertex -28.55 -11.45 0
      vertex -31.45 -12.55 0
      vertex -31.45 -11.45 0
    endloop
  endfacet
  facet normal 0 0 -1
    outer loop
      vertex -27.45 11.45 0
      vertex -24.55 12.55 0
      vertex -24.55 11.45 0
    endloop
  endfacet
  facet normal -0 0 -1
    outer loop
      vertex -24.55 12.55 0
      vertex -27.45 11.45 0
      vertex -27.45 12.55 0
    endloop
  endfacet
  facet normal 0 0 -1
    outer loop
      vertex -27.45 7.45 0
      vertex -24.55 8.55 0
      vertex -24.55 7.45 0
    endloop
  endfacet
  facet normal -0 0 -1
    outer loop
      vertex -24.55 8.55 0
      vertex -27.45 7.45 0
      vertex -27.45 8.55 0
    endloop
  endfacet
  facet normal 0 0 -1
    outer loop
      vertex -27.45 3.45 0
      vertex -24.55 4.55 0
      vertex -24.55 3.45 0
    endloop
  endfacet
  facet normal -0 0 -1
    outer loop
      vertex -24.55 4.55 0
      vertex -27.45 3.45 0
      vertex -27.45 4.55 0
    endloop
  endfacet
  facet normal 0 0 -1
    outer loop
      vertex -27.45 -0.549999 0
      vertex -24.55 0.549999 0
      vertex -24.55 -0.549999 0
    endloop
  endfacet
  facet normal -0 0 -1
    outer loop
      vertex -24.55 0.549999 0
      vertex -27.45 -0.549999 0
      vertex -27.45 0.549999 0
    endloop
  endfacet
  facet normal 0 0 -1
    outer loop
      vertex -27.45 -4.55 0
      vertex -24.55 -3.45 0
      vertex -24.55 -4.55 0
    endloop
  endfacet
  facet normal -0 0 -1
    outer loop
      vertex -24.55 -3.45 0
      vertex -27.45 -4.55 0
      vertex -27.45 -3.45 0
    endloop
  endfacet
  facet normal 0 0 -1
    outer loop
      vertex -27.45 -8.55 0
      vertex -24.55 -7.45 0
      vertex -24.55 -8.55 0
    endloop
  endfacet
  facet normal -0 0 -1
    outer loop
      vertex -24.55 -7.45 0
      vertex -27.45 -8.55 0
      vertex -27.45 -7.45 0
    endloop
  endfacet
  facet normal 0 0 -1
    outer loop
      vertex -27.45 -12.55 0
      vertex -24.55 -11.45 0
      vertex -24.55 -12.55 0
    endloop
  endfacet
  facet normal -0 0 -1
    outer loop
      vertex -24.55 -11.45 0
      vertex -27.45 -12.55 0
      vertex -27.45 -11.45 0
    endloop
  endfacet
  facet normal 0 0 -1
    outer loop
      vertex -23.45 11.45 0
      vertex -20.55 12.55 0
      vertex -20.55 11.45 0
    endloop
  endfacet
  facet normal -0 0 -1
    outer loop
      vertex -20.55 12.55 0
      vertex -23.45 11.45 0
      vertex -23.45 12.55 0
    endloop
  endfacet
  facet normal 0 0 -1
    outer loop
      vertex -23.45 7.45 0
      vertex -20.55 8.55 0
      vertex -20.55 7.45 0
    endloop
  endfacet
  facet normal -0 0 -1
    outer loop
      vertex -20.55 8.55 0
      vertex -23.45 7.45 0
      vertex -23.45 8.55 0
    endloop
  endfacet
  facet normal 0 0 -1
    outer loop
      vertex -23.45 3.45 0
      vertex -20.55 4.55 0
      vertex -20.55 3.45 0
    endloop
  endfacet
  facet normal -0 0 -1
    outer loop
      vertex -20.55 4.55 0
      vertex -23.45 3.45 0
      vertex -23.45 4.55 0
    endloop
  endfacet
  facet normal 0 0 -1
    outer loop
      vertex -23.45 -0.549999 0
      vertex -20.55 0.549999 0
      vertex -20.55 -0.549999 0
    endloop
  endfacet
  facet normal -0 0 -1
    outer loop
      vertex -20.55 0.549999 0
      vertex -23.45 -0.549999 0
      vertex -23.45 0.549999 0
    endloop
  endfacet
  facet normal 0 0 -1
    outer loop
      vertex -23.45 -4.55 0
      vertex -20.55 -3.45 0
      vertex -20.55 -4.55 0
    endloop
  endfacet
  facet normal -0 0 -1
    outer loop
      vertex -20.55 -3.45 0
      vertex -23.45 -4.55 0
      vertex -23.45 -3.45 0
    endloop
  endfacet
  facet normal 0 0 -1
    outer loop
      vertex -23.45 -8.55 0
      vertex -20.55 -7.45 0
      vertex -20.55 -8.55 0
    endloop
  endfacet
  facet normal -0 0 -1
    outer loop
      vertex -20.55 -7.45 0
      vertex -23.45 -8.55 0
      vertex -23.45 -7.45 0
    endloop
  endfacet
  facet normal 0 0 -1
    outer loop
      vertex -23.45 -12.55 0
      vertex -20.55 -11.45 0
      vertex -20.55 -12.55 0
    endloop
  endfacet
  facet normal -0 0 -1
    outer loop
      vertex -20.55 -11.45 0
      vertex -23.45 -12.55 0
      vertex -23.45 -11.45 0
    endloop
  endfacet
  facet normal 0 0 -1
    outer loop
      vertex -19.45 11.45 0
      vertex -16.55 12.55 0
      vertex -16.55 11.45 0
    endloop
  endfacet
  facet normal -0 0 -1
    outer loop
      vertex -16.55 12.55 0
      vertex -19.45 11.45 0
      vertex -19.45 12.55 0
    endloop
  endfacet
  facet normal 0 0 -1
    outer loop
      vertex -19.45 7.45 0
      vertex -16.55 8.55 0
      vertex -16.55 7.45 0
    endloop
  endfacet
  facet normal -0 0 -1
    outer loop
      vertex -16.55 8.55 0
      vertex -19.45 7.45 0
      vertex -19.45 8.55 0
    endloop
  endfacet
  facet normal 0 0 -1
    outer loop
      vertex -19.45 3.45 0
      vertex -16.55 4.55 0
      vertex -16.55 3.45 0
    endloop
  endfacet
  facet normal -0 0 -1
    outer loop
      vertex -16.55 4.55 0
      vertex -19.45 3.45 0
      vertex -19.45 4.55 0
    endloop
  endfacet
  facet normal 0 0 -1
    outer loop
      vertex -19.45 -0.549999 0
      vertex -16.55 0.549999 0
      vertex -16.55 -0.549999 0
    endloop
  endfacet
  facet normal -0 0 -1
    outer loop
      vertex -16.55 0.549999 0
      vertex -19.45 -0.549999 0
      vertex -19.45 0.549999 0
    endloop
  endfacet
  facet normal 0 0 -1
    outer loop
      vertex -19.45 -4.55 0
      vertex -16.55 -3.45 0
      vertex -16.55 -4.55 0
    endloop
  endfacet
  facet normal -0 0 -1
    outer loop
      vertex -16.55 -3.45 0
      vertex -19.45 -4.55 0
      vertex -19.45 -3.45 0
    endloop
  endfacet
  facet normal 0 0 -1
    outer loop
      vertex -19.45 -8.55 0
      vertex -16.55 -7.45 0
      vertex -16.55 -8.55 0
    endloop
  endfacet
  facet normal -0 0 -1
    outer loop
      vertex -16.55 -7.45 0
      vertex -19.45 -8.55 0
      vertex -19.45 -7.45 0
    endloop
  endfacet
  facet normal 0 0 -1
    outer loop
      vertex -19.45 -12.55 0
      vertex -16.55 -11.45 0
      vertex -16.55 -12.55 0
    endloop
  endfacet
  facet normal -0 0 -1
    outer loop
      vertex -16.55 -11.45 0
      vertex -19.45 -12.55 0
      vertex -19.45 -11.45 0
    endloop
  endfacet
  facet normal 0 0 -1
    outer loop
      vertex -15.45 11.45 0
      vertex -12.55 12.55 0
      vertex -12.55 11.45 0
    endloop
  endfacet
  facet normal -0 0 -1
    outer loop
      vertex -12.55 12.55 0
      vertex -15.45 11.45 0
      vertex -15.45 12.55 0
    endloop
  endfacet
  facet normal 0 0 -1
    outer loop
      vertex -15.45 7.45 0
      vertex -12.55 8.55 0
      vertex -12.55 7.45 0
    endloop
  endfacet
  facet normal -0 0 -1
    outer loop
      vertex -12.55 8.55 0
      vertex -15.45 7.45 0
      vertex -15.45 8.55 0
    endloop
  endfacet
  facet normal 0 0 -1
    outer loop
      vertex -15.45 3.45 0
      vertex -12.55 4.55 0
      vertex -12.55 3.45 0
    endloop
  endfacet
  facet normal -0 0 -1
    outer loop
      vertex -12.55 4.55 0
      vertex -15.45 3.45 0
      vertex -15.45 4.55 0
    endloop
  endfacet
  facet normal 0 0 -1
    outer loop
      vertex -15.45 -0.549999 0
      vertex -12.55 0.549999 0
      vertex -12.55 -0.549999 0
    endloop
  endfacet
  facet normal -0 0 -1
    outer loop
      vertex -12.55 0.549999 0
      vertex -15.45 -0.549999 0
      vertex -15.45 0.549999 0
    endloop
  endfacet
  facet normal 0 0 -1
    outer loop
      vertex -15.45 -4.55 0
      vertex -12.55 -3.45 0
      vertex -12.55 -4.55 0
    endloop
  endfacet
  facet normal -0 0 -1
    outer loop
      vertex -12.55 -3.45 0
      vertex -15.45 -4.55 0
      vertex -15.45 -3.45 0
    endloop
  endfacet
  facet normal 0 0 -1
    outer loop
      vertex -15.45 -8.55 0
      vertex -12.55 -7.45 0
      vertex -12.55 -8.55 0
    endloop
  endfacet
  facet normal -0 0 -1
    outer loop
      vertex -12.55 -7.45 0
      vertex -15.45 -8.55 0
      vertex -15.45 -7.45 0
    endloop
  endfacet
  facet normal 0 0 -1
    outer loop
      vertex -15.45 -12.55 0
      vertex -12.55 -11.45 0
      vertex -12.55 -12.55 0
    endloop
  endfacet
  facet normal -0 0 -1
    outer loop
      vertex -12.55 -11.45 0
      vertex -15.45 -12.55 0
      vertex -15.45 -11.45 0
    endloop
  endfacet
  facet normal 0 0 -1
    outer loop
      vertex -11.45 11.45 0
      vertex -8.55 12.55 0
      vertex -8.55 11.45 0
    endloop
  endfacet
  facet normal -0 0 -1
    outer loop
      vertex -8.55 12.55 0
      vertex -11.45 11.45 0
      vertex -11.45 12.55 0
    endloop
  endfacet
  facet normal 0 0 -1
    outer loop
      vertex -11.45 7.45 0
      vertex -8.55 8.55 0
      vertex -8.55 7.45 0
    endloop
  endfacet
  facet normal -0 0 -1
    outer loop
      vertex -8.55 8.55 0
      vertex -11.45 7.45 0
      vertex -11.45 8.55 0
    endloop
  endfacet
  facet normal 0 0 -1
    outer loop
      vertex -11.45 3.45 0
      vertex -8.55 4.55 0
      vertex -8.55 3.45 0
    endloop
  endfacet
  facet normal -0 0 -1
    outer loop
      vertex -8.55 4.55 0
      vertex -11.45 3.45 0
      vertex -11.45 4.55 0
    endloop
  endfacet
  facet normal 0 0 -1
    outer loop
      vertex -11.45 -0.549999 0
      vertex -8.55 0.549999 0
      vertex -8.55 -0.549999 0
    endloop
  endfacet
  facet normal -0 0 -1
    outer loop
      vertex -8.55 0.549999 0
      vertex -11.45 -0.549999 0
      vertex -11.45 0.549999 0
    endloop
  endfacet
  facet normal 0 0 -1
    outer loop
      vertex -11.45 -4.55 0
      vertex -8.55 -3.45 0
      vertex -8.55 -4.55 0
    endloop
  endfacet
  facet normal -0 0 -1
    outer loop
      vertex -8.55 -3.45 0
      vertex -11.45 -4.55 0
      vertex -11.45 -3.45 0
    endloop
  endfacet
  facet normal 0 0 -1
    outer loop
      vertex -11.45 -8.55 0
      vertex -8.55 -7.45 0
      vertex -8.55 -8.55 0
    endloop
  endfacet
  facet normal -0 0 -1
    outer loop
      vertex -8.55 -7.45 0
      vertex -11.45 -8.55 0
      vertex -11.45 -7.45 0
    endloop
  endfacet
  facet normal 0 0 -1
    outer loop
      vertex -11.45 -12.55 0
      vertex -8.55 -11.45 0
      vertex -8.55 -12.55 0
    endloop
  endfacet
  facet normal -0 0 -1
    outer loop
      vertex -8.55 -11.45 0
      vertex -11.45 -12.55 0
      vertex -11.45 -11.45 0
    endloop
  endfacet
  facet normal 0 0 -1
    outer loop
      vertex -7.45 11.45 0
      vertex -4.55 12.55 0
      vertex -4.55 11.45 0
    endloop
  endfacet
  facet normal -0 0 -1
    outer loop
      vertex -4.55 12.55 0
      vertex -7.45 11.45 0
      vertex -7.45 12.55 0
    endloop
  endfacet
  facet normal 0 0 -1
    outer loop
      vertex -7.45 7.45 0
      vertex -4.55 8.55 0
      vertex -4.55 7.45 0
    endloop
  endfacet
  facet normal -0 0 -1
    outer loop
      vertex -4.55 8.55 0
      vertex -7.45 7.45 0
      vertex -7.45 8.55 0
    endloop
  endfacet
  facet normal 0 0 -1
    outer loop
      vertex -7.45 3.45 0
      vertex -4.55 4.55 0
      vertex -4.55 3.45 0
    endloop
  endfacet
  facet normal -0 0 -1
    outer loop
      vertex -4.55 4.55 0
      vertex -7.45 3.45 0
      vertex -7.45 4.55 0
    endloop
  endfacet
  facet normal 0 0 -1
    outer loop
      vertex -7.45 -0.549999 0
      vertex -4.55 0.549999 0
      vertex -4.55 -0.549999 0
    endloop
  endfacet
  facet normal -0 0 -1
    outer loop
      vertex -4.55 0.549999 0
      vertex -7.45 -0.549999 0
      vertex -7.45 0.549999 0
    endloop
  endfacet
  facet normal 0 0 -1
    outer loop
      vertex -7.45 -4.55 0
      vertex -4.55 -3.45 0
      vertex -4.55 -4.55 0
    endloop
  endfacet
  facet normal -0 0 -1
    outer loop
      vertex -4.55 -3.45 0
      vertex -7.45 -4.55 0
      vertex -7.45 -3.45 0
    endloop
  endfacet
  facet normal 0 0 -1
    outer loop
      vertex -7.45 -8.55 0
      vertex -4.55 -7.45 0
      vertex -4.55 -8.55 0
    endloop
  endfacet
  facet normal -0 0 -1
    outer loop
      vertex -4.55 -7.45 0
      vertex -7.45 -8.55 0
      vertex -7.45 -7.45 0
    endloop
  endfacet
  facet normal 0 0 -1
    outer loop
      vertex -7.45 -12.55 0
      vertex -4.55 -11.45 0
      vertex -4.55 -12.55 0
    endloop
  endfacet
  facet normal -0 0 -1
    outer loop
      vertex -4.55 -11.45 0
      vertex -7.45 -12.55 0
      vertex -7.45 -11.45 0
    endloop
  endfacet
  facet normal 0 0 -1
    outer loop
      vertex -3.45 11.45 0
      vertex -0.549999 12.55 0
      vertex -0.549999 11.45 0
    endloop
  endfacet
  facet normal -0 0 -1
    outer loop
      vertex -0.549999 12.55 0
      vertex -3.45 11.45 0
      vertex -3.45 12.55 0
    endloop
  endfacet
  facet normal 0 0 -1
    outer loop
      vertex -3.45 7.45 0
      vertex -0.549999 8.55 0
      vertex -0.549999 7.45 0
    endloop
  endfacet
  facet normal -0 0 -1
    outer loop
      vertex -0.549999 8.55 0
      vertex -3.45 7.45 0
      vertex -3.45 8.55 0
    endloop
  endfacet
  facet normal 0 0 -1
    outer loop
      vertex -3.45 3.45 0
      vertex -0.549999 4.55 0
      vertex -0.549999 3.45 0
    endloop
  endfacet
  facet normal -0 0 -1
    outer loop
      vertex -0.549999 4.55 0
      vertex -3.45 3.45 0
      vertex -3.45 4.55 0
    endloop
  endfacet
  facet normal 0 0 -1
    outer loop
      vertex -3.45 -0.549999 0
      vertex -0.549999 0.549999 0
      vertex -0.549999 -0.549999 0
    endloop
  endfacet
  facet normal -0 0 -1
    outer loop
      vertex -0.549999 0.549999 0
      vertex -3.45 -0.549999 0
      vertex -3.45 0.549999 0
    endloop
  endfacet
  facet normal 0 0 -1
    outer loop
      vertex -3.45 -4.55 0
      vertex -0.549999 -3.45 0
      vertex -0.549999 -4.55 0
    endloop
  endfacet
  facet normal -0 0 -1
    outer loop
      vertex -0.549999 -3.45 0
      vertex -3.45 -4.55 0
      vertex -3.45 -3.45 0
    endloop
  endfacet
  facet normal 0 0 -1
    outer loop
      vertex -3.45 -8.55 0
      vertex -0.549999 -7.45 0
      vertex -0.549999 -8.55 0
    endloop
  endfacet
  facet normal -0 0 -1
    outer loop
      vertex -0.549999 -7.45 0
      vertex -3.45 -8.55 0
      vertex -3.45 -7.45 0
    endloop
  endfacet
  facet normal 0 0 -1
    outer loop
      vertex -3.45 -12.55 0
      vertex -0.549999 -11.45 0
      vertex -0.549999 -12.55 0
    endloop
  endfacet
  facet normal -0 0 -1
    outer loop
      vertex -0.549999 -11.45 0
      vertex -3.45 -12.55 0
      vertex -3.45 -11.45 0
    endloop
  endfacet
  facet normal 0 0 -1
    outer loop
      vertex 0.549999 11.45 0
      vertex 3.45 12.55 0
      vertex 3.45 11.45 0
    endloop
  endfacet
  facet normal -0 0 -1
    outer loop
      vertex 3.45 12.55 0
      vertex 0.549999 11.45 0
      vertex 0.549999 12.55 0
    endloop
  endfacet
  facet normal 0 0 -1
    outer loop
      vertex 0.549999 7.45 0
      vertex 3.45 8.55 0
      vertex 3.45 7.45 0
    endloop
  endfacet
  facet normal -0 0 -1
    outer loop
      vertex 3.45 8.55 0
      vertex 0.549999 7.45 0
      vertex 0.549999 8.55 0
    endloop
  endfacet
  facet normal 0 0 -1
    outer loop
      vertex 0.549999 3.45 0
      vertex 3.45 4.55 0
      vertex 3.45 3.45 0
    endloop
  endfacet
  facet normal -0 0 -1
    outer loop
      vertex 3.45 4.55 0
      vertex 0.549999 3.45 0
      vertex 0.549999 4.55 0
    endloop
  endfacet
  facet normal 0 0 -1
    outer loop
      vertex 0.549999 -0.549999 0
      vertex 3.45 0.549999 0
      vertex 3.45 -0.549999 0
    endloop
  endfacet
  facet normal -0 0 -1
    outer loop
      vertex 3.45 0.549999 0
      vertex 0.549999 -0.549999 0
      vertex 0.549999 0.549999 0
    endloop
  endfacet
  facet normal 0 0 -1
    outer loop
      vertex 0.549999 -4.55 0
      vertex 3.45 -3.45 0
      vertex 3.45 -4.55 0
    endloop
  endfacet
  facet normal -0 0 -1
    outer loop
      vertex 3.45 -3.45 0
      vertex 0.549999 -4.55 0
      vertex 0.549999 -3.45 0
    endloop
  endfacet
  facet normal 0 0 -1
    outer loop
      vertex 0.549999 -8.55 0
      vertex 3.45 -7.45 0
      vertex 3.45 -8.55 0
    endloop
  endfacet
  facet normal -0 0 -1
    outer loop
      vertex 3.45 -7.45 0
      vertex 0.549999 -8.55 0
      vertex 0.549999 -7.45 0
    endloop
  endfacet
  facet normal 0 0 -1
    outer loop
      vertex 0.549999 -12.55 0
      vertex 3.45 -11.45 0
      vertex 3.45 -12.55 0
    endloop
  endfacet
  facet normal -0 0 -1
    outer loop
      vertex 3.45 -11.45 0
      vertex 0.549999 -12.55 0
      vertex 0.549999 -11.45 0
    endloop
  endfacet
  facet normal 0 0 -1
    outer loop
      vertex 4.55 11.45 0
      vertex 7.45 12.55 0
      vertex 7.45 11.45 0
    endloop
  endfacet
  facet normal -0 0 -1
    outer loop
      vertex 7.45 12.55 0
      vertex 4.55 11.45 0
      vertex 4.55 12.55 0
    endloop
  endfacet
  facet normal 0 0 -1
    outer loop
      vertex 4.55 7.45 0
      vertex 7.45 8.55 0
      vertex 7.45 7.45 0
    endloop
  endfacet
  facet normal -0 0 -1
    outer loop
      vertex 7.45 8.55 0
      vertex 4.55 7.45 0
      vertex 4.55 8.55 0
    endloop
  endfacet
  facet normal 0 0 -1
    outer loop
      vertex 4.55 3.45 0
      vertex 7.45 4.55 0
      vertex 7.45 3.45 0
    endloop
  endfacet
  facet normal -0 0 -1
    outer loop
      vertex 7.45 4.55 0
      vertex 4.55 3.45 0
      vertex 4.55 4.55 0
    endloop
  endfacet
  facet normal 0 0 -1
    outer loop
      vertex 4.55 -0.549999 0
      vertex 7.45 0.549999 0
      vertex 7.45 -0.549999 0
    endloop
  endfacet
  facet normal -0 0 -1
    outer loop
      vertex 7.45 0.549999 0
      vertex 4.55 -0.549999 0
      vertex 4.55 0.549999 0
    endloop
  endfacet
  facet normal 0 0 -1
    outer loop
      vertex 4.55 -4.55 0
      vertex 7.45 -3.45 0
      vertex 7.45 -4.55 0
    endloop
  endfacet
  facet normal -0 0 -1
    outer loop
      vertex 7.45 -3.45 0
      vertex 4.55 -4.55 0
      vertex 4.55 -3.45 0
    endloop
  endfacet
  facet normal 0 0 -1
    outer loop
      vertex 4.55 -8.55 0
      vertex 7.45 -7.45 0
      vertex 7.45 -8.55 0
    endloop
  endfacet
  facet normal -0 0 -1
    outer loop
      vertex 7.45 -7.45 0
      vertex 4.55 -8.55 0
      vertex 4.55 -7.45 0
    endloop
  endfacet
  facet normal 0 0 -1
    outer loop
      vertex 4.55 -12.55 0
      vertex 7.45 -11.45 0
      vertex 7.45 -12.55 0
    endloop
  endfacet
  facet normal -0 0 -1
    outer loop
      vertex 7.45 -11.45 0
      vertex 4.55 -12.55 0
      vertex 4.55 -11.45 0
    endloop
  endfacet
  facet normal 0 0 -1
    outer loop
      vertex 8.55 11.45 0
      vertex 11.45 12.55 0
      vertex 11.45 11.45 0
    endloop
  endfacet
  facet normal -0 0 -1
    outer loop
      vertex 11.45 12.55 0
      vertex 8.55 11.45 0
      vertex 8.55 12.55 0
    endloop
  endfacet
  facet normal 0 0 -1
    outer loop
      vertex 8.55 7.45 0
      vertex 11.45 8.55 0
      vertex 11.45 7.45 0
    endloop
  endfacet
  facet normal -0 0 -1
    outer loop
      vertex 11.45 8.55 0
      vertex 8.55 7.45 0
      vertex 8.55 8.55 0
    endloop
  endfacet
  facet normal 0 0 -1
    outer loop
      vertex 8.55 3.45 0
      vertex 11.45 4.55 0
      vertex 11.45 3.45 0
    endloop
  endfacet
  facet normal -0 0 -1
    outer loop
      vertex 11.45 4.55 0
      vertex 8.55 3.45 0
      vertex 8.55 4.55 0
    endloop
  endfacet
  facet normal 0 0 -1
    outer loop
      vertex 8.55 -0.549999 0
      vertex 11.45 0.549999 0
      vertex 11.45 -0.549999 0
    endloop
  endfacet
  facet normal -0 0 -1
    outer loop
      vertex 11.45 0.549999 0
      vertex 8.55 -0.549999 0
      vertex 8.55 0.549999 0
    endloop
  endfacet
  facet normal 0 0 -1
    outer loop
      vertex 8.55 -4.55 0
      vertex 11.45 -3.45 0
      vertex 11.45 -4.55 0
    endloop
  endfacet
  facet normal -0 0 -1
    outer loop
      vertex 11.45 -3.45 0
      vertex 8.55 -4.55 0
      vertex 8.55 -3.45 0
    endloop
  endfacet
  facet normal 0 0 -1
    outer loop
      vertex 8.55 -8.55 0
      vertex 11.45 -7.45 0
      vertex 11.45 -8.55 0
    endloop
  endfacet
  facet normal -0 0 -1
    outer loop
      vertex 11.45 -7.45 0
      vertex 8.55 -8.55 0
      vertex 8.55 -7.45 0
    endloop
  endfacet
  facet normal 0 0 -1
    outer loop
      vertex 8.55 -12.55 0
      vertex 11.45 -11.45 0
      vertex 11.45 -12.55 0
    endloop
  endfacet
  facet normal -0 0 -1
    outer loop
      vertex 11.45 -11.45 0
      vertex 8.55 -12.55 0
      vertex 8.55 -11.45 0
    endloop
  endfacet
  facet normal 0 0 -1
    outer loop
      vertex 12.55 11.45 0
      vertex 15.45 12.55 0
      vertex 15.45 11.45 0
    endloop
  endfacet
  facet normal -0 0 -1
    outer loop
      vertex 15.45 12.55 0
      vertex 12.55 11.45 0
      vertex 12.55 12.55 0
    endloop
  endfacet
  facet normal 0 0 -1
    outer loop
      vertex 12.55 7.45 0
      vertex 15.45 8.55 0
      vertex 15.45 7.45 0
    endloop
  endfacet
  facet normal -0 0 -1
    outer loop
      vertex 15.45 8.55 0
      vertex 12.55 7.45 0
      vertex 12.55 8.55 0
    endloop
  endfacet
  facet normal 0 0 -1
    outer loop
      vertex 12.55 3.45 0
      vertex 15.45 4.55 0
      vertex 15.45 3.45 0
    endloop
  endfacet
  facet normal -0 0 -1
    outer loop
      vertex 15.45 4.55 0
      vertex 12.55 3.45 0
      vertex 12.55 4.55 0
    endloop
  endfacet
  facet normal 0 0 -1
    outer loop
      vertex 12.55 -0.549999 0
      vertex 15.45 0.549999 0
      vertex 15.45 -0.549999 0
    endloop
  endfacet
  facet normal -0 0 -1
    outer loop
      vertex 15.45 0.549999 0
      vertex 12.55 -0.549999 0
      vertex 12.55 0.549999 0
    endloop
  endfacet
  facet normal 0 0 -1
    outer loop
      vertex 12.55 -4.55 0
      vertex 15.45 -3.45 0
      vertex 15.45 -4.55 0
    endloop
  endfacet
  facet normal -0 0 -1
    outer loop
      vertex 15.45 -3.45 0
      vertex 12.55 -4.55 0
      vertex 12.55 -3.45 0
    endloop
  endfacet
  facet normal 0 0 -1
    outer loop
      vertex 12.55 -8.55 0
      vertex 15.45 -7.45 0
      vertex 15.45 -8.55 0
    endloop
  endfacet
  facet normal -0 0 -1
    outer loop
      vertex 15.45 -7.45 0
      vertex 12.55 -8.55 0
      vertex 12.55 -7.45 0
    endloop
  endfacet
  facet normal 0 0 -1
    outer loop
      vertex 12.55 -12.55 0
      vertex 15.45 -11.45 0
      vertex 15.45 -12.55 0
    endloop
  endfacet
  facet normal -0 0 -1
    outer loop
      vertex 15.45 -11.45 0
      vertex 12.55 -12.55 0
      vertex 12.55 -11.45 0
    endloop
  endfacet
  facet normal 0 0 -1
    outer loop
      vertex 16.55 11.45 0
      vertex 19.45 12.55 0
      vertex 19.45 11.45 0
    endloop
  endfacet
  facet normal -0 0 -1
    outer loop
      vertex 19.45 12.55 0
      vertex 16.55 11.45 0
      vertex 16.55 12.55 0
    endloop
  endfacet
  facet normal 0 0 -1
    outer loop
      vertex 16.55 7.45 0
      vertex 19.45 8.55 0
      vertex 19.45 7.45 0
    endloop
  endfacet
  facet normal -0 0 -1
    outer loop
      vertex 19.45 8.55 0
      vertex 16.55 7.45 0
      vertex 16.55 8.55 0
    endloop
  endfacet
  facet normal 0 0 -1
    outer loop
      vertex 16.55 3.45 0
      vertex 19.45 4.55 0
      vertex 19.45 3.45 0
    endloop
  endfacet
  facet normal -0 0 -1
    outer loop
      vertex 19.45 4.55 0
      vertex 16.55 3.45 0
      vertex 16.55 4.55 0
    endloop
  endfacet
  facet normal 0 0 -1
    outer loop
      vertex 16.55 -0.549999 0
      vertex 19.45 0.549999 0
      vertex 19.45 -0.549999 0
    endloop
  endfacet
  facet normal -0 0 -1
    outer loop
      vertex 19.45 0.549999 0
      vertex 16.55 -0.549999 0
      vertex 16.55 0.549999 0
    endloop
  endfacet
  facet normal 0 0 -1
    outer loop
      vertex 16.55 -4.55 0
      vertex 19.45 -3.45 0
      vertex 19.45 -4.55 0
    endloop
  endfacet
  facet normal -0 0 -1
    outer loop
      vertex 19.45 -3.45 0
      vertex 16.55 -4.55 0
      vertex 16.55 -3.45 0
    endloop
  endfacet
  facet normal 0 0 -1
    outer loop
      vertex 16.55 -8.55 0
      vertex 19.45 -7.45 0
      vertex 19.45 -8.55 0
    endloop
  endfacet
  facet normal -0 0 -1
    outer loop
      vertex 19.45 -7.45 0
      vertex 16.55 -8.55 0
      vertex 16.55 -7.45 0
    endloop
  endfacet
  facet normal 0 0 -1
    outer loop
      vertex 16.55 -12.55 0
      vertex 19.45 -11.45 0
      vertex 19.45 -12.55 0
    endloop
  endfacet
  facet normal -0 0 -1
    outer loop
      vertex 19.45 -11.45 0
      vertex 16.55 -12.55 0
      vertex 16.55 -11.45 0
    endloop
  endfacet
  facet normal 0 0 -1
    outer loop
      vertex 20.55 11.45 0
      vertex 23.45 12.55 0
      vertex 23.45 11.45 0
    endloop
  endfacet
  facet normal -0 0 -1
    outer loop
      vertex 23.45 12.55 0
      vertex 20.55 11.45 0
      vertex 20.55 12.55 0
    endloop
  endfacet
  facet normal 0 0 -1
    outer loop
      vertex 20.55 7.45 0
      vertex 23.45 8.55 0
      vertex 23.45 7.45 0
    endloop
  endfacet
  facet normal -0 0 -1
    outer loop
      vertex 23.45 8.55 0
      vertex 20.55 7.45 0
      vertex 20.55 8.55 0
    endloop
  endfacet
  facet normal 0 0 -1
    outer loop
      vertex 20.55 3.45 0
      vertex 23.45 4.55 0
      vertex 23.45 3.45 0
    endloop
  endfacet
  facet normal -0 0 -1
    outer loop
      vertex 23.45 4.55 0
      vertex 20.55 3.45 0
      vertex 20.55 4.55 0
    endloop
  endfacet
  facet normal 0 0 -1
    outer loop
      vertex 20.55 -0.549999 0
      vertex 23.45 0.549999 0
      vertex 23.45 -0.549999 0
    endloop
  endfacet
  facet normal -0 0 -1
    outer loop
      vertex 23.45 0.549999 0
      vertex 20.55 -0.549999 0
      vertex 20.55 0.549999 0
    endloop
  endfacet
  facet normal 0 0 -1
    outer loop
      vertex 20.55 -4.55 0
      vertex 23.45 -3.45 0
      vertex 23.45 -4.55 0
    endloop
  endfacet
  facet normal -0 0 -1
    outer loop
      vertex 23.45 -3.45 0
      vertex 20.55 -4.55 0
      vertex 20.55 -3.45 0
    endloop
  endfacet
  facet normal 0 0 -1
    outer loop
      vertex 20.55 -8.55 0
      vertex 23.45 -7.45 0
      vertex 23.45 -8.55 0
    endloop
  endfacet
  facet normal -0 0 -1
    outer loop
      vertex 23.45 -7.45 0
      vertex 20.55 -8.55 0
      vertex 20.55 -7.45 0
    endloop
  endfacet
  facet normal 0 0 -1
    outer loop
      vertex 20.55 -12.55 0
      vertex 23.45 -11.45 0
      vertex 23.45 -12.55 0
    endloop
  endfacet
  facet normal -0 0 -1
    outer loop
      vertex 23.45 -11.45 0
      vertex 20.55 -12.55 0
      vertex 20.55 -11.45 0
    endloop
  endfacet
  facet normal 0 0 -1
    outer loop
      vertex 24.55 11.45 0
      vertex 27.45 12.55 0
      vertex 27.45 11.45 0
    endloop
  endfacet
  facet normal -0 0 -1
    outer loop
      vertex 27.45 12.55 0
      vertex 24.55 11.45 0
      vertex 24.55 12.55 0
    endloop
  endfacet
  facet normal 0 0 -1
    outer loop
      vertex 24.55 7.45 0
      vertex 27.45 8.55 0
      vertex 27.45 7.45 0
    endloop
  endfacet
  facet normal -0 0 -1
    outer loop
      vertex 27.45 8.55 0
      vertex 24.55 7.45 0
      vertex 24.55 8.55 0
    endloop
  endfacet
  facet normal 0 0 -1
    outer loop
      vertex 24.55 3.45 0
      vertex 27.45 4.55 0
      vertex 27.45 3.45 0
    endloop
  endfacet
  facet normal -0 0 -1
    outer loop
      vertex 27.45 4.55 0
      vertex 24.55 3.45 0
      vertex 24.55 4.55 0
    endloop
  endfacet
  facet normal 0 0 -1
    outer loop
      vertex 24.55 -0.549999 0
      vertex 27.45 0.549999 0
      vertex 27.45 -0.549999 0
    endloop
  endfacet
  facet normal -0 0 -1
    outer loop
      vertex 27.45 0.549999 0
      vertex 24.55 -0.549999 0
      vertex 24.55 0.549999 0
    endloop
  endfacet
  facet normal 0 0 -1
    outer loop
      vertex 24.55 -4.55 0
      vertex 27.45 -3.45 0
      vertex 27.45 -4.55 0
    endloop
  endfacet
  facet normal -0 0 -1
    outer loop
      vertex 27.45 -3.45 0
      vertex 24.55 -4.55 0
      vertex 24.55 -3.45 0
    endloop
  endfacet
  facet normal 0 0 -1
    outer loop
      vertex 24.55 -8.55 0
      vertex 27.45 -7.45 0
      vertex 27.45 -8.55 0
    endloop
  endfacet
  facet normal -0 0 -1
    outer loop
      vertex 27.45 -7.45 0
      vertex 24.55 -8.55 0
      vertex 24.55 -7.45 0
    endloop
  endfacet
  facet normal 0 0 -1
    outer loop
      vertex 24.55 -12.55 0
      vertex 27.45 -11.45 0
      vertex 27.45 -12.55 0
    endloop
  endfacet
  facet normal -0 0 -1
    outer loop
      vertex 27.45 -11.45 0
      vertex 24.55 -12.55 0
      vertex 24.55 -11.45 0
    endloop
  endfacet
  facet normal 0 0 -1
    outer loop
      vertex 28.55 11.45 0
      vertex 31.45 12.55 0
      vertex 31.45 11.45 0
    endloop
  endfacet
  facet normal -0 0 -1
    outer loop
      vertex 31.45 12.55 0
      vertex 28.55 11.45 0
      vertex 28.55 12.55 0
    endloop
  endfacet
  facet normal 0 0 -1
    outer loop
      vertex 28.55 7.45 0
      vertex 31.45 8.55 0
      vertex 31.45 7.45 0
    endloop
  endfacet
  facet normal -0 0 -1
    outer loop
      vertex 31.45 8.55 0
      vertex 28.55 7.45 0
      vertex 28.55 8.55 0
    endloop
  endfacet
  facet normal 0 0 -1
    outer loop
      vertex 28.55 3.45 0
      vertex 31.45 4.55 0
      vertex 31.45 3.45 0
    endloop
  endfacet
  facet normal -0 0 -1
    outer loop
      vertex 31.45 4.55 0
      vertex 28.55 3.45 0
      vertex 28.55 4.55 0
    endloop
  endfacet
  facet normal 0 0 -1
    outer loop
      vertex 28.55 -0.549999 0
      vertex 31.45 0.549999 0
      vertex 31.45 -0.549999 0
    endloop
  endfacet
  facet normal -0 0 -1
    outer loop
      vertex 31.45 0.549999 0
      vertex 28.55 -0.549999 0
      vertex 28.55 0.549999 0
    endloop
  endfacet
  facet normal 0 0 -1
    outer loop
      vertex 28.55 -4.55 0
      vertex 31.45 -3.45 0
      vertex 31.45 -4.55 0
    endloop
  endfacet
  facet normal -0 0 -1
    outer loop
      vertex 31.45 -3.45 0
      vertex 28.55 -4.55 0
      vertex 28.55 -3.45 0
    endloop
  endfacet
  facet normal 0 0 -1
    outer loop
      vertex 28.55 -8.55 0
      vertex 31.45 -7.45 0
      vertex 31.45 -8.55 0
    endloop
  endfacet
  facet normal -0 0 -1
    outer loop
      vertex 31.45 -7.45 0
      vertex 28.55 -8.55 0
      vertex 28.55 -7.45 0
    endloop
  endfacet
  facet normal 0 0 -1
    outer loop
      vertex 28.55 -12.55 0
      vertex 31.45 -11.45 0
      vertex 31.45 -12.55 0
    endloop
  endfacet
  facet normal -0 0 -1
    outer loop
      vertex 31.45 -11.45 0
      vertex 28.55 -12.55 0
      vertex 28.55 -11.45 0
    endloop
  endfacet
  facet normal 0 0 -1
    outer loop
      vertex 32.55 11.45 0
      vertex 35.45 12.55 0
      vertex 35.45 11.45 0
    endloop
  endfacet
  facet normal -0 0 -1
    outer loop
      vertex 35.45 12.55 0
      vertex 32.55 11.45 0
      vertex 32.55 12.55 0
    endloop
  endfacet
  facet normal 0 0 -1
    outer loop
      vertex 32.55 7.45 0
      vertex 35.45 8.55 0
      vertex 35.45 7.45 0
    endloop
  endfacet
  facet normal -0 0 -1
    outer loop
      vertex 35.45 8.55 0
      vertex 32.55 7.45 0
      vertex 32.55 8.55 0
    endloop
  endfacet
  facet normal 0 0 -1
    outer loop
      vertex 32.55 3.45 0
      vertex 35.45 4.55 0
      vertex 35.45 3.45 0
    endloop
  endfacet
  facet normal -0 0 -1
    outer loop
      vertex 35.45 4.55 0
      vertex 32.55 3.45 0
      vertex 32.55 4.55 0
    endloop
  endfacet
  facet normal 0 0 -1
    outer loop
      vertex 32.55 -0.549999 0
      vertex 35.45 0.549999 0
      vertex 35.45 -0.549999 0
    endloop
  endfacet
  facet normal -0 0 -1
    outer loop
      vertex 35.45 0.549999 0
      vertex 32.55 -0.549999 0
      vertex 32.55 0.549999 0
    endloop
  endfacet
  facet normal 0 0 -1
    outer loop
      vertex 32.55 -4.55 0
      vertex 35.45 -3.45 0
      vertex 35.45 -4.55 0
    endloop
  endfacet
  facet normal -0 0 -1
    outer loop
      vertex 35.45 -3.45 0
      vertex 32.55 -4.55 0
      vertex 32.55 -3.45 0
    endloop
  endfacet
  facet normal 0 0 -1
    outer loop
      vertex 32.55 -8.55 0
      vertex 35.45 -7.45 0
      vertex 35.45 -8.55 0
    endloop
  endfacet
  facet normal -0 0 -1
    outer loop
      vertex 35.45 -7.45 0
      vertex 32.55 -8.55 0
      vertex 32.55 -7.45 0
    endloop
  endfacet
  facet normal 0 0 -1
    outer loop
      vertex 32.55 -12.55 0
      vertex 35.45 -11.45 0
      vertex 35.45 -12.55 0
    endloop
  endfacet
  facet normal -0 0 -1
    outer loop
      vertex 35.45 -11.45 0
      vertex 32.55 -12.55 0
      vertex 32.55 -11.45 0
    endloop
  endfacet
  facet normal 0 0 -1
    outer loop
      vertex 36.55 11.45 0
      vertex 39.45 12.55 0
      vertex 39.45 11.45 0
    endloop
  endfacet
  facet normal -0 0 -1
    outer loop
      vertex 39.45 12.55 0
      vertex 36.55 11.45 0
      vertex 36.55 12.55 0
    endloop
  endfacet
  facet normal 0 0 -1
    outer loop
      vertex 36.55 7.45 0
      vertex 39.45 8.55 0
      vertex 39.45 7.45 0
    endloop
  endfacet
  facet normal -0 0 -1
    outer loop
      vertex 39.45 8.55 0
      vertex 36.55 7.45 0
      vertex 36.55 8.55 0
    endloop
  endfacet
  facet normal 0 0 -1
    outer loop
      vertex 36.55 3.45 0
      vertex 39.45 4.55 0
      vertex 39.45 3.45 0
    endloop
  endfacet
  facet normal -0 0 -1
    outer loop
      vertex 39.45 4.55 0
      vertex 36.55 3.45 0
      vertex 36.55 4.55 0
    endloop
  endfacet
  facet normal 0 0 -1
    outer loop
      vertex 36.55 -0.549999 0
      vertex 39.45 0.549999 0
      vertex 39.45 -0.549999 0
    endloop
  endfacet
  facet normal -0 0 -1
    outer loop
      vertex 39.45 0.549999 0
      vertex 36.55 -0.549999 0
      vertex 36.55 0.549999 0
    endloop
  endfacet
  facet normal 0 0 -1
    outer loop
      vertex 36.55 -4.55 0
      vertex 39.45 -3.45 0
      vertex 39.45 -4.55 0
    endloop
  endfacet
  facet normal -0 0 -1
    outer loop
      vertex 39.45 -3.45 0
      vertex 36.55 -4.55 0
      vertex 36.55 -3.45 0
    endloop
  endfacet
  facet normal 0 0 -1
    outer loop
      vertex 36.55 -8.55 0
      vertex 39.45 -7.45 0
      vertex 39.45 -8.55 0
    endloop
  endfacet
  facet normal -0 0 -1
    outer loop
      vertex 39.45 -7.45 0
      vertex 36.55 -8.55 0
      vertex 36.55 -7.45 0
    endloop
  endfacet
  facet normal 0 0 -1
    outer loop
      vertex 36.55 -12.55 0
      vertex 39.45 -11.45 0
      vertex 39.45 -12.55 0
    endloop
  endfacet
  facet normal -0 0 -1
    outer loop
      vertex 39.45 -11.45 0
      vertex 36.55 -12.55 0
      vertex 36.55 -11.45 0
    endloop
  endfacet
  facet normal 0 0 -1
    outer loop
      vertex 40.55 11.45 0
      vertex 43.45 12.55 0
      vertex 43.45 11.45 0
    endloop
  endfacet
  facet normal -0 0 -1
    outer loop
      vertex 43.45 12.55 0
      vertex 40.55 11.45 0
      vertex 40.55 12.55 0
    endloop
  endfacet
  facet normal 0 0 -1
    outer loop
      vertex 40.55 7.45 0
      vertex 43.45 8.55 0
      vertex 43.45 7.45 0
    endloop
  endfacet
  facet normal -0 0 -1
    outer loop
      vertex 43.45 8.55 0
      vertex 40.55 7.45 0
      vertex 40.55 8.55 0
    endloop
  endfacet
  facet normal 0 0 -1
    outer loop
      vertex 40.55 3.45 0
      vertex 43.45 4.55 0
      vertex 43.45 3.45 0
    endloop
  endfacet
  facet normal -0 0 -1
    outer loop
      vertex 43.45 4.55 0
      vertex 40.55 3.45 0
      vertex 40.55 4.55 0
    endloop
  endfacet
  facet normal 0 0 -1
    outer loop
      vertex 40.55 -0.549999 0
      vertex 43.45 0.549999 0
      vertex 43.45 -0.549999 0
    endloop
  endfacet
  facet normal -0 0 -1
    outer loop
      vertex 43.45 0.549999 0
      vertex 40.55 -0.549999 0
      vertex 40.55 0.549999 0
    endloop
  endfacet
  facet normal 0 0 -1
    outer loop
      vertex 40.55 -4.55 0
      vertex 43.45 -3.45 0
      vertex 43.45 -4.55 0
    endloop
  endfacet
  facet normal -0 0 -1
    outer loop
      vertex 43.45 -3.45 0
      vertex 40.55 -4.55 0
      vertex 40.55 -3.45 0
    endloop
  endfacet
  facet normal 0 0 -1
    outer loop
      vertex 40.55 -8.55 0
      vertex 43.45 -7.45 0
      vertex 43.45 -8.55 0
    endloop
  endfacet
  facet normal -0 0 -1
    outer loop
      vertex 43.45 -7.45 0
      vertex 40.55 -8.55 0
      vertex 40.55 -7.45 0
    endloop
  endfacet
  facet normal 0 0 -1
    outer loop
      vertex 40.55 -12.55 0
      vertex 43.45 -11.45 0
      vertex 43.45 -12.55 0
    endloop
  endfacet
  facet normal -0 0 -1
    outer loop
      vertex 43.45 -11.45 0
      vertex 40.55 -12.55 0
      vertex 40.55 -11.45 0
    endloop
  endfacet
  facet normal 0 0 -1
    outer loop
      vertex 44.55 11.45 0
      vertex 47.45 12.55 0
      vertex 47.45 11.45 0
    endloop
  endfacet
  facet normal -0 0 -1
    outer loop
      vertex 47.45 12.55 0
      vertex 44.55 11.45 0
      vertex 44.55 12.55 0
    endloop
  endfacet
  facet normal 0 0 -1
    outer loop
      vertex 44.55 7.45 0
      vertex 47.45 8.55 0
      vertex 47.45 7.45 0
    endloop
  endfacet
  facet normal -0 0 -1
    outer loop
      vertex 47.45 8.55 0
      vertex 44.55 7.45 0
      vertex 44.55 8.55 0
    endloop
  endfacet
  facet normal 0 0 -1
    outer loop
      vertex 44.55 3.45 0
      vertex 47.45 4.55 0
      vertex 47.45 3.45 0
    endloop
  endfacet
  facet normal -0 0 -1
    outer loop
      vertex 47.45 4.55 0
      vertex 44.55 3.45 0
      vertex 44.55 4.55 0
    endloop
  endfacet
  facet normal 0 0 -1
    outer loop
      vertex 44.55 -0.549999 0
      vertex 47.45 0.549999 0
      vertex 47.45 -0.549999 0
    endloop
  endfacet
  facet normal -0 0 -1
    outer loop
      vertex 47.45 0.549999 0
      vertex 44.55 -0.549999 0
      vertex 44.55 0.549999 0
    endloop
  endfacet
  facet normal 0 0 -1
    outer loop
      vertex 44.55 -4.55 0
      vertex 47.45 -3.45 0
      vertex 47.45 -4.55 0
    endloop
  endfacet
  facet normal -0 0 -1
    outer loop
      vertex 47.45 -3.45 0
      vertex 44.55 -4.55 0
      vertex 44.55 -3.45 0
    endloop
  endfacet
  facet normal 0 0 -1
    outer loop
      vertex 44.55 -8.55 0
      vertex 47.45 -7.45 0
      vertex 47.45 -8.55 0
    endloop
  endfacet
  facet normal -0 0 -1
    outer loop
      vertex 47.45 -7.45 0
      vertex 44.55 -8.55 0
      vertex 44.55 -7.45 0
    endloop
  endfacet
  facet normal 0 0 -1
    outer loop
      vertex 44.55 -12.55 0
      vertex 47.45 -11.45 0
      vertex 47.45 -12.55 0
    endloop
  endfacet
  facet normal -0 0 -1
    outer loop
      vertex 47.45 -11.45 0
      vertex 44.55 -12.55 0
      vertex 44.55 -11.45 0
    endloop
  endfacet
  facet normal 0 0 -1
    outer loop
      vertex 48.55 11.45 0
      vertex 51.45 12.55 0
      vertex 51.45 11.45 0
    endloop
  endfacet
  facet normal -0 0 -1
    outer loop
      vertex 51.45 12.55 0
      vertex 48.55 11.45 0
      vertex 48.55 12.55 0
    endloop
  endfacet
  facet normal 0 0 -1
    outer loop
      vertex 48.55 7.45 0
      vertex 51.45 8.55 0
      vertex 51.45 7.45 0
    endloop
  endfacet
  facet normal -0 0 -1
    outer loop
      vertex 51.45 8.55 0
      vertex 48.55 7.45 0
      vertex 48.55 8.55 0
    endloop
  endfacet
  facet normal 0 0 -1
    outer loop
      vertex 48.55 3.45 0
      vertex 51.45 4.55 0
      vertex 51.45 3.45 0
    endloop
  endfacet
  facet normal -0 0 -1
    outer loop
      vertex 51.45 4.55 0
      vertex 48.55 3.45 0
      vertex 48.55 4.55 0
    endloop
  endfacet
  facet normal 0 0 -1
    outer loop
      vertex 48.55 -0.549999 0
      vertex 51.45 0.549999 0
      vertex 51.45 -0.549999 0
    endloop
  endfacet
  facet normal -0 0 -1
    outer loop
      vertex 51.45 0.549999 0
      vertex 48.55 -0.549999 0
      vertex 48.55 0.549999 0
    endloop
  endfacet
  facet normal 0 0 -1
    outer loop
      vertex 48.55 -4.55 0
      vertex 51.45 -3.45 0
      vertex 51.45 -4.55 0
    endloop
  endfacet
  facet normal -0 0 -1
    outer loop
      vertex 51.45 -3.45 0
      vertex 48.55 -4.55 0
      vertex 48.55 -3.45 0
    endloop
  endfacet
  facet normal 0 0 -1
    outer loop
      vertex 48.55 -8.55 0
      vertex 51.45 -7.45 0
      vertex 51.45 -8.55 0
    endloop
  endfacet
  facet normal -0 0 -1
    outer loop
      vertex 51.45 -7.45 0
      vertex 48.55 -8.55 0
      vertex 48.55 -7.45 0
    endloop
  endfacet
  facet normal 0 0 -1
    outer loop
      vertex 48.55 -12.55 0
      vertex 51.45 -11.45 0
      vertex 51.45 -12.55 0
    endloop
  endfacet
  facet normal -0 0 -1
    outer loop
      vertex 51.45 -11.45 0
      vertex 48.55 -12.55 0
      vertex 48.55 -11.45 0
    endloop
  endfacet
  facet normal 0 0 -1
    outer loop
      vertex 52.55 11.45 0
      vertex 55.45 12.55 0
      vertex 55.45 11.45 0
    endloop
  endfacet
  facet normal -0 0 -1
    outer loop
      vertex 55.45 12.55 0
      vertex 52.55 11.45 0
      vertex 52.55 12.55 0
    endloop
  endfacet
  facet normal 0 0 -1
    outer loop
      vertex 52.55 7.45 0
      vertex 55.45 8.55 0
      vertex 55.45 7.45 0
    endloop
  endfacet
  facet normal -0 0 -1
    outer loop
      vertex 55.45 8.55 0
      vertex 52.55 7.45 0
      vertex 52.55 8.55 0
    endloop
  endfacet
  facet normal 0 0 -1
    outer loop
      vertex 52.55 3.45 0
      vertex 55.45 4.55 0
      vertex 55.45 3.45 0
    endloop
  endfacet
  facet normal -0 0 -1
    outer loop
      vertex 55.45 4.55 0
      vertex 52.55 3.45 0
      vertex 52.55 4.55 0
    endloop
  endfacet
  facet normal 0 0 -1
    outer loop
      vertex 52.55 -0.549999 0
      vertex 55.45 0.549999 0
      vertex 55.45 -0.549999 0
    endloop
  endfacet
  facet normal -0 0 -1
    outer loop
      vertex 55.45 0.549999 0
      vertex 52.55 -0.549999 0
      vertex 52.55 0.549999 0
    endloop
  endfacet
  facet normal 0 0 -1
    outer loop
      vertex 52.55 -4.55 0
      vertex 55.45 -3.45 0
      vertex 55.45 -4.55 0
    endloop
  endfacet
  facet normal -0 0 -1
    outer loop
      vertex 55.45 -3.45 0
      vertex 52.55 -4.55 0
      vertex 52.55 -3.45 0
    endloop
  endfacet
  facet normal 0 0 -1
    outer loop
      vertex 52.55 -8.55 0
      vertex 55.45 -7.45 0
      vertex 55.45 -8.55 0
    endloop
  endfacet
  facet normal -0 0 -1
    outer loop
      vertex 55.45 -7.45 0
      vertex 52.55 -8.55 0
      vertex 52.55 -7.45 0
    endloop
  endfacet
  facet normal 0 0 -1
    outer loop
      vertex 52.55 -12.55 0
      vertex 55.45 -11.45 0
      vertex 55.45 -12.55 0
    endloop
  endfacet
  facet normal -0 0 -1
    outer loop
      vertex 55.45 -11.45 0
      vertex 52.55 -12.55 0
      vertex 52.55 -11.45 0
    endloop
  endfacet
  facet normal 0 0 -1
    outer loop
      vertex 56.55 11.45 0
      vertex 59.45 12.55 0
      vertex 59.45 11.45 0
    endloop
  endfacet
  facet normal -0 0 -1
    outer loop
      vertex 59.45 12.55 0
      vertex 56.55 11.45 0
      vertex 56.55 12.55 0
    endloop
  endfacet
  facet normal 0 0 -1
    outer loop
      vertex 56.55 7.45 0
      vertex 59.45 8.55 0
      vertex 59.45 7.45 0
    endloop
  endfacet
  facet normal -0 0 -1
    outer loop
      vertex 59.45 8.55 0
      vertex 56.55 7.45 0
      vertex 56.55 8.55 0
    endloop
  endfacet
  facet normal 0 0 -1
    outer loop
      vertex 56.55 3.45 0
      vertex 59.45 4.55 0
      vertex 59.45 3.45 0
    endloop
  endfacet
  facet normal -0 0 -1
    outer loop
      vertex 59.45 4.55 0
      vertex 56.55 3.45 0
      vertex 56.55 4.55 0
    endloop
  endfacet
  facet normal 0 0 -1
    outer loop
      vertex 56.55 -0.549999 0
      vertex 59.45 0.549999 0
      vertex 59.45 -0.549999 0
    endloop
  endfacet
  facet normal -0 0 -1
    outer loop
      vertex 59.45 0.549999 0
      vertex 56.55 -0.549999 0
      vertex 56.55 0.549999 0
    endloop
  endfacet
  facet normal 0 0 -1
    outer loop
      vertex 56.55 -4.55 0
      vertex 59.45 -3.45 0
      vertex 59.45 -4.55 0
    endloop
  endfacet
  facet normal -0 0 -1
    outer loop
      vertex 59.45 -3.45 0
      vertex 56.55 -4.55 0
      vertex 56.55 -3.45 0
    endloop
  endfacet
  facet normal 0 0 -1
    outer loop
      vertex 56.55 -8.55 0
      vertex 59.45 -7.45 0
      vertex 59.45 -8.55 0
    endloop
  endfacet
  facet normal -0 0 -1
    outer loop
      vertex 59.45 -7.45 0
      vertex 56.55 -8.55 0
      vertex 56.55 -7.45 0
    endloop
  endfacet
  facet normal 0 0 -1
    outer loop
      vertex 56.55 -12.55 0
      vertex 59.45 -11.45 0
      vertex 59.45 -12.55 0
    endloop
  endfacet
  facet normal -0 0 -1
    outer loop
      vertex 59.45 -11.45 0
      vertex 56.55 -12.55 0
      vertex 56.55 -11.45 0
    endloop
  endfacet
  facet normal 0 0 -1
    outer loop
      vertex 60.55 11.45 0
      vertex 63.45 12.55 0
      vertex 63.45 11.45 0
    endloop
  endfacet
  facet normal -0 0 -1
    outer loop
      vertex 63.45 12.55 0
      vertex 60.55 11.45 0
      vertex 60.55 12.55 0
    endloop
  endfacet
  facet normal 0 0 -1
    outer loop
      vertex 60.55 7.45 0
      vertex 63.45 8.55 0
      vertex 63.45 7.45 0
    endloop
  endfacet
  facet normal -0 0 -1
    outer loop
      vertex 63.45 8.55 0
      vertex 60.55 7.45 0
      vertex 60.55 8.55 0
    endloop
  endfacet
  facet normal 0 0 -1
    outer loop
      vertex 60.55 3.45 0
      vertex 63.45 4.55 0
      vertex 63.45 3.45 0
    endloop
  endfacet
  facet normal -0 0 -1
    outer loop
      vertex 63.45 4.55 0
      vertex 60.55 3.45 0
      vertex 60.55 4.55 0
    endloop
  endfacet
  facet normal 0 0 -1
    outer loop
      vertex 60.55 -0.549999 0
      vertex 63.45 0.549999 0
      vertex 63.45 -0.549999 0
    endloop
  endfacet
  facet normal -0 0 -1
    outer loop
      vertex 63.45 0.549999 0
      vertex 60.55 -0.549999 0
      vertex 60.55 0.549999 0
    endloop
  endfacet
  facet normal 0 0 -1
    outer loop
      vertex 60.55 -4.55 0
      vertex 63.45 -3.45 0
      vertex 63.45 -4.55 0
    endloop
  endfacet
  facet normal -0 0 -1
    outer loop
      vertex 63.45 -3.45 0
      vertex 60.55 -4.55 0
      vertex 60.55 -3.45 0
    endloop
  endfacet
  facet normal 0 0 -1
    outer loop
      vertex 60.55 -8.55 0
      vertex 63.45 -7.45 0
      vertex 63.45 -8.55 0
    endloop
  endfacet
  facet normal -0 0 -1
    outer loop
      vertex 63.45 -7.45 0
      vertex 60.55 -8.55 0
      vertex 60.55 -7.45 0
    endloop
  endfacet
  facet normal 0 0 -1
    outer loop
      vertex 60.55 -12.55 0
      vertex 63.45 -11.45 0
      vertex 63.45 -12.55 0
    endloop
  endfacet
  facet normal -0 0 -1
    outer loop
      vertex 63.45 -11.45 0
      vertex 60.55 -12.55 0
      vertex 60.55 -11.45 0
    endloop
  endfacet
  facet normal 0 0 -1
    outer loop
      vertex 71.4 -18.4 0
      vertex 74.4 -15.4 0
      vertex 74.3743 -15.7916 0
    endloop
  endfacet
  facet normal 0 0 -1
    outer loop
      vertex 74.4 -15.4 0
      vertex 63.45 -0.549999 0
      vertex 74.4 15.4 0
    endloop
  endfacet
  facet normal 0 0 -1
    outer loop
      vertex 71.4 -18.4 0
      vertex 74.3743 -15.7916 0
      vertex 74.2978 -16.1764 0
    endloop
  endfacet
  facet normal 0 0 -1
    outer loop
      vertex 63.45 0.549999 0
      vertex 74.4 15.4 0
      vertex 63.45 -0.549999 0
    endloop
  endfacet
  facet normal 0 0 -1
    outer loop
      vertex 71.4 -18.4 0
      vertex 74.2978 -16.1764 0
      vertex 74.1716 -16.548 0
    endloop
  endfacet
  facet normal 0 0 -1
    outer loop
      vertex 63.45 3.45 0
      vertex 74.4 15.4 0
      vertex 63.45 0.549999 0
    endloop
  endfacet
  facet normal 0 0 -1
    outer loop
      vertex 71.4 -18.4 0
      vertex 74.1716 -16.548 0
      vertex 73.9981 -16.9 0
    endloop
  endfacet
  facet normal 0 0 -1
    outer loop
      vertex 63.45 4.55 0
      vertex 74.4 15.4 0
      vertex 63.45 3.45 0
    endloop
  endfacet
  facet normal 0 0 -1
    outer loop
      vertex 71.4 -18.4 0
      vertex 73.9981 -16.9 0
      vertex 73.78 -17.2263 0
    endloop
  endfacet
  facet normal 0 0 -1
    outer loop
      vertex 63.45 7.45 0
      vertex 74.4 15.4 0
      vertex 63.45 4.55 0
    endloop
  endfacet
  facet normal 0 0 -1
    outer loop
      vertex 71.4 -18.4 0
      vertex 73.78 -17.2263 0
      vertex 73.5213 -17.5213 0
    endloop
  endfacet
  facet normal 0 0 -1
    outer loop
      vertex 63.45 8.55 0
      vertex 74.4 15.4 0
      vertex 63.45 7.45 0
    endloop
  endfacet
  facet normal 0 0 -1
    outer loop
      vertex 71.4 -18.4 0
      vertex 73.5213 -17.5213 0
      vertex 73.2263 -17.78 0
    endloop
  endfacet
  facet normal 0 0 -1
    outer loop
      vertex 63.45 11.45 0
      vertex 74.4 15.4 0
      vertex 63.45 8.55 0
    endloop
  endfacet
  facet normal 0 0 -1
    outer loop
      vertex 71.4 -18.4 0
      vertex 73.2263 -17.78 0
      vertex 72.9 -17.9981 0
    endloop
  endfacet
  facet normal 0 0 -1
    outer loop
      vertex 63.45 12.55 0
      vertex 74.4 15.4 0
      vertex 63.45 11.45 0
    endloop
  endfacet
  facet normal 0 0 -1
    outer loop
      vertex 71.4 -18.4 0
      vertex 72.9 -17.9981 0
      vertex 72.548 -18.1716 0
    endloop
  endfacet
  facet normal 0 -0 -1
    outer loop
      vertex 71.4 18.4 0
      vertex 74.4 15.4 0
      vertex 63.45 12.55 0
    endloop
  endfacet
  facet normal 0 0 -1
    outer loop
      vertex 71.4 -18.4 0
      vertex 72.548 -18.1716 0
      vertex 72.1764 -18.2978 0
    endloop
  endfacet
  facet normal 0 0 -1
    outer loop
      vertex 74.4 15.4 0
      vertex 71.4 18.4 0
      vertex 74.3743 15.7916 0
    endloop
  endfacet
  facet normal 0 0 -1
    outer loop
      vertex 71.4 -18.4 0
      vertex 72.1764 -18.2978 0
      vertex 71.7916 -18.3743 0
    endloop
  endfacet
  facet normal 0 0 -1
    outer loop
      vertex 74.3743 15.7916 0
      vertex 71.4 18.4 0
      vertex 74.2978 16.1764 0
    endloop
  endfacet
  facet normal -0 0 -1
    outer loop
      vertex 74.4 -15.4 0
      vertex 71.4 -18.4 0
      vertex 63.45 -12.55 0
    endloop
  endfacet
  facet normal 0 0 -1
    outer loop
      vertex 74.2978 16.1764 0
      vertex 71.4 18.4 0
      vertex 74.1716 16.548 0
    endloop
  endfacet
  facet normal 0 0 -1
    outer loop
      vertex 63.45 -12.55 0
      vertex 71.4 -18.4 0
      vertex 63.45 -15.45 0
    endloop
  endfacet
  facet normal 0 0 -1
    outer loop
      vertex 71.4 -18.4 0
      vertex 60.55 -15.45 0
      vertex 63.45 -15.45 0
    endloop
  endfacet
  facet normal 0 0 -1
    outer loop
      vertex 59.45 -12.55 0
      vertex 60.55 -12.55 0
      vertex 60.55 -15.45 0
    endloop
  endfacet
  facet normal 0 0 -1
    outer loop
      vertex 60.55 -12.55 0
      vertex 59.45 -12.55 0
      vertex 60.55 -11.45 0
    endloop
  endfacet
  facet normal 0 0 -1
    outer loop
      vertex 60.55 -11.45 0
      vertex 59.45 -11.45 0
      vertex 60.55 -8.55 0
    endloop
  endfacet
  facet normal 0 0 -1
    outer loop
      vertex 59.45 -8.55 0
      vertex 60.55 -8.55 0
      vertex 59.45 -11.45 0
    endloop
  endfacet
  facet normal 0 0 -1
    outer loop
      vertex 59.45 -7.45 0
      vertex 60.55 -7.45 0
      vertex 59.45 -8.55 0
    endloop
  endfacet
  facet normal 0 0 -1
    outer loop
      vertex 60.55 -7.45 0
      vertex 59.45 -7.45 0
      vertex 60.55 -4.55 0
    endloop
  endfacet
  facet normal 0 0 -1
    outer loop
      vertex 60.55 -4.55 0
      vertex 59.45 -4.55 0
      vertex 60.55 -3.45 0
    endloop
  endfacet
  facet normal 0 0 -1
    outer loop
      vertex 59.45 -3.45 0
      vertex 60.55 -3.45 0
      vertex 59.45 -4.55 0
    endloop
  endfacet
  facet normal 0 0 -1
    outer loop
      vertex 59.45 -0.549999 0
      vertex 60.55 -0.549999 0
      vertex 59.45 -3.45 0
    endloop
  endfacet
  facet normal 0 0 -1
    outer loop
      vertex 60.55 -0.549999 0
      vertex 59.45 -0.549999 0
      vertex 60.55 0.549999 0
    endloop
  endfacet
  facet normal 0 0 -1
    outer loop
      vertex 60.55 0.549999 0
      vertex 59.45 0.549999 0
      vertex 60.55 3.45 0
    endloop
  endfacet
  facet normal 0 0 -1
    outer loop
      vertex 59.45 3.45 0
      vertex 60.55 3.45 0
      vertex 59.45 0.549999 0
    endloop
  endfacet
  facet normal 0 0 -1
    outer loop
      vertex 59.45 4.55 0
      vertex 60.55 4.55 0
      vertex 59.45 3.45 0
    endloop
  endfacet
  facet normal 0 0 -1
    outer loop
      vertex 60.55 4.55 0
      vertex 59.45 4.55 0
      vertex 60.55 7.45 0
    endloop
  endfacet
  facet normal 0 0 -1
    outer loop
      vertex 59.45 -12.55 0
      vertex 60.55 -15.45 0
      vertex 59.45 -15.45 0
    endloop
  endfacet
  facet normal 0 0 -1
    outer loop
      vertex 71.4 -18.4 0
      vertex 59.45 -15.45 0
      vertex 60.55 -15.45 0
    endloop
  endfacet
  facet normal 0 0 -1
    outer loop
      vertex 71.4 -18.4 0
      vertex 56.55 -15.45 0
      vertex 59.45 -15.45 0
    endloop
  endfacet
  facet normal 0 0 -1
    outer loop
      vertex 55.45 -12.55 0
      vertex 56.55 -12.55 0
      vertex 56.55 -15.45 0
    endloop
  endfacet
  facet normal 0 0 -1
    outer loop
      vertex 56.55 -12.55 0
      vertex 55.45 -12.55 0
      vertex 56.55 -11.45 0
    endloop
  endfacet
  facet normal 0 0 -1
    outer loop
      vertex 56.55 -11.45 0
      vertex 55.45 -11.45 0
      vertex 56.55 -8.55 0
    endloop
  endfacet
  facet normal 0 0 -1
    outer loop
      vertex 55.45 -8.55 0
      vertex 56.55 -8.55 0
      vertex 55.45 -11.45 0
    endloop
  endfacet
  facet normal 0 0 -1
    outer loop
      vertex 55.45 -7.45 0
      vertex 56.55 -7.45 0
      vertex 55.45 -8.55 0
    endloop
  endfacet
  facet normal 0 0 -1
    outer loop
      vertex 56.55 -7.45 0
      vertex 55.45 -7.45 0
      vertex 56.55 -4.55 0
    endloop
  endfacet
  facet normal 0 0 -1
    outer loop
      vertex 56.55 -4.55 0
      vertex 55.45 -4.55 0
      vertex 56.55 -3.45 0
    endloop
  endfacet
  facet normal 0 0 -1
    outer loop
      vertex 55.45 -3.45 0
      vertex 56.55 -3.45 0
      vertex 55.45 -4.55 0
    endloop
  endfacet
  facet normal 0 0 -1
    outer loop
      vertex 55.45 -0.549999 0
      vertex 56.55 -0.549999 0
      vertex 55.45 -3.45 0
    endloop
  endfacet
  facet normal 0 0 -1
    outer loop
      vertex 56.55 -0.549999 0
      vertex 55.45 -0.549999 0
      vertex 56.55 0.549999 0
    endloop
  endfacet
  facet normal 0 0 -1
    outer loop
      vertex 56.55 0.549999 0
      vertex 55.45 0.549999 0
      vertex 56.55 3.45 0
    endloop
  endfacet
  facet normal 0 0 -1
    outer loop
      vertex 55.45 3.45 0
      vertex 56.55 3.45 0
      vertex 55.45 0.549999 0
    endloop
  endfacet
  facet normal 0 0 -1
    outer loop
      vertex 55.45 4.55 0
      vertex 56.55 4.55 0
      vertex 55.45 3.45 0
    endloop
  endfacet
  facet normal 0 0 -1
    outer loop
      vertex 56.55 4.55 0
      vertex 55.45 4.55 0
      vertex 56.55 7.45 0
    endloop
  endfacet
  facet normal 0 0 -1
    outer loop
      vertex 55.45 -12.55 0
      vertex 56.55 -15.45 0
      vertex 55.45 -15.45 0
    endloop
  endfacet
  facet normal 0 0 -1
    outer loop
      vertex 71.4 -18.4 0
      vertex 55.45 -15.45 0
      vertex 56.55 -15.45 0
    endloop
  endfacet
  facet normal 0 0 -1
    outer loop
      vertex 71.4 -18.4 0
      vertex 52.55 -15.45 0
      vertex 55.45 -15.45 0
    endloop
  endfacet
  facet normal 0 0 -1
    outer loop
      vertex 51.45 -12.55 0
      vertex 52.55 -12.55 0
      vertex 52.55 -15.45 0
    endloop
  endfacet
  facet normal 0 0 -1
    outer loop
      vertex 52.55 -12.55 0
      vertex 51.45 -12.55 0
      vertex 52.55 -11.45 0
    endloop
  endfacet
  facet normal 0 0 -1
    outer loop
      vertex 52.55 -11.45 0
      vertex 51.45 -11.45 0
      vertex 52.55 -8.55 0
    endloop
  endfacet
  facet normal 0 0 -1
    outer loop
      vertex 51.45 -8.55 0
      vertex 52.55 -8.55 0
      vertex 51.45 -11.45 0
    endloop
  endfacet
  facet normal 0 0 -1
    outer loop
      vertex 51.45 -7.45 0
      vertex 52.55 -7.45 0
      vertex 51.45 -8.55 0
    endloop
  endfacet
  facet normal 0 0 -1
    outer loop
      vertex 52.55 -7.45 0
      vertex 51.45 -7.45 0
      vertex 52.55 -4.55 0
    endloop
  endfacet
  facet normal 0 0 -1
    outer loop
      vertex 52.55 -4.55 0
      vertex 51.45 -4.55 0
      vertex 52.55 -3.45 0
    endloop
  endfacet
  facet normal 0 0 -1
    outer loop
      vertex 51.45 -3.45 0
      vertex 52.55 -3.45 0
      vertex 51.45 -4.55 0
    endloop
  endfacet
  facet normal 0 0 -1
    outer loop
      vertex 51.45 -0.549999 0
      vertex 52.55 -0.549999 0
      vertex 51.45 -3.45 0
    endloop
  endfacet
  facet normal 0 0 -1
    outer loop
      vertex 52.55 -0.549999 0
      vertex 51.45 -0.549999 0
      vertex 52.55 0.549999 0
    endloop
  endfacet
  facet normal 0 0 -1
    outer loop
      vertex 52.55 0.549999 0
      vertex 51.45 0.549999 0
      vertex 52.55 3.45 0
    endloop
  endfacet
  facet normal 0 0 -1
    outer loop
      vertex 51.45 3.45 0
      vertex 52.55 3.45 0
      vertex 51.45 0.549999 0
    endloop
  endfacet
  facet normal 0 0 -1
    outer loop
      vertex 51.45 4.55 0
      vertex 52.55 4.55 0
      vertex 51.45 3.45 0
    endloop
  endfacet
  facet normal 0 0 -1
    outer loop
      vertex 52.55 4.55 0
      vertex 51.45 4.55 0
      vertex 52.55 7.45 0
    endloop
  endfacet
  facet normal 0 0 -1
    outer loop
      vertex 51.45 -12.55 0
      vertex 52.55 -15.45 0
      vertex 51.45 -15.45 0
    endloop
  endfacet
  facet normal 0 0 -1
    outer loop
      vertex 71.4 -18.4 0
      vertex 51.45 -15.45 0
      vertex 52.55 -15.45 0
    endloop
  endfacet
  facet normal 0 0 -1
    outer loop
      vertex 71.4 -18.4 0
      vertex 48.55 -15.45 0
      vertex 51.45 -15.45 0
    endloop
  endfacet
  facet normal 0 0 -1
    outer loop
      vertex 47.45 -12.55 0
      vertex 48.55 -12.55 0
      vertex 48.55 -15.45 0
    endloop
  endfacet
  facet normal 0 0 -1
    outer loop
      vertex 48.55 -12.55 0
      vertex 47.45 -12.55 0
      vertex 48.55 -11.45 0
    endloop
  endfacet
  facet normal 0 0 -1
    outer loop
      vertex 48.55 -11.45 0
      vertex 47.45 -11.45 0
      vertex 48.55 -8.55 0
    endloop
  endfacet
  facet normal 0 0 -1
    outer loop
      vertex 47.45 -8.55 0
      vertex 48.55 -8.55 0
      vertex 47.45 -11.45 0
    endloop
  endfacet
  facet normal 0 0 -1
    outer loop
      vertex 47.45 -7.45 0
      vertex 48.55 -7.45 0
      vertex 47.45 -8.55 0
    endloop
  endfacet
  facet normal 0 0 -1
    outer loop
      vertex 48.55 -7.45 0
      vertex 47.45 -7.45 0
      vertex 48.55 -4.55 0
    endloop
  endfacet
  facet normal 0 0 -1
    outer loop
      vertex 48.55 -4.55 0
      vertex 47.45 -4.55 0
      vertex 48.55 -3.45 0
    endloop
  endfacet
  facet normal 0 0 -1
    outer loop
      vertex 47.45 -3.45 0
      vertex 48.55 -3.45 0
      vertex 47.45 -4.55 0
    endloop
  endfacet
  facet normal 0 0 -1
    outer loop
      vertex 47.45 -0.549999 0
      vertex 48.55 -0.549999 0
      vertex 47.45 -3.45 0
    endloop
  endfacet
  facet normal 0 0 -1
    outer loop
      vertex 48.55 -0.549999 0
      vertex 47.45 -0.549999 0
      vertex 48.55 0.549999 0
    endloop
  endfacet
  facet normal 0 0 -1
    outer loop
      vertex 48.55 0.549999 0
      vertex 47.45 0.549999 0
      vertex 48.55 3.45 0
    endloop
  endfacet
  facet normal 0 0 -1
    outer loop
      vertex 47.45 3.45 0
      vertex 48.55 3.45 0
      vertex 47.45 0.549999 0
    endloop
  endfacet
  facet normal 0 0 -1
    outer loop
      vertex 47.45 4.55 0
      vertex 48.55 4.55 0
      vertex 47.45 3.45 0
    endloop
  endfacet
  facet normal 0 0 -1
    outer loop
      vertex 48.55 4.55 0
      vertex 47.45 4.55 0
      vertex 48.55 7.45 0
    endloop
  endfacet
  facet normal 0 0 -1
    outer loop
      vertex 47.45 -12.55 0
      vertex 48.55 -15.45 0
      vertex 47.45 -15.45 0
    endloop
  endfacet
  facet normal 0 0 -1
    outer loop
      vertex 71.4 -18.4 0
      vertex 47.45 -15.45 0
      vertex 48.55 -15.45 0
    endloop
  endfacet
  facet normal 0 0 -1
    outer loop
      vertex 71.4 -18.4 0
      vertex 44.55 -15.45 0
      vertex 47.45 -15.45 0
    endloop
  endfacet
  facet normal 0 0 -1
    outer loop
      vertex 43.45 -12.55 0
      vertex 44.55 -12.55 0
      vertex 44.55 -15.45 0
    endloop
  endfacet
  facet normal 0 0 -1
    outer loop
      vertex 44.55 -12.55 0
      vertex 43.45 -12.55 0
      vertex 44.55 -11.45 0
    endloop
  endfacet
  facet normal 0 0 -1
    outer loop
      vertex 44.55 -11.45 0
      vertex 43.45 -11.45 0
      vertex 44.55 -8.55 0
    endloop
  endfacet
  facet normal 0 0 -1
    outer loop
      vertex 43.45 -8.55 0
      vertex 44.55 -8.55 0
      vertex 43.45 -11.45 0
    endloop
  endfacet
  facet normal 0 0 -1
    outer loop
      vertex 43.45 -7.45 0
      vertex 44.55 -7.45 0
      vertex 43.45 -8.55 0
    endloop
  endfacet
  facet normal 0 0 -1
    outer loop
      vertex 44.55 -7.45 0
      vertex 43.45 -7.45 0
      vertex 44.55 -4.55 0
    endloop
  endfacet
  facet normal 0 0 -1
    outer loop
      vertex 44.55 -4.55 0
      vertex 43.45 -4.55 0
      vertex 44.55 -3.45 0
    endloop
  endfacet
  facet normal 0 0 -1
    outer loop
      vertex 43.45 -3.45 0
      vertex 44.55 -3.45 0
      vertex 43.45 -4.55 0
    endloop
  endfacet
  facet normal 0 0 -1
    outer loop
      vertex 43.45 -0.549999 0
      vertex 44.55 -0.549999 0
      vertex 43.45 -3.45 0
    endloop
  endfacet
  facet normal 0 0 -1
    outer loop
      vertex 44.55 -0.549999 0
      vertex 43.45 -0.549999 0
      vertex 44.55 0.549999 0
    endloop
  endfacet
  facet normal 0 0 -1
    outer loop
      vertex 44.55 0.549999 0
      vertex 43.45 0.549999 0
      vertex 44.55 3.45 0
    endloop
  endfacet
  facet normal 0 0 -1
    outer loop
      vertex 43.45 3.45 0
      vertex 44.55 3.45 0
      vertex 43.45 0.549999 0
    endloop
  endfacet
  facet normal 0 0 -1
    outer loop
      vertex 43.45 4.55 0
      vertex 44.55 4.55 0
      vertex 43.45 3.45 0
    endloop
  endfacet
  facet normal 0 0 -1
    outer loop
      vertex 44.55 4.55 0
      vertex 43.45 4.55 0
      vertex 44.55 7.45 0
    endloop
  endfacet
  facet normal 0 0 -1
    outer loop
      vertex 43.45 -12.55 0
      vertex 44.55 -15.45 0
      vertex 43.45 -15.45 0
    endloop
  endfacet
  facet normal 0 0 -1
    outer loop
      vertex 71.4 -18.4 0
      vertex 43.45 -15.45 0
      vertex 44.55 -15.45 0
    endloop
  endfacet
  facet normal 0 0 -1
    outer loop
      vertex 71.4 -18.4 0
      vertex 40.55 -15.45 0
      vertex 43.45 -15.45 0
    endloop
  endfacet
  facet normal 0 0 -1
    outer loop
      vertex 39.45 -12.55 0
      vertex 40.55 -12.55 0
      vertex 40.55 -15.45 0
    endloop
  endfacet
  facet normal 0 0 -1
    outer loop
      vertex 40.55 -12.55 0
      vertex 39.45 -12.55 0
      vertex 40.55 -11.45 0
    endloop
  endfacet
  facet normal 0 0 -1
    outer loop
      vertex 40.55 -11.45 0
      vertex 39.45 -11.45 0
      vertex 40.55 -8.55 0
    endloop
  endfacet
  facet normal 0 0 -1
    outer loop
      vertex 39.45 -8.55 0
      vertex 40.55 -8.55 0
      vertex 39.45 -11.45 0
    endloop
  endfacet
  facet normal 0 0 -1
    outer loop
      vertex 39.45 -7.45 0
      vertex 40.55 -7.45 0
      vertex 39.45 -8.55 0
    endloop
  endfacet
  facet normal 0 0 -1
    outer loop
      vertex 40.55 -7.45 0
      vertex 39.45 -7.45 0
      vertex 40.55 -4.55 0
    endloop
  endfacet
  facet normal 0 0 -1
    outer loop
      vertex 40.55 -4.55 0
      vertex 39.45 -4.55 0
      vertex 40.55 -3.45 0
    endloop
  endfacet
  facet normal 0 0 -1
    outer loop
      vertex 39.45 -3.45 0
      vertex 40.55 -3.45 0
      vertex 39.45 -4.55 0
    endloop
  endfacet
  facet normal 0 0 -1
    outer loop
      vertex 39.45 -0.549999 0
      vertex 40.55 -0.549999 0
      vertex 39.45 -3.45 0
    endloop
  endfacet
  facet normal 0 0 -1
    outer loop
      vertex 40.55 -0.549999 0
      vertex 39.45 -0.549999 0
      vertex 40.55 0.549999 0
    endloop
  endfacet
  facet normal 0 0 -1
    outer loop
      vertex 40.55 0.549999 0
      vertex 39.45 0.549999 0
      vertex 40.55 3.45 0
    endloop
  endfacet
  facet normal 0 0 -1
    outer loop
      vertex 39.45 3.45 0
      vertex 40.55 3.45 0
      vertex 39.45 0.549999 0
    endloop
  endfacet
  facet normal 0 0 -1
    outer loop
      vertex 39.45 4.55 0
      vertex 40.55 4.55 0
      vertex 39.45 3.45 0
    endloop
  endfacet
  facet normal 0 0 -1
    outer loop
      vertex 40.55 4.55 0
      vertex 39.45 4.55 0
      vertex 40.55 7.45 0
    endloop
  endfacet
  facet normal 0 0 -1
    outer loop
      vertex 39.45 -12.55 0
      vertex 40.55 -15.45 0
      vertex 39.45 -15.45 0
    endloop
  endfacet
  facet normal 0 0 -1
    outer loop
      vertex 71.4 -18.4 0
      vertex 39.45 -15.45 0
      vertex 40.55 -15.45 0
    endloop
  endfacet
  facet normal 0 0 -1
    outer loop
      vertex 71.4 -18.4 0
      vertex 36.55 -15.45 0
      vertex 39.45 -15.45 0
    endloop
  endfacet
  facet normal 0 0 -1
    outer loop
      vertex 35.45 -12.55 0
      vertex 36.55 -12.55 0
      vertex 36.55 -15.45 0
    endloop
  endfacet
  facet normal 0 0 -1
    outer loop
      vertex 36.55 -12.55 0
      vertex 35.45 -12.55 0
      vertex 36.55 -11.45 0
    endloop
  endfacet
  facet normal 0 0 -1
    outer loop
      vertex 36.55 -11.45 0
      vertex 35.45 -11.45 0
      vertex 36.55 -8.55 0
    endloop
  endfacet
  facet normal 0 0 -1
    outer loop
      vertex 35.45 -8.55 0
      vertex 36.55 -8.55 0
      vertex 35.45 -11.45 0
    endloop
  endfacet
  facet normal 0 0 -1
    outer loop
      vertex 35.45 -7.45 0
      vertex 36.55 -7.45 0
      vertex 35.45 -8.55 0
    endloop
  endfacet
  facet normal 0 0 -1
    outer loop
      vertex 36.55 -7.45 0
      vertex 35.45 -7.45 0
      vertex 36.55 -4.55 0
    endloop
  endfacet
  facet normal 0 0 -1
    outer loop
      vertex 36.55 -4.55 0
      vertex 35.45 -4.55 0
      vertex 36.55 -3.45 0
    endloop
  endfacet
  facet normal 0 0 -1
    outer loop
      vertex 35.45 -3.45 0
      vertex 36.55 -3.45 0
      vertex 35.45 -4.55 0
    endloop
  endfacet
  facet normal 0 0 -1
    outer loop
      vertex 35.45 -0.549999 0
      vertex 36.55 -0.549999 0
      vertex 35.45 -3.45 0
    endloop
  endfacet
  facet normal 0 0 -1
    outer loop
      vertex 36.55 -0.549999 0
      vertex 35.45 -0.549999 0
      vertex 36.55 0.549999 0
    endloop
  endfacet
  facet normal 0 0 -1
    outer loop
      vertex 36.55 0.549999 0
      vertex 35.45 0.549999 0
      vertex 36.55 3.45 0
    endloop
  endfacet
  facet normal 0 0 -1
    outer loop
      vertex 35.45 3.45 0
      vertex 36.55 3.45 0
      vertex 35.45 0.549999 0
    endloop
  endfacet
  facet normal 0 0 -1
    outer loop
      vertex 35.45 4.55 0
      vertex 36.55 4.55 0
      vertex 35.45 3.45 0
    endloop
  endfacet
  facet normal 0 0 -1
    outer loop
      vertex 36.55 4.55 0
      vertex 35.45 4.55 0
      vertex 36.55 7.45 0
    endloop
  endfacet
  facet normal 0 0 -1
    outer loop
      vertex 35.45 -12.55 0
      vertex 36.55 -15.45 0
      vertex 35.45 -15.45 0
    endloop
  endfacet
  facet normal 0 0 -1
    outer loop
      vertex 71.4 -18.4 0
      vertex 35.45 -15.45 0
      vertex 36.55 -15.45 0
    endloop
  endfacet
  facet normal 0 0 -1
    outer loop
      vertex 71.4 -18.4 0
      vertex 32.55 -15.45 0
      vertex 35.45 -15.45 0
    endloop
  endfacet
  facet normal 0 0 -1
    outer loop
      vertex 31.45 -12.55 0
      vertex 32.55 -12.55 0
      vertex 32.55 -15.45 0
    endloop
  endfacet
  facet normal 0 0 -1
    outer loop
      vertex 32.55 -12.55 0
      vertex 31.45 -12.55 0
      vertex 32.55 -11.45 0
    endloop
  endfacet
  facet normal 0 0 -1
    outer loop
      vertex 32.55 -11.45 0
      vertex 31.45 -11.45 0
      vertex 32.55 -8.55 0
    endloop
  endfacet
  facet normal 0 0 -1
    outer loop
      vertex 31.45 -8.55 0
      vertex 32.55 -8.55 0
      vertex 31.45 -11.45 0
    endloop
  endfacet
  facet normal 0 0 -1
    outer loop
      vertex 31.45 -7.45 0
      vertex 32.55 -7.45 0
      vertex 31.45 -8.55 0
    endloop
  endfacet
  facet normal 0 0 -1
    outer loop
      vertex 32.55 -7.45 0
      vertex 31.45 -7.45 0
      vertex 32.55 -4.55 0
    endloop
  endfacet
  facet normal 0 0 -1
    outer loop
      vertex 32.55 -4.55 0
      vertex 31.45 -4.55 0
      vertex 32.55 -3.45 0
    endloop
  endfacet
  facet normal 0 0 -1
    outer loop
      vertex 31.45 -3.45 0
      vertex 32.55 -3.45 0
      vertex 31.45 -4.55 0
    endloop
  endfacet
  facet normal 0 0 -1
    outer loop
      vertex 31.45 -0.549999 0
      vertex 32.55 -0.549999 0
      vertex 31.45 -3.45 0
    endloop
  endfacet
  facet normal 0 0 -1
    outer loop
      vertex 32.55 -0.549999 0
      vertex 31.45 -0.549999 0
      vertex 32.55 0.549999 0
    endloop
  endfacet
  facet normal 0 0 -1
    outer loop
      vertex 32.55 0.549999 0
      vertex 31.45 0.549999 0
      vertex 32.55 3.45 0
    endloop
  endfacet
  facet normal 0 0 -1
    outer loop
      vertex 31.45 3.45 0
      vertex 32.55 3.45 0
      vertex 31.45 0.549999 0
    endloop
  endfacet
  facet normal 0 0 -1
    outer loop
      vertex 31.45 4.55 0
      vertex 32.55 4.55 0
      vertex 31.45 3.45 0
    endloop
  endfacet
  facet normal 0 0 -1
    outer loop
      vertex 32.55 4.55 0
      vertex 31.45 4.55 0
      vertex 32.55 7.45 0
    endloop
  endfacet
  facet normal 0 0 -1
    outer loop
      vertex 31.45 -12.55 0
      vertex 32.55 -15.45 0
      vertex 31.45 -15.45 0
    endloop
  endfacet
  facet normal 0 0 -1
    outer loop
      vertex 71.4 -18.4 0
      vertex 31.45 -15.45 0
      vertex 32.55 -15.45 0
    endloop
  endfacet
  facet normal 0 0 -1
    outer loop
      vertex 71.4 -18.4 0
      vertex 28.55 -15.45 0
      vertex 31.45 -15.45 0
    endloop
  endfacet
  facet normal 0 0 -1
    outer loop
      vertex 27.45 -12.55 0
      vertex 28.55 -12.55 0
      vertex 28.55 -15.45 0
    endloop
  endfacet
  facet normal 0 0 -1
    outer loop
      vertex 28.55 -12.55 0
      vertex 27.45 -12.55 0
      vertex 28.55 -11.45 0
    endloop
  endfacet
  facet normal 0 0 -1
    outer loop
      vertex 28.55 -11.45 0
      vertex 27.45 -11.45 0
      vertex 28.55 -8.55 0
    endloop
  endfacet
  facet normal 0 0 -1
    outer loop
      vertex 27.45 -8.55 0
      vertex 28.55 -8.55 0
      vertex 27.45 -11.45 0
    endloop
  endfacet
  facet normal 0 0 -1
    outer loop
      vertex 27.45 -7.45 0
      vertex 28.55 -7.45 0
      vertex 27.45 -8.55 0
    endloop
  endfacet
  facet normal 0 0 -1
    outer loop
      vertex 28.55 -7.45 0
      vertex 27.45 -7.45 0
      vertex 28.55 -4.55 0
    endloop
  endfacet
  facet normal 0 0 -1
    outer loop
      vertex 28.55 -4.55 0
      vertex 27.45 -4.55 0
      vertex 28.55 -3.45 0
    endloop
  endfacet
  facet normal 0 0 -1
    outer loop
      vertex 27.45 -3.45 0
      vertex 28.55 -3.45 0
      vertex 27.45 -4.55 0
    endloop
  endfacet
  facet normal 0 0 -1
    outer loop
      vertex 27.45 -0.549999 0
      vertex 28.55 -0.549999 0
      vertex 27.45 -3.45 0
    endloop
  endfacet
  facet normal 0 0 -1
    outer loop
      vertex 28.55 -0.549999 0
      vertex 27.45 -0.549999 0
      vertex 28.55 0.549999 0
    endloop
  endfacet
  facet normal 0 0 -1
    outer loop
      vertex 28.55 0.549999 0
      vertex 27.45 0.549999 0
      vertex 28.55 3.45 0
    endloop
  endfacet
  facet normal 0 0 -1
    outer loop
      vertex 27.45 3.45 0
      vertex 28.55 3.45 0
      vertex 27.45 0.549999 0
    endloop
  endfacet
  facet normal 0 0 -1
    outer loop
      vertex 27.45 4.55 0
      vertex 28.55 4.55 0
      vertex 27.45 3.45 0
    endloop
  endfacet
  facet normal 0 0 -1
    outer loop
      vertex 28.55 4.55 0
      vertex 27.45 4.55 0
      vertex 28.55 7.45 0
    endloop
  endfacet
  facet normal 0 0 -1
    outer loop
      vertex 27.45 -12.55 0
      vertex 28.55 -15.45 0
      vertex 27.45 -15.45 0
    endloop
  endfacet
  facet normal 0 0 -1
    outer loop
      vertex 71.4 -18.4 0
      vertex 27.45 -15.45 0
      vertex 28.55 -15.45 0
    endloop
  endfacet
  facet normal 0 0 -1
    outer loop
      vertex 71.4 -18.4 0
      vertex 24.55 -15.45 0
      vertex 27.45 -15.45 0
    endloop
  endfacet
  facet normal 0 0 -1
    outer loop
      vertex 23.45 -12.55 0
      vertex 24.55 -12.55 0
      vertex 24.55 -15.45 0
    endloop
  endfacet
  facet normal 0 0 -1
    outer loop
      vertex 24.55 -12.55 0
      vertex 23.45 -12.55 0
      vertex 24.55 -11.45 0
    endloop
  endfacet
  facet normal 0 0 -1
    outer loop
      vertex 24.55 -11.45 0
      vertex 23.45 -11.45 0
      vertex 24.55 -8.55 0
    endloop
  endfacet
  facet normal 0 0 -1
    outer loop
      vertex 23.45 -8.55 0
      vertex 24.55 -8.55 0
      vertex 23.45 -11.45 0
    endloop
  endfacet
  facet normal 0 0 -1
    outer loop
      vertex 23.45 -7.45 0
      vertex 24.55 -7.45 0
      vertex 23.45 -8.55 0
    endloop
  endfacet
  facet normal 0 0 -1
    outer loop
      vertex 24.55 -7.45 0
      vertex 23.45 -7.45 0
      vertex 24.55 -4.55 0
    endloop
  endfacet
  facet normal 0 0 -1
    outer loop
      vertex 24.55 -4.55 0
      vertex 23.45 -4.55 0
      vertex 24.55 -3.45 0
    endloop
  endfacet
  facet normal 0 0 -1
    outer loop
      vertex 23.45 -3.45 0
      vertex 24.55 -3.45 0
      vertex 23.45 -4.55 0
    endloop
  endfacet
  facet normal 0 0 -1
    outer loop
      vertex 23.45 -0.549999 0
      vertex 24.55 -0.549999 0
      vertex 23.45 -3.45 0
    endloop
  endfacet
  facet normal 0 0 -1
    outer loop
      vertex 24.55 -0.549999 0
      vertex 23.45 -0.549999 0
      vertex 24.55 0.549999 0
    endloop
  endfacet
  facet normal 0 0 -1
    outer loop
      vertex 24.55 0.549999 0
      vertex 23.45 0.549999 0
      vertex 24.55 3.45 0
    endloop
  endfacet
  facet normal 0 0 -1
    outer loop
      vertex 23.45 3.45 0
      vertex 24.55 3.45 0
      vertex 23.45 0.549999 0
    endloop
  endfacet
  facet normal 0 0 -1
    outer loop
      vertex 23.45 4.55 0
      vertex 24.55 4.55 0
      vertex 23.45 3.45 0
    endloop
  endfacet
  facet normal 0 0 -1
    outer loop
      vertex 24.55 4.55 0
      vertex 23.45 4.55 0
      vertex 24.55 7.45 0
    endloop
  endfacet
  facet normal 0 0 -1
    outer loop
      vertex 23.45 -12.55 0
      vertex 24.55 -15.45 0
      vertex 23.45 -15.45 0
    endloop
  endfacet
  facet normal 0 0 -1
    outer loop
      vertex 71.4 -18.4 0
      vertex 23.45 -15.45 0
      vertex 24.55 -15.45 0
    endloop
  endfacet
  facet normal 0 0 -1
    outer loop
      vertex 71.4 -18.4 0
      vertex 20.55 -15.45 0
      vertex 23.45 -15.45 0
    endloop
  endfacet
  facet normal 0 0 -1
    outer loop
      vertex 19.45 -12.55 0
      vertex 20.55 -12.55 0
      vertex 20.55 -15.45 0
    endloop
  endfacet
  facet normal 0 0 -1
    outer loop
      vertex 20.55 -12.55 0
      vertex 19.45 -12.55 0
      vertex 20.55 -11.45 0
    endloop
  endfacet
  facet normal 0 0 -1
    outer loop
      vertex 20.55 -11.45 0
      vertex 19.45 -11.45 0
      vertex 20.55 -8.55 0
    endloop
  endfacet
  facet normal 0 0 -1
    outer loop
      vertex 19.45 -8.55 0
      vertex 20.55 -8.55 0
      vertex 19.45 -11.45 0
    endloop
  endfacet
  facet normal 0 0 -1
    outer loop
      vertex 19.45 -7.45 0
      vertex 20.55 -7.45 0
      vertex 19.45 -8.55 0
    endloop
  endfacet
  facet normal 0 0 -1
    outer loop
      vertex 20.55 -7.45 0
      vertex 19.45 -7.45 0
      vertex 20.55 -4.55 0
    endloop
  endfacet
  facet normal 0 0 -1
    outer loop
      vertex 20.55 -4.55 0
      vertex 19.45 -4.55 0
      vertex 20.55 -3.45 0
    endloop
  endfacet
  facet normal 0 0 -1
    outer loop
      vertex 19.45 -3.45 0
      vertex 20.55 -3.45 0
      vertex 19.45 -4.55 0
    endloop
  endfacet
  facet normal 0 0 -1
    outer loop
      vertex 19.45 -0.549999 0
      vertex 20.55 -0.549999 0
      vertex 19.45 -3.45 0
    endloop
  endfacet
  facet normal 0 0 -1
    outer loop
      vertex 20.55 -0.549999 0
      vertex 19.45 -0.549999 0
      vertex 20.55 0.549999 0
    endloop
  endfacet
  facet normal 0 0 -1
    outer loop
      vertex 20.55 0.549999 0
      vertex 19.45 0.549999 0
      vertex 20.55 3.45 0
    endloop
  endfacet
  facet normal 0 0 -1
    outer loop
      vertex 19.45 3.45 0
      vertex 20.55 3.45 0
      vertex 19.45 0.549999 0
    endloop
  endfacet
  facet normal 0 0 -1
    outer loop
      vertex 19.45 4.55 0
      vertex 20.55 4.55 0
      vertex 19.45 3.45 0
    endloop
  endfacet
  facet normal 0 0 -1
    outer loop
      vertex 20.55 4.55 0
      vertex 19.45 4.55 0
      vertex 20.55 7.45 0
    endloop
  endfacet
  facet normal 0 0 -1
    outer loop
      vertex 19.45 -12.55 0
      vertex 20.55 -15.45 0
      vertex 19.45 -15.45 0
    endloop
  endfacet
  facet normal 0 0 -1
    outer loop
      vertex 71.4 -18.4 0
      vertex 19.45 -15.45 0
      vertex 20.55 -15.45 0
    endloop
  endfacet
  facet normal 0 0 -1
    outer loop
      vertex 71.4 -18.4 0
      vertex 16.55 -15.45 0
      vertex 19.45 -15.45 0
    endloop
  endfacet
  facet normal 0 0 -1
    outer loop
      vertex 15.45 -12.55 0
      vertex 16.55 -12.55 0
      vertex 16.55 -15.45 0
    endloop
  endfacet
  facet normal 0 0 -1
    outer loop
      vertex 16.55 -12.55 0
      vertex 15.45 -12.55 0
      vertex 16.55 -11.45 0
    endloop
  endfacet
  facet normal 0 0 -1
    outer loop
      vertex 16.55 -11.45 0
      vertex 15.45 -11.45 0
      vertex 16.55 -8.55 0
    endloop
  endfacet
  facet normal 0 0 -1
    outer loop
      vertex 15.45 -8.55 0
      vertex 16.55 -8.55 0
      vertex 15.45 -11.45 0
    endloop
  endfacet
  facet normal 0 0 -1
    outer loop
      vertex 15.45 -7.45 0
      vertex 16.55 -7.45 0
      vertex 15.45 -8.55 0
    endloop
  endfacet
  facet normal 0 0 -1
    outer loop
      vertex 16.55 -7.45 0
      vertex 15.45 -7.45 0
      vertex 16.55 -4.55 0
    endloop
  endfacet
  facet normal 0 0 -1
    outer loop
      vertex 16.55 -4.55 0
      vertex 15.45 -4.55 0
      vertex 16.55 -3.45 0
    endloop
  endfacet
  facet normal 0 0 -1
    outer loop
      vertex 15.45 -3.45 0
      vertex 16.55 -3.45 0
      vertex 15.45 -4.55 0
    endloop
  endfacet
  facet normal 0 0 -1
    outer loop
      vertex 15.45 -0.549999 0
      vertex 16.55 -0.549999 0
      vertex 15.45 -3.45 0
    endloop
  endfacet
  facet normal 0 0 -1
    outer loop
      vertex 16.55 -0.549999 0
      vertex 15.45 -0.549999 0
      vertex 16.55 0.549999 0
    endloop
  endfacet
  facet normal 0 0 -1
    outer loop
      vertex 16.55 0.549999 0
      vertex 15.45 0.549999 0
      vertex 16.55 3.45 0
    endloop
  endfacet
  facet normal 0 0 -1
    outer loop
      vertex 15.45 3.45 0
      vertex 16.55 3.45 0
      vertex 15.45 0.549999 0
    endloop
  endfacet
  facet normal 0 0 -1
    outer loop
      vertex 15.45 4.55 0
      vertex 16.55 4.55 0
      vertex 15.45 3.45 0
    endloop
  endfacet
  facet normal 0 0 -1
    outer loop
      vertex 16.55 4.55 0
      vertex 15.45 4.55 0
      vertex 16.55 7.45 0
    endloop
  endfacet
  facet normal 0 0 -1
    outer loop
      vertex 15.45 -12.55 0
      vertex 16.55 -15.45 0
      vertex 15.45 -15.45 0
    endloop
  endfacet
  facet normal 0 0 -1
    outer loop
      vertex 71.4 -18.4 0
      vertex 15.45 -15.45 0
      vertex 16.55 -15.45 0
    endloop
  endfacet
  facet normal 0 0 -1
    outer loop
      vertex 71.4 -18.4 0
      vertex 12.55 -15.45 0
      vertex 15.45 -15.45 0
    endloop
  endfacet
  facet normal 0 0 -1
    outer loop
      vertex 11.45 -12.55 0
      vertex 12.55 -12.55 0
      vertex 12.55 -15.45 0
    endloop
  endfacet
  facet normal 0 0 -1
    outer loop
      vertex 12.55 -12.55 0
      vertex 11.45 -12.55 0
      vertex 12.55 -11.45 0
    endloop
  endfacet
  facet normal 0 0 -1
    outer loop
      vertex 12.55 -11.45 0
      vertex 11.45 -11.45 0
      vertex 12.55 -8.55 0
    endloop
  endfacet
  facet normal 0 0 -1
    outer loop
      vertex 11.45 -8.55 0
      vertex 12.55 -8.55 0
      vertex 11.45 -11.45 0
    endloop
  endfacet
  facet normal 0 0 -1
    outer loop
      vertex 11.45 -7.45 0
      vertex 12.55 -7.45 0
      vertex 11.45 -8.55 0
    endloop
  endfacet
  facet normal 0 0 -1
    outer loop
      vertex 12.55 -7.45 0
      vertex 11.45 -7.45 0
      vertex 12.55 -4.55 0
    endloop
  endfacet
  facet normal 0 0 -1
    outer loop
      vertex 12.55 -4.55 0
      vertex 11.45 -4.55 0
      vertex 12.55 -3.45 0
    endloop
  endfacet
  facet normal 0 0 -1
    outer loop
      vertex 11.45 -3.45 0
      vertex 12.55 -3.45 0
      vertex 11.45 -4.55 0
    endloop
  endfacet
  facet normal 0 0 -1
    outer loop
      vertex 11.45 -0.549999 0
      vertex 12.55 -0.549999 0
      vertex 11.45 -3.45 0
    endloop
  endfacet
  facet normal 0 0 -1
    outer loop
      vertex 12.55 -0.549999 0
      vertex 11.45 -0.549999 0
      vertex 12.55 0.549999 0
    endloop
  endfacet
  facet normal 0 0 -1
    outer loop
      vertex 12.55 0.549999 0
      vertex 11.45 0.549999 0
      vertex 12.55 3.45 0
    endloop
  endfacet
  facet normal 0 0 -1
    outer loop
      vertex 11.45 3.45 0
      vertex 12.55 3.45 0
      vertex 11.45 0.549999 0
    endloop
  endfacet
  facet normal 0 0 -1
    outer loop
      vertex 11.45 4.55 0
      vertex 12.55 4.55 0
      vertex 11.45 3.45 0
    endloop
  endfacet
  facet normal 0 0 -1
    outer loop
      vertex 12.55 4.55 0
      vertex 11.45 4.55 0
      vertex 12.55 7.45 0
    endloop
  endfacet
  facet normal 0 0 -1
    outer loop
      vertex 11.45 -12.55 0
      vertex 12.55 -15.45 0
      vertex 11.45 -15.45 0
    endloop
  endfacet
  facet normal 0 0 -1
    outer loop
      vertex 71.4 -18.4 0
      vertex 11.45 -15.45 0
      vertex 12.55 -15.45 0
    endloop
  endfacet
  facet normal 0 0 -1
    outer loop
      vertex 71.4 -18.4 0
      vertex 8.55 -15.45 0
      vertex 11.45 -15.45 0
    endloop
  endfacet
  facet normal 0 0 -1
    outer loop
      vertex 7.45 -12.55 0
      vertex 8.55 -12.55 0
      vertex 8.55 -15.45 0
    endloop
  endfacet
  facet normal 0 0 -1
    outer loop
      vertex 8.55 -12.55 0
      vertex 7.45 -12.55 0
      vertex 8.55 -11.45 0
    endloop
  endfacet
  facet normal 0 0 -1
    outer loop
      vertex 8.55 -11.45 0
      vertex 7.45 -11.45 0
      vertex 8.55 -8.55 0
    endloop
  endfacet
  facet normal 0 0 -1
    outer loop
      vertex 7.45 -8.55 0
      vertex 8.55 -8.55 0
      vertex 7.45 -11.45 0
    endloop
  endfacet
  facet normal 0 0 -1
    outer loop
      vertex 7.45 -7.45 0
      vertex 8.55 -7.45 0
      vertex 7.45 -8.55 0
    endloop
  endfacet
  facet normal 0 0 -1
    outer loop
      vertex 8.55 -7.45 0
      vertex 7.45 -7.45 0
      vertex 8.55 -4.55 0
    endloop
  endfacet
  facet normal 0 0 -1
    outer loop
      vertex 8.55 -4.55 0
      vertex 7.45 -4.55 0
      vertex 8.55 -3.45 0
    endloop
  endfacet
  facet normal 0 0 -1
    outer loop
      vertex 7.45 -3.45 0
      vertex 8.55 -3.45 0
      vertex 7.45 -4.55 0
    endloop
  endfacet
  facet normal 0 0 -1
    outer loop
      vertex 7.45 -0.549999 0
      vertex 8.55 -0.549999 0
      vertex 7.45 -3.45 0
    endloop
  endfacet
  facet normal 0 0 -1
    outer loop
      vertex 8.55 -0.549999 0
      vertex 7.45 -0.549999 0
      vertex 8.55 0.549999 0
    endloop
  endfacet
  facet normal 0 0 -1
    outer loop
      vertex 8.55 0.549999 0
      vertex 7.45 0.549999 0
      vertex 8.55 3.45 0
    endloop
  endfacet
  facet normal 0 0 -1
    outer loop
      vertex 7.45 3.45 0
      vertex 8.55 3.45 0
      vertex 7.45 0.549999 0
    endloop
  endfacet
  facet normal 0 0 -1
    outer loop
      vertex 7.45 4.55 0
      vertex 8.55 4.55 0
      vertex 7.45 3.45 0
    endloop
  endfacet
  facet normal 0 0 -1
    outer loop
      vertex 8.55 4.55 0
      vertex 7.45 4.55 0
      vertex 8.55 7.45 0
    endloop
  endfacet
  facet normal 0 0 -1
    outer loop
      vertex 7.45 -12.55 0
      vertex 8.55 -15.45 0
      vertex 7.45 -15.45 0
    endloop
  endfacet
  facet normal 0 0 -1
    outer loop
      vertex 71.4 -18.4 0
      vertex 7.45 -15.45 0
      vertex 8.55 -15.45 0
    endloop
  endfacet
  facet normal 0 0 -1
    outer loop
      vertex 71.4 -18.4 0
      vertex 4.55 -15.45 0
      vertex 7.45 -15.45 0
    endloop
  endfacet
  facet normal 0 0 -1
    outer loop
      vertex 3.45 -12.55 0
      vertex 4.55 -12.55 0
      vertex 4.55 -15.45 0
    endloop
  endfacet
  facet normal 0 0 -1
    outer loop
      vertex 4.55 -12.55 0
      vertex 3.45 -12.55 0
      vertex 4.55 -11.45 0
    endloop
  endfacet
  facet normal 0 0 -1
    outer loop
      vertex 4.55 -11.45 0
      vertex 3.45 -11.45 0
      vertex 4.55 -8.55 0
    endloop
  endfacet
  facet normal 0 0 -1
    outer loop
      vertex 3.45 -8.55 0
      vertex 4.55 -8.55 0
      vertex 3.45 -11.45 0
    endloop
  endfacet
  facet normal 0 0 -1
    outer loop
      vertex 3.45 -7.45 0
      vertex 4.55 -7.45 0
      vertex 3.45 -8.55 0
    endloop
  endfacet
  facet normal 0 0 -1
    outer loop
      vertex 4.55 -7.45 0
      vertex 3.45 -7.45 0
      vertex 4.55 -4.55 0
    endloop
  endfacet
  facet normal 0 0 -1
    outer loop
      vertex 4.55 -4.55 0
      vertex 3.45 -4.55 0
      vertex 4.55 -3.45 0
    endloop
  endfacet
  facet normal 0 0 -1
    outer loop
      vertex 3.45 -3.45 0
      vertex 4.55 -3.45 0
      vertex 3.45 -4.55 0
    endloop
  endfacet
  facet normal 0 0 -1
    outer loop
      vertex 3.45 -0.549999 0
      vertex 4.55 -0.549999 0
      vertex 3.45 -3.45 0
    endloop
  endfacet
  facet normal 0 0 -1
    outer loop
      vertex 4.55 -0.549999 0
      vertex 3.45 -0.549999 0
      vertex 4.55 0.549999 0
    endloop
  endfacet
  facet normal 0 0 -1
    outer loop
      vertex 4.55 0.549999 0
      vertex 3.45 0.549999 0
      vertex 4.55 3.45 0
    endloop
  endfacet
  facet normal 0 0 -1
    outer loop
      vertex 3.45 3.45 0
      vertex 4.55 3.45 0
      vertex 3.45 0.549999 0
    endloop
  endfacet
  facet normal 0 0 -1
    outer loop
      vertex 3.45 4.55 0
      vertex 4.55 4.55 0
      vertex 3.45 3.45 0
    endloop
  endfacet
  facet normal 0 0 -1
    outer loop
      vertex 4.55 4.55 0
      vertex 3.45 4.55 0
      vertex 4.55 7.45 0
    endloop
  endfacet
  facet normal 0 0 -1
    outer loop
      vertex 3.45 -12.55 0
      vertex 4.55 -15.45 0
      vertex 3.45 -15.45 0
    endloop
  endfacet
  facet normal 0 0 -1
    outer loop
      vertex 71.4 -18.4 0
      vertex 3.45 -15.45 0
      vertex 4.55 -15.45 0
    endloop
  endfacet
  facet normal 0 0 -1
    outer loop
      vertex 71.4 -18.4 0
      vertex 0.549999 -15.45 0
      vertex 3.45 -15.45 0
    endloop
  endfacet
  facet normal 0 0 -1
    outer loop
      vertex -0.549999 -12.55 0
      vertex 0.549999 -12.55 0
      vertex 0.549999 -15.45 0
    endloop
  endfacet
  facet normal 0 0 -1
    outer loop
      vertex 0.549999 -12.55 0
      vertex -0.549999 -12.55 0
      vertex 0.549999 -11.45 0
    endloop
  endfacet
  facet normal 0 0 -1
    outer loop
      vertex 0.549999 -11.45 0
      vertex -0.549999 -11.45 0
      vertex 0.549999 -8.55 0
    endloop
  endfacet
  facet normal 0 0 -1
    outer loop
      vertex -0.549999 -8.55 0
      vertex 0.549999 -8.55 0
      vertex -0.549999 -11.45 0
    endloop
  endfacet
  facet normal 0 0 -1
    outer loop
      vertex -0.549999 -7.45 0
      vertex 0.549999 -7.45 0
      vertex -0.549999 -8.55 0
    endloop
  endfacet
  facet normal 0 0 -1
    outer loop
      vertex 0.549999 -7.45 0
      vertex -0.549999 -7.45 0
      vertex 0.549999 -4.55 0
    endloop
  endfacet
  facet normal 0 0 -1
    outer loop
      vertex 0.549999 -4.55 0
      vertex -0.549999 -4.55 0
      vertex 0.549999 -3.45 0
    endloop
  endfacet
  facet normal 0 0 -1
    outer loop
      vertex -0.549999 -3.45 0
      vertex 0.549999 -3.45 0
      vertex -0.549999 -4.55 0
    endloop
  endfacet
  facet normal 0 0 -1
    outer loop
      vertex -0.549999 -0.549999 0
      vertex 0.549999 -0.549999 0
      vertex -0.549999 -3.45 0
    endloop
  endfacet
  facet normal 0 0 -1
    outer loop
      vertex 0.549999 -0.549999 0
      vertex -0.549999 -0.549999 0
      vertex 0.549999 0.549999 0
    endloop
  endfacet
  facet normal 0 0 -1
    outer loop
      vertex 0.549999 0.549999 0
      vertex -0.549999 0.549999 0
      vertex 0.549999 3.45 0
    endloop
  endfacet
  facet normal 0 0 -1
    outer loop
      vertex -0.549999 3.45 0
      vertex 0.549999 3.45 0
      vertex -0.549999 0.549999 0
    endloop
  endfacet
  facet normal 0 0 -1
    outer loop
      vertex -0.549999 4.55 0
      vertex 0.549999 4.55 0
      vertex -0.549999 3.45 0
    endloop
  endfacet
  facet normal 0 0 -1
    outer loop
      vertex 0.549999 4.55 0
      vertex -0.549999 4.55 0
      vertex 0.549999 7.45 0
    endloop
  endfacet
  facet normal 0 0 -1
    outer loop
      vertex -0.549999 -12.55 0
      vertex 0.549999 -15.45 0
      vertex -0.549999 -15.45 0
    endloop
  endfacet
  facet normal 0 0 -1
    outer loop
      vertex 71.4 -18.4 0
      vertex -0.549999 -15.45 0
      vertex 0.549999 -15.45 0
    endloop
  endfacet
  facet normal 0 0 -1
    outer loop
      vertex 71.4 -18.4 0
      vertex -3.45 -15.45 0
      vertex -0.549999 -15.45 0
    endloop
  endfacet
  facet normal 0 0 -1
    outer loop
      vertex -4.55 -12.55 0
      vertex -3.45 -12.55 0
      vertex -3.45 -15.45 0
    endloop
  endfacet
  facet normal 0 0 -1
    outer loop
      vertex -3.45 -12.55 0
      vertex -4.55 -12.55 0
      vertex -3.45 -11.45 0
    endloop
  endfacet
  facet normal 0 0 -1
    outer loop
      vertex -3.45 -11.45 0
      vertex -4.55 -11.45 0
      vertex -3.45 -8.55 0
    endloop
  endfacet
  facet normal 0 0 -1
    outer loop
      vertex -4.55 -8.55 0
      vertex -3.45 -8.55 0
      vertex -4.55 -11.45 0
    endloop
  endfacet
  facet normal 0 0 -1
    outer loop
      vertex -4.55 -7.45 0
      vertex -3.45 -7.45 0
      vertex -4.55 -8.55 0
    endloop
  endfacet
  facet normal 0 0 -1
    outer loop
      vertex -3.45 -7.45 0
      vertex -4.55 -7.45 0
      vertex -3.45 -4.55 0
    endloop
  endfacet
  facet normal 0 0 -1
    outer loop
      vertex -3.45 -4.55 0
      vertex -4.55 -4.55 0
      vertex -3.45 -3.45 0
    endloop
  endfacet
  facet normal 0 0 -1
    outer loop
      vertex -4.55 -3.45 0
      vertex -3.45 -3.45 0
      vertex -4.55 -4.55 0
    endloop
  endfacet
  facet normal 0 0 -1
    outer loop
      vertex -4.55 -0.549999 0
      vertex -3.45 -0.549999 0
      vertex -4.55 -3.45 0
    endloop
  endfacet
  facet normal 0 0 -1
    outer loop
      vertex -3.45 -0.549999 0
      vertex -4.55 -0.549999 0
      vertex -3.45 0.549999 0
    endloop
  endfacet
  facet normal 0 0 -1
    outer loop
      vertex -3.45 0.549999 0
      vertex -4.55 0.549999 0
      vertex -3.45 3.45 0
    endloop
  endfacet
  facet normal 0 0 -1
    outer loop
      vertex -4.55 3.45 0
      vertex -3.45 3.45 0
      vertex -4.55 0.549999 0
    endloop
  endfacet
  facet normal 0 0 -1
    outer loop
      vertex -4.55 4.55 0
      vertex -3.45 4.55 0
      vertex -4.55 3.45 0
    endloop
  endfacet
  facet normal 0 0 -1
    outer loop
      vertex -3.45 4.55 0
      vertex -4.55 4.55 0
      vertex -3.45 7.45 0
    endloop
  endfacet
  facet normal 0 0 -1
    outer loop
      vertex -4.55 -12.55 0
      vertex -3.45 -15.45 0
      vertex -4.55 -15.45 0
    endloop
  endfacet
  facet normal 0 0 -1
    outer loop
      vertex 71.4 -18.4 0
      vertex -4.55 -15.45 0
      vertex -3.45 -15.45 0
    endloop
  endfacet
  facet normal 0 0 -1
    outer loop
      vertex 71.4 -18.4 0
      vertex -7.45 -15.45 0
      vertex -4.55 -15.45 0
    endloop
  endfacet
  facet normal 0 0 -1
    outer loop
      vertex -8.55 -12.55 0
      vertex -7.45 -12.55 0
      vertex -7.45 -15.45 0
    endloop
  endfacet
  facet normal 0 0 -1
    outer loop
      vertex -7.45 -12.55 0
      vertex -8.55 -12.55 0
      vertex -7.45 -11.45 0
    endloop
  endfacet
  facet normal 0 0 -1
    outer loop
      vertex -7.45 -11.45 0
      vertex -8.55 -11.45 0
      vertex -7.45 -8.55 0
    endloop
  endfacet
  facet normal 0 0 -1
    outer loop
      vertex -8.55 -8.55 0
      vertex -7.45 -8.55 0
      vertex -8.55 -11.45 0
    endloop
  endfacet
  facet normal 0 0 -1
    outer loop
      vertex -8.55 -7.45 0
      vertex -7.45 -7.45 0
      vertex -8.55 -8.55 0
    endloop
  endfacet
  facet normal 0 0 -1
    outer loop
      vertex -7.45 -7.45 0
      vertex -8.55 -7.45 0
      vertex -7.45 -4.55 0
    endloop
  endfacet
  facet normal 0 0 -1
    outer loop
      vertex -7.45 -4.55 0
      vertex -8.55 -4.55 0
      vertex -7.45 -3.45 0
    endloop
  endfacet
  facet normal 0 0 -1
    outer loop
      vertex -8.55 -3.45 0
      vertex -7.45 -3.45 0
      vertex -8.55 -4.55 0
    endloop
  endfacet
  facet normal 0 0 -1
    outer loop
      vertex -8.55 -0.549999 0
      vertex -7.45 -0.549999 0
      vertex -8.55 -3.45 0
    endloop
  endfacet
  facet normal 0 0 -1
    outer loop
      vertex -7.45 -0.549999 0
      vertex -8.55 -0.549999 0
      vertex -7.45 0.549999 0
    endloop
  endfacet
  facet normal 0 0 -1
    outer loop
      vertex -7.45 0.549999 0
      vertex -8.55 0.549999 0
      vertex -7.45 3.45 0
    endloop
  endfacet
  facet normal 0 0 -1
    outer loop
      vertex -8.55 3.45 0
      vertex -7.45 3.45 0
      vertex -8.55 0.549999 0
    endloop
  endfacet
  facet normal 0 0 -1
    outer loop
      vertex -8.55 4.55 0
      vertex -7.45 4.55 0
      vertex -8.55 3.45 0
    endloop
  endfacet
  facet normal 0 0 -1
    outer loop
      vertex -7.45 4.55 0
      vertex -8.55 4.55 0
      vertex -7.45 7.45 0
    endloop
  endfacet
  facet normal 0 0 -1
    outer loop
      vertex -8.55 -12.55 0
      vertex -7.45 -15.45 0
      vertex -8.55 -15.45 0
    endloop
  endfacet
  facet normal 0 0 -1
    outer loop
      vertex 71.4 -18.4 0
      vertex -8.55 -15.45 0
      vertex -7.45 -15.45 0
    endloop
  endfacet
  facet normal 0 0 -1
    outer loop
      vertex -71.4 -18.4 0
      vertex -8.55 -15.45 0
      vertex 71.4 -18.4 0
    endloop
  endfacet
  facet normal 0 0 -1
    outer loop
      vertex -12.55 -12.55 0
      vertex -11.45 -12.55 0
      vertex -11.45 -15.45 0
    endloop
  endfacet
  facet normal 0 0 -1
    outer loop
      vertex -11.45 -12.55 0
      vertex -12.55 -12.55 0
      vertex -11.45 -11.45 0
    endloop
  endfacet
  facet normal 0 0 -1
    outer loop
      vertex -11.45 -11.45 0
      vertex -12.55 -11.45 0
      vertex -11.45 -8.55 0
    endloop
  endfacet
  facet normal 0 0 -1
    outer loop
      vertex -12.55 -8.55 0
      vertex -11.45 -8.55 0
      vertex -12.55 -11.45 0
    endloop
  endfacet
  facet normal 0 0 -1
    outer loop
      vertex -12.55 -7.45 0
      vertex -11.45 -7.45 0
      vertex -12.55 -8.55 0
    endloop
  endfacet
  facet normal 0 0 -1
    outer loop
      vertex -11.45 -7.45 0
      vertex -12.55 -7.45 0
      vertex -11.45 -4.55 0
    endloop
  endfacet
  facet normal 0 0 -1
    outer loop
      vertex -11.45 -4.55 0
      vertex -12.55 -4.55 0
      vertex -11.45 -3.45 0
    endloop
  endfacet
  facet normal 0 0 -1
    outer loop
      vertex -12.55 -3.45 0
      vertex -11.45 -3.45 0
      vertex -12.55 -4.55 0
    endloop
  endfacet
  facet normal 0 0 -1
    outer loop
      vertex -12.55 -0.549999 0
      vertex -11.45 -0.549999 0
      vertex -12.55 -3.45 0
    endloop
  endfacet
  facet normal 0 0 -1
    outer loop
      vertex -11.45 -0.549999 0
      vertex -12.55 -0.549999 0
      vertex -11.45 0.549999 0
    endloop
  endfacet
  facet normal 0 0 -1
    outer loop
      vertex -11.45 0.549999 0
      vertex -12.55 0.549999 0
      vertex -11.45 3.45 0
    endloop
  endfacet
  facet normal 0 0 -1
    outer loop
      vertex -12.55 3.45 0
      vertex -11.45 3.45 0
      vertex -12.55 0.549999 0
    endloop
  endfacet
  facet normal 0 0 -1
    outer loop
      vertex -12.55 4.55 0
      vertex -11.45 4.55 0
      vertex -12.55 3.45 0
    endloop
  endfacet
  facet normal 0 0 -1
    outer loop
      vertex -11.45 4.55 0
      vertex -12.55 4.55 0
      vertex -11.45 7.45 0
    endloop
  endfacet
  facet normal 0 0 -1
    outer loop
      vertex -12.55 -12.55 0
      vertex -11.45 -15.45 0
      vertex -12.55 -15.45 0
    endloop
  endfacet
  facet normal -0 0 -1
    outer loop
      vertex -8.55 -15.45 0
      vertex -71.4 -18.4 0
      vertex -11.45 -15.45 0
    endloop
  endfacet
  facet normal -0 0 -1
    outer loop
      vertex -11.45 -15.45 0
      vertex -71.4 -18.4 0
      vertex -12.55 -15.45 0
    endloop
  endfacet
  facet normal 0 0 -1
    outer loop
      vertex -16.55 -12.55 0
      vertex -15.45 -12.55 0
      vertex -15.45 -15.45 0
    endloop
  endfacet
  facet normal 0 0 -1
    outer loop
      vertex -15.45 -12.55 0
      vertex -16.55 -12.55 0
      vertex -15.45 -11.45 0
    endloop
  endfacet
  facet normal 0 0 -1
    outer loop
      vertex -15.45 -11.45 0
      vertex -16.55 -11.45 0
      vertex -15.45 -8.55 0
    endloop
  endfacet
  facet normal 0 0 -1
    outer loop
      vertex -16.55 -8.55 0
      vertex -15.45 -8.55 0
      vertex -16.55 -11.45 0
    endloop
  endfacet
  facet normal 0 0 -1
    outer loop
      vertex -16.55 -7.45 0
      vertex -15.45 -7.45 0
      vertex -16.55 -8.55 0
    endloop
  endfacet
  facet normal 0 0 -1
    outer loop
      vertex -15.45 -7.45 0
      vertex -16.55 -7.45 0
      vertex -15.45 -4.55 0
    endloop
  endfacet
  facet normal 0 0 -1
    outer loop
      vertex -15.45 -4.55 0
      vertex -16.55 -4.55 0
      vertex -15.45 -3.45 0
    endloop
  endfacet
  facet normal 0 0 -1
    outer loop
      vertex -16.55 -3.45 0
      vertex -15.45 -3.45 0
      vertex -16.55 -4.55 0
    endloop
  endfacet
  facet normal 0 0 -1
    outer loop
      vertex -16.55 -0.549999 0
      vertex -15.45 -0.549999 0
      vertex -16.55 -3.45 0
    endloop
  endfacet
  facet normal 0 0 -1
    outer loop
      vertex -15.45 -0.549999 0
      vertex -16.55 -0.549999 0
      vertex -15.45 0.549999 0
    endloop
  endfacet
  facet normal 0 0 -1
    outer loop
      vertex -15.45 0.549999 0
      vertex -16.55 0.549999 0
      vertex -15.45 3.45 0
    endloop
  endfacet
  facet normal 0 0 -1
    outer loop
      vertex -16.55 3.45 0
      vertex -15.45 3.45 0
      vertex -16.55 0.549999 0
    endloop
  endfacet
  facet normal 0 0 -1
    outer loop
      vertex -16.55 4.55 0
      vertex -15.45 4.55 0
      vertex -16.55 3.45 0
    endloop
  endfacet
  facet normal 0 0 -1
    outer loop
      vertex -15.45 4.55 0
      vertex -16.55 4.55 0
      vertex -15.45 7.45 0
    endloop
  endfacet
  facet normal 0 0 -1
    outer loop
      vertex -16.55 -12.55 0
      vertex -15.45 -15.45 0
      vertex -16.55 -15.45 0
    endloop
  endfacet
  facet normal -0 0 -1
    outer loop
      vertex -12.55 -15.45 0
      vertex -71.4 -18.4 0
      vertex -15.45 -15.45 0
    endloop
  endfacet
  facet normal -0 0 -1
    outer loop
      vertex -15.45 -15.45 0
      vertex -71.4 -18.4 0
      vertex -16.55 -15.45 0
    endloop
  endfacet
  facet normal 0 0 -1
    outer loop
      vertex -20.55 -12.55 0
      vertex -19.45 -12.55 0
      vertex -19.45 -15.45 0
    endloop
  endfacet
  facet normal 0 0 -1
    outer loop
      vertex -19.45 -12.55 0
      vertex -20.55 -12.55 0
      vertex -19.45 -11.45 0
    endloop
  endfacet
  facet normal 0 0 -1
    outer loop
      vertex -19.45 -11.45 0
      vertex -20.55 -11.45 0
      vertex -19.45 -8.55 0
    endloop
  endfacet
  facet normal 0 0 -1
    outer loop
      vertex -20.55 -8.55 0
      vertex -19.45 -8.55 0
      vertex -20.55 -11.45 0
    endloop
  endfacet
  facet normal 0 0 -1
    outer loop
      vertex -20.55 -7.45 0
      vertex -19.45 -7.45 0
      vertex -20.55 -8.55 0
    endloop
  endfacet
  facet normal 0 0 -1
    outer loop
      vertex -19.45 -7.45 0
      vertex -20.55 -7.45 0
      vertex -19.45 -4.55 0
    endloop
  endfacet
  facet normal 0 0 -1
    outer loop
      vertex -19.45 -4.55 0
      vertex -20.55 -4.55 0
      vertex -19.45 -3.45 0
    endloop
  endfacet
  facet normal 0 0 -1
    outer loop
      vertex -20.55 -3.45 0
      vertex -19.45 -3.45 0
      vertex -20.55 -4.55 0
    endloop
  endfacet
  facet normal 0 0 -1
    outer loop
      vertex -20.55 -0.549999 0
      vertex -19.45 -0.549999 0
      vertex -20.55 -3.45 0
    endloop
  endfacet
  facet normal 0 0 -1
    outer loop
      vertex -19.45 -0.549999 0
      vertex -20.55 -0.549999 0
      vertex -19.45 0.549999 0
    endloop
  endfacet
  facet normal 0 0 -1
    outer loop
      vertex -19.45 0.549999 0
      vertex -20.55 0.549999 0
      vertex -19.45 3.45 0
    endloop
  endfacet
  facet normal 0 0 -1
    outer loop
      vertex -20.55 3.45 0
      vertex -19.45 3.45 0
      vertex -20.55 0.549999 0
    endloop
  endfacet
  facet normal 0 0 -1
    outer loop
      vertex -20.55 4.55 0
      vertex -19.45 4.55 0
      vertex -20.55 3.45 0
    endloop
  endfacet
  facet normal 0 0 -1
    outer loop
      vertex -19.45 4.55 0
      vertex -20.55 4.55 0
      vertex -19.45 7.45 0
    endloop
  endfacet
  facet normal 0 0 -1
    outer loop
      vertex -20.55 -12.55 0
      vertex -19.45 -15.45 0
      vertex -20.55 -15.45 0
    endloop
  endfacet
  facet normal -0 0 -1
    outer loop
      vertex -16.55 -15.45 0
      vertex -71.4 -18.4 0
      vertex -19.45 -15.45 0
    endloop
  endfacet
  facet normal -0 0 -1
    outer loop
      vertex -19.45 -15.45 0
      vertex -71.4 -18.4 0
      vertex -20.55 -15.45 0
    endloop
  endfacet
  facet normal 0 0 -1
    outer loop
      vertex -24.55 -12.55 0
      vertex -23.45 -12.55 0
      vertex -23.45 -15.45 0
    endloop
  endfacet
  facet normal 0 0 -1
    outer loop
      vertex -23.45 -12.55 0
      vertex -24.55 -12.55 0
      vertex -23.45 -11.45 0
    endloop
  endfacet
  facet normal 0 0 -1
    outer loop
      vertex -23.45 -11.45 0
      vertex -24.55 -11.45 0
      vertex -23.45 -8.55 0
    endloop
  endfacet
  facet normal 0 0 -1
    outer loop
      vertex -24.55 -8.55 0
      vertex -23.45 -8.55 0
      vertex -24.55 -11.45 0
    endloop
  endfacet
  facet normal 0 0 -1
    outer loop
      vertex -24.55 -7.45 0
      vertex -23.45 -7.45 0
      vertex -24.55 -8.55 0
    endloop
  endfacet
  facet normal 0 0 -1
    outer loop
      vertex -23.45 -7.45 0
      vertex -24.55 -7.45 0
      vertex -23.45 -4.55 0
    endloop
  endfacet
  facet normal 0 0 -1
    outer loop
      vertex -23.45 -4.55 0
      vertex -24.55 -4.55 0
      vertex -23.45 -3.45 0
    endloop
  endfacet
  facet normal 0 0 -1
    outer loop
      vertex -24.55 -3.45 0
      vertex -23.45 -3.45 0
      vertex -24.55 -4.55 0
    endloop
  endfacet
  facet normal 0 0 -1
    outer loop
      vertex -24.55 -0.549999 0
      vertex -23.45 -0.549999 0
      vertex -24.55 -3.45 0
    endloop
  endfacet
  facet normal 0 0 -1
    outer loop
      vertex -23.45 -0.549999 0
      vertex -24.55 -0.549999 0
      vertex -23.45 0.549999 0
    endloop
  endfacet
  facet normal 0 0 -1
    outer loop
      vertex -23.45 0.549999 0
      vertex -24.55 0.549999 0
      vertex -23.45 3.45 0
    endloop
  endfacet
  facet normal 0 0 -1
    outer loop
      vertex -24.55 3.45 0
      vertex -23.45 3.45 0
      vertex -24.55 0.549999 0
    endloop
  endfacet
  facet normal 0 0 -1
    outer loop
      vertex -24.55 4.55 0
      vertex -23.45 4.55 0
      vertex -24.55 3.45 0
    endloop
  endfacet
  facet normal 0 0 -1
    outer loop
      vertex -23.45 4.55 0
      vertex -24.55 4.55 0
      vertex -23.45 7.45 0
    endloop
  endfacet
  facet normal 0 0 -1
    outer loop
      vertex -24.55 -12.55 0
      vertex -23.45 -15.45 0
      vertex -24.55 -15.45 0
    endloop
  endfacet
  facet normal -0 0 -1
    outer loop
      vertex -20.55 -15.45 0
      vertex -71.4 -18.4 0
      vertex -23.45 -15.45 0
    endloop
  endfacet
  facet normal -0 0 -1
    outer loop
      vertex -23.45 -15.45 0
      vertex -71.4 -18.4 0
      vertex -24.55 -15.45 0
    endloop
  endfacet
  facet normal 0 0 -1
    outer loop
      vertex -28.55 -12.55 0
      vertex -27.45 -12.55 0
      vertex -27.45 -15.45 0
    endloop
  endfacet
  facet normal 0 0 -1
    outer loop
      vertex -27.45 -12.55 0
      vertex -28.55 -12.55 0
      vertex -27.45 -11.45 0
    endloop
  endfacet
  facet normal 0 0 -1
    outer loop
      vertex -27.45 -11.45 0
      vertex -28.55 -11.45 0
      vertex -27.45 -8.55 0
    endloop
  endfacet
  facet normal 0 0 -1
    outer loop
      vertex -28.55 -8.55 0
      vertex -27.45 -8.55 0
      vertex -28.55 -11.45 0
    endloop
  endfacet
  facet normal 0 0 -1
    outer loop
      vertex -28.55 -7.45 0
      vertex -27.45 -7.45 0
      vertex -28.55 -8.55 0
    endloop
  endfacet
  facet normal 0 0 -1
    outer loop
      vertex -27.45 -7.45 0
      vertex -28.55 -7.45 0
      vertex -27.45 -4.55 0
    endloop
  endfacet
  facet normal 0 0 -1
    outer loop
      vertex -27.45 -4.55 0
      vertex -28.55 -4.55 0
      vertex -27.45 -3.45 0
    endloop
  endfacet
  facet normal 0 0 -1
    outer loop
      vertex -28.55 -3.45 0
      vertex -27.45 -3.45 0
      vertex -28.55 -4.55 0
    endloop
  endfacet
  facet normal 0 0 -1
    outer loop
      vertex -28.55 -0.549999 0
      vertex -27.45 -0.549999 0
      vertex -28.55 -3.45 0
    endloop
  endfacet
  facet normal 0 0 -1
    outer loop
      vertex -27.45 -0.549999 0
      vertex -28.55 -0.549999 0
      vertex -27.45 0.549999 0
    endloop
  endfacet
  facet normal 0 0 -1
    outer loop
      vertex -27.45 0.549999 0
      vertex -28.55 0.549999 0
      vertex -27.45 3.45 0
    endloop
  endfacet
  facet normal 0 0 -1
    outer loop
      vertex -28.55 3.45 0
      vertex -27.45 3.45 0
      vertex -28.55 0.549999 0
    endloop
  endfacet
  facet normal 0 0 -1
    outer loop
      vertex -28.55 4.55 0
      vertex -27.45 4.55 0
      vertex -28.55 3.45 0
    endloop
  endfacet
  facet normal 0 0 -1
    outer loop
      vertex -27.45 4.55 0
      vertex -28.55 4.55 0
      vertex -27.45 7.45 0
    endloop
  endfacet
  facet normal 0 0 -1
    outer loop
      vertex -28.55 -12.55 0
      vertex -27.45 -15.45 0
      vertex -28.55 -15.45 0
    endloop
  endfacet
  facet normal -0 0 -1
    outer loop
      vertex -24.55 -15.45 0
      vertex -71.4 -18.4 0
      vertex -27.45 -15.45 0
    endloop
  endfacet
  facet normal -0 0 -1
    outer loop
      vertex -27.45 -15.45 0
      vertex -71.4 -18.4 0
      vertex -28.55 -15.45 0
    endloop
  endfacet
  facet normal 0 0 -1
    outer loop
      vertex -32.55 -12.55 0
      vertex -31.45 -12.55 0
      vertex -31.45 -15.45 0
    endloop
  endfacet
  facet normal 0 0 -1
    outer loop
      vertex -31.45 -12.55 0
      vertex -32.55 -12.55 0
      vertex -31.45 -11.45 0
    endloop
  endfacet
  facet normal 0 0 -1
    outer loop
      vertex -31.45 -11.45 0
      vertex -32.55 -11.45 0
      vertex -31.45 -8.55 0
    endloop
  endfacet
  facet normal 0 0 -1
    outer loop
      vertex -32.55 -8.55 0
      vertex -31.45 -8.55 0
      vertex -32.55 -11.45 0
    endloop
  endfacet
  facet normal 0 0 -1
    outer loop
      vertex -32.55 -7.45 0
      vertex -31.45 -7.45 0
      vertex -32.55 -8.55 0
    endloop
  endfacet
  facet normal 0 0 -1
    outer loop
      vertex -31.45 -7.45 0
      vertex -32.55 -7.45 0
      vertex -31.45 -4.55 0
    endloop
  endfacet
  facet normal 0 0 -1
    outer loop
      vertex -31.45 -4.55 0
      vertex -32.55 -4.55 0
      vertex -31.45 -3.45 0
    endloop
  endfacet
  facet normal 0 0 -1
    outer loop
      vertex -32.55 -3.45 0
      vertex -31.45 -3.45 0
      vertex -32.55 -4.55 0
    endloop
  endfacet
  facet normal 0 0 -1
    outer loop
      vertex -32.55 -0.549999 0
      vertex -31.45 -0.549999 0
      vertex -32.55 -3.45 0
    endloop
  endfacet
  facet normal 0 0 -1
    outer loop
      vertex -31.45 -0.549999 0
      vertex -32.55 -0.549999 0
      vertex -31.45 0.549999 0
    endloop
  endfacet
  facet normal 0 0 -1
    outer loop
      vertex -31.45 0.549999 0
      vertex -32.55 0.549999 0
      vertex -31.45 3.45 0
    endloop
  endfacet
  facet normal 0 0 -1
    outer loop
      vertex -32.55 3.45 0
      vertex -31.45 3.45 0
      vertex -32.55 0.549999 0
    endloop
  endfacet
  facet normal 0 0 -1
    outer loop
      vertex -32.55 4.55 0
      vertex -31.45 4.55 0
      vertex -32.55 3.45 0
    endloop
  endfacet
  facet normal 0 0 -1
    outer loop
      vertex -31.45 4.55 0
      vertex -32.55 4.55 0
      vertex -31.45 7.45 0
    endloop
  endfacet
  facet normal 0 0 -1
    outer loop
      vertex -32.55 -12.55 0
      vertex -31.45 -15.45 0
      vertex -32.55 -15.45 0
    endloop
  endfacet
  facet normal -0 0 -1
    outer loop
      vertex -28.55 -15.45 0
      vertex -71.4 -18.4 0
      vertex -31.45 -15.45 0
    endloop
  endfacet
  facet normal -0 0 -1
    outer loop
      vertex -31.45 -15.45 0
      vertex -71.4 -18.4 0
      vertex -32.55 -15.45 0
    endloop
  endfacet
  facet normal 0 0 -1
    outer loop
      vertex -36.55 -12.55 0
      vertex -35.45 -12.55 0
      vertex -35.45 -15.45 0
    endloop
  endfacet
  facet normal 0 0 -1
    outer loop
      vertex -35.45 -12.55 0
      vertex -36.55 -12.55 0
      vertex -35.45 -11.45 0
    endloop
  endfacet
  facet normal 0 0 -1
    outer loop
      vertex -35.45 -11.45 0
      vertex -36.55 -11.45 0
      vertex -35.45 -8.55 0
    endloop
  endfacet
  facet normal 0 0 -1
    outer loop
      vertex -36.55 -8.55 0
      vertex -35.45 -8.55 0
      vertex -36.55 -11.45 0
    endloop
  endfacet
  facet normal 0 0 -1
    outer loop
      vertex -36.55 -7.45 0
      vertex -35.45 -7.45 0
      vertex -36.55 -8.55 0
    endloop
  endfacet
  facet normal 0 0 -1
    outer loop
      vertex -35.45 -7.45 0
      vertex -36.55 -7.45 0
      vertex -35.45 -4.55 0
    endloop
  endfacet
  facet normal 0 0 -1
    outer loop
      vertex -35.45 -4.55 0
      vertex -36.55 -4.55 0
      vertex -35.45 -3.45 0
    endloop
  endfacet
  facet normal 0 0 -1
    outer loop
      vertex -36.55 -3.45 0
      vertex -35.45 -3.45 0
      vertex -36.55 -4.55 0
    endloop
  endfacet
  facet normal 0 0 -1
    outer loop
      vertex -36.55 -0.549999 0
      vertex -35.45 -0.549999 0
      vertex -36.55 -3.45 0
    endloop
  endfacet
  facet normal 0 0 -1
    outer loop
      vertex -35.45 -0.549999 0
      vertex -36.55 -0.549999 0
      vertex -35.45 0.549999 0
    endloop
  endfacet
  facet normal 0 0 -1
    outer loop
      vertex -35.45 0.549999 0
      vertex -36.55 0.549999 0
      vertex -35.45 3.45 0
    endloop
  endfacet
  facet normal 0 0 -1
    outer loop
      vertex -36.55 3.45 0
      vertex -35.45 3.45 0
      vertex -36.55 0.549999 0
    endloop
  endfacet
  facet normal 0 0 -1
    outer loop
      vertex -36.55 4.55 0
      vertex -35.45 4.55 0
      vertex -36.55 3.45 0
    endloop
  endfacet
  facet normal 0 0 -1
    outer loop
      vertex -35.45 4.55 0
      vertex -36.55 4.55 0
      vertex -35.45 7.45 0
    endloop
  endfacet
  facet normal 0 0 -1
    outer loop
      vertex -36.55 -12.55 0
      vertex -35.45 -15.45 0
      vertex -36.55 -15.45 0
    endloop
  endfacet
  facet normal -0 0 -1
    outer loop
      vertex -32.55 -15.45 0
      vertex -71.4 -18.4 0
      vertex -35.45 -15.45 0
    endloop
  endfacet
  facet normal -0 0 -1
    outer loop
      vertex -35.45 -15.45 0
      vertex -71.4 -18.4 0
      vertex -36.55 -15.45 0
    endloop
  endfacet
  facet normal 0 0 -1
    outer loop
      vertex -40.55 -12.55 0
      vertex -39.45 -12.55 0
      vertex -39.45 -15.45 0
    endloop
  endfacet
  facet normal 0 0 -1
    outer loop
      vertex -39.45 -12.55 0
      vertex -40.55 -12.55 0
      vertex -39.45 -11.45 0
    endloop
  endfacet
  facet normal 0 0 -1
    outer loop
      vertex -39.45 -11.45 0
      vertex -40.55 -11.45 0
      vertex -39.45 -8.55 0
    endloop
  endfacet
  facet normal 0 0 -1
    outer loop
      vertex -40.55 -8.55 0
      vertex -39.45 -8.55 0
      vertex -40.55 -11.45 0
    endloop
  endfacet
  facet normal 0 0 -1
    outer loop
      vertex -40.55 -7.45 0
      vertex -39.45 -7.45 0
      vertex -40.55 -8.55 0
    endloop
  endfacet
  facet normal 0 0 -1
    outer loop
      vertex -39.45 -7.45 0
      vertex -40.55 -7.45 0
      vertex -39.45 -4.55 0
    endloop
  endfacet
  facet normal 0 0 -1
    outer loop
      vertex -39.45 -4.55 0
      vertex -40.55 -4.55 0
      vertex -39.45 -3.45 0
    endloop
  endfacet
  facet normal 0 0 -1
    outer loop
      vertex -40.55 -3.45 0
      vertex -39.45 -3.45 0
      vertex -40.55 -4.55 0
    endloop
  endfacet
  facet normal 0 0 -1
    outer loop
      vertex -40.55 -0.549999 0
      vertex -39.45 -0.549999 0
      vertex -40.55 -3.45 0
    endloop
  endfacet
  facet normal 0 0 -1
    outer loop
      vertex -39.45 -0.549999 0
      vertex -40.55 -0.549999 0
      vertex -39.45 0.549999 0
    endloop
  endfacet
  facet normal 0 0 -1
    outer loop
      vertex -39.45 0.549999 0
      vertex -40.55 0.549999 0
      vertex -39.45 3.45 0
    endloop
  endfacet
  facet normal 0 0 -1
    outer loop
      vertex -40.55 3.45 0
      vertex -39.45 3.45 0
      vertex -40.55 0.549999 0
    endloop
  endfacet
  facet normal 0 0 -1
    outer loop
      vertex -40.55 4.55 0
      vertex -39.45 4.55 0
      vertex -40.55 3.45 0
    endloop
  endfacet
  facet normal 0 0 -1
    outer loop
      vertex -39.45 4.55 0
      vertex -40.55 4.55 0
      vertex -39.45 7.45 0
    endloop
  endfacet
  facet normal 0 0 -1
    outer loop
      vertex -40.55 -12.55 0
      vertex -39.45 -15.45 0
      vertex -40.55 -15.45 0
    endloop
  endfacet
  facet normal -0 0 -1
    outer loop
      vertex -36.55 -15.45 0
      vertex -71.4 -18.4 0
      vertex -39.45 -15.45 0
    endloop
  endfacet
  facet normal -0 0 -1
    outer loop
      vertex -39.45 -15.45 0
      vertex -71.4 -18.4 0
      vertex -40.55 -15.45 0
    endloop
  endfacet
  facet normal 0 0 -1
    outer loop
      vertex -44.55 -12.55 0
      vertex -43.45 -12.55 0
      vertex -43.45 -15.45 0
    endloop
  endfacet
  facet normal 0 0 -1
    outer loop
      vertex -43.45 -12.55 0
      vertex -44.55 -12.55 0
      vertex -43.45 -11.45 0
    endloop
  endfacet
  facet normal 0 0 -1
    outer loop
      vertex -43.45 -11.45 0
      vertex -44.55 -11.45 0
      vertex -43.45 -8.55 0
    endloop
  endfacet
  facet normal 0 0 -1
    outer loop
      vertex -44.55 -8.55 0
      vertex -43.45 -8.55 0
      vertex -44.55 -11.45 0
    endloop
  endfacet
  facet normal 0 0 -1
    outer loop
      vertex -44.55 -7.45 0
      vertex -43.45 -7.45 0
      vertex -44.55 -8.55 0
    endloop
  endfacet
  facet normal 0 0 -1
    outer loop
      vertex -43.45 -7.45 0
      vertex -44.55 -7.45 0
      vertex -43.45 -4.55 0
    endloop
  endfacet
  facet normal 0 0 -1
    outer loop
      vertex -43.45 -4.55 0
      vertex -44.55 -4.55 0
      vertex -43.45 -3.45 0
    endloop
  endfacet
  facet normal 0 0 -1
    outer loop
      vertex -44.55 -3.45 0
      vertex -43.45 -3.45 0
      vertex -44.55 -4.55 0
    endloop
  endfacet
  facet normal 0 0 -1
    outer loop
      vertex -44.55 -0.549999 0
      vertex -43.45 -0.549999 0
      vertex -44.55 -3.45 0
    endloop
  endfacet
  facet normal 0 0 -1
    outer loop
      vertex -43.45 -0.549999 0
      vertex -44.55 -0.549999 0
      vertex -43.45 0.549999 0
    endloop
  endfacet
  facet normal 0 0 -1
    outer loop
      vertex -43.45 0.549999 0
      vertex -44.55 0.549999 0
      vertex -43.45 3.45 0
    endloop
  endfacet
  facet normal 0 0 -1
    outer loop
      vertex -44.55 3.45 0
      vertex -43.45 3.45 0
      vertex -44.55 0.549999 0
    endloop
  endfacet
  facet normal 0 0 -1
    outer loop
      vertex -44.55 4.55 0
      vertex -43.45 4.55 0
      vertex -44.55 3.45 0
    endloop
  endfacet
  facet normal 0 0 -1
    outer loop
      vertex -43.45 4.55 0
      vertex -44.55 4.55 0
      vertex -43.45 7.45 0
    endloop
  endfacet
  facet normal 0 0 -1
    outer loop
      vertex -44.55 -12.55 0
      vertex -43.45 -15.45 0
      vertex -44.55 -15.45 0
    endloop
  endfacet
  facet normal -0 0 -1
    outer loop
      vertex -40.55 -15.45 0
      vertex -71.4 -18.4 0
      vertex -43.45 -15.45 0
    endloop
  endfacet
  facet normal -0 0 -1
    outer loop
      vertex -43.45 -15.45 0
      vertex -71.4 -18.4 0
      vertex -44.55 -15.45 0
    endloop
  endfacet
  facet normal 0 0 -1
    outer loop
      vertex -48.55 -12.55 0
      vertex -47.45 -12.55 0
      vertex -47.45 -15.45 0
    endloop
  endfacet
  facet normal 0 0 -1
    outer loop
      vertex -47.45 -12.55 0
      vertex -48.55 -12.55 0
      vertex -47.45 -11.45 0
    endloop
  endfacet
  facet normal 0 0 -1
    outer loop
      vertex -47.45 -11.45 0
      vertex -48.55 -11.45 0
      vertex -47.45 -8.55 0
    endloop
  endfacet
  facet normal 0 0 -1
    outer loop
      vertex -48.55 -8.55 0
      vertex -47.45 -8.55 0
      vertex -48.55 -11.45 0
    endloop
  endfacet
  facet normal 0 0 -1
    outer loop
      vertex -48.55 -7.45 0
      vertex -47.45 -7.45 0
      vertex -48.55 -8.55 0
    endloop
  endfacet
  facet normal 0 0 -1
    outer loop
      vertex -47.45 -7.45 0
      vertex -48.55 -7.45 0
      vertex -47.45 -4.55 0
    endloop
  endfacet
  facet normal 0 0 -1
    outer loop
      vertex -47.45 -4.55 0
      vertex -48.55 -4.55 0
      vertex -47.45 -3.45 0
    endloop
  endfacet
  facet normal 0 0 -1
    outer loop
      vertex -48.55 -3.45 0
      vertex -47.45 -3.45 0
      vertex -48.55 -4.55 0
    endloop
  endfacet
  facet normal 0 0 -1
    outer loop
      vertex -48.55 -0.549999 0
      vertex -47.45 -0.549999 0
      vertex -48.55 -3.45 0
    endloop
  endfacet
  facet normal 0 0 -1
    outer loop
      vertex -47.45 -0.549999 0
      vertex -48.55 -0.549999 0
      vertex -47.45 0.549999 0
    endloop
  endfacet
  facet normal 0 0 -1
    outer loop
      vertex -47.45 0.549999 0
      vertex -48.55 0.549999 0
      vertex -47.45 3.45 0
    endloop
  endfacet
  facet normal 0 0 -1
    outer loop
      vertex -48.55 3.45 0
      vertex -47.45 3.45 0
      vertex -48.55 0.549999 0
    endloop
  endfacet
  facet normal 0 0 -1
    outer loop
      vertex -48.55 4.55 0
      vertex -47.45 4.55 0
      vertex -48.55 3.45 0
    endloop
  endfacet
  facet normal 0 0 -1
    outer loop
      vertex -47.45 4.55 0
      vertex -48.55 4.55 0
      vertex -47.45 7.45 0
    endloop
  endfacet
  facet normal 0 0 -1
    outer loop
      vertex -48.55 -12.55 0
      vertex -47.45 -15.45 0
      vertex -48.55 -15.45 0
    endloop
  endfacet
  facet normal -0 0 -1
    outer loop
      vertex -44.55 -15.45 0
      vertex -71.4 -18.4 0
      vertex -47.45 -15.45 0
    endloop
  endfacet
  facet normal -0 0 -1
    outer loop
      vertex -47.45 -15.45 0
      vertex -71.4 -18.4 0
      vertex -48.55 -15.45 0
    endloop
  endfacet
  facet normal 0 0 -1
    outer loop
      vertex -52.55 -12.55 0
      vertex -51.45 -12.55 0
      vertex -51.45 -15.45 0
    endloop
  endfacet
  facet normal 0 0 -1
    outer loop
      vertex -51.45 -12.55 0
      vertex -52.55 -12.55 0
      vertex -51.45 -11.45 0
    endloop
  endfacet
  facet normal 0 0 -1
    outer loop
      vertex -51.45 -11.45 0
      vertex -52.55 -11.45 0
      vertex -51.45 -8.55 0
    endloop
  endfacet
  facet normal 0 0 -1
    outer loop
      vertex -52.55 -8.55 0
      vertex -51.45 -8.55 0
      vertex -52.55 -11.45 0
    endloop
  endfacet
  facet normal 0 0 -1
    outer loop
      vertex -52.55 -7.45 0
      vertex -51.45 -7.45 0
      vertex -52.55 -8.55 0
    endloop
  endfacet
  facet normal 0 0 -1
    outer loop
      vertex -51.45 -7.45 0
      vertex -52.55 -7.45 0
      vertex -51.45 -4.55 0
    endloop
  endfacet
  facet normal 0 0 -1
    outer loop
      vertex -51.45 -4.55 0
      vertex -52.55 -4.55 0
      vertex -51.45 -3.45 0
    endloop
  endfacet
  facet normal 0 0 -1
    outer loop
      vertex -52.55 -3.45 0
      vertex -51.45 -3.45 0
      vertex -52.55 -4.55 0
    endloop
  endfacet
  facet normal 0 0 -1
    outer loop
      vertex -52.55 -0.549999 0
      vertex -51.45 -0.549999 0
      vertex -52.55 -3.45 0
    endloop
  endfacet
  facet normal 0 0 -1
    outer loop
      vertex -51.45 -0.549999 0
      vertex -52.55 -0.549999 0
      vertex -51.45 0.549999 0
    endloop
  endfacet
  facet normal 0 0 -1
    outer loop
      vertex -51.45 0.549999 0
      vertex -52.55 0.549999 0
      vertex -51.45 3.45 0
    endloop
  endfacet
  facet normal 0 0 -1
    outer loop
      vertex -52.55 3.45 0
      vertex -51.45 3.45 0
      vertex -52.55 0.549999 0
    endloop
  endfacet
  facet normal 0 0 -1
    outer loop
      vertex -52.55 4.55 0
      vertex -51.45 4.55 0
      vertex -52.55 3.45 0
    endloop
  endfacet
  facet normal 0 0 -1
    outer loop
      vertex -51.45 4.55 0
      vertex -52.55 4.55 0
      vertex -51.45 7.45 0
    endloop
  endfacet
  facet normal 0 0 -1
    outer loop
      vertex -52.55 -12.55 0
      vertex -51.45 -15.45 0
      vertex -52.55 -15.45 0
    endloop
  endfacet
  facet normal -0 0 -1
    outer loop
      vertex -48.55 -15.45 0
      vertex -71.4 -18.4 0
      vertex -51.45 -15.45 0
    endloop
  endfacet
  facet normal -0 0 -1
    outer loop
      vertex -51.45 -15.45 0
      vertex -71.4 -18.4 0
      vertex -52.55 -15.45 0
    endloop
  endfacet
  facet normal 0 0 -1
    outer loop
      vertex -56.55 -12.55 0
      vertex -55.45 -12.55 0
      vertex -55.45 -15.45 0
    endloop
  endfacet
  facet normal 0 0 -1
    outer loop
      vertex -55.45 -12.55 0
      vertex -56.55 -12.55 0
      vertex -55.45 -11.45 0
    endloop
  endfacet
  facet normal 0 0 -1
    outer loop
      vertex -55.45 -11.45 0
      vertex -56.55 -11.45 0
      vertex -55.45 -8.55 0
    endloop
  endfacet
  facet normal 0 0 -1
    outer loop
      vertex -56.55 -8.55 0
      vertex -55.45 -8.55 0
      vertex -56.55 -11.45 0
    endloop
  endfacet
  facet normal 0 0 -1
    outer loop
      vertex -56.55 -7.45 0
      vertex -55.45 -7.45 0
      vertex -56.55 -8.55 0
    endloop
  endfacet
  facet normal 0 0 -1
    outer loop
      vertex -55.45 -7.45 0
      vertex -56.55 -7.45 0
      vertex -55.45 -4.55 0
    endloop
  endfacet
  facet normal 0 0 -1
    outer loop
      vertex -55.45 -4.55 0
      vertex -56.55 -4.55 0
      vertex -55.45 -3.45 0
    endloop
  endfacet
  facet normal 0 0 -1
    outer loop
      vertex -56.55 -3.45 0
      vertex -55.45 -3.45 0
      vertex -56.55 -4.55 0
    endloop
  endfacet
  facet normal 0 0 -1
    outer loop
      vertex -56.55 -0.549999 0
      vertex -55.45 -0.549999 0
      vertex -56.55 -3.45 0
    endloop
  endfacet
  facet normal 0 0 -1
    outer loop
      vertex -55.45 -0.549999 0
      vertex -56.55 -0.549999 0
      vertex -55.45 0.549999 0
    endloop
  endfacet
  facet normal 0 0 -1
    outer loop
      vertex -55.45 0.549999 0
      vertex -56.55 0.549999 0
      vertex -55.45 3.45 0
    endloop
  endfacet
  facet normal 0 0 -1
    outer loop
      vertex -56.55 3.45 0
      vertex -55.45 3.45 0
      vertex -56.55 0.549999 0
    endloop
  endfacet
  facet normal 0 0 -1
    outer loop
      vertex -56.55 4.55 0
      vertex -55.45 4.55 0
      vertex -56.55 3.45 0
    endloop
  endfacet
  facet normal 0 0 -1
    outer loop
      vertex -55.45 4.55 0
      vertex -56.55 4.55 0
      vertex -55.45 7.45 0
    endloop
  endfacet
  facet normal 0 0 -1
    outer loop
      vertex -56.55 -12.55 0
      vertex -55.45 -15.45 0
      vertex -56.55 -15.45 0
    endloop
  endfacet
  facet normal -0 0 -1
    outer loop
      vertex -52.55 -15.45 0
      vertex -71.4 -18.4 0
      vertex -55.45 -15.45 0
    endloop
  endfacet
  facet normal -0 0 -1
    outer loop
      vertex -55.45 -15.45 0
      vertex -71.4 -18.4 0
      vertex -56.55 -15.45 0
    endloop
  endfacet
  facet normal 0 0 -1
    outer loop
      vertex -60.55 -12.55 0
      vertex -59.45 -12.55 0
      vertex -59.45 -15.45 0
    endloop
  endfacet
  facet normal 0 0 -1
    outer loop
      vertex -59.45 -12.55 0
      vertex -60.55 -12.55 0
      vertex -59.45 -11.45 0
    endloop
  endfacet
  facet normal 0 0 -1
    outer loop
      vertex -59.45 -11.45 0
      vertex -60.55 -11.45 0
      vertex -59.45 -8.55 0
    endloop
  endfacet
  facet normal 0 0 -1
    outer loop
      vertex -60.55 -8.55 0
      vertex -59.45 -8.55 0
      vertex -60.55 -11.45 0
    endloop
  endfacet
  facet normal 0 0 -1
    outer loop
      vertex -60.55 -7.45 0
      vertex -59.45 -7.45 0
      vertex -60.55 -8.55 0
    endloop
  endfacet
  facet normal 0 0 -1
    outer loop
      vertex -59.45 -7.45 0
      vertex -60.55 -7.45 0
      vertex -59.45 -4.55 0
    endloop
  endfacet
  facet normal 0 0 -1
    outer loop
      vertex -59.45 -4.55 0
      vertex -60.55 -4.55 0
      vertex -59.45 -3.45 0
    endloop
  endfacet
  facet normal 0 0 -1
    outer loop
      vertex -60.55 -3.45 0
      vertex -59.45 -3.45 0
      vertex -60.55 -4.55 0
    endloop
  endfacet
  facet normal 0 0 -1
    outer loop
      vertex -60.55 -0.549999 0
      vertex -59.45 -0.549999 0
      vertex -60.55 -3.45 0
    endloop
  endfacet
  facet normal 0 0 -1
    outer loop
      vertex -59.45 -0.549999 0
      vertex -60.55 -0.549999 0
      vertex -59.45 0.549999 0
    endloop
  endfacet
  facet normal 0 0 -1
    outer loop
      vertex -59.45 0.549999 0
      vertex -60.55 0.549999 0
      vertex -59.45 3.45 0
    endloop
  endfacet
  facet normal 0 0 -1
    outer loop
      vertex -60.55 3.45 0
      vertex -59.45 3.45 0
      vertex -60.55 0.549999 0
    endloop
  endfacet
  facet normal 0 0 -1
    outer loop
      vertex -60.55 4.55 0
      vertex -59.45 4.55 0
      vertex -60.55 3.45 0
    endloop
  endfacet
  facet normal 0 0 -1
    outer loop
      vertex -59.45 4.55 0
      vertex -60.55 4.55 0
      vertex -59.45 7.45 0
    endloop
  endfacet
  facet normal 0 0 -1
    outer loop
      vertex -60.55 -12.55 0
      vertex -59.45 -15.45 0
      vertex -60.55 -15.45 0
    endloop
  endfacet
  facet normal -0 0 -1
    outer loop
      vertex -56.55 -15.45 0
      vertex -71.4 -18.4 0
      vertex -59.45 -15.45 0
    endloop
  endfacet
  facet normal -0 0 -1
    outer loop
      vertex -59.45 -15.45 0
      vertex -71.4 -18.4 0
      vertex -60.55 -15.45 0
    endloop
  endfacet
  facet normal 0 0 -1
    outer loop
      vertex -71.4 -18.4 0
      vertex -63.45 -12.55 0
      vertex -63.45 -15.45 0
    endloop
  endfacet
  facet normal 0 0 -1
    outer loop
      vertex -74.4 -15.4 0
      vertex -63.45 -12.55 0
      vertex -71.4 -18.4 0
    endloop
  endfacet
  facet normal -0 0 -1
    outer loop
      vertex -63.45 -11.45 0
      vertex -74.4 -15.4 0
      vertex -63.45 -8.55 0
    endloop
  endfacet
  facet normal -0 0 -1
    outer loop
      vertex -63.45 -8.55 0
      vertex -74.4 -15.4 0
      vertex -63.45 -7.45 0
    endloop
  endfacet
  facet normal -0 0 -1
    outer loop
      vertex -63.45 -7.45 0
      vertex -74.4 -15.4 0
      vertex -63.45 -4.55 0
    endloop
  endfacet
  facet normal -0 0 -1
    outer loop
      vertex -63.45 -4.55 0
      vertex -74.4 -15.4 0
      vertex -63.45 -3.45 0
    endloop
  endfacet
  facet normal -0 0 -1
    outer loop
      vertex -63.45 -3.45 0
      vertex -74.4 -15.4 0
      vertex -63.45 -0.549999 0
    endloop
  endfacet
  facet normal -0 0 -1
    outer loop
      vertex -63.45 -0.549999 0
      vertex -74.4 -15.4 0
      vertex -63.45 0.549999 0
    endloop
  endfacet
  facet normal 0 0 -1
    outer loop
      vertex -74.4 15.4 0
      vertex -63.45 0.549999 0
      vertex -74.4 -15.4 0
    endloop
  endfacet
  facet normal 0 0 -1
    outer loop
      vertex -63.45 0.549999 0
      vertex -74.4 15.4 0
      vertex -63.45 3.45 0
    endloop
  endfacet
  facet normal 0 0 -1
    outer loop
      vertex -63.45 3.45 0
      vertex -74.4 15.4 0
      vertex -63.45 4.55 0
    endloop
  endfacet
  facet normal 0 0 -1
    outer loop
      vertex -63.45 4.55 0
      vertex -74.4 15.4 0
      vertex -63.45 7.45 0
    endloop
  endfacet
  facet normal 0 0 -1
    outer loop
      vertex -63.45 7.45 0
      vertex -74.4 15.4 0
      vertex -63.45 8.55 0
    endloop
  endfacet
  facet normal 0 0 -1
    outer loop
      vertex -63.45 8.55 0
      vertex -74.4 15.4 0
      vertex -63.45 11.45 0
    endloop
  endfacet
  facet normal -0 0 -1
    outer loop
      vertex -63.45 -12.55 0
      vertex -74.4 -15.4 0
      vertex -63.45 -11.45 0
    endloop
  endfacet
  facet normal -0 0 -1
    outer loop
      vertex -60.55 -15.45 0
      vertex -71.4 -18.4 0
      vertex -63.45 -15.45 0
    endloop
  endfacet
  facet normal 0 0 -1
    outer loop
      vertex 74.4 -15.4 0
      vertex 63.45 -12.55 0
      vertex 63.45 -11.45 0
    endloop
  endfacet
  facet normal 0 0 -1
    outer loop
      vertex 74.4 -15.4 0
      vertex 63.45 -11.45 0
      vertex 63.45 -8.55 0
    endloop
  endfacet
  facet normal 0 0 -1
    outer loop
      vertex 74.4 -15.4 0
      vertex 63.45 -8.55 0
      vertex 63.45 -7.45 0
    endloop
  endfacet
  facet normal 0 0 -1
    outer loop
      vertex 74.4 -15.4 0
      vertex 63.45 -7.45 0
      vertex 63.45 -4.55 0
    endloop
  endfacet
  facet normal 0 0 -1
    outer loop
      vertex 74.4 -15.4 0
      vertex 63.45 -4.55 0
      vertex 63.45 -3.45 0
    endloop
  endfacet
  facet normal 0 0 -1
    outer loop
      vertex 74.4 -15.4 0
      vertex 63.45 -3.45 0
      vertex 63.45 -0.549999 0
    endloop
  endfacet
  facet normal 0 0 -1
    outer loop
      vertex 74.1716 16.548 0
      vertex 71.4 18.4 0
      vertex 73.9981 16.9 0
    endloop
  endfacet
  facet normal 0 0 -1
    outer loop
      vertex 73.78 17.2263 0
      vertex 71.4 18.4 0
      vertex 73.5213 17.5213 0
    endloop
  endfacet
  facet normal 0 0 -1
    outer loop
      vertex 73.5213 17.5213 0
      vertex 71.4 18.4 0
      vertex 73.2263 17.78 0
    endloop
  endfacet
  facet normal 0 0 -1
    outer loop
      vertex 73.2263 17.78 0
      vertex 71.4 18.4 0
      vertex 72.9 17.9981 0
    endloop
  endfacet
  facet normal 0 0 -1
    outer loop
      vertex 72.9 17.9981 0
      vertex 71.4 18.4 0
      vertex 72.548 18.1716 0
    endloop
  endfacet
  facet normal 0 0 -1
    outer loop
      vertex 72.548 18.1716 0
      vertex 71.4 18.4 0
      vertex 72.1764 18.2978 0
    endloop
  endfacet
  facet normal 0 0 -1
    outer loop
      vertex 72.1764 18.2978 0
      vertex 71.4 18.4 0
      vertex 71.7916 18.3743 0
    endloop
  endfacet
  facet normal 0 0 -1
    outer loop
      vertex 73.9981 16.9 0
      vertex 71.4 18.4 0
      vertex 73.78 17.2263 0
    endloop
  endfacet
  facet normal 0 0 -1
    outer loop
      vertex 63.45 15.45 0
      vertex 71.4 18.4 0
      vertex 63.45 12.55 0
    endloop
  endfacet
  facet normal 0 0 -1
    outer loop
      vertex 60.55 15.45 0
      vertex 71.4 18.4 0
      vertex 63.45 15.45 0
    endloop
  endfacet
  facet normal -0 0 -1
    outer loop
      vertex 60.55 -11.45 0
      vertex 59.45 -12.55 0
      vertex 59.45 -11.45 0
    endloop
  endfacet
  facet normal 0 0 -1
    outer loop
      vertex 60.55 -8.55 0
      vertex 59.45 -8.55 0
      vertex 60.55 -7.45 0
    endloop
  endfacet
  facet normal 0 0 -1
    outer loop
      vertex 59.45 -4.55 0
      vertex 60.55 -4.55 0
      vertex 59.45 -7.45 0
    endloop
  endfacet
  facet normal 0 0 -1
    outer loop
      vertex 60.55 -3.45 0
      vertex 59.45 -3.45 0
      vertex 60.55 -0.549999 0
    endloop
  endfacet
  facet normal 0 0 -1
    outer loop
      vertex 59.45 0.549999 0
      vertex 60.55 0.549999 0
      vertex 59.45 -0.549999 0
    endloop
  endfacet
  facet normal 0 0 -1
    outer loop
      vertex 60.55 3.45 0
      vertex 59.45 3.45 0
      vertex 60.55 4.55 0
    endloop
  endfacet
  facet normal 0 0 -1
    outer loop
      vertex 59.45 7.45 0
      vertex 60.55 7.45 0
      vertex 59.45 4.55 0
    endloop
  endfacet
  facet normal 0 0 -1
    outer loop
      vertex 60.55 7.45 0
      vertex 59.45 7.45 0
      vertex 60.55 8.55 0
    endloop
  endfacet
  facet normal 0 0 -1
    outer loop
      vertex 59.45 8.55 0
      vertex 60.55 8.55 0
      vertex 59.45 7.45 0
    endloop
  endfacet
  facet normal 0 0 -1
    outer loop
      vertex 60.55 8.55 0
      vertex 59.45 8.55 0
      vertex 60.55 11.45 0
    endloop
  endfacet
  facet normal 0 0 -1
    outer loop
      vertex 59.45 11.45 0
      vertex 60.55 11.45 0
      vertex 59.45 8.55 0
    endloop
  endfacet
  facet normal 0 0 -1
    outer loop
      vertex 60.55 11.45 0
      vertex 59.45 11.45 0
      vertex 60.55 12.55 0
    endloop
  endfacet
  facet normal 0 0 -1
    outer loop
      vertex 59.45 12.55 0
      vertex 60.55 12.55 0
      vertex 59.45 11.45 0
    endloop
  endfacet
  facet normal 0 0 -1
    outer loop
      vertex 60.55 12.55 0
      vertex 59.45 12.55 0
      vertex 60.55 15.45 0
    endloop
  endfacet
  facet normal 0 0 -1
    outer loop
      vertex 59.45 15.45 0
      vertex 60.55 15.45 0
      vertex 59.45 12.55 0
    endloop
  endfacet
  facet normal 0 0 -1
    outer loop
      vertex 59.45 15.45 0
      vertex 71.4 18.4 0
      vertex 60.55 15.45 0
    endloop
  endfacet
  facet normal 0 0 -1
    outer loop
      vertex 56.55 15.45 0
      vertex 71.4 18.4 0
      vertex 59.45 15.45 0
    endloop
  endfacet
  facet normal -0 0 -1
    outer loop
      vertex 56.55 -11.45 0
      vertex 55.45 -12.55 0
      vertex 55.45 -11.45 0
    endloop
  endfacet
  facet normal 0 0 -1
    outer loop
      vertex 56.55 -8.55 0
      vertex 55.45 -8.55 0
      vertex 56.55 -7.45 0
    endloop
  endfacet
  facet normal 0 0 -1
    outer loop
      vertex 55.45 -4.55 0
      vertex 56.55 -4.55 0
      vertex 55.45 -7.45 0
    endloop
  endfacet
  facet normal 0 0 -1
    outer loop
      vertex 56.55 -3.45 0
      vertex 55.45 -3.45 0
      vertex 56.55 -0.549999 0
    endloop
  endfacet
  facet normal 0 0 -1
    outer loop
      vertex 55.45 0.549999 0
      vertex 56.55 0.549999 0
      vertex 55.45 -0.549999 0
    endloop
  endfacet
  facet normal 0 0 -1
    outer loop
      vertex 56.55 3.45 0
      vertex 55.45 3.45 0
      vertex 56.55 4.55 0
    endloop
  endfacet
  facet normal 0 0 -1
    outer loop
      vertex 55.45 7.45 0
      vertex 56.55 7.45 0
      vertex 55.45 4.55 0
    endloop
  endfacet
  facet normal 0 0 -1
    outer loop
      vertex 56.55 7.45 0
      vertex 55.45 7.45 0
      vertex 56.55 8.55 0
    endloop
  endfacet
  facet normal 0 0 -1
    outer loop
      vertex 55.45 8.55 0
      vertex 56.55 8.55 0
      vertex 55.45 7.45 0
    endloop
  endfacet
  facet normal 0 0 -1
    outer loop
      vertex 56.55 8.55 0
      vertex 55.45 8.55 0
      vertex 56.55 11.45 0
    endloop
  endfacet
  facet normal 0 0 -1
    outer loop
      vertex 55.45 11.45 0
      vertex 56.55 11.45 0
      vertex 55.45 8.55 0
    endloop
  endfacet
  facet normal 0 0 -1
    outer loop
      vertex 56.55 11.45 0
      vertex 55.45 11.45 0
      vertex 56.55 12.55 0
    endloop
  endfacet
  facet normal 0 0 -1
    outer loop
      vertex 55.45 12.55 0
      vertex 56.55 12.55 0
      vertex 55.45 11.45 0
    endloop
  endfacet
  facet normal 0 0 -1
    outer loop
      vertex 56.55 12.55 0
      vertex 55.45 12.55 0
      vertex 56.55 15.45 0
    endloop
  endfacet
  facet normal 0 0 -1
    outer loop
      vertex 55.45 15.45 0
      vertex 56.55 15.45 0
      vertex 55.45 12.55 0
    endloop
  endfacet
  facet normal 0 0 -1
    outer loop
      vertex 55.45 15.45 0
      vertex 71.4 18.4 0
      vertex 56.55 15.45 0
    endloop
  endfacet
  facet normal 0 0 -1
    outer loop
      vertex 52.55 15.45 0
      vertex 71.4 18.4 0
      vertex 55.45 15.45 0
    endloop
  endfacet
  facet normal -0 0 -1
    outer loop
      vertex 52.55 -11.45 0
      vertex 51.45 -12.55 0
      vertex 51.45 -11.45 0
    endloop
  endfacet
  facet normal 0 0 -1
    outer loop
      vertex 52.55 -8.55 0
      vertex 51.45 -8.55 0
      vertex 52.55 -7.45 0
    endloop
  endfacet
  facet normal 0 0 -1
    outer loop
      vertex 51.45 -4.55 0
      vertex 52.55 -4.55 0
      vertex 51.45 -7.45 0
    endloop
  endfacet
  facet normal 0 0 -1
    outer loop
      vertex 52.55 -3.45 0
      vertex 51.45 -3.45 0
      vertex 52.55 -0.549999 0
    endloop
  endfacet
  facet normal 0 0 -1
    outer loop
      vertex 51.45 0.549999 0
      vertex 52.55 0.549999 0
      vertex 51.45 -0.549999 0
    endloop
  endfacet
  facet normal 0 0 -1
    outer loop
      vertex 52.55 3.45 0
      vertex 51.45 3.45 0
      vertex 52.55 4.55 0
    endloop
  endfacet
  facet normal 0 0 -1
    outer loop
      vertex 51.45 7.45 0
      vertex 52.55 7.45 0
      vertex 51.45 4.55 0
    endloop
  endfacet
  facet normal 0 0 -1
    outer loop
      vertex 52.55 7.45 0
      vertex 51.45 7.45 0
      vertex 52.55 8.55 0
    endloop
  endfacet
  facet normal 0 0 -1
    outer loop
      vertex 51.45 8.55 0
      vertex 52.55 8.55 0
      vertex 51.45 7.45 0
    endloop
  endfacet
  facet normal 0 0 -1
    outer loop
      vertex 52.55 8.55 0
      vertex 51.45 8.55 0
      vertex 52.55 11.45 0
    endloop
  endfacet
  facet normal 0 0 -1
    outer loop
      vertex 51.45 11.45 0
      vertex 52.55 11.45 0
      vertex 51.45 8.55 0
    endloop
  endfacet
  facet normal 0 0 -1
    outer loop
      vertex 52.55 11.45 0
      vertex 51.45 11.45 0
      vertex 52.55 12.55 0
    endloop
  endfacet
  facet normal 0 0 -1
    outer loop
      vertex 51.45 12.55 0
      vertex 52.55 12.55 0
      vertex 51.45 11.45 0
    endloop
  endfacet
  facet normal 0 0 -1
    outer loop
      vertex 52.55 12.55 0
      vertex 51.45 12.55 0
      vertex 52.55 15.45 0
    endloop
  endfacet
  facet normal 0 0 -1
    outer loop
      vertex 51.45 15.45 0
      vertex 52.55 15.45 0
      vertex 51.45 12.55 0
    endloop
  endfacet
  facet normal 0 0 -1
    outer loop
      vertex 51.45 15.45 0
      vertex 71.4 18.4 0
      vertex 52.55 15.45 0
    endloop
  endfacet
  facet normal 0 0 -1
    outer loop
      vertex 48.55 15.45 0
      vertex 71.4 18.4 0
      vertex 51.45 15.45 0
    endloop
  endfacet
  facet normal -0 0 -1
    outer loop
      vertex 48.55 -11.45 0
      vertex 47.45 -12.55 0
      vertex 47.45 -11.45 0
    endloop
  endfacet
  facet normal 0 0 -1
    outer loop
      vertex 48.55 -8.55 0
      vertex 47.45 -8.55 0
      vertex 48.55 -7.45 0
    endloop
  endfacet
  facet normal 0 0 -1
    outer loop
      vertex 47.45 -4.55 0
      vertex 48.55 -4.55 0
      vertex 47.45 -7.45 0
    endloop
  endfacet
  facet normal 0 0 -1
    outer loop
      vertex 48.55 -3.45 0
      vertex 47.45 -3.45 0
      vertex 48.55 -0.549999 0
    endloop
  endfacet
  facet normal 0 0 -1
    outer loop
      vertex 47.45 0.549999 0
      vertex 48.55 0.549999 0
      vertex 47.45 -0.549999 0
    endloop
  endfacet
  facet normal 0 0 -1
    outer loop
      vertex 48.55 3.45 0
      vertex 47.45 3.45 0
      vertex 48.55 4.55 0
    endloop
  endfacet
  facet normal 0 0 -1
    outer loop
      vertex 47.45 7.45 0
      vertex 48.55 7.45 0
      vertex 47.45 4.55 0
    endloop
  endfacet
  facet normal 0 0 -1
    outer loop
      vertex 48.55 7.45 0
      vertex 47.45 7.45 0
      vertex 48.55 8.55 0
    endloop
  endfacet
  facet normal 0 0 -1
    outer loop
      vertex 47.45 8.55 0
      vertex 48.55 8.55 0
      vertex 47.45 7.45 0
    endloop
  endfacet
  facet normal 0 0 -1
    outer loop
      vertex 48.55 8.55 0
      vertex 47.45 8.55 0
      vertex 48.55 11.45 0
    endloop
  endfacet
  facet normal 0 0 -1
    outer loop
      vertex 47.45 11.45 0
      vertex 48.55 11.45 0
      vertex 47.45 8.55 0
    endloop
  endfacet
  facet normal 0 0 -1
    outer loop
      vertex 48.55 11.45 0
      vertex 47.45 11.45 0
      vertex 48.55 12.55 0
    endloop
  endfacet
  facet normal 0 0 -1
    outer loop
      vertex 47.45 12.55 0
      vertex 48.55 12.55 0
      vertex 47.45 11.45 0
    endloop
  endfacet
  facet normal 0 0 -1
    outer loop
      vertex 48.55 12.55 0
      vertex 47.45 12.55 0
      vertex 48.55 15.45 0
    endloop
  endfacet
  facet normal 0 0 -1
    outer loop
      vertex 47.45 15.45 0
      vertex 48.55 15.45 0
      vertex 47.45 12.55 0
    endloop
  endfacet
  facet normal 0 0 -1
    outer loop
      vertex 47.45 15.45 0
      vertex 71.4 18.4 0
      vertex 48.55 15.45 0
    endloop
  endfacet
  facet normal 0 0 -1
    outer loop
      vertex 44.55 15.45 0
      vertex 71.4 18.4 0
      vertex 47.45 15.45 0
    endloop
  endfacet
  facet normal -0 0 -1
    outer loop
      vertex 44.55 -11.45 0
      vertex 43.45 -12.55 0
      vertex 43.45 -11.45 0
    endloop
  endfacet
  facet normal 0 0 -1
    outer loop
      vertex 44.55 -8.55 0
      vertex 43.45 -8.55 0
      vertex 44.55 -7.45 0
    endloop
  endfacet
  facet normal 0 0 -1
    outer loop
      vertex 43.45 -4.55 0
      vertex 44.55 -4.55 0
      vertex 43.45 -7.45 0
    endloop
  endfacet
  facet normal 0 0 -1
    outer loop
      vertex 44.55 -3.45 0
      vertex 43.45 -3.45 0
      vertex 44.55 -0.549999 0
    endloop
  endfacet
  facet normal 0 0 -1
    outer loop
      vertex 43.45 0.549999 0
      vertex 44.55 0.549999 0
      vertex 43.45 -0.549999 0
    endloop
  endfacet
  facet normal 0 0 -1
    outer loop
      vertex 44.55 3.45 0
      vertex 43.45 3.45 0
      vertex 44.55 4.55 0
    endloop
  endfacet
  facet normal 0 0 -1
    outer loop
      vertex 43.45 7.45 0
      vertex 44.55 7.45 0
      vertex 43.45 4.55 0
    endloop
  endfacet
  facet normal 0 0 -1
    outer loop
      vertex 44.55 7.45 0
      vertex 43.45 7.45 0
      vertex 44.55 8.55 0
    endloop
  endfacet
  facet normal 0 0 -1
    outer loop
      vertex 43.45 8.55 0
      vertex 44.55 8.55 0
      vertex 43.45 7.45 0
    endloop
  endfacet
  facet normal 0 0 -1
    outer loop
      vertex 44.55 8.55 0
      vertex 43.45 8.55 0
      vertex 44.55 11.45 0
    endloop
  endfacet
  facet normal 0 0 -1
    outer loop
      vertex 43.45 11.45 0
      vertex 44.55 11.45 0
      vertex 43.45 8.55 0
    endloop
  endfacet
  facet normal 0 0 -1
    outer loop
      vertex 44.55 11.45 0
      vertex 43.45 11.45 0
      vertex 44.55 12.55 0
    endloop
  endfacet
  facet normal 0 0 -1
    outer loop
      vertex 43.45 12.55 0
      vertex 44.55 12.55 0
      vertex 43.45 11.45 0
    endloop
  endfacet
  facet normal 0 0 -1
    outer loop
      vertex 44.55 12.55 0
      vertex 43.45 12.55 0
      vertex 44.55 15.45 0
    endloop
  endfacet
  facet normal 0 0 -1
    outer loop
      vertex 43.45 15.45 0
      vertex 44.55 15.45 0
      vertex 43.45 12.55 0
    endloop
  endfacet
  facet normal 0 0 -1
    outer loop
      vertex 43.45 15.45 0
      vertex 71.4 18.4 0
      vertex 44.55 15.45 0
    endloop
  endfacet
  facet normal 0 0 -1
    outer loop
      vertex 40.55 15.45 0
      vertex 71.4 18.4 0
      vertex 43.45 15.45 0
    endloop
  endfacet
  facet normal -0 0 -1
    outer loop
      vertex 40.55 -11.45 0
      vertex 39.45 -12.55 0
      vertex 39.45 -11.45 0
    endloop
  endfacet
  facet normal 0 0 -1
    outer loop
      vertex 40.55 -8.55 0
      vertex 39.45 -8.55 0
      vertex 40.55 -7.45 0
    endloop
  endfacet
  facet normal 0 0 -1
    outer loop
      vertex 39.45 -4.55 0
      vertex 40.55 -4.55 0
      vertex 39.45 -7.45 0
    endloop
  endfacet
  facet normal 0 0 -1
    outer loop
      vertex 40.55 -3.45 0
      vertex 39.45 -3.45 0
      vertex 40.55 -0.549999 0
    endloop
  endfacet
  facet normal 0 0 -1
    outer loop
      vertex 39.45 0.549999 0
      vertex 40.55 0.549999 0
      vertex 39.45 -0.549999 0
    endloop
  endfacet
  facet normal 0 0 -1
    outer loop
      vertex 40.55 3.45 0
      vertex 39.45 3.45 0
      vertex 40.55 4.55 0
    endloop
  endfacet
  facet normal 0 0 -1
    outer loop
      vertex 39.45 7.45 0
      vertex 40.55 7.45 0
      vertex 39.45 4.55 0
    endloop
  endfacet
  facet normal 0 0 -1
    outer loop
      vertex 40.55 7.45 0
      vertex 39.45 7.45 0
      vertex 40.55 8.55 0
    endloop
  endfacet
  facet normal 0 0 -1
    outer loop
      vertex 39.45 8.55 0
      vertex 40.55 8.55 0
      vertex 39.45 7.45 0
    endloop
  endfacet
  facet normal 0 0 -1
    outer loop
      vertex 40.55 8.55 0
      vertex 39.45 8.55 0
      vertex 40.55 11.45 0
    endloop
  endfacet
  facet normal 0 0 -1
    outer loop
      vertex 39.45 11.45 0
      vertex 40.55 11.45 0
      vertex 39.45 8.55 0
    endloop
  endfacet
  facet normal 0 0 -1
    outer loop
      vertex 40.55 11.45 0
      vertex 39.45 11.45 0
      vertex 40.55 12.55 0
    endloop
  endfacet
  facet normal 0 0 -1
    outer loop
      vertex 39.45 12.55 0
      vertex 40.55 12.55 0
      vertex 39.45 11.45 0
    endloop
  endfacet
  facet normal 0 0 -1
    outer loop
      vertex 40.55 12.55 0
      vertex 39.45 12.55 0
      vertex 40.55 15.45 0
    endloop
  endfacet
  facet normal 0 0 -1
    outer loop
      vertex 39.45 15.45 0
      vertex 40.55 15.45 0
      vertex 39.45 12.55 0
    endloop
  endfacet
  facet normal 0 0 -1
    outer loop
      vertex 39.45 15.45 0
      vertex 71.4 18.4 0
      vertex 40.55 15.45 0
    endloop
  endfacet
  facet normal 0 0 -1
    outer loop
      vertex 36.55 15.45 0
      vertex 71.4 18.4 0
      vertex 39.45 15.45 0
    endloop
  endfacet
  facet normal -0 0 -1
    outer loop
      vertex 36.55 -11.45 0
      vertex 35.45 -12.55 0
      vertex 35.45 -11.45 0
    endloop
  endfacet
  facet normal 0 0 -1
    outer loop
      vertex 36.55 -8.55 0
      vertex 35.45 -8.55 0
      vertex 36.55 -7.45 0
    endloop
  endfacet
  facet normal 0 0 -1
    outer loop
      vertex 35.45 -4.55 0
      vertex 36.55 -4.55 0
      vertex 35.45 -7.45 0
    endloop
  endfacet
  facet normal 0 0 -1
    outer loop
      vertex 36.55 -3.45 0
      vertex 35.45 -3.45 0
      vertex 36.55 -0.549999 0
    endloop
  endfacet
  facet normal 0 0 -1
    outer loop
      vertex 35.45 0.549999 0
      vertex 36.55 0.549999 0
      vertex 35.45 -0.549999 0
    endloop
  endfacet
  facet normal 0 0 -1
    outer loop
      vertex 36.55 3.45 0
      vertex 35.45 3.45 0
      vertex 36.55 4.55 0
    endloop
  endfacet
  facet normal 0 0 -1
    outer loop
      vertex 35.45 7.45 0
      vertex 36.55 7.45 0
      vertex 35.45 4.55 0
    endloop
  endfacet
  facet normal 0 0 -1
    outer loop
      vertex 36.55 7.45 0
      vertex 35.45 7.45 0
      vertex 36.55 8.55 0
    endloop
  endfacet
  facet normal 0 0 -1
    outer loop
      vertex 35.45 8.55 0
      vertex 36.55 8.55 0
      vertex 35.45 7.45 0
    endloop
  endfacet
  facet normal 0 0 -1
    outer loop
      vertex 36.55 8.55 0
      vertex 35.45 8.55 0
      vertex 36.55 11.45 0
    endloop
  endfacet
  facet normal 0 0 -1
    outer loop
      vertex 35.45 11.45 0
      vertex 36.55 11.45 0
      vertex 35.45 8.55 0
    endloop
  endfacet
  facet normal 0 0 -1
    outer loop
      vertex 36.55 11.45 0
      vertex 35.45 11.45 0
      vertex 36.55 12.55 0
    endloop
  endfacet
  facet normal 0 0 -1
    outer loop
      vertex 35.45 12.55 0
      vertex 36.55 12.55 0
      vertex 35.45 11.45 0
    endloop
  endfacet
  facet normal 0 0 -1
    outer loop
      vertex 36.55 12.55 0
      vertex 35.45 12.55 0
      vertex 36.55 15.45 0
    endloop
  endfacet
  facet normal 0 0 -1
    outer loop
      vertex 35.45 15.45 0
      vertex 36.55 15.45 0
      vertex 35.45 12.55 0
    endloop
  endfacet
  facet normal 0 0 -1
    outer loop
      vertex 35.45 15.45 0
      vertex 71.4 18.4 0
      vertex 36.55 15.45 0
    endloop
  endfacet
  facet normal 0 0 -1
    outer loop
      vertex 32.55 15.45 0
      vertex 71.4 18.4 0
      vertex 35.45 15.45 0
    endloop
  endfacet
  facet normal -0 0 -1
    outer loop
      vertex 32.55 -11.45 0
      vertex 31.45 -12.55 0
      vertex 31.45 -11.45 0
    endloop
  endfacet
  facet normal 0 0 -1
    outer loop
      vertex 32.55 -8.55 0
      vertex 31.45 -8.55 0
      vertex 32.55 -7.45 0
    endloop
  endfacet
  facet normal 0 0 -1
    outer loop
      vertex 31.45 -4.55 0
      vertex 32.55 -4.55 0
      vertex 31.45 -7.45 0
    endloop
  endfacet
  facet normal 0 0 -1
    outer loop
      vertex 32.55 -3.45 0
      vertex 31.45 -3.45 0
      vertex 32.55 -0.549999 0
    endloop
  endfacet
  facet normal 0 0 -1
    outer loop
      vertex 31.45 0.549999 0
      vertex 32.55 0.549999 0
      vertex 31.45 -0.549999 0
    endloop
  endfacet
  facet normal 0 0 -1
    outer loop
      vertex 32.55 3.45 0
      vertex 31.45 3.45 0
      vertex 32.55 4.55 0
    endloop
  endfacet
  facet normal 0 0 -1
    outer loop
      vertex 31.45 7.45 0
      vertex 32.55 7.45 0
      vertex 31.45 4.55 0
    endloop
  endfacet
  facet normal 0 0 -1
    outer loop
      vertex 32.55 7.45 0
      vertex 31.45 7.45 0
      vertex 32.55 8.55 0
    endloop
  endfacet
  facet normal 0 0 -1
    outer loop
      vertex 31.45 8.55 0
      vertex 32.55 8.55 0
      vertex 31.45 7.45 0
    endloop
  endfacet
  facet normal 0 0 -1
    outer loop
      vertex 32.55 8.55 0
      vertex 31.45 8.55 0
      vertex 32.55 11.45 0
    endloop
  endfacet
  facet normal 0 0 -1
    outer loop
      vertex 31.45 11.45 0
      vertex 32.55 11.45 0
      vertex 31.45 8.55 0
    endloop
  endfacet
  facet normal 0 0 -1
    outer loop
      vertex 32.55 11.45 0
      vertex 31.45 11.45 0
      vertex 32.55 12.55 0
    endloop
  endfacet
  facet normal 0 0 -1
    outer loop
      vertex 31.45 12.55 0
      vertex 32.55 12.55 0
      vertex 31.45 11.45 0
    endloop
  endfacet
  facet normal 0 0 -1
    outer loop
      vertex 32.55 12.55 0
      vertex 31.45 12.55 0
      vertex 32.55 15.45 0
    endloop
  endfacet
  facet normal 0 0 -1
    outer loop
      vertex 31.45 15.45 0
      vertex 32.55 15.45 0
      vertex 31.45 12.55 0
    endloop
  endfacet
  facet normal 0 0 -1
    outer loop
      vertex 31.45 15.45 0
      vertex 71.4 18.4 0
      vertex 32.55 15.45 0
    endloop
  endfacet
  facet normal 0 0 -1
    outer loop
      vertex 28.55 15.45 0
      vertex 71.4 18.4 0
      vertex 31.45 15.45 0
    endloop
  endfacet
  facet normal -0 0 -1
    outer loop
      vertex 28.55 -11.45 0
      vertex 27.45 -12.55 0
      vertex 27.45 -11.45 0
    endloop
  endfacet
  facet normal 0 0 -1
    outer loop
      vertex 28.55 -8.55 0
      vertex 27.45 -8.55 0
      vertex 28.55 -7.45 0
    endloop
  endfacet
  facet normal 0 0 -1
    outer loop
      vertex 27.45 -4.55 0
      vertex 28.55 -4.55 0
      vertex 27.45 -7.45 0
    endloop
  endfacet
  facet normal 0 0 -1
    outer loop
      vertex 28.55 -3.45 0
      vertex 27.45 -3.45 0
      vertex 28.55 -0.549999 0
    endloop
  endfacet
  facet normal 0 0 -1
    outer loop
      vertex 27.45 0.549999 0
      vertex 28.55 0.549999 0
      vertex 27.45 -0.549999 0
    endloop
  endfacet
  facet normal 0 0 -1
    outer loop
      vertex 28.55 3.45 0
      vertex 27.45 3.45 0
      vertex 28.55 4.55 0
    endloop
  endfacet
  facet normal 0 0 -1
    outer loop
      vertex 27.45 7.45 0
      vertex 28.55 7.45 0
      vertex 27.45 4.55 0
    endloop
  endfacet
  facet normal 0 0 -1
    outer loop
      vertex 28.55 7.45 0
      vertex 27.45 7.45 0
      vertex 28.55 8.55 0
    endloop
  endfacet
  facet normal 0 0 -1
    outer loop
      vertex 27.45 8.55 0
      vertex 28.55 8.55 0
      vertex 27.45 7.45 0
    endloop
  endfacet
  facet normal 0 0 -1
    outer loop
      vertex 28.55 8.55 0
      vertex 27.45 8.55 0
      vertex 28.55 11.45 0
    endloop
  endfacet
  facet normal 0 0 -1
    outer loop
      vertex 27.45 11.45 0
      vertex 28.55 11.45 0
      vertex 27.45 8.55 0
    endloop
  endfacet
  facet normal 0 0 -1
    outer loop
      vertex 28.55 11.45 0
      vertex 27.45 11.45 0
      vertex 28.55 12.55 0
    endloop
  endfacet
  facet normal 0 0 -1
    outer loop
      vertex 27.45 12.55 0
      vertex 28.55 12.55 0
      vertex 27.45 11.45 0
    endloop
  endfacet
  facet normal 0 0 -1
    outer loop
      vertex 28.55 12.55 0
      vertex 27.45 12.55 0
      vertex 28.55 15.45 0
    endloop
  endfacet
  facet normal 0 0 -1
    outer loop
      vertex 27.45 15.45 0
      vertex 28.55 15.45 0
      vertex 27.45 12.55 0
    endloop
  endfacet
  facet normal 0 0 -1
    outer loop
      vertex 27.45 15.45 0
      vertex 71.4 18.4 0
      vertex 28.55 15.45 0
    endloop
  endfacet
  facet normal 0 0 -1
    outer loop
      vertex 24.55 15.45 0
      vertex 71.4 18.4 0
      vertex 27.45 15.45 0
    endloop
  endfacet
  facet normal -0 0 -1
    outer loop
      vertex 24.55 -11.45 0
      vertex 23.45 -12.55 0
      vertex 23.45 -11.45 0
    endloop
  endfacet
  facet normal 0 0 -1
    outer loop
      vertex 24.55 -8.55 0
      vertex 23.45 -8.55 0
      vertex 24.55 -7.45 0
    endloop
  endfacet
  facet normal 0 0 -1
    outer loop
      vertex 23.45 -4.55 0
      vertex 24.55 -4.55 0
      vertex 23.45 -7.45 0
    endloop
  endfacet
  facet normal 0 0 -1
    outer loop
      vertex 24.55 -3.45 0
      vertex 23.45 -3.45 0
      vertex 24.55 -0.549999 0
    endloop
  endfacet
  facet normal 0 0 -1
    outer loop
      vertex 23.45 0.549999 0
      vertex 24.55 0.549999 0
      vertex 23.45 -0.549999 0
    endloop
  endfacet
  facet normal 0 0 -1
    outer loop
      vertex 24.55 3.45 0
      vertex 23.45 3.45 0
      vertex 24.55 4.55 0
    endloop
  endfacet
  facet normal 0 0 -1
    outer loop
      vertex 23.45 7.45 0
      vertex 24.55 7.45 0
      vertex 23.45 4.55 0
    endloop
  endfacet
  facet normal 0 0 -1
    outer loop
      vertex 24.55 7.45 0
      vertex 23.45 7.45 0
      vertex 24.55 8.55 0
    endloop
  endfacet
  facet normal 0 0 -1
    outer loop
      vertex 23.45 8.55 0
      vertex 24.55 8.55 0
      vertex 23.45 7.45 0
    endloop
  endfacet
  facet normal 0 0 -1
    outer loop
      vertex 24.55 8.55 0
      vertex 23.45 8.55 0
      vertex 24.55 11.45 0
    endloop
  endfacet
  facet normal 0 0 -1
    outer loop
      vertex 23.45 11.45 0
      vertex 24.55 11.45 0
      vertex 23.45 8.55 0
    endloop
  endfacet
  facet normal 0 0 -1
    outer loop
      vertex 24.55 11.45 0
      vertex 23.45 11.45 0
      vertex 24.55 12.55 0
    endloop
  endfacet
  facet normal 0 0 -1
    outer loop
      vertex 23.45 12.55 0
      vertex 24.55 12.55 0
      vertex 23.45 11.45 0
    endloop
  endfacet
  facet normal 0 0 -1
    outer loop
      vertex 24.55 12.55 0
      vertex 23.45 12.55 0
      vertex 24.55 15.45 0
    endloop
  endfacet
  facet normal 0 0 -1
    outer loop
      vertex 23.45 15.45 0
      vertex 24.55 15.45 0
      vertex 23.45 12.55 0
    endloop
  endfacet
  facet normal 0 0 -1
    outer loop
      vertex 23.45 15.45 0
      vertex 71.4 18.4 0
      vertex 24.55 15.45 0
    endloop
  endfacet
  facet normal 0 0 -1
    outer loop
      vertex 20.55 15.45 0
      vertex 71.4 18.4 0
      vertex 23.45 15.45 0
    endloop
  endfacet
  facet normal -0 0 -1
    outer loop
      vertex 20.55 -11.45 0
      vertex 19.45 -12.55 0
      vertex 19.45 -11.45 0
    endloop
  endfacet
  facet normal 0 0 -1
    outer loop
      vertex 20.55 -8.55 0
      vertex 19.45 -8.55 0
      vertex 20.55 -7.45 0
    endloop
  endfacet
  facet normal 0 0 -1
    outer loop
      vertex 19.45 -4.55 0
      vertex 20.55 -4.55 0
      vertex 19.45 -7.45 0
    endloop
  endfacet
  facet normal 0 0 -1
    outer loop
      vertex 20.55 -3.45 0
      vertex 19.45 -3.45 0
      vertex 20.55 -0.549999 0
    endloop
  endfacet
  facet normal 0 0 -1
    outer loop
      vertex 19.45 0.549999 0
      vertex 20.55 0.549999 0
      vertex 19.45 -0.549999 0
    endloop
  endfacet
  facet normal 0 0 -1
    outer loop
      vertex 20.55 3.45 0
      vertex 19.45 3.45 0
      vertex 20.55 4.55 0
    endloop
  endfacet
  facet normal 0 0 -1
    outer loop
      vertex 19.45 7.45 0
      vertex 20.55 7.45 0
      vertex 19.45 4.55 0
    endloop
  endfacet
  facet normal 0 0 -1
    outer loop
      vertex 20.55 7.45 0
      vertex 19.45 7.45 0
      vertex 20.55 8.55 0
    endloop
  endfacet
  facet normal 0 0 -1
    outer loop
      vertex 19.45 8.55 0
      vertex 20.55 8.55 0
      vertex 19.45 7.45 0
    endloop
  endfacet
  facet normal 0 0 -1
    outer loop
      vertex 20.55 8.55 0
      vertex 19.45 8.55 0
      vertex 20.55 11.45 0
    endloop
  endfacet
  facet normal 0 0 -1
    outer loop
      vertex 19.45 11.45 0
      vertex 20.55 11.45 0
      vertex 19.45 8.55 0
    endloop
  endfacet
  facet normal 0 0 -1
    outer loop
      vertex 20.55 11.45 0
      vertex 19.45 11.45 0
      vertex 20.55 12.55 0
    endloop
  endfacet
  facet normal 0 0 -1
    outer loop
      vertex 19.45 12.55 0
      vertex 20.55 12.55 0
      vertex 19.45 11.45 0
    endloop
  endfacet
  facet normal 0 0 -1
    outer loop
      vertex 20.55 12.55 0
      vertex 19.45 12.55 0
      vertex 20.55 15.45 0
    endloop
  endfacet
  facet normal 0 0 -1
    outer loop
      vertex 19.45 15.45 0
      vertex 20.55 15.45 0
      vertex 19.45 12.55 0
    endloop
  endfacet
  facet normal 0 0 -1
    outer loop
      vertex 19.45 15.45 0
      vertex 71.4 18.4 0
      vertex 20.55 15.45 0
    endloop
  endfacet
  facet normal 0 0 -1
    outer loop
      vertex 16.55 15.45 0
      vertex 71.4 18.4 0
      vertex 19.45 15.45 0
    endloop
  endfacet
  facet normal -0 0 -1
    outer loop
      vertex 16.55 -11.45 0
      vertex 15.45 -12.55 0
      vertex 15.45 -11.45 0
    endloop
  endfacet
  facet normal 0 0 -1
    outer loop
      vertex 16.55 -8.55 0
      vertex 15.45 -8.55 0
      vertex 16.55 -7.45 0
    endloop
  endfacet
  facet normal 0 0 -1
    outer loop
      vertex 15.45 -4.55 0
      vertex 16.55 -4.55 0
      vertex 15.45 -7.45 0
    endloop
  endfacet
  facet normal 0 0 -1
    outer loop
      vertex 16.55 -3.45 0
      vertex 15.45 -3.45 0
      vertex 16.55 -0.549999 0
    endloop
  endfacet
  facet normal 0 0 -1
    outer loop
      vertex 15.45 0.549999 0
      vertex 16.55 0.549999 0
      vertex 15.45 -0.549999 0
    endloop
  endfacet
  facet normal 0 0 -1
    outer loop
      vertex 16.55 3.45 0
      vertex 15.45 3.45 0
      vertex 16.55 4.55 0
    endloop
  endfacet
  facet normal 0 0 -1
    outer loop
      vertex 15.45 7.45 0
      vertex 16.55 7.45 0
      vertex 15.45 4.55 0
    endloop
  endfacet
  facet normal 0 0 -1
    outer loop
      vertex 16.55 7.45 0
      vertex 15.45 7.45 0
      vertex 16.55 8.55 0
    endloop
  endfacet
  facet normal 0 0 -1
    outer loop
      vertex 15.45 8.55 0
      vertex 16.55 8.55 0
      vertex 15.45 7.45 0
    endloop
  endfacet
  facet normal 0 0 -1
    outer loop
      vertex 16.55 8.55 0
      vertex 15.45 8.55 0
      vertex 16.55 11.45 0
    endloop
  endfacet
  facet normal 0 0 -1
    outer loop
      vertex 15.45 11.45 0
      vertex 16.55 11.45 0
      vertex 15.45 8.55 0
    endloop
  endfacet
  facet normal 0 0 -1
    outer loop
      vertex 16.55 11.45 0
      vertex 15.45 11.45 0
      vertex 16.55 12.55 0
    endloop
  endfacet
  facet normal 0 0 -1
    outer loop
      vertex 15.45 12.55 0
      vertex 16.55 12.55 0
      vertex 15.45 11.45 0
    endloop
  endfacet
  facet normal 0 0 -1
    outer loop
      vertex 16.55 12.55 0
      vertex 15.45 12.55 0
      vertex 16.55 15.45 0
    endloop
  endfacet
  facet normal 0 0 -1
    outer loop
      vertex 15.45 15.45 0
      vertex 16.55 15.45 0
      vertex 15.45 12.55 0
    endloop
  endfacet
  facet normal 0 0 -1
    outer loop
      vertex 15.45 15.45 0
      vertex 71.4 18.4 0
      vertex 16.55 15.45 0
    endloop
  endfacet
  facet normal 0 0 -1
    outer loop
      vertex 12.55 15.45 0
      vertex 71.4 18.4 0
      vertex 15.45 15.45 0
    endloop
  endfacet
  facet normal -0 0 -1
    outer loop
      vertex 12.55 -11.45 0
      vertex 11.45 -12.55 0
      vertex 11.45 -11.45 0
    endloop
  endfacet
  facet normal 0 0 -1
    outer loop
      vertex 12.55 -8.55 0
      vertex 11.45 -8.55 0
      vertex 12.55 -7.45 0
    endloop
  endfacet
  facet normal 0 0 -1
    outer loop
      vertex 11.45 -4.55 0
      vertex 12.55 -4.55 0
      vertex 11.45 -7.45 0
    endloop
  endfacet
  facet normal 0 0 -1
    outer loop
      vertex 12.55 -3.45 0
      vertex 11.45 -3.45 0
      vertex 12.55 -0.549999 0
    endloop
  endfacet
  facet normal 0 0 -1
    outer loop
      vertex 11.45 0.549999 0
      vertex 12.55 0.549999 0
      vertex 11.45 -0.549999 0
    endloop
  endfacet
  facet normal 0 0 -1
    outer loop
      vertex 12.55 3.45 0
      vertex 11.45 3.45 0
      vertex 12.55 4.55 0
    endloop
  endfacet
  facet normal 0 0 -1
    outer loop
      vertex 11.45 7.45 0
      vertex 12.55 7.45 0
      vertex 11.45 4.55 0
    endloop
  endfacet
  facet normal 0 0 -1
    outer loop
      vertex 12.55 7.45 0
      vertex 11.45 7.45 0
      vertex 12.55 8.55 0
    endloop
  endfacet
  facet normal 0 0 -1
    outer loop
      vertex 11.45 8.55 0
      vertex 12.55 8.55 0
      vertex 11.45 7.45 0
    endloop
  endfacet
  facet normal 0 0 -1
    outer loop
      vertex 12.55 8.55 0
      vertex 11.45 8.55 0
      vertex 12.55 11.45 0
    endloop
  endfacet
  facet normal 0 0 -1
    outer loop
      vertex 11.45 11.45 0
      vertex 12.55 11.45 0
      vertex 11.45 8.55 0
    endloop
  endfacet
  facet normal 0 0 -1
    outer loop
      vertex 12.55 11.45 0
      vertex 11.45 11.45 0
      vertex 12.55 12.55 0
    endloop
  endfacet
  facet normal 0 0 -1
    outer loop
      vertex 11.45 12.55 0
      vertex 12.55 12.55 0
      vertex 11.45 11.45 0
    endloop
  endfacet
  facet normal 0 0 -1
    outer loop
      vertex 12.55 12.55 0
      vertex 11.45 12.55 0
      vertex 12.55 15.45 0
    endloop
  endfacet
  facet normal 0 0 -1
    outer loop
      vertex 11.45 15.45 0
      vertex 12.55 15.45 0
      vertex 11.45 12.55 0
    endloop
  endfacet
  facet normal 0 0 -1
    outer loop
      vertex 11.45 15.45 0
      vertex 71.4 18.4 0
      vertex 12.55 15.45 0
    endloop
  endfacet
  facet normal 0 0 -1
    outer loop
      vertex 8.55 15.45 0
      vertex 71.4 18.4 0
      vertex 11.45 15.45 0
    endloop
  endfacet
  facet normal -0 0 -1
    outer loop
      vertex 8.55 -11.45 0
      vertex 7.45 -12.55 0
      vertex 7.45 -11.45 0
    endloop
  endfacet
  facet normal 0 0 -1
    outer loop
      vertex 8.55 -8.55 0
      vertex 7.45 -8.55 0
      vertex 8.55 -7.45 0
    endloop
  endfacet
  facet normal 0 0 -1
    outer loop
      vertex 7.45 -4.55 0
      vertex 8.55 -4.55 0
      vertex 7.45 -7.45 0
    endloop
  endfacet
  facet normal 0 0 -1
    outer loop
      vertex 8.55 -3.45 0
      vertex 7.45 -3.45 0
      vertex 8.55 -0.549999 0
    endloop
  endfacet
  facet normal 0 0 -1
    outer loop
      vertex 7.45 0.549999 0
      vertex 8.55 0.549999 0
      vertex 7.45 -0.549999 0
    endloop
  endfacet
  facet normal 0 0 -1
    outer loop
      vertex 8.55 3.45 0
      vertex 7.45 3.45 0
      vertex 8.55 4.55 0
    endloop
  endfacet
  facet normal 0 0 -1
    outer loop
      vertex 7.45 7.45 0
      vertex 8.55 7.45 0
      vertex 7.45 4.55 0
    endloop
  endfacet
  facet normal 0 0 -1
    outer loop
      vertex 8.55 7.45 0
      vertex 7.45 7.45 0
      vertex 8.55 8.55 0
    endloop
  endfacet
  facet normal 0 0 -1
    outer loop
      vertex 7.45 8.55 0
      vertex 8.55 8.55 0
      vertex 7.45 7.45 0
    endloop
  endfacet
  facet normal 0 0 -1
    outer loop
      vertex 8.55 8.55 0
      vertex 7.45 8.55 0
      vertex 8.55 11.45 0
    endloop
  endfacet
  facet normal 0 0 -1
    outer loop
      vertex 7.45 11.45 0
      vertex 8.55 11.45 0
      vertex 7.45 8.55 0
    endloop
  endfacet
  facet normal 0 0 -1
    outer loop
      vertex 8.55 11.45 0
      vertex 7.45 11.45 0
      vertex 8.55 12.55 0
    endloop
  endfacet
  facet normal 0 0 -1
    outer loop
      vertex 7.45 12.55 0
      vertex 8.55 12.55 0
      vertex 7.45 11.45 0
    endloop
  endfacet
  facet normal 0 0 -1
    outer loop
      vertex 8.55 12.55 0
      vertex 7.45 12.55 0
      vertex 8.55 15.45 0
    endloop
  endfacet
  facet normal 0 0 -1
    outer loop
      vertex 7.45 15.45 0
      vertex 8.55 15.45 0
      vertex 7.45 12.55 0
    endloop
  endfacet
  facet normal 0 0 -1
    outer loop
      vertex 7.45 15.45 0
      vertex 71.4 18.4 0
      vertex 8.55 15.45 0
    endloop
  endfacet
  facet normal 0 0 -1
    outer loop
      vertex 4.55 15.45 0
      vertex 71.4 18.4 0
      vertex 7.45 15.45 0
    endloop
  endfacet
  facet normal -0 0 -1
    outer loop
      vertex 4.55 -11.45 0
      vertex 3.45 -12.55 0
      vertex 3.45 -11.45 0
    endloop
  endfacet
  facet normal 0 0 -1
    outer loop
      vertex 4.55 -8.55 0
      vertex 3.45 -8.55 0
      vertex 4.55 -7.45 0
    endloop
  endfacet
  facet normal 0 0 -1
    outer loop
      vertex 3.45 -4.55 0
      vertex 4.55 -4.55 0
      vertex 3.45 -7.45 0
    endloop
  endfacet
  facet normal 0 0 -1
    outer loop
      vertex 4.55 -3.45 0
      vertex 3.45 -3.45 0
      vertex 4.55 -0.549999 0
    endloop
  endfacet
  facet normal 0 0 -1
    outer loop
      vertex 3.45 0.549999 0
      vertex 4.55 0.549999 0
      vertex 3.45 -0.549999 0
    endloop
  endfacet
  facet normal 0 0 -1
    outer loop
      vertex 4.55 3.45 0
      vertex 3.45 3.45 0
      vertex 4.55 4.55 0
    endloop
  endfacet
  facet normal 0 0 -1
    outer loop
      vertex 3.45 7.45 0
      vertex 4.55 7.45 0
      vertex 3.45 4.55 0
    endloop
  endfacet
  facet normal 0 0 -1
    outer loop
      vertex 4.55 7.45 0
      vertex 3.45 7.45 0
      vertex 4.55 8.55 0
    endloop
  endfacet
  facet normal 0 0 -1
    outer loop
      vertex 3.45 8.55 0
      vertex 4.55 8.55 0
      vertex 3.45 7.45 0
    endloop
  endfacet
  facet normal 0 0 -1
    outer loop
      vertex 4.55 8.55 0
      vertex 3.45 8.55 0
      vertex 4.55 11.45 0
    endloop
  endfacet
  facet normal 0 0 -1
    outer loop
      vertex 3.45 11.45 0
      vertex 4.55 11.45 0
      vertex 3.45 8.55 0
    endloop
  endfacet
  facet normal 0 0 -1
    outer loop
      vertex 4.55 11.45 0
      vertex 3.45 11.45 0
      vertex 4.55 12.55 0
    endloop
  endfacet
  facet normal 0 0 -1
    outer loop
      vertex 3.45 12.55 0
      vertex 4.55 12.55 0
      vertex 3.45 11.45 0
    endloop
  endfacet
  facet normal 0 0 -1
    outer loop
      vertex 4.55 12.55 0
      vertex 3.45 12.55 0
      vertex 4.55 15.45 0
    endloop
  endfacet
  facet normal 0 0 -1
    outer loop
      vertex 3.45 15.45 0
      vertex 4.55 15.45 0
      vertex 3.45 12.55 0
    endloop
  endfacet
  facet normal 0 0 -1
    outer loop
      vertex 3.45 15.45 0
      vertex 71.4 18.4 0
      vertex 4.55 15.45 0
    endloop
  endfacet
  facet normal 0 0 -1
    outer loop
      vertex 0.549999 15.45 0
      vertex 71.4 18.4 0
      vertex 3.45 15.45 0
    endloop
  endfacet
  facet normal -0 0 -1
    outer loop
      vertex 0.549999 -11.45 0
      vertex -0.549999 -12.55 0
      vertex -0.549999 -11.45 0
    endloop
  endfacet
  facet normal 0 0 -1
    outer loop
      vertex 0.549999 -8.55 0
      vertex -0.549999 -8.55 0
      vertex 0.549999 -7.45 0
    endloop
  endfacet
  facet normal 0 0 -1
    outer loop
      vertex -0.549999 -4.55 0
      vertex 0.549999 -4.55 0
      vertex -0.549999 -7.45 0
    endloop
  endfacet
  facet normal 0 0 -1
    outer loop
      vertex 0.549999 -3.45 0
      vertex -0.549999 -3.45 0
      vertex 0.549999 -0.549999 0
    endloop
  endfacet
  facet normal 0 0 -1
    outer loop
      vertex -0.549999 0.549999 0
      vertex 0.549999 0.549999 0
      vertex -0.549999 -0.549999 0
    endloop
  endfacet
  facet normal 0 0 -1
    outer loop
      vertex 0.549999 3.45 0
      vertex -0.549999 3.45 0
      vertex 0.549999 4.55 0
    endloop
  endfacet
  facet normal 0 0 -1
    outer loop
      vertex -0.549999 7.45 0
      vertex 0.549999 7.45 0
      vertex -0.549999 4.55 0
    endloop
  endfacet
  facet normal 0 0 -1
    outer loop
      vertex 0.549999 7.45 0
      vertex -0.549999 7.45 0
      vertex 0.549999 8.55 0
    endloop
  endfacet
  facet normal 0 0 -1
    outer loop
      vertex -0.549999 8.55 0
      vertex 0.549999 8.55 0
      vertex -0.549999 7.45 0
    endloop
  endfacet
  facet normal 0 0 -1
    outer loop
      vertex 0.549999 8.55 0
      vertex -0.549999 8.55 0
      vertex 0.549999 11.45 0
    endloop
  endfacet
  facet normal 0 0 -1
    outer loop
      vertex -0.549999 11.45 0
      vertex 0.549999 11.45 0
      vertex -0.549999 8.55 0
    endloop
  endfacet
  facet normal 0 0 -1
    outer loop
      vertex 0.549999 11.45 0
      vertex -0.549999 11.45 0
      vertex 0.549999 12.55 0
    endloop
  endfacet
  facet normal 0 0 -1
    outer loop
      vertex -0.549999 12.55 0
      vertex 0.549999 12.55 0
      vertex -0.549999 11.45 0
    endloop
  endfacet
  facet normal 0 0 -1
    outer loop
      vertex 0.549999 12.55 0
      vertex -0.549999 12.55 0
      vertex 0.549999 15.45 0
    endloop
  endfacet
  facet normal 0 0 -1
    outer loop
      vertex -0.549999 15.45 0
      vertex 0.549999 15.45 0
      vertex -0.549999 12.55 0
    endloop
  endfacet
  facet normal 0 0 -1
    outer loop
      vertex -0.549999 15.45 0
      vertex 71.4 18.4 0
      vertex 0.549999 15.45 0
    endloop
  endfacet
  facet normal 0 0 -1
    outer loop
      vertex -3.45 15.45 0
      vertex 71.4 18.4 0
      vertex -0.549999 15.45 0
    endloop
  endfacet
  facet normal -0 0 -1
    outer loop
      vertex -3.45 -11.45 0
      vertex -4.55 -12.55 0
      vertex -4.55 -11.45 0
    endloop
  endfacet
  facet normal 0 0 -1
    outer loop
      vertex -3.45 -8.55 0
      vertex -4.55 -8.55 0
      vertex -3.45 -7.45 0
    endloop
  endfacet
  facet normal 0 0 -1
    outer loop
      vertex -4.55 -4.55 0
      vertex -3.45 -4.55 0
      vertex -4.55 -7.45 0
    endloop
  endfacet
  facet normal 0 0 -1
    outer loop
      vertex -3.45 -3.45 0
      vertex -4.55 -3.45 0
      vertex -3.45 -0.549999 0
    endloop
  endfacet
  facet normal 0 0 -1
    outer loop
      vertex -4.55 0.549999 0
      vertex -3.45 0.549999 0
      vertex -4.55 -0.549999 0
    endloop
  endfacet
  facet normal 0 0 -1
    outer loop
      vertex -3.45 3.45 0
      vertex -4.55 3.45 0
      vertex -3.45 4.55 0
    endloop
  endfacet
  facet normal 0 0 -1
    outer loop
      vertex -4.55 7.45 0
      vertex -3.45 7.45 0
      vertex -4.55 4.55 0
    endloop
  endfacet
  facet normal 0 0 -1
    outer loop
      vertex -3.45 7.45 0
      vertex -4.55 7.45 0
      vertex -3.45 8.55 0
    endloop
  endfacet
  facet normal 0 0 -1
    outer loop
      vertex -4.55 8.55 0
      vertex -3.45 8.55 0
      vertex -4.55 7.45 0
    endloop
  endfacet
  facet normal 0 0 -1
    outer loop
      vertex -3.45 8.55 0
      vertex -4.55 8.55 0
      vertex -3.45 11.45 0
    endloop
  endfacet
  facet normal 0 0 -1
    outer loop
      vertex -4.55 11.45 0
      vertex -3.45 11.45 0
      vertex -4.55 8.55 0
    endloop
  endfacet
  facet normal 0 0 -1
    outer loop
      vertex -3.45 11.45 0
      vertex -4.55 11.45 0
      vertex -3.45 12.55 0
    endloop
  endfacet
  facet normal 0 0 -1
    outer loop
      vertex -4.55 12.55 0
      vertex -3.45 12.55 0
      vertex -4.55 11.45 0
    endloop
  endfacet
  facet normal 0 0 -1
    outer loop
      vertex -3.45 12.55 0
      vertex -4.55 12.55 0
      vertex -3.45 15.45 0
    endloop
  endfacet
  facet normal 0 0 -1
    outer loop
      vertex -4.55 15.45 0
      vertex -3.45 15.45 0
      vertex -4.55 12.55 0
    endloop
  endfacet
  facet normal 0 0 -1
    outer loop
      vertex -4.55 15.45 0
      vertex 71.4 18.4 0
      vertex -3.45 15.45 0
    endloop
  endfacet
  facet normal 0 0 -1
    outer loop
      vertex -7.45 15.45 0
      vertex 71.4 18.4 0
      vertex -4.55 15.45 0
    endloop
  endfacet
  facet normal -0 0 -1
    outer loop
      vertex -7.45 -11.45 0
      vertex -8.55 -12.55 0
      vertex -8.55 -11.45 0
    endloop
  endfacet
  facet normal 0 0 -1
    outer loop
      vertex -7.45 -8.55 0
      vertex -8.55 -8.55 0
      vertex -7.45 -7.45 0
    endloop
  endfacet
  facet normal 0 0 -1
    outer loop
      vertex -8.55 -4.55 0
      vertex -7.45 -4.55 0
      vertex -8.55 -7.45 0
    endloop
  endfacet
  facet normal 0 0 -1
    outer loop
      vertex -7.45 -3.45 0
      vertex -8.55 -3.45 0
      vertex -7.45 -0.549999 0
    endloop
  endfacet
  facet normal 0 0 -1
    outer loop
      vertex -8.55 0.549999 0
      vertex -7.45 0.549999 0
      vertex -8.55 -0.549999 0
    endloop
  endfacet
  facet normal 0 0 -1
    outer loop
      vertex -7.45 3.45 0
      vertex -8.55 3.45 0
      vertex -7.45 4.55 0
    endloop
  endfacet
  facet normal 0 0 -1
    outer loop
      vertex -8.55 7.45 0
      vertex -7.45 7.45 0
      vertex -8.55 4.55 0
    endloop
  endfacet
  facet normal 0 0 -1
    outer loop
      vertex -7.45 7.45 0
      vertex -8.55 7.45 0
      vertex -7.45 8.55 0
    endloop
  endfacet
  facet normal 0 0 -1
    outer loop
      vertex -8.55 8.55 0
      vertex -7.45 8.55 0
      vertex -8.55 7.45 0
    endloop
  endfacet
  facet normal 0 0 -1
    outer loop
      vertex -7.45 8.55 0
      vertex -8.55 8.55 0
      vertex -7.45 11.45 0
    endloop
  endfacet
  facet normal 0 0 -1
    outer loop
      vertex -8.55 11.45 0
      vertex -7.45 11.45 0
      vertex -8.55 8.55 0
    endloop
  endfacet
  facet normal 0 0 -1
    outer loop
      vertex -7.45 11.45 0
      vertex -8.55 11.45 0
      vertex -7.45 12.55 0
    endloop
  endfacet
  facet normal 0 0 -1
    outer loop
      vertex -8.55 12.55 0
      vertex -7.45 12.55 0
      vertex -8.55 11.45 0
    endloop
  endfacet
  facet normal 0 0 -1
    outer loop
      vertex -7.45 12.55 0
      vertex -8.55 12.55 0
      vertex -7.45 15.45 0
    endloop
  endfacet
  facet normal 0 0 -1
    outer loop
      vertex -8.55 15.45 0
      vertex -7.45 15.45 0
      vertex -8.55 12.55 0
    endloop
  endfacet
  facet normal 0 0 -1
    outer loop
      vertex -8.55 15.45 0
      vertex 71.4 18.4 0
      vertex -7.45 15.45 0
    endloop
  endfacet
  facet normal 0 0 -1
    outer loop
      vertex -71.4 18.4 0
      vertex -8.55 15.45 0
      vertex -11.45 15.45 0
    endloop
  endfacet
  facet normal -0 0 -1
    outer loop
      vertex -11.45 -11.45 0
      vertex -12.55 -12.55 0
      vertex -12.55 -11.45 0
    endloop
  endfacet
  facet normal 0 0 -1
    outer loop
      vertex -11.45 -8.55 0
      vertex -12.55 -8.55 0
      vertex -11.45 -7.45 0
    endloop
  endfacet
  facet normal 0 0 -1
    outer loop
      vertex -12.55 -4.55 0
      vertex -11.45 -4.55 0
      vertex -12.55 -7.45 0
    endloop
  endfacet
  facet normal 0 0 -1
    outer loop
      vertex -11.45 -3.45 0
      vertex -12.55 -3.45 0
      vertex -11.45 -0.549999 0
    endloop
  endfacet
  facet normal 0 0 -1
    outer loop
      vertex -12.55 0.549999 0
      vertex -11.45 0.549999 0
      vertex -12.55 -0.549999 0
    endloop
  endfacet
  facet normal 0 0 -1
    outer loop
      vertex -11.45 3.45 0
      vertex -12.55 3.45 0
      vertex -11.45 4.55 0
    endloop
  endfacet
  facet normal 0 0 -1
    outer loop
      vertex -12.55 7.45 0
      vertex -11.45 7.45 0
      vertex -12.55 4.55 0
    endloop
  endfacet
  facet normal 0 0 -1
    outer loop
      vertex -11.45 7.45 0
      vertex -12.55 7.45 0
      vertex -11.45 8.55 0
    endloop
  endfacet
  facet normal 0 0 -1
    outer loop
      vertex -12.55 8.55 0
      vertex -11.45 8.55 0
      vertex -12.55 7.45 0
    endloop
  endfacet
  facet normal 0 0 -1
    outer loop
      vertex -11.45 8.55 0
      vertex -12.55 8.55 0
      vertex -11.45 11.45 0
    endloop
  endfacet
  facet normal 0 0 -1
    outer loop
      vertex -12.55 11.45 0
      vertex -11.45 11.45 0
      vertex -12.55 8.55 0
    endloop
  endfacet
  facet normal 0 0 -1
    outer loop
      vertex -11.45 11.45 0
      vertex -12.55 11.45 0
      vertex -11.45 12.55 0
    endloop
  endfacet
  facet normal 0 0 -1
    outer loop
      vertex -12.55 12.55 0
      vertex -11.45 12.55 0
      vertex -12.55 11.45 0
    endloop
  endfacet
  facet normal 0 0 -1
    outer loop
      vertex -11.45 12.55 0
      vertex -12.55 12.55 0
      vertex -11.45 15.45 0
    endloop
  endfacet
  facet normal 0 0 -1
    outer loop
      vertex -12.55 15.45 0
      vertex -11.45 15.45 0
      vertex -12.55 12.55 0
    endloop
  endfacet
  facet normal 0 0 -1
    outer loop
      vertex -71.4 18.4 0
      vertex -11.45 15.45 0
      vertex -12.55 15.45 0
    endloop
  endfacet
  facet normal 0 0 -1
    outer loop
      vertex -71.4 18.4 0
      vertex -12.55 15.45 0
      vertex -15.45 15.45 0
    endloop
  endfacet
  facet normal -0 0 -1
    outer loop
      vertex -15.45 -11.45 0
      vertex -16.55 -12.55 0
      vertex -16.55 -11.45 0
    endloop
  endfacet
  facet normal 0 0 -1
    outer loop
      vertex -15.45 -8.55 0
      vertex -16.55 -8.55 0
      vertex -15.45 -7.45 0
    endloop
  endfacet
  facet normal 0 0 -1
    outer loop
      vertex -16.55 -4.55 0
      vertex -15.45 -4.55 0
      vertex -16.55 -7.45 0
    endloop
  endfacet
  facet normal 0 0 -1
    outer loop
      vertex -15.45 -3.45 0
      vertex -16.55 -3.45 0
      vertex -15.45 -0.549999 0
    endloop
  endfacet
  facet normal 0 0 -1
    outer loop
      vertex -16.55 0.549999 0
      vertex -15.45 0.549999 0
      vertex -16.55 -0.549999 0
    endloop
  endfacet
  facet normal 0 0 -1
    outer loop
      vertex -15.45 3.45 0
      vertex -16.55 3.45 0
      vertex -15.45 4.55 0
    endloop
  endfacet
  facet normal 0 0 -1
    outer loop
      vertex -16.55 7.45 0
      vertex -15.45 7.45 0
      vertex -16.55 4.55 0
    endloop
  endfacet
  facet normal 0 0 -1
    outer loop
      vertex -15.45 7.45 0
      vertex -16.55 7.45 0
      vertex -15.45 8.55 0
    endloop
  endfacet
  facet normal 0 0 -1
    outer loop
      vertex -16.55 8.55 0
      vertex -15.45 8.55 0
      vertex -16.55 7.45 0
    endloop
  endfacet
  facet normal 0 0 -1
    outer loop
      vertex -15.45 8.55 0
      vertex -16.55 8.55 0
      vertex -15.45 11.45 0
    endloop
  endfacet
  facet normal 0 0 -1
    outer loop
      vertex -16.55 11.45 0
      vertex -15.45 11.45 0
      vertex -16.55 8.55 0
    endloop
  endfacet
  facet normal 0 0 -1
    outer loop
      vertex -15.45 11.45 0
      vertex -16.55 11.45 0
      vertex -15.45 12.55 0
    endloop
  endfacet
  facet normal 0 0 -1
    outer loop
      vertex -16.55 12.55 0
      vertex -15.45 12.55 0
      vertex -16.55 11.45 0
    endloop
  endfacet
  facet normal 0 0 -1
    outer loop
      vertex -15.45 12.55 0
      vertex -16.55 12.55 0
      vertex -15.45 15.45 0
    endloop
  endfacet
  facet normal 0 0 -1
    outer loop
      vertex -16.55 15.45 0
      vertex -15.45 15.45 0
      vertex -16.55 12.55 0
    endloop
  endfacet
  facet normal 0 0 -1
    outer loop
      vertex -71.4 18.4 0
      vertex -15.45 15.45 0
      vertex -16.55 15.45 0
    endloop
  endfacet
  facet normal 0 0 -1
    outer loop
      vertex -71.4 18.4 0
      vertex -16.55 15.45 0
      vertex -19.45 15.45 0
    endloop
  endfacet
  facet normal -0 0 -1
    outer loop
      vertex -19.45 -11.45 0
      vertex -20.55 -12.55 0
      vertex -20.55 -11.45 0
    endloop
  endfacet
  facet normal 0 0 -1
    outer loop
      vertex -19.45 -8.55 0
      vertex -20.55 -8.55 0
      vertex -19.45 -7.45 0
    endloop
  endfacet
  facet normal 0 0 -1
    outer loop
      vertex -20.55 -4.55 0
      vertex -19.45 -4.55 0
      vertex -20.55 -7.45 0
    endloop
  endfacet
  facet normal 0 0 -1
    outer loop
      vertex -19.45 -3.45 0
      vertex -20.55 -3.45 0
      vertex -19.45 -0.549999 0
    endloop
  endfacet
  facet normal 0 0 -1
    outer loop
      vertex -20.55 0.549999 0
      vertex -19.45 0.549999 0
      vertex -20.55 -0.549999 0
    endloop
  endfacet
  facet normal 0 0 -1
    outer loop
      vertex -19.45 3.45 0
      vertex -20.55 3.45 0
      vertex -19.45 4.55 0
    endloop
  endfacet
  facet normal 0 0 -1
    outer loop
      vertex -20.55 7.45 0
      vertex -19.45 7.45 0
      vertex -20.55 4.55 0
    endloop
  endfacet
  facet normal 0 0 -1
    outer loop
      vertex -19.45 7.45 0
      vertex -20.55 7.45 0
      vertex -19.45 8.55 0
    endloop
  endfacet
  facet normal 0 0 -1
    outer loop
      vertex -20.55 8.55 0
      vertex -19.45 8.55 0
      vertex -20.55 7.45 0
    endloop
  endfacet
  facet normal 0 0 -1
    outer loop
      vertex -19.45 8.55 0
      vertex -20.55 8.55 0
      vertex -19.45 11.45 0
    endloop
  endfacet
  facet normal 0 0 -1
    outer loop
      vertex -20.55 11.45 0
      vertex -19.45 11.45 0
      vertex -20.55 8.55 0
    endloop
  endfacet
  facet normal 0 0 -1
    outer loop
      vertex -19.45 11.45 0
      vertex -20.55 11.45 0
      vertex -19.45 12.55 0
    endloop
  endfacet
  facet normal 0 0 -1
    outer loop
      vertex -20.55 12.55 0
      vertex -19.45 12.55 0
      vertex -20.55 11.45 0
    endloop
  endfacet
  facet normal 0 0 -1
    outer loop
      vertex -19.45 12.55 0
      vertex -20.55 12.55 0
      vertex -19.45 15.45 0
    endloop
  endfacet
  facet normal 0 0 -1
    outer loop
      vertex -20.55 15.45 0
      vertex -19.45 15.45 0
      vertex -20.55 12.55 0
    endloop
  endfacet
  facet normal 0 0 -1
    outer loop
      vertex -71.4 18.4 0
      vertex -19.45 15.45 0
      vertex -20.55 15.45 0
    endloop
  endfacet
  facet normal 0 0 -1
    outer loop
      vertex -71.4 18.4 0
      vertex -20.55 15.45 0
      vertex -23.45 15.45 0
    endloop
  endfacet
  facet normal -0 0 -1
    outer loop
      vertex -23.45 -11.45 0
      vertex -24.55 -12.55 0
      vertex -24.55 -11.45 0
    endloop
  endfacet
  facet normal 0 0 -1
    outer loop
      vertex -23.45 -8.55 0
      vertex -24.55 -8.55 0
      vertex -23.45 -7.45 0
    endloop
  endfacet
  facet normal 0 0 -1
    outer loop
      vertex -24.55 -4.55 0
      vertex -23.45 -4.55 0
      vertex -24.55 -7.45 0
    endloop
  endfacet
  facet normal 0 0 -1
    outer loop
      vertex -23.45 -3.45 0
      vertex -24.55 -3.45 0
      vertex -23.45 -0.549999 0
    endloop
  endfacet
  facet normal 0 0 -1
    outer loop
      vertex -24.55 0.549999 0
      vertex -23.45 0.549999 0
      vertex -24.55 -0.549999 0
    endloop
  endfacet
  facet normal 0 0 -1
    outer loop
      vertex -23.45 3.45 0
      vertex -24.55 3.45 0
      vertex -23.45 4.55 0
    endloop
  endfacet
  facet normal 0 0 -1
    outer loop
      vertex -24.55 7.45 0
      vertex -23.45 7.45 0
      vertex -24.55 4.55 0
    endloop
  endfacet
  facet normal 0 0 -1
    outer loop
      vertex -23.45 7.45 0
      vertex -24.55 7.45 0
      vertex -23.45 8.55 0
    endloop
  endfacet
  facet normal 0 0 -1
    outer loop
      vertex -24.55 8.55 0
      vertex -23.45 8.55 0
      vertex -24.55 7.45 0
    endloop
  endfacet
  facet normal 0 0 -1
    outer loop
      vertex -23.45 8.55 0
      vertex -24.55 8.55 0
      vertex -23.45 11.45 0
    endloop
  endfacet
  facet normal 0 0 -1
    outer loop
      vertex -24.55 11.45 0
      vertex -23.45 11.45 0
      vertex -24.55 8.55 0
    endloop
  endfacet
  facet normal 0 0 -1
    outer loop
      vertex -23.45 11.45 0
      vertex -24.55 11.45 0
      vertex -23.45 12.55 0
    endloop
  endfacet
  facet normal 0 0 -1
    outer loop
      vertex -24.55 12.55 0
      vertex -23.45 12.55 0
      vertex -24.55 11.45 0
    endloop
  endfacet
  facet normal 0 0 -1
    outer loop
      vertex -23.45 12.55 0
      vertex -24.55 12.55 0
      vertex -23.45 15.45 0
    endloop
  endfacet
  facet normal 0 0 -1
    outer loop
      vertex -24.55 15.45 0
      vertex -23.45 15.45 0
      vertex -24.55 12.55 0
    endloop
  endfacet
  facet normal 0 0 -1
    outer loop
      vertex -71.4 18.4 0
      vertex -23.45 15.45 0
      vertex -24.55 15.45 0
    endloop
  endfacet
  facet normal 0 0 -1
    outer loop
      vertex -71.4 18.4 0
      vertex -24.55 15.45 0
      vertex -27.45 15.45 0
    endloop
  endfacet
  facet normal -0 0 -1
    outer loop
      vertex -27.45 -11.45 0
      vertex -28.55 -12.55 0
      vertex -28.55 -11.45 0
    endloop
  endfacet
  facet normal 0 0 -1
    outer loop
      vertex -27.45 -8.55 0
      vertex -28.55 -8.55 0
      vertex -27.45 -7.45 0
    endloop
  endfacet
  facet normal 0 0 -1
    outer loop
      vertex -28.55 -4.55 0
      vertex -27.45 -4.55 0
      vertex -28.55 -7.45 0
    endloop
  endfacet
  facet normal 0 0 -1
    outer loop
      vertex -27.45 -3.45 0
      vertex -28.55 -3.45 0
      vertex -27.45 -0.549999 0
    endloop
  endfacet
  facet normal 0 0 -1
    outer loop
      vertex -28.55 0.549999 0
      vertex -27.45 0.549999 0
      vertex -28.55 -0.549999 0
    endloop
  endfacet
  facet normal 0 0 -1
    outer loop
      vertex -27.45 3.45 0
      vertex -28.55 3.45 0
      vertex -27.45 4.55 0
    endloop
  endfacet
  facet normal 0 0 -1
    outer loop
      vertex -28.55 7.45 0
      vertex -27.45 7.45 0
      vertex -28.55 4.55 0
    endloop
  endfacet
  facet normal 0 0 -1
    outer loop
      vertex -27.45 7.45 0
      vertex -28.55 7.45 0
      vertex -27.45 8.55 0
    endloop
  endfacet
  facet normal 0 0 -1
    outer loop
      vertex -28.55 8.55 0
      vertex -27.45 8.55 0
      vertex -28.55 7.45 0
    endloop
  endfacet
  facet normal 0 0 -1
    outer loop
      vertex -27.45 8.55 0
      vertex -28.55 8.55 0
      vertex -27.45 11.45 0
    endloop
  endfacet
  facet normal 0 0 -1
    outer loop
      vertex -28.55 11.45 0
      vertex -27.45 11.45 0
      vertex -28.55 8.55 0
    endloop
  endfacet
  facet normal 0 0 -1
    outer loop
      vertex -27.45 11.45 0
      vertex -28.55 11.45 0
      vertex -27.45 12.55 0
    endloop
  endfacet
  facet normal 0 0 -1
    outer loop
      vertex -28.55 12.55 0
      vertex -27.45 12.55 0
      vertex -28.55 11.45 0
    endloop
  endfacet
  facet normal 0 0 -1
    outer loop
      vertex -27.45 12.55 0
      vertex -28.55 12.55 0
      vertex -27.45 15.45 0
    endloop
  endfacet
  facet normal 0 0 -1
    outer loop
      vertex -28.55 15.45 0
      vertex -27.45 15.45 0
      vertex -28.55 12.55 0
    endloop
  endfacet
  facet normal 0 0 -1
    outer loop
      vertex -71.4 18.4 0
      vertex -27.45 15.45 0
      vertex -28.55 15.45 0
    endloop
  endfacet
  facet normal 0 0 -1
    outer loop
      vertex -71.4 18.4 0
      vertex -28.55 15.45 0
      vertex -31.45 15.45 0
    endloop
  endfacet
  facet normal -0 0 -1
    outer loop
      vertex -31.45 -11.45 0
      vertex -32.55 -12.55 0
      vertex -32.55 -11.45 0
    endloop
  endfacet
  facet normal 0 0 -1
    outer loop
      vertex -31.45 -8.55 0
      vertex -32.55 -8.55 0
      vertex -31.45 -7.45 0
    endloop
  endfacet
  facet normal 0 0 -1
    outer loop
      vertex -32.55 -4.55 0
      vertex -31.45 -4.55 0
      vertex -32.55 -7.45 0
    endloop
  endfacet
  facet normal 0 0 -1
    outer loop
      vertex -31.45 -3.45 0
      vertex -32.55 -3.45 0
      vertex -31.45 -0.549999 0
    endloop
  endfacet
  facet normal 0 0 -1
    outer loop
      vertex -32.55 0.549999 0
      vertex -31.45 0.549999 0
      vertex -32.55 -0.549999 0
    endloop
  endfacet
  facet normal 0 0 -1
    outer loop
      vertex -31.45 3.45 0
      vertex -32.55 3.45 0
      vertex -31.45 4.55 0
    endloop
  endfacet
  facet normal 0 0 -1
    outer loop
      vertex -32.55 7.45 0
      vertex -31.45 7.45 0
      vertex -32.55 4.55 0
    endloop
  endfacet
  facet normal 0 0 -1
    outer loop
      vertex -31.45 7.45 0
      vertex -32.55 7.45 0
      vertex -31.45 8.55 0
    endloop
  endfacet
  facet normal 0 0 -1
    outer loop
      vertex -32.55 8.55 0
      vertex -31.45 8.55 0
      vertex -32.55 7.45 0
    endloop
  endfacet
  facet normal 0 0 -1
    outer loop
      vertex -31.45 8.55 0
      vertex -32.55 8.55 0
      vertex -31.45 11.45 0
    endloop
  endfacet
  facet normal 0 0 -1
    outer loop
      vertex -32.55 11.45 0
      vertex -31.45 11.45 0
      vertex -32.55 8.55 0
    endloop
  endfacet
  facet normal 0 0 -1
    outer loop
      vertex -31.45 11.45 0
      vertex -32.55 11.45 0
      vertex -31.45 12.55 0
    endloop
  endfacet
  facet normal 0 0 -1
    outer loop
      vertex -32.55 12.55 0
      vertex -31.45 12.55 0
      vertex -32.55 11.45 0
    endloop
  endfacet
  facet normal 0 0 -1
    outer loop
      vertex -31.45 12.55 0
      vertex -32.55 12.55 0
      vertex -31.45 15.45 0
    endloop
  endfacet
  facet normal 0 0 -1
    outer loop
      vertex -32.55 15.45 0
      vertex -31.45 15.45 0
      vertex -32.55 12.55 0
    endloop
  endfacet
  facet normal 0 0 -1
    outer loop
      vertex -71.4 18.4 0
      vertex -31.45 15.45 0
      vertex -32.55 15.45 0
    endloop
  endfacet
  facet normal 0 0 -1
    outer loop
      vertex -71.4 18.4 0
      vertex -32.55 15.45 0
      vertex -35.45 15.45 0
    endloop
  endfacet
  facet normal -0 0 -1
    outer loop
      vertex -35.45 -11.45 0
      vertex -36.55 -12.55 0
      vertex -36.55 -11.45 0
    endloop
  endfacet
  facet normal 0 0 -1
    outer loop
      vertex -35.45 -8.55 0
      vertex -36.55 -8.55 0
      vertex -35.45 -7.45 0
    endloop
  endfacet
  facet normal 0 0 -1
    outer loop
      vertex -36.55 -4.55 0
      vertex -35.45 -4.55 0
      vertex -36.55 -7.45 0
    endloop
  endfacet
  facet normal 0 0 -1
    outer loop
      vertex -35.45 -3.45 0
      vertex -36.55 -3.45 0
      vertex -35.45 -0.549999 0
    endloop
  endfacet
  facet normal 0 0 -1
    outer loop
      vertex -36.55 0.549999 0
      vertex -35.45 0.549999 0
      vertex -36.55 -0.549999 0
    endloop
  endfacet
  facet normal 0 0 -1
    outer loop
      vertex -35.45 3.45 0
      vertex -36.55 3.45 0
      vertex -35.45 4.55 0
    endloop
  endfacet
  facet normal 0 0 -1
    outer loop
      vertex -36.55 7.45 0
      vertex -35.45 7.45 0
      vertex -36.55 4.55 0
    endloop
  endfacet
  facet normal 0 0 -1
    outer loop
      vertex -35.45 7.45 0
      vertex -36.55 7.45 0
      vertex -35.45 8.55 0
    endloop
  endfacet
  facet normal 0 0 -1
    outer loop
      vertex -36.55 8.55 0
      vertex -35.45 8.55 0
      vertex -36.55 7.45 0
    endloop
  endfacet
  facet normal 0 0 -1
    outer loop
      vertex -35.45 8.55 0
      vertex -36.55 8.55 0
      vertex -35.45 11.45 0
    endloop
  endfacet
  facet normal 0 0 -1
    outer loop
      vertex -36.55 11.45 0
      vertex -35.45 11.45 0
      vertex -36.55 8.55 0
    endloop
  endfacet
  facet normal 0 0 -1
    outer loop
      vertex -35.45 11.45 0
      vertex -36.55 11.45 0
      vertex -35.45 12.55 0
    endloop
  endfacet
  facet normal 0 0 -1
    outer loop
      vertex -36.55 12.55 0
      vertex -35.45 12.55 0
      vertex -36.55 11.45 0
    endloop
  endfacet
  facet normal 0 0 -1
    outer loop
      vertex -35.45 12.55 0
      vertex -36.55 12.55 0
      vertex -35.45 15.45 0
    endloop
  endfacet
  facet normal 0 0 -1
    outer loop
      vertex -36.55 15.45 0
      vertex -35.45 15.45 0
      vertex -36.55 12.55 0
    endloop
  endfacet
  facet normal 0 0 -1
    outer loop
      vertex -71.4 18.4 0
      vertex -35.45 15.45 0
      vertex -36.55 15.45 0
    endloop
  endfacet
  facet normal 0 0 -1
    outer loop
      vertex -71.4 18.4 0
      vertex -36.55 15.45 0
      vertex -39.45 15.45 0
    endloop
  endfacet
  facet normal -0 0 -1
    outer loop
      vertex -39.45 -11.45 0
      vertex -40.55 -12.55 0
      vertex -40.55 -11.45 0
    endloop
  endfacet
  facet normal 0 0 -1
    outer loop
      vertex -39.45 -8.55 0
      vertex -40.55 -8.55 0
      vertex -39.45 -7.45 0
    endloop
  endfacet
  facet normal 0 0 -1
    outer loop
      vertex -40.55 -4.55 0
      vertex -39.45 -4.55 0
      vertex -40.55 -7.45 0
    endloop
  endfacet
  facet normal 0 0 -1
    outer loop
      vertex -39.45 -3.45 0
      vertex -40.55 -3.45 0
      vertex -39.45 -0.549999 0
    endloop
  endfacet
  facet normal 0 0 -1
    outer loop
      vertex -40.55 0.549999 0
      vertex -39.45 0.549999 0
      vertex -40.55 -0.549999 0
    endloop
  endfacet
  facet normal 0 0 -1
    outer loop
      vertex -39.45 3.45 0
      vertex -40.55 3.45 0
      vertex -39.45 4.55 0
    endloop
  endfacet
  facet normal 0 0 -1
    outer loop
      vertex -40.55 7.45 0
      vertex -39.45 7.45 0
      vertex -40.55 4.55 0
    endloop
  endfacet
  facet normal 0 0 -1
    outer loop
      vertex -39.45 7.45 0
      vertex -40.55 7.45 0
      vertex -39.45 8.55 0
    endloop
  endfacet
  facet normal 0 0 -1
    outer loop
      vertex -40.55 8.55 0
      vertex -39.45 8.55 0
      vertex -40.55 7.45 0
    endloop
  endfacet
  facet normal 0 0 -1
    outer loop
      vertex -39.45 8.55 0
      vertex -40.55 8.55 0
      vertex -39.45 11.45 0
    endloop
  endfacet
  facet normal 0 0 -1
    outer loop
      vertex -40.55 11.45 0
      vertex -39.45 11.45 0
      vertex -40.55 8.55 0
    endloop
  endfacet
  facet normal 0 0 -1
    outer loop
      vertex -39.45 11.45 0
      vertex -40.55 11.45 0
      vertex -39.45 12.55 0
    endloop
  endfacet
  facet normal 0 0 -1
    outer loop
      vertex -40.55 12.55 0
      vertex -39.45 12.55 0
      vertex -40.55 11.45 0
    endloop
  endfacet
  facet normal 0 0 -1
    outer loop
      vertex -39.45 12.55 0
      vertex -40.55 12.55 0
      vertex -39.45 15.45 0
    endloop
  endfacet
  facet normal 0 0 -1
    outer loop
      vertex -40.55 15.45 0
      vertex -39.45 15.45 0
      vertex -40.55 12.55 0
    endloop
  endfacet
  facet normal 0 0 -1
    outer loop
      vertex -71.4 18.4 0
      vertex -39.45 15.45 0
      vertex -40.55 15.45 0
    endloop
  endfacet
  facet normal 0 0 -1
    outer loop
      vertex -71.4 18.4 0
      vertex -40.55 15.45 0
      vertex -43.45 15.45 0
    endloop
  endfacet
  facet normal -0 0 -1
    outer loop
      vertex -43.45 -11.45 0
      vertex -44.55 -12.55 0
      vertex -44.55 -11.45 0
    endloop
  endfacet
  facet normal 0 0 -1
    outer loop
      vertex -43.45 -8.55 0
      vertex -44.55 -8.55 0
      vertex -43.45 -7.45 0
    endloop
  endfacet
  facet normal 0 0 -1
    outer loop
      vertex -44.55 -4.55 0
      vertex -43.45 -4.55 0
      vertex -44.55 -7.45 0
    endloop
  endfacet
  facet normal 0 0 -1
    outer loop
      vertex -43.45 -3.45 0
      vertex -44.55 -3.45 0
      vertex -43.45 -0.549999 0
    endloop
  endfacet
  facet normal 0 0 -1
    outer loop
      vertex -44.55 0.549999 0
      vertex -43.45 0.549999 0
      vertex -44.55 -0.549999 0
    endloop
  endfacet
  facet normal 0 0 -1
    outer loop
      vertex -43.45 3.45 0
      vertex -44.55 3.45 0
      vertex -43.45 4.55 0
    endloop
  endfacet
  facet normal 0 0 -1
    outer loop
      vertex -44.55 7.45 0
      vertex -43.45 7.45 0
      vertex -44.55 4.55 0
    endloop
  endfacet
  facet normal 0 0 -1
    outer loop
      vertex -43.45 7.45 0
      vertex -44.55 7.45 0
      vertex -43.45 8.55 0
    endloop
  endfacet
  facet normal 0 0 -1
    outer loop
      vertex -44.55 8.55 0
      vertex -43.45 8.55 0
      vertex -44.55 7.45 0
    endloop
  endfacet
  facet normal 0 0 -1
    outer loop
      vertex -43.45 8.55 0
      vertex -44.55 8.55 0
      vertex -43.45 11.45 0
    endloop
  endfacet
  facet normal 0 0 -1
    outer loop
      vertex -44.55 11.45 0
      vertex -43.45 11.45 0
      vertex -44.55 8.55 0
    endloop
  endfacet
  facet normal 0 0 -1
    outer loop
      vertex -43.45 11.45 0
      vertex -44.55 11.45 0
      vertex -43.45 12.55 0
    endloop
  endfacet
  facet normal 0 0 -1
    outer loop
      vertex -44.55 12.55 0
      vertex -43.45 12.55 0
      vertex -44.55 11.45 0
    endloop
  endfacet
  facet normal 0 0 -1
    outer loop
      vertex -43.45 12.55 0
      vertex -44.55 12.55 0
      vertex -43.45 15.45 0
    endloop
  endfacet
  facet normal 0 0 -1
    outer loop
      vertex -44.55 15.45 0
      vertex -43.45 15.45 0
      vertex -44.55 12.55 0
    endloop
  endfacet
  facet normal 0 0 -1
    outer loop
      vertex -71.4 18.4 0
      vertex -43.45 15.45 0
      vertex -44.55 15.45 0
    endloop
  endfacet
  facet normal 0 0 -1
    outer loop
      vertex -71.4 18.4 0
      vertex -44.55 15.45 0
      vertex -47.45 15.45 0
    endloop
  endfacet
  facet normal -0 0 -1
    outer loop
      vertex -47.45 -11.45 0
      vertex -48.55 -12.55 0
      vertex -48.55 -11.45 0
    endloop
  endfacet
  facet normal 0 0 -1
    outer loop
      vertex -47.45 -8.55 0
      vertex -48.55 -8.55 0
      vertex -47.45 -7.45 0
    endloop
  endfacet
  facet normal 0 0 -1
    outer loop
      vertex -48.55 -4.55 0
      vertex -47.45 -4.55 0
      vertex -48.55 -7.45 0
    endloop
  endfacet
  facet normal 0 0 -1
    outer loop
      vertex -47.45 -3.45 0
      vertex -48.55 -3.45 0
      vertex -47.45 -0.549999 0
    endloop
  endfacet
  facet normal 0 0 -1
    outer loop
      vertex -48.55 0.549999 0
      vertex -47.45 0.549999 0
      vertex -48.55 -0.549999 0
    endloop
  endfacet
  facet normal 0 0 -1
    outer loop
      vertex -47.45 3.45 0
      vertex -48.55 3.45 0
      vertex -47.45 4.55 0
    endloop
  endfacet
  facet normal 0 0 -1
    outer loop
      vertex -48.55 7.45 0
      vertex -47.45 7.45 0
      vertex -48.55 4.55 0
    endloop
  endfacet
  facet normal 0 0 -1
    outer loop
      vertex -47.45 7.45 0
      vertex -48.55 7.45 0
      vertex -47.45 8.55 0
    endloop
  endfacet
  facet normal 0 0 -1
    outer loop
      vertex -48.55 8.55 0
      vertex -47.45 8.55 0
      vertex -48.55 7.45 0
    endloop
  endfacet
  facet normal 0 0 -1
    outer loop
      vertex -47.45 8.55 0
      vertex -48.55 8.55 0
      vertex -47.45 11.45 0
    endloop
  endfacet
  facet normal 0 0 -1
    outer loop
      vertex -48.55 11.45 0
      vertex -47.45 11.45 0
      vertex -48.55 8.55 0
    endloop
  endfacet
  facet normal 0 0 -1
    outer loop
      vertex -47.45 11.45 0
      vertex -48.55 11.45 0
      vertex -47.45 12.55 0
    endloop
  endfacet
  facet normal 0 0 -1
    outer loop
      vertex -48.55 12.55 0
      vertex -47.45 12.55 0
      vertex -48.55 11.45 0
    endloop
  endfacet
  facet normal 0 0 -1
    outer loop
      vertex -47.45 12.55 0
      vertex -48.55 12.55 0
      vertex -47.45 15.45 0
    endloop
  endfacet
  facet normal 0 0 -1
    outer loop
      vertex -48.55 15.45 0
      vertex -47.45 15.45 0
      vertex -48.55 12.55 0
    endloop
  endfacet
  facet normal 0 0 -1
    outer loop
      vertex -71.4 18.4 0
      vertex -47.45 15.45 0
      vertex -48.55 15.45 0
    endloop
  endfacet
  facet normal 0 0 -1
    outer loop
      vertex -71.4 18.4 0
      vertex -48.55 15.45 0
      vertex -51.45 15.45 0
    endloop
  endfacet
  facet normal -0 0 -1
    outer loop
      vertex -51.45 -11.45 0
      vertex -52.55 -12.55 0
      vertex -52.55 -11.45 0
    endloop
  endfacet
  facet normal 0 0 -1
    outer loop
      vertex -51.45 -8.55 0
      vertex -52.55 -8.55 0
      vertex -51.45 -7.45 0
    endloop
  endfacet
  facet normal 0 0 -1
    outer loop
      vertex -52.55 -4.55 0
      vertex -51.45 -4.55 0
      vertex -52.55 -7.45 0
    endloop
  endfacet
  facet normal 0 0 -1
    outer loop
      vertex -51.45 -3.45 0
      vertex -52.55 -3.45 0
      vertex -51.45 -0.549999 0
    endloop
  endfacet
  facet normal 0 0 -1
    outer loop
      vertex -52.55 0.549999 0
      vertex -51.45 0.549999 0
      vertex -52.55 -0.549999 0
    endloop
  endfacet
  facet normal 0 0 -1
    outer loop
      vertex -51.45 3.45 0
      vertex -52.55 3.45 0
      vertex -51.45 4.55 0
    endloop
  endfacet
  facet normal 0 0 -1
    outer loop
      vertex -52.55 7.45 0
      vertex -51.45 7.45 0
      vertex -52.55 4.55 0
    endloop
  endfacet
  facet normal 0 0 -1
    outer loop
      vertex -51.45 7.45 0
      vertex -52.55 7.45 0
      vertex -51.45 8.55 0
    endloop
  endfacet
  facet normal 0 0 -1
    outer loop
      vertex -52.55 8.55 0
      vertex -51.45 8.55 0
      vertex -52.55 7.45 0
    endloop
  endfacet
  facet normal 0 0 -1
    outer loop
      vertex -51.45 8.55 0
      vertex -52.55 8.55 0
      vertex -51.45 11.45 0
    endloop
  endfacet
  facet normal 0 0 -1
    outer loop
      vertex -52.55 11.45 0
      vertex -51.45 11.45 0
      vertex -52.55 8.55 0
    endloop
  endfacet
  facet normal 0 0 -1
    outer loop
      vertex -51.45 11.45 0
      vertex -52.55 11.45 0
      vertex -51.45 12.55 0
    endloop
  endfacet
  facet normal 0 0 -1
    outer loop
      vertex -52.55 12.55 0
      vertex -51.45 12.55 0
      vertex -52.55 11.45 0
    endloop
  endfacet
  facet normal 0 0 -1
    outer loop
      vertex -51.45 12.55 0
      vertex -52.55 12.55 0
      vertex -51.45 15.45 0
    endloop
  endfacet
  facet normal 0 0 -1
    outer loop
      vertex -52.55 15.45 0
      vertex -51.45 15.45 0
      vertex -52.55 12.55 0
    endloop
  endfacet
  facet normal 0 0 -1
    outer loop
      vertex -71.4 18.4 0
      vertex -51.45 15.45 0
      vertex -52.55 15.45 0
    endloop
  endfacet
  facet normal 0 0 -1
    outer loop
      vertex -71.4 18.4 0
      vertex -52.55 15.45 0
      vertex -55.45 15.45 0
    endloop
  endfacet
  facet normal -0 0 -1
    outer loop
      vertex -55.45 -11.45 0
      vertex -56.55 -12.55 0
      vertex -56.55 -11.45 0
    endloop
  endfacet
  facet normal 0 0 -1
    outer loop
      vertex -55.45 -8.55 0
      vertex -56.55 -8.55 0
      vertex -55.45 -7.45 0
    endloop
  endfacet
  facet normal 0 0 -1
    outer loop
      vertex -56.55 -4.55 0
      vertex -55.45 -4.55 0
      vertex -56.55 -7.45 0
    endloop
  endfacet
  facet normal 0 0 -1
    outer loop
      vertex -55.45 -3.45 0
      vertex -56.55 -3.45 0
      vertex -55.45 -0.549999 0
    endloop
  endfacet
  facet normal 0 0 -1
    outer loop
      vertex -56.55 0.549999 0
      vertex -55.45 0.549999 0
      vertex -56.55 -0.549999 0
    endloop
  endfacet
  facet normal 0 0 -1
    outer loop
      vertex -55.45 3.45 0
      vertex -56.55 3.45 0
      vertex -55.45 4.55 0
    endloop
  endfacet
  facet normal 0 0 -1
    outer loop
      vertex -56.55 7.45 0
      vertex -55.45 7.45 0
      vertex -56.55 4.55 0
    endloop
  endfacet
  facet normal 0 0 -1
    outer loop
      vertex -55.45 7.45 0
      vertex -56.55 7.45 0
      vertex -55.45 8.55 0
    endloop
  endfacet
  facet normal 0 0 -1
    outer loop
      vertex -56.55 8.55 0
      vertex -55.45 8.55 0
      vertex -56.55 7.45 0
    endloop
  endfacet
  facet normal 0 0 -1
    outer loop
      vertex -55.45 8.55 0
      vertex -56.55 8.55 0
      vertex -55.45 11.45 0
    endloop
  endfacet
  facet normal 0 0 -1
    outer loop
      vertex -56.55 11.45 0
      vertex -55.45 11.45 0
      vertex -56.55 8.55 0
    endloop
  endfacet
  facet normal 0 0 -1
    outer loop
      vertex -55.45 11.45 0
      vertex -56.55 11.45 0
      vertex -55.45 12.55 0
    endloop
  endfacet
  facet normal 0 0 -1
    outer loop
      vertex -56.55 12.55 0
      vertex -55.45 12.55 0
      vertex -56.55 11.45 0
    endloop
  endfacet
  facet normal 0 0 -1
    outer loop
      vertex -55.45 12.55 0
      vertex -56.55 12.55 0
      vertex -55.45 15.45 0
    endloop
  endfacet
  facet normal 0 0 -1
    outer loop
      vertex -56.55 15.45 0
      vertex -55.45 15.45 0
      vertex -56.55 12.55 0
    endloop
  endfacet
  facet normal 0 0 -1
    outer loop
      vertex -71.4 18.4 0
      vertex -55.45 15.45 0
      vertex -56.55 15.45 0
    endloop
  endfacet
  facet normal 0 0 -1
    outer loop
      vertex -71.4 18.4 0
      vertex -56.55 15.45 0
      vertex -59.45 15.45 0
    endloop
  endfacet
  facet normal -0 0 -1
    outer loop
      vertex -59.45 -11.45 0
      vertex -60.55 -12.55 0
      vertex -60.55 -11.45 0
    endloop
  endfacet
  facet normal 0 0 -1
    outer loop
      vertex -59.45 -8.55 0
      vertex -60.55 -8.55 0
      vertex -59.45 -7.45 0
    endloop
  endfacet
  facet normal 0 0 -1
    outer loop
      vertex -60.55 -4.55 0
      vertex -59.45 -4.55 0
      vertex -60.55 -7.45 0
    endloop
  endfacet
  facet normal 0 0 -1
    outer loop
      vertex -59.45 -3.45 0
      vertex -60.55 -3.45 0
      vertex -59.45 -0.549999 0
    endloop
  endfacet
  facet normal 0 0 -1
    outer loop
      vertex -60.55 0.549999 0
      vertex -59.45 0.549999 0
      vertex -60.55 -0.549999 0
    endloop
  endfacet
  facet normal 0 0 -1
    outer loop
      vertex -59.45 3.45 0
      vertex -60.55 3.45 0
      vertex -59.45 4.55 0
    endloop
  endfacet
  facet normal 0 0 -1
    outer loop
      vertex -60.55 7.45 0
      vertex -59.45 7.45 0
      vertex -60.55 4.55 0
    endloop
  endfacet
  facet normal 0 0 -1
    outer loop
      vertex -59.45 7.45 0
      vertex -60.55 7.45 0
      vertex -59.45 8.55 0
    endloop
  endfacet
  facet normal 0 0 -1
    outer loop
      vertex -60.55 8.55 0
      vertex -59.45 8.55 0
      vertex -60.55 7.45 0
    endloop
  endfacet
  facet normal 0 0 -1
    outer loop
      vertex -59.45 8.55 0
      vertex -60.55 8.55 0
      vertex -59.45 11.45 0
    endloop
  endfacet
  facet normal 0 0 -1
    outer loop
      vertex -60.55 11.45 0
      vertex -59.45 11.45 0
      vertex -60.55 8.55 0
    endloop
  endfacet
  facet normal 0 0 -1
    outer loop
      vertex -59.45 11.45 0
      vertex -60.55 11.45 0
      vertex -59.45 12.55 0
    endloop
  endfacet
  facet normal 0 0 -1
    outer loop
      vertex -60.55 12.55 0
      vertex -59.45 12.55 0
      vertex -60.55 11.45 0
    endloop
  endfacet
  facet normal 0 0 -1
    outer loop
      vertex -59.45 12.55 0
      vertex -60.55 12.55 0
      vertex -59.45 15.45 0
    endloop
  endfacet
  facet normal 0 0 -1
    outer loop
      vertex -60.55 15.45 0
      vertex -59.45 15.45 0
      vertex -60.55 12.55 0
    endloop
  endfacet
  facet normal 0 0 -1
    outer loop
      vertex -71.4 18.4 0
      vertex -59.45 15.45 0
      vertex -60.55 15.45 0
    endloop
  endfacet
  facet normal 0 0 -1
    outer loop
      vertex -71.4 18.4 0
      vertex -60.55 15.45 0
      vertex -63.45 15.45 0
    endloop
  endfacet
  facet normal 0 0 -1
    outer loop
      vertex -8.55 15.45 0
      vertex -71.4 18.4 0
      vertex 71.4 18.4 0
    endloop
  endfacet
  facet normal 0 0 -1
    outer loop
      vertex -63.45 11.45 0
      vertex -74.4 15.4 0
      vertex -63.45 12.55 0
    endloop
  endfacet
  facet normal 0 0 -1
    outer loop
      vertex -74.4 -15.4 0
      vertex -71.4 -18.4 0
      vertex -71.7916 -18.3743 0
    endloop
  endfacet
  facet normal 0 -0 -1
    outer loop
      vertex -71.4 18.4 0
      vertex -63.45 12.55 0
      vertex -74.4 15.4 0
    endloop
  endfacet
  facet normal 0 0 -1
    outer loop
      vertex -74.4 -15.4 0
      vertex -71.7916 -18.3743 0
      vertex -72.1764 -18.2978 0
    endloop
  endfacet
  facet normal 0 0 -1
    outer loop
      vertex -63.45 12.55 0
      vertex -71.4 18.4 0
      vertex -63.45 15.45 0
    endloop
  endfacet
  facet normal 0 0 -1
    outer loop
      vertex -74.4 -15.4 0
      vertex -72.1764 -18.2978 0
      vertex -72.548 -18.1716 0
    endloop
  endfacet
  facet normal 0 0 -1
    outer loop
      vertex -71.4 18.4 0
      vertex -74.4 15.4 0
      vertex -71.7916 18.3743 0
    endloop
  endfacet
  facet normal 0 0 -1
    outer loop
      vertex -74.4 -15.4 0
      vertex -72.548 -18.1716 0
      vertex -72.9 -17.9981 0
    endloop
  endfacet
  facet normal 0 0 -1
    outer loop
      vertex -71.7916 18.3743 0
      vertex -74.4 15.4 0
      vertex -72.1764 18.2978 0
    endloop
  endfacet
  facet normal 0 0 -1
    outer loop
      vertex -74.4 -15.4 0
      vertex -72.9 -17.9981 0
      vertex -73.2263 -17.78 0
    endloop
  endfacet
  facet normal 0 0 -1
    outer loop
      vertex -72.1764 18.2978 0
      vertex -74.4 15.4 0
      vertex -72.548 18.1716 0
    endloop
  endfacet
  facet normal 0 0 -1
    outer loop
      vertex -74.4 -15.4 0
      vertex -73.2263 -17.78 0
      vertex -73.5213 -17.5213 0
    endloop
  endfacet
  facet normal 0 0 -1
    outer loop
      vertex -72.548 18.1716 0
      vertex -74.4 15.4 0
      vertex -72.9 17.9981 0
    endloop
  endfacet
  facet normal 0 0 -1
    outer loop
      vertex -74.4 -15.4 0
      vertex -73.5213 -17.5213 0
      vertex -73.78 -17.2263 0
    endloop
  endfacet
  facet normal 0 0 -1
    outer loop
      vertex -72.9 17.9981 0
      vertex -74.4 15.4 0
      vertex -73.2263 17.78 0
    endloop
  endfacet
  facet normal 0 0 -1
    outer loop
      vertex -74.4 -15.4 0
      vertex -73.78 -17.2263 0
      vertex -73.9981 -16.9 0
    endloop
  endfacet
  facet normal 0 0 -1
    outer loop
      vertex -73.2263 17.78 0
      vertex -74.4 15.4 0
      vertex -73.5213 17.5213 0
    endloop
  endfacet
  facet normal 0 0 -1
    outer loop
      vertex -74.4 -15.4 0
      vertex -73.9981 -16.9 0
      vertex -74.1716 -16.548 0
    endloop
  endfacet
  facet normal 0 0 -1
    outer loop
      vertex -73.5213 17.5213 0
      vertex -74.4 15.4 0
      vertex -73.78 17.2263 0
    endloop
  endfacet
  facet normal 0 0 -1
    outer loop
      vertex -74.4 -15.4 0
      vertex -74.1716 -16.548 0
      vertex -74.2978 -16.1764 0
    endloop
  endfacet
  facet normal 0 0 -1
    outer loop
      vertex -73.78 17.2263 0
      vertex -74.4 15.4 0
      vertex -73.9981 16.9 0
    endloop
  endfacet
  facet normal 0 0 -1
    outer loop
      vertex -74.4 -15.4 0
      vertex -74.2978 -16.1764 0
      vertex -74.3743 -15.7916 0
    endloop
  endfacet
  facet normal 0 0 -1
    outer loop
      vertex -73.9981 16.9 0
      vertex -74.4 15.4 0
      vertex -74.1716 16.548 0
    endloop
  endfacet
  facet normal 0 0 -1
    outer loop
      vertex -74.1716 16.548 0
      vertex -74.4 15.4 0
      vertex -74.2978 16.1764 0
    endloop
  endfacet
  facet normal 0 0 -1
    outer loop
      vertex -74.2978 16.1764 0
      vertex -74.4 15.4 0
      vertex -74.3743 15.7916 0
    endloop
  endfacet
  facet normal -0.980806 -0.194989 0
    outer loop
      vertex -74.2978 -16.1764 0
      vertex -74.3743 -15.7916 44
      vertex -74.3743 -15.7916 0
    endloop
  endfacet
  facet normal -0.980806 -0.194989 0
    outer loop
      vertex -74.3743 -15.7916 44
      vertex -74.2978 -16.1764 0
      vertex -74.2978 -16.1764 44
    endloop
  endfacet
  facet normal 0.555699 0.831383 -0
    outer loop
      vertex 73.2263 17.78 0
      vertex 72.9 17.9981 44
      vertex 73.2263 17.78 44
    endloop
  endfacet
  facet normal 0.555699 0.831383 0
    outer loop
      vertex 72.9 17.9981 44
      vertex 73.2263 17.78 0
      vertex 72.9 17.9981 0
    endloop
  endfacet
  facet normal -0.321574 -0.946885 0
    outer loop
      vertex -72.548 -18.1716 0
      vertex -72.1764 -18.2978 44
      vertex -72.548 -18.1716 44
    endloop
  endfacet
  facet normal -0.321574 -0.946885 -0
    outer loop
      vertex -72.1764 -18.2978 44
      vertex -72.548 -18.1716 0
      vertex -72.1764 -18.2978 0
    endloop
  endfacet
  facet normal -0.44211 0.896961 0
    outer loop
      vertex -72.548 18.1716 0
      vertex -72.9 17.9981 44
      vertex -72.548 18.1716 44
    endloop
  endfacet
  facet normal -0.44211 0.896961 0
    outer loop
      vertex -72.9 17.9981 44
      vertex -72.548 18.1716 0
      vertex -72.9 17.9981 0
    endloop
  endfacet
  facet normal 0.831383 -0.555699 0
    outer loop
      vertex 73.78 -17.2263 44
      vertex 73.9981 -16.9 0
      vertex 73.9981 -16.9 44
    endloop
  endfacet
  facet normal 0.831383 -0.555699 0
    outer loop
      vertex 73.9981 -16.9 0
      vertex 73.78 -17.2263 44
      vertex 73.78 -17.2263 0
    endloop
  endfacet
  facet normal -0.555699 -0.831383 0
    outer loop
      vertex -73.2263 -17.78 0
      vertex -72.9 -17.9981 44
      vertex -73.2263 -17.78 44
    endloop
  endfacet
  facet normal -0.555699 -0.831383 -0
    outer loop
      vertex -72.9 -17.9981 44
      vertex -73.2263 -17.78 0
      vertex -72.9 -17.9981 0
    endloop
  endfacet
  facet normal 0.0654873 -0.997853 0
    outer loop
      vertex 71.4 -18.4 0
      vertex 71.7916 -18.3743 44
      vertex 71.4 -18.4 44
    endloop
  endfacet
  facet normal 0.0654873 -0.997853 0
    outer loop
      vertex 71.7916 -18.3743 44
      vertex 71.4 -18.4 0
      vertex 71.7916 -18.3743 0
    endloop
  endfacet
  facet normal 0.75185 0.659334 0
    outer loop
      vertex 73.78 17.2263 44
      vertex 73.5213 17.5213 0
      vertex 73.5213 17.5213 44
    endloop
  endfacet
  facet normal 0.75185 0.659334 0
    outer loop
      vertex 73.5213 17.5213 0
      vertex 73.78 17.2263 44
      vertex 73.78 17.2263 0
    endloop
  endfacet
  facet normal -0.0654873 0.997853 0
    outer loop
      vertex -71.4 18.4 0
      vertex -71.7916 18.3743 44
      vertex -71.4 18.4 44
    endloop
  endfacet
  facet normal -0.0654873 0.997853 0
    outer loop
      vertex -71.7916 18.3743 44
      vertex -71.4 18.4 0
      vertex -71.7916 18.3743 0
    endloop
  endfacet
  facet normal 0.980806 -0.194989 0
    outer loop
      vertex 74.2978 -16.1764 44
      vertex 74.3743 -15.7916 0
      vertex 74.3743 -15.7916 44
    endloop
  endfacet
  facet normal 0.980806 -0.194989 0
    outer loop
      vertex 74.3743 -15.7916 0
      vertex 74.2978 -16.1764 44
      vertex 74.2978 -16.1764 0
    endloop
  endfacet
  facet normal 0.896961 -0.44211 0
    outer loop
      vertex 73.9981 -16.9 44
      vertex 74.1716 -16.548 0
      vertex 74.1716 -16.548 44
    endloop
  endfacet
  facet normal 0.896961 -0.44211 0
    outer loop
      vertex 74.1716 -16.548 0
      vertex 73.9981 -16.9 44
      vertex 73.9981 -16.9 0
    endloop
  endfacet
  facet normal -0.946885 0.321574 0
    outer loop
      vertex -74.2978 16.1764 0
      vertex -74.1716 16.548 44
      vertex -74.1716 16.548 0
    endloop
  endfacet
  facet normal -0.946885 0.321574 0
    outer loop
      vertex -74.1716 16.548 44
      vertex -74.2978 16.1764 0
      vertex -74.2978 16.1764 44
    endloop
  endfacet
  facet normal 0.321574 0.946885 -0
    outer loop
      vertex 72.548 18.1716 0
      vertex 72.1764 18.2978 44
      vertex 72.548 18.1716 44
    endloop
  endfacet
  facet normal 0.321574 0.946885 0
    outer loop
      vertex 72.1764 18.2978 44
      vertex 72.548 18.1716 0
      vertex 72.1764 18.2978 0
    endloop
  endfacet
  facet normal -0.194989 -0.980806 0
    outer loop
      vertex -72.1764 -18.2978 0
      vertex -71.7916 -18.3743 44
      vertex -72.1764 -18.2978 44
    endloop
  endfacet
  facet normal -0.194989 -0.980806 -0
    outer loop
      vertex -71.7916 -18.3743 44
      vertex -72.1764 -18.2978 0
      vertex -71.7916 -18.3743 0
    endloop
  endfacet
  facet normal -0.555699 0.831383 0
    outer loop
      vertex -72.9 17.9981 0
      vertex -73.2263 17.78 44
      vertex -72.9 17.9981 44
    endloop
  endfacet
  facet normal -0.555699 0.831383 0
    outer loop
      vertex -73.2263 17.78 44
      vertex -72.9 17.9981 0
      vertex -73.2263 17.78 0
    endloop
  endfacet
  facet normal 0.194989 0.980806 -0
    outer loop
      vertex 72.1764 18.2978 0
      vertex 71.7916 18.3743 44
      vertex 72.1764 18.2978 44
    endloop
  endfacet
  facet normal 0.194989 0.980806 0
    outer loop
      vertex 71.7916 18.3743 44
      vertex 72.1764 18.2978 0
      vertex 71.7916 18.3743 0
    endloop
  endfacet
  facet normal 0.896961 0.44211 0
    outer loop
      vertex 74.1716 16.548 44
      vertex 73.9981 16.9 0
      vertex 73.9981 16.9 44
    endloop
  endfacet
  facet normal 0.896961 0.44211 0
    outer loop
      vertex 73.9981 16.9 0
      vertex 74.1716 16.548 44
      vertex 74.1716 16.548 0
    endloop
  endfacet
  facet normal -0.659334 0.75185 0
    outer loop
      vertex -73.2263 17.78 0
      vertex -73.5213 17.5213 44
      vertex -73.2263 17.78 44
    endloop
  endfacet
  facet normal -0.659334 0.75185 0
    outer loop
      vertex -73.5213 17.5213 44
      vertex -73.2263 17.78 0
      vertex -73.5213 17.5213 0
    endloop
  endfacet
  facet normal 0.555699 -0.831383 0
    outer loop
      vertex 72.9 -17.9981 0
      vertex 73.2263 -17.78 44
      vertex 72.9 -17.9981 44
    endloop
  endfacet
  facet normal 0.555699 -0.831383 0
    outer loop
      vertex 73.2263 -17.78 44
      vertex 72.9 -17.9981 0
      vertex 73.2263 -17.78 0
    endloop
  endfacet
  facet normal 0.44211 -0.896961 0
    outer loop
      vertex 72.548 -18.1716 0
      vertex 72.9 -17.9981 44
      vertex 72.548 -18.1716 44
    endloop
  endfacet
  facet normal 0.44211 -0.896961 0
    outer loop
      vertex 72.9 -17.9981 44
      vertex 72.548 -18.1716 0
      vertex 72.9 -17.9981 0
    endloop
  endfacet
  facet normal 0.659334 -0.75185 0
    outer loop
      vertex 73.2263 -17.78 0
      vertex 73.5213 -17.5213 44
      vertex 73.2263 -17.78 44
    endloop
  endfacet
  facet normal 0.659334 -0.75185 0
    outer loop
      vertex 73.5213 -17.5213 44
      vertex 73.2263 -17.78 0
      vertex 73.5213 -17.5213 0
    endloop
  endfacet
  facet normal -0.75185 -0.659334 0
    outer loop
      vertex -73.5213 -17.5213 0
      vertex -73.78 -17.2263 44
      vertex -73.78 -17.2263 0
    endloop
  endfacet
  facet normal -0.75185 -0.659334 0
    outer loop
      vertex -73.78 -17.2263 44
      vertex -73.5213 -17.5213 0
      vertex -73.5213 -17.5213 44
    endloop
  endfacet
  facet normal 0.44211 0.896961 -0
    outer loop
      vertex 72.9 17.9981 0
      vertex 72.548 18.1716 44
      vertex 72.9 17.9981 44
    endloop
  endfacet
  facet normal 0.44211 0.896961 0
    outer loop
      vertex 72.548 18.1716 44
      vertex 72.9 17.9981 0
      vertex 72.548 18.1716 0
    endloop
  endfacet
  facet normal 0.659334 0.75185 -0
    outer loop
      vertex 73.5213 17.5213 0
      vertex 73.2263 17.78 44
      vertex 73.5213 17.5213 44
    endloop
  endfacet
  facet normal 0.659334 0.75185 0
    outer loop
      vertex 73.2263 17.78 44
      vertex 73.5213 17.5213 0
      vertex 73.2263 17.78 0
    endloop
  endfacet
  facet normal 0.946885 -0.321574 0
    outer loop
      vertex 74.1716 -16.548 44
      vertex 74.2978 -16.1764 0
      vertex 74.2978 -16.1764 44
    endloop
  endfacet
  facet normal 0.946885 -0.321574 0
    outer loop
      vertex 74.2978 -16.1764 0
      vertex 74.1716 -16.548 44
      vertex 74.1716 -16.548 0
    endloop
  endfacet
  facet normal -0.75185 0.659334 0
    outer loop
      vertex -73.78 17.2263 0
      vertex -73.5213 17.5213 44
      vertex -73.5213 17.5213 0
    endloop
  endfacet
  facet normal -0.75185 0.659334 0
    outer loop
      vertex -73.5213 17.5213 44
      vertex -73.78 17.2263 0
      vertex -73.78 17.2263 44
    endloop
  endfacet
  facet normal 0.831383 0.555699 0
    outer loop
      vertex 73.9981 16.9 44
      vertex 73.78 17.2263 0
      vertex 73.78 17.2263 44
    endloop
  endfacet
  facet normal 0.831383 0.555699 0
    outer loop
      vertex 73.78 17.2263 0
      vertex 73.9981 16.9 44
      vertex 73.9981 16.9 0
    endloop
  endfacet
  facet normal -0.831383 0.555699 0
    outer loop
      vertex -73.9981 16.9 0
      vertex -73.78 17.2263 44
      vertex -73.78 17.2263 0
    endloop
  endfacet
  facet normal -0.831383 0.555699 0
    outer loop
      vertex -73.78 17.2263 44
      vertex -73.9981 16.9 0
      vertex -73.9981 16.9 44
    endloop
  endfacet
  facet normal 0.75185 -0.659334 0
    outer loop
      vertex 73.5213 -17.5213 44
      vertex 73.78 -17.2263 0
      vertex 73.78 -17.2263 44
    endloop
  endfacet
  facet normal 0.75185 -0.659334 0
    outer loop
      vertex 73.78 -17.2263 0
      vertex 73.5213 -17.5213 44
      vertex 73.5213 -17.5213 0
    endloop
  endfacet
  facet normal 0.0654873 0.997853 -0
    outer loop
      vertex 71.7916 18.3743 0
      vertex 71.4 18.4 44
      vertex 71.7916 18.3743 44
    endloop
  endfacet
  facet normal 0.0654873 0.997853 0
    outer loop
      vertex 71.4 18.4 44
      vertex 71.7916 18.3743 0
      vertex 71.4 18.4 0
    endloop
  endfacet
  facet normal 0.997853 -0.0654873 0
    outer loop
      vertex 74.3743 -15.7916 44
      vertex 74.4 -15.4 0
      vertex 74.4 -15.4 44
    endloop
  endfacet
  facet normal 0.997853 -0.0654873 0
    outer loop
      vertex 74.4 -15.4 0
      vertex 74.3743 -15.7916 44
      vertex 74.3743 -15.7916 0
    endloop
  endfacet
  facet normal 0 0 1
    outer loop
      vertex -69.1528 13.2834 44
      vertex -64.4 15.4 44
      vertex -69.096 13.4506 44
    endloop
  endfacet
  facet normal 0 0 1
    outer loop
      vertex -64.4 -15.4 44
      vertex -69.0615 -13.6238 44
      vertex -69.05 -13.8 44
    endloop
  endfacet
  facet normal 0 0 1
    outer loop
      vertex -69.2309 13.125 44
      vertex -64.4 15.4 44
      vertex -69.1528 13.2834 44
    endloop
  endfacet
  facet normal 0 0 1
    outer loop
      vertex -64.4 -15.4 44
      vertex -69.096 -13.4506 44
      vertex -69.0615 -13.6238 44
    endloop
  endfacet
  facet normal 0 0 1
    outer loop
      vertex -69.329 12.9782 44
      vertex -64.4 15.4 44
      vertex -69.2309 13.125 44
    endloop
  endfacet
  facet normal 0 0 1
    outer loop
      vertex -64.4 -15.4 44
      vertex -69.1528 -13.2834 44
      vertex -69.096 -13.4506 44
    endloop
  endfacet
  facet normal 0 0 1
    outer loop
      vertex -69.4454 12.8454 44
      vertex -64.4 15.4 44
      vertex -69.329 12.9782 44
    endloop
  endfacet
  facet normal 0 0 1
    outer loop
      vertex -64.4 -15.4 44
      vertex -69.2309 -13.125 44
      vertex -69.1528 -13.2834 44
    endloop
  endfacet
  facet normal 0 0 1
    outer loop
      vertex -69.5782 12.729 44
      vertex -64.4 15.4 44
      vertex -69.4454 12.8454 44
    endloop
  endfacet
  facet normal 0 0 1
    outer loop
      vertex -64.4 -15.4 44
      vertex -69.329 -12.9782 44
      vertex -69.2309 -13.125 44
    endloop
  endfacet
  facet normal 0 0 1
    outer loop
      vertex -64.4 15.4 44
      vertex -69.5782 12.729 44
      vertex -64.4 -15.4 44
    endloop
  endfacet
  facet normal 0 0 1
    outer loop
      vertex -64.4 -15.4 44
      vertex -69.4454 -12.8454 44
      vertex -69.329 -12.9782 44
    endloop
  endfacet
  facet normal -0 0 1
    outer loop
      vertex -69.5782 -12.729 44
      vertex -64.4 -15.4 44
      vertex -69.5782 12.729 44
    endloop
  endfacet
  facet normal 0 0 1
    outer loop
      vertex -64.4 -15.4 44
      vertex -69.5782 -12.729 44
      vertex -69.4454 -12.8454 44
    endloop
  endfacet
  facet normal -0 0 1
    outer loop
      vertex -69.725 12.6309 44
      vertex -69.5782 -12.729 44
      vertex -69.5782 12.729 44
    endloop
  endfacet
  facet normal 0 0 1
    outer loop
      vertex -69.725 12.6309 44
      vertex -69.725 -12.6309 44
      vertex -69.5782 -12.729 44
    endloop
  endfacet
  facet normal -0 0 1
    outer loop
      vertex -69.8834 12.5528 44
      vertex -69.725 -12.6309 44
      vertex -69.725 12.6309 44
    endloop
  endfacet
  facet normal 0 0 1
    outer loop
      vertex -69.8834 12.5528 44
      vertex -69.8834 -12.5528 44
      vertex -69.725 -12.6309 44
    endloop
  endfacet
  facet normal -0 0 1
    outer loop
      vertex -70.0506 12.496 44
      vertex -69.8834 -12.5528 44
      vertex -69.8834 12.5528 44
    endloop
  endfacet
  facet normal 0 0 1
    outer loop
      vertex -70.0506 12.496 44
      vertex -70.0506 -12.496 44
      vertex -69.8834 -12.5528 44
    endloop
  endfacet
  facet normal -0 0 1
    outer loop
      vertex -70.2238 12.4615 44
      vertex -70.0506 -12.496 44
      vertex -70.0506 12.496 44
    endloop
  endfacet
  facet normal 0 0 1
    outer loop
      vertex -70.2238 12.4615 44
      vertex -70.2238 -12.4615 44
      vertex -70.0506 -12.496 44
    endloop
  endfacet
  facet normal -0 0 1
    outer loop
      vertex -70.4 12.45 44
      vertex -70.2238 -12.4615 44
      vertex -70.2238 12.4615 44
    endloop
  endfacet
  facet normal 0 0 1
    outer loop
      vertex -70.4 12.45 44
      vertex -70.4 -12.45 44
      vertex -70.2238 -12.4615 44
    endloop
  endfacet
  facet normal 0 0 1
    outer loop
      vertex -70.5762 12.4615 44
      vertex -70.4 -12.45 44
      vertex -70.4 12.45 44
    endloop
  endfacet
  facet normal 0 0 1
    outer loop
      vertex -70.5762 12.4615 44
      vertex -70.5762 -12.4615 44
      vertex -70.4 -12.45 44
    endloop
  endfacet
  facet normal 0 0 1
    outer loop
      vertex -70.7494 12.496 44
      vertex -70.5762 -12.4615 44
      vertex -70.5762 12.4615 44
    endloop
  endfacet
  facet normal 0 0 1
    outer loop
      vertex -70.7494 12.496 44
      vertex -70.7494 -12.496 44
      vertex -70.5762 -12.4615 44
    endloop
  endfacet
  facet normal 0 0 1
    outer loop
      vertex -70.9166 12.5528 44
      vertex -70.7494 -12.496 44
      vertex -70.7494 12.496 44
    endloop
  endfacet
  facet normal 0 0 1
    outer loop
      vertex -70.9166 12.5528 44
      vertex -70.9166 -12.5528 44
      vertex -70.7494 -12.496 44
    endloop
  endfacet
  facet normal 0 0 1
    outer loop
      vertex -71.075 12.6309 44
      vertex -70.9166 -12.5528 44
      vertex -70.9166 12.5528 44
    endloop
  endfacet
  facet normal 0 0 1
    outer loop
      vertex -71.075 12.6309 44
      vertex -71.075 -12.6309 44
      vertex -70.9166 -12.5528 44
    endloop
  endfacet
  facet normal 0 0 1
    outer loop
      vertex -71.2218 12.729 44
      vertex -71.075 -12.6309 44
      vertex -71.075 12.6309 44
    endloop
  endfacet
  facet normal 0 0 1
    outer loop
      vertex -71.2218 12.729 44
      vertex -71.2218 -12.729 44
      vertex -71.075 -12.6309 44
    endloop
  endfacet
  facet normal 0 0 1
    outer loop
      vertex -71.3546 12.8454 44
      vertex -71.2218 -12.729 44
      vertex -71.2218 12.729 44
    endloop
  endfacet
  facet normal 0 0 1
    outer loop
      vertex -71.3546 12.8454 44
      vertex -71.3546 -12.8454 44
      vertex -71.2218 -12.729 44
    endloop
  endfacet
  facet normal 0 0 1
    outer loop
      vertex -74.4 15.4 44
      vertex -71.3546 12.8454 44
      vertex -71.471 12.9782 44
    endloop
  endfacet
  facet normal 0 0 1
    outer loop
      vertex -71.3546 12.8454 44
      vertex -74.4 15.4 44
      vertex -71.3546 -12.8454 44
    endloop
  endfacet
  facet normal 0 0 1
    outer loop
      vertex -74.4 15.4 44
      vertex -71.471 12.9782 44
      vertex -71.5691 13.125 44
    endloop
  endfacet
  facet normal 0 0 1
    outer loop
      vertex -74.4 -15.4 44
      vertex -71.3546 -12.8454 44
      vertex -74.4 15.4 44
    endloop
  endfacet
  facet normal 0 0 1
    outer loop
      vertex -74.4 15.4 44
      vertex -71.5691 13.125 44
      vertex -71.6472 13.2834 44
    endloop
  endfacet
  facet normal 0 0 1
    outer loop
      vertex -71.3546 -12.8454 44
      vertex -74.4 -15.4 44
      vertex -71.471 -12.9782 44
    endloop
  endfacet
  facet normal 0 0 1
    outer loop
      vertex -74.4 15.4 44
      vertex -71.6472 13.2834 44
      vertex -71.704 13.4506 44
    endloop
  endfacet
  facet normal 0 0 1
    outer loop
      vertex -71.471 -12.9782 44
      vertex -74.4 -15.4 44
      vertex -71.5691 -13.125 44
    endloop
  endfacet
  facet normal 0 0 1
    outer loop
      vertex -74.4 15.4 44
      vertex -71.704 13.4506 44
      vertex -71.7384 13.6238 44
    endloop
  endfacet
  facet normal 0 0 1
    outer loop
      vertex -71.5691 -13.125 44
      vertex -74.4 -15.4 44
      vertex -71.6472 -13.2834 44
    endloop
  endfacet
  facet normal 0 0 1
    outer loop
      vertex -74.4 15.4 44
      vertex -71.7384 13.6238 44
      vertex -71.75 13.8 44
    endloop
  endfacet
  facet normal 0 0 1
    outer loop
      vertex -71.6472 -13.2834 44
      vertex -74.4 -15.4 44
      vertex -71.704 -13.4506 44
    endloop
  endfacet
  facet normal 0 0 1
    outer loop
      vertex 71.6472 13.2834 44
      vertex 74.4 15.4 44
      vertex 71.704 13.4506 44
    endloop
  endfacet
  facet normal 0 0 1
    outer loop
      vertex 74.4 -15.4 44
      vertex 71.7384 -13.6238 44
      vertex 71.75 -13.8 44
    endloop
  endfacet
  facet normal 0 0 1
    outer loop
      vertex 71.5691 13.125 44
      vertex 74.4 15.4 44
      vertex 71.6472 13.2834 44
    endloop
  endfacet
  facet normal 0 0 1
    outer loop
      vertex 74.4 -15.4 44
      vertex 71.704 -13.4506 44
      vertex 71.7384 -13.6238 44
    endloop
  endfacet
  facet normal 0 0 1
    outer loop
      vertex 71.471 12.9782 44
      vertex 74.4 15.4 44
      vertex 71.5691 13.125 44
    endloop
  endfacet
  facet normal 0 0 1
    outer loop
      vertex 74.4 -15.4 44
      vertex 71.6472 -13.2834 44
      vertex 71.704 -13.4506 44
    endloop
  endfacet
  facet normal 0 0 1
    outer loop
      vertex 71.3546 12.8454 44
      vertex 74.4 15.4 44
      vertex 71.471 12.9782 44
    endloop
  endfacet
  facet normal 0 0 1
    outer loop
      vertex 74.4 -15.4 44
      vertex 71.5691 -13.125 44
      vertex 71.6472 -13.2834 44
    endloop
  endfacet
  facet normal 0 0 1
    outer loop
      vertex 74.4 15.4 44
      vertex 71.3546 12.8454 44
      vertex 74.4 -15.4 44
    endloop
  endfacet
  facet normal 0 0 1
    outer loop
      vertex 74.4 -15.4 44
      vertex 71.471 -12.9782 44
      vertex 71.5691 -13.125 44
    endloop
  endfacet
  facet normal -0 0 1
    outer loop
      vertex 71.3546 -12.8454 44
      vertex 74.4 -15.4 44
      vertex 71.3546 12.8454 44
    endloop
  endfacet
  facet normal 0 0 1
    outer loop
      vertex 74.4 -15.4 44
      vertex 71.3546 -12.8454 44
      vertex 71.471 -12.9782 44
    endloop
  endfacet
  facet normal -0 0 1
    outer loop
      vertex 71.2218 12.729 44
      vertex 71.3546 -12.8454 44
      vertex 71.3546 12.8454 44
    endloop
  endfacet
  facet normal 0 0 1
    outer loop
      vertex 71.2218 12.729 44
      vertex 71.2218 -12.729 44
      vertex 71.3546 -12.8454 44
    endloop
  endfacet
  facet normal -0 0 1
    outer loop
      vertex 71.075 12.6309 44
      vertex 71.2218 -12.729 44
      vertex 71.2218 12.729 44
    endloop
  endfacet
  facet normal 0 0 1
    outer loop
      vertex 71.075 12.6309 44
      vertex 71.075 -12.6309 44
      vertex 71.2218 -12.729 44
    endloop
  endfacet
  facet normal -0 0 1
    outer loop
      vertex 70.9166 12.5528 44
      vertex 71.075 -12.6309 44
      vertex 71.075 12.6309 44
    endloop
  endfacet
  facet normal 0 0 1
    outer loop
      vertex 70.9166 12.5528 44
      vertex 70.9166 -12.5528 44
      vertex 71.075 -12.6309 44
    endloop
  endfacet
  facet normal -0 0 1
    outer loop
      vertex 70.7494 12.496 44
      vertex 70.9166 -12.5528 44
      vertex 70.9166 12.5528 44
    endloop
  endfacet
  facet normal 0 0 1
    outer loop
      vertex 70.7494 12.496 44
      vertex 70.7494 -12.496 44
      vertex 70.9166 -12.5528 44
    endloop
  endfacet
  facet normal -0 0 1
    outer loop
      vertex 70.5762 12.4615 44
      vertex 70.7494 -12.496 44
      vertex 70.7494 12.496 44
    endloop
  endfacet
  facet normal 0 0 1
    outer loop
      vertex 70.5762 12.4615 44
      vertex 70.5762 -12.4615 44
      vertex 70.7494 -12.496 44
    endloop
  endfacet
  facet normal -0 0 1
    outer loop
      vertex 70.4 12.45 44
      vertex 70.5762 -12.4615 44
      vertex 70.5762 12.4615 44
    endloop
  endfacet
  facet normal 0 0 1
    outer loop
      vertex 70.4 12.45 44
      vertex 70.4 -12.45 44
      vertex 70.5762 -12.4615 44
    endloop
  endfacet
  facet normal 0 0 1
    outer loop
      vertex 70.2238 12.4615 44
      vertex 70.4 -12.45 44
      vertex 70.4 12.45 44
    endloop
  endfacet
  facet normal 0 0 1
    outer loop
      vertex 70.2238 12.4615 44
      vertex 70.2238 -12.4615 44
      vertex 70.4 -12.45 44
    endloop
  endfacet
  facet normal 0 0 1
    outer loop
      vertex 70.0506 12.496 44
      vertex 70.2238 -12.4615 44
      vertex 70.2238 12.4615 44
    endloop
  endfacet
  facet normal 0 0 1
    outer loop
      vertex 70.0506 12.496 44
      vertex 70.0506 -12.496 44
      vertex 70.2238 -12.4615 44
    endloop
  endfacet
  facet normal 0 0 1
    outer loop
      vertex 69.8834 12.5528 44
      vertex 70.0506 -12.496 44
      vertex 70.0506 12.496 44
    endloop
  endfacet
  facet normal 0 0 1
    outer loop
      vertex 69.8834 12.5528 44
      vertex 69.8834 -12.5528 44
      vertex 70.0506 -12.496 44
    endloop
  endfacet
  facet normal 0 0 1
    outer loop
      vertex 69.725 12.6309 44
      vertex 69.8834 -12.5528 44
      vertex 69.8834 12.5528 44
    endloop
  endfacet
  facet normal 0 0 1
    outer loop
      vertex 69.725 12.6309 44
      vertex 69.725 -12.6309 44
      vertex 69.8834 -12.5528 44
    endloop
  endfacet
  facet normal 0 0 1
    outer loop
      vertex 69.5782 12.729 44
      vertex 69.725 -12.6309 44
      vertex 69.725 12.6309 44
    endloop
  endfacet
  facet normal 0 0 1
    outer loop
      vertex 69.5782 12.729 44
      vertex 69.5782 -12.729 44
      vertex 69.725 -12.6309 44
    endloop
  endfacet
  facet normal 0 0 1
    outer loop
      vertex 64.4 15.4 44
      vertex 69.5782 12.729 44
      vertex 69.4454 12.8454 44
    endloop
  endfacet
  facet normal 0 0 1
    outer loop
      vertex 69.5782 12.729 44
      vertex 64.4 15.4 44
      vertex 69.5782 -12.729 44
    endloop
  endfacet
  facet normal 0 0 1
    outer loop
      vertex 64.4 15.4 44
      vertex 69.4454 12.8454 44
      vertex 69.329 12.9782 44
    endloop
  endfacet
  facet normal 0 0 1
    outer loop
      vertex 64.4 -15.4 44
      vertex 69.5782 -12.729 44
      vertex 64.4 15.4 44
    endloop
  endfacet
  facet normal 0 0 1
    outer loop
      vertex 64.4 15.4 44
      vertex 69.329 12.9782 44
      vertex 69.2309 13.125 44
    endloop
  endfacet
  facet normal 0 0 1
    outer loop
      vertex 69.5782 -12.729 44
      vertex 64.4 -15.4 44
      vertex 69.4454 -12.8454 44
    endloop
  endfacet
  facet normal 0 0 1
    outer loop
      vertex 64.4 15.4 44
      vertex 69.2309 13.125 44
      vertex 69.1528 13.2834 44
    endloop
  endfacet
  facet normal 0 0 1
    outer loop
      vertex 69.4454 -12.8454 44
      vertex 64.4 -15.4 44
      vertex 69.329 -12.9782 44
    endloop
  endfacet
  facet normal 0 0 1
    outer loop
      vertex 64.4 15.4 44
      vertex 69.1528 13.2834 44
      vertex 69.096 13.4506 44
    endloop
  endfacet
  facet normal 0 0 1
    outer loop
      vertex 69.329 -12.9782 44
      vertex 64.4 -15.4 44
      vertex 69.2309 -13.125 44
    endloop
  endfacet
  facet normal 0 0 1
    outer loop
      vertex 64.4 15.4 44
      vertex 69.096 13.4506 44
      vertex 69.0615 13.6238 44
    endloop
  endfacet
  facet normal 0 0 1
    outer loop
      vertex 69.2309 -13.125 44
      vertex 64.4 -15.4 44
      vertex 69.1528 -13.2834 44
    endloop
  endfacet
  facet normal 0 0 1
    outer loop
      vertex 64.4 15.4 44
      vertex 69.0615 13.6238 44
      vertex 69.05 13.8 44
    endloop
  endfacet
  facet normal 0 0 1
    outer loop
      vertex 69.1528 -13.2834 44
      vertex 64.4 -15.4 44
      vertex 69.096 -13.4506 44
    endloop
  endfacet
  facet normal 0 0 1
    outer loop
      vertex 71.471 14.6218 44
      vertex 74.4 15.4 44
      vertex 74.3743 15.7916 44
    endloop
  endfacet
  facet normal 0 0 1
    outer loop
      vertex 71.7384 13.6238 44
      vertex 74.4 15.4 44
      vertex 71.75 13.8 44
    endloop
  endfacet
  facet normal 0 0 1
    outer loop
      vertex 71.471 14.6218 44
      vertex 74.3743 15.7916 44
      vertex 74.2978 16.1764 44
    endloop
  endfacet
  facet normal 0 0 1
    outer loop
      vertex 71.704 13.4506 44
      vertex 74.4 15.4 44
      vertex 71.7384 13.6238 44
    endloop
  endfacet
  facet normal 0 0 1
    outer loop
      vertex 71.3546 14.7546 44
      vertex 74.2978 16.1764 44
      vertex 74.1716 16.548 44
    endloop
  endfacet
  facet normal -0 0 1
    outer loop
      vertex 71.7384 -13.9762 44
      vertex 74.4 -15.4 44
      vertex 71.75 -13.8 44
    endloop
  endfacet
  facet normal 0 0 1
    outer loop
      vertex 71.3546 14.7546 44
      vertex 74.1716 16.548 44
      vertex 73.9981 16.9 44
    endloop
  endfacet
  facet normal -0 0 1
    outer loop
      vertex 71.704 -14.1494 44
      vertex 74.4 -15.4 44
      vertex 71.7384 -13.9762 44
    endloop
  endfacet
  facet normal 0 0 1
    outer loop
      vertex 71.3546 14.7546 44
      vertex 73.9981 16.9 44
      vertex 73.78 17.2263 44
    endloop
  endfacet
  facet normal -0 0 1
    outer loop
      vertex 71.6472 -14.3166 44
      vertex 74.4 -15.4 44
      vertex 71.704 -14.1494 44
    endloop
  endfacet
  facet normal 0 0 1
    outer loop
      vertex 71.2218 14.871 44
      vertex 73.78 17.2263 44
      vertex 73.5213 17.5213 44
    endloop
  endfacet
  facet normal -0 0 1
    outer loop
      vertex 71.5691 -14.475 44
      vertex 74.4 -15.4 44
      vertex 71.6472 -14.3166 44
    endloop
  endfacet
  facet normal 0 0 1
    outer loop
      vertex 71.2218 14.871 44
      vertex 73.5213 17.5213 44
      vertex 73.2263 17.78 44
    endloop
  endfacet
  facet normal -0 0 1
    outer loop
      vertex 71.471 -14.6218 44
      vertex 74.4 -15.4 44
      vertex 71.5691 -14.475 44
    endloop
  endfacet
  facet normal 0 0 1
    outer loop
      vertex 71.075 14.9691 44
      vertex 73.2263 17.78 44
      vertex 72.9 17.9981 44
    endloop
  endfacet
  facet normal 0 0 1
    outer loop
      vertex 74.4 -15.4 44
      vertex 71.471 -14.6218 44
      vertex 74.3743 -15.7916 44
    endloop
  endfacet
  facet normal 0 0 1
    outer loop
      vertex 71.075 14.9691 44
      vertex 72.9 17.9981 44
      vertex 72.548 18.1716 44
    endloop
  endfacet
  facet normal 0 0 1
    outer loop
      vertex 74.3743 -15.7916 44
      vertex 71.471 -14.6218 44
      vertex 74.2978 -16.1764 44
    endloop
  endfacet
  facet normal 0 0 1
    outer loop
      vertex 71.075 14.9691 44
      vertex 72.548 18.1716 44
      vertex 72.1764 18.2978 44
    endloop
  endfacet
  facet normal -0 0 1
    outer loop
      vertex 71.3546 -14.7546 44
      vertex 74.2978 -16.1764 44
      vertex 71.471 -14.6218 44
    endloop
  endfacet
  facet normal 0 0 1
    outer loop
      vertex 70.9166 15.0472 44
      vertex 72.1764 18.2978 44
      vertex 71.7916 18.3743 44
    endloop
  endfacet
  facet normal 0 0 1
    outer loop
      vertex 74.2978 -16.1764 44
      vertex 71.3546 -14.7546 44
      vertex 74.1716 -16.548 44
    endloop
  endfacet
  facet normal 0 0 1
    outer loop
      vertex 74.1716 -16.548 44
      vertex 71.3546 -14.7546 44
      vertex 73.9981 -16.9 44
    endloop
  endfacet
  facet normal 0 0 1
    outer loop
      vertex 74.4 15.4 44
      vertex 71.7384 13.9762 44
      vertex 71.75 13.8 44
    endloop
  endfacet
  facet normal 0 0 1
    outer loop
      vertex 74.4 15.4 44
      vertex 71.704 14.1494 44
      vertex 71.7384 13.9762 44
    endloop
  endfacet
  facet normal 0 0 1
    outer loop
      vertex 74.4 15.4 44
      vertex 71.6472 14.3166 44
      vertex 71.704 14.1494 44
    endloop
  endfacet
  facet normal 0 0 1
    outer loop
      vertex 74.4 15.4 44
      vertex 71.5691 14.475 44
      vertex 71.6472 14.3166 44
    endloop
  endfacet
  facet normal 0 0 1
    outer loop
      vertex 74.4 15.4 44
      vertex 71.471 14.6218 44
      vertex 71.5691 14.475 44
    endloop
  endfacet
  facet normal 0 0 1
    outer loop
      vertex 70.9166 15.0472 44
      vertex 71.7916 18.3743 44
      vertex 71.4 18.4 44
    endloop
  endfacet
  facet normal 0 0 1
    outer loop
      vertex 74.2978 16.1764 44
      vertex 71.3546 14.7546 44
      vertex 71.471 14.6218 44
    endloop
  endfacet
  facet normal 0 0 1
    outer loop
      vertex 73.78 17.2263 44
      vertex 71.2218 14.871 44
      vertex 71.3546 14.7546 44
    endloop
  endfacet
  facet normal 0 0 1
    outer loop
      vertex 73.2263 17.78 44
      vertex 71.075 14.9691 44
      vertex 71.2218 14.871 44
    endloop
  endfacet
  facet normal 0 0 1
    outer loop
      vertex 72.1764 18.2978 44
      vertex 70.9166 15.0472 44
      vertex 71.075 14.9691 44
    endloop
  endfacet
  facet normal 0 0 1
    outer loop
      vertex 71.4 18.4 44
      vertex 70.7494 15.104 44
      vertex 70.9166 15.0472 44
    endloop
  endfacet
  facet normal 0 0 1
    outer loop
      vertex 71.4 18.4 44
      vertex 70.5762 15.1384 44
      vertex 70.7494 15.104 44
    endloop
  endfacet
  facet normal 0 0 1
    outer loop
      vertex 71.4 18.4 44
      vertex 70.4 15.15 44
      vertex 70.5762 15.1384 44
    endloop
  endfacet
  facet normal 0 0 1
    outer loop
      vertex 71.4 18.4 44
      vertex 70.2238 15.1384 44
      vertex 70.4 15.15 44
    endloop
  endfacet
  facet normal 0 0 1
    outer loop
      vertex 71.4 18.4 44
      vertex 70.0506 15.104 44
      vertex 70.2238 15.1384 44
    endloop
  endfacet
  facet normal 0 0 1
    outer loop
      vertex 71.4 18.4 44
      vertex 69.8834 15.0472 44
      vertex 70.0506 15.104 44
    endloop
  endfacet
  facet normal 0 0 1
    outer loop
      vertex 71.4 18.4 44
      vertex 69.725 14.9691 44
      vertex 69.8834 15.0472 44
    endloop
  endfacet
  facet normal 0 0 1
    outer loop
      vertex 71.4 18.4 44
      vertex 69.5782 14.871 44
      vertex 69.725 14.9691 44
    endloop
  endfacet
  facet normal -0 0 1
    outer loop
      vertex 64.1933 16.0087 44
      vertex 69.5782 14.871 44
      vertex 71.4 18.4 44
    endloop
  endfacet
  facet normal 0 0 1
    outer loop
      vertex 69.5782 14.871 44
      vertex 64.266 15.9 44
      vertex 69.4454 14.7546 44
    endloop
  endfacet
  facet normal -0 -0 1
    outer loop
      vertex 64.3239 15.7827 44
      vertex 69.4454 14.7546 44
      vertex 64.266 15.9 44
    endloop
  endfacet
  facet normal 0 0 1
    outer loop
      vertex 69.096 -13.4506 44
      vertex 64.4 -15.4 44
      vertex 69.0615 -13.6238 44
    endloop
  endfacet
  facet normal 0 0 1
    outer loop
      vertex 69.0615 13.9762 44
      vertex 64.4 15.4 44
      vertex 69.05 13.8 44
    endloop
  endfacet
  facet normal 0 0 1
    outer loop
      vertex 69.096 14.1494 44
      vertex 64.4 15.4 44
      vertex 69.0615 13.9762 44
    endloop
  endfacet
  facet normal 0 0 1
    outer loop
      vertex 69.1528 14.3166 44
      vertex 64.4 15.4 44
      vertex 69.096 14.1494 44
    endloop
  endfacet
  facet normal 0 0 1
    outer loop
      vertex 69.2309 14.475 44
      vertex 64.4 15.4 44
      vertex 69.1528 14.3166 44
    endloop
  endfacet
  facet normal -0 -0 1
    outer loop
      vertex 64.3659 15.6588 44
      vertex 69.4454 14.7546 44
      vertex 64.3239 15.7827 44
    endloop
  endfacet
  facet normal 0 0 1
    outer loop
      vertex 69.2309 14.475 44
      vertex 64.3914 15.5305 44
      vertex 64.4 15.4 44
    endloop
  endfacet
  facet normal 0 0 1
    outer loop
      vertex 69.329 14.6218 44
      vertex 64.3914 15.5305 44
      vertex 69.2309 14.475 44
    endloop
  endfacet
  facet normal -0 -0 1
    outer loop
      vertex 64.3914 15.5305 44
      vertex 69.329 14.6218 44
      vertex 64.3659 15.6588 44
    endloop
  endfacet
  facet normal 0 0 1
    outer loop
      vertex 69.4454 14.7546 44
      vertex 64.3659 15.6588 44
      vertex 69.329 14.6218 44
    endloop
  endfacet
  facet normal 0 0 1
    outer loop
      vertex 69.5782 14.871 44
      vertex 64.1933 16.0087 44
      vertex 64.266 15.9 44
    endloop
  endfacet
  facet normal 0 0 1
    outer loop
      vertex 71.4 18.4 44
      vertex 64.1071 16.1071 44
      vertex 64.1933 16.0087 44
    endloop
  endfacet
  facet normal 0 0 1
    outer loop
      vertex 71.4 18.4 44
      vertex 64.0087 16.1933 44
      vertex 64.1071 16.1071 44
    endloop
  endfacet
  facet normal 0 0 1
    outer loop
      vertex 71.4 18.4 44
      vertex 63.9 16.266 44
      vertex 64.0087 16.1933 44
    endloop
  endfacet
  facet normal 0 0 1
    outer loop
      vertex 71.4 18.4 44
      vertex 63.7827 16.3239 44
      vertex 63.9 16.266 44
    endloop
  endfacet
  facet normal 0 0 1
    outer loop
      vertex 71.4 18.4 44
      vertex 63.6588 16.3659 44
      vertex 63.7827 16.3239 44
    endloop
  endfacet
  facet normal 0 0 1
    outer loop
      vertex 71.4 18.4 44
      vertex 63.5305 16.3914 44
      vertex 63.6588 16.3659 44
    endloop
  endfacet
  facet normal 0 0 1
    outer loop
      vertex 71.4 18.4 44
      vertex 63.4 16.4 44
      vertex 63.5305 16.3914 44
    endloop
  endfacet
  facet normal 0 0 1
    outer loop
      vertex 71.4 18.4 44
      vertex -63.4 16.4 44
      vertex 63.4 16.4 44
    endloop
  endfacet
  facet normal 0 0 1
    outer loop
      vertex -69.0615 13.6238 44
      vertex -64.4 15.4 44
      vertex -69.05 13.8 44
    endloop
  endfacet
  facet normal 0 0 1
    outer loop
      vertex -69.2309 14.475 44
      vertex -64.4 15.4 44
      vertex -64.3914 15.5305 44
    endloop
  endfacet
  facet normal 0 0 1
    outer loop
      vertex -69.329 14.6218 44
      vertex -64.3914 15.5305 44
      vertex -64.3659 15.6588 44
    endloop
  endfacet
  facet normal 0 0 1
    outer loop
      vertex -69.4454 14.7546 44
      vertex -64.3659 15.6588 44
      vertex -64.3239 15.7827 44
    endloop
  endfacet
  facet normal 0 0 1
    outer loop
      vertex -69.4454 14.7546 44
      vertex -64.3239 15.7827 44
      vertex -64.266 15.9 44
    endloop
  endfacet
  facet normal 0 0 1
    outer loop
      vertex -69.5782 14.871 44
      vertex -64.266 15.9 44
      vertex -64.1933 16.0087 44
    endloop
  endfacet
  facet normal 0 0 1
    outer loop
      vertex -71.4 18.4 44
      vertex -64.1933 16.0087 44
      vertex -64.1071 16.1071 44
    endloop
  endfacet
  facet normal 0 0 1
    outer loop
      vertex -71.4 18.4 44
      vertex -64.1071 16.1071 44
      vertex -64.0087 16.1933 44
    endloop
  endfacet
  facet normal 0 0 1
    outer loop
      vertex -71.4 18.4 44
      vertex -64.0087 16.1933 44
      vertex -63.9 16.266 44
    endloop
  endfacet
  facet normal 0 0 1
    outer loop
      vertex -71.4 18.4 44
      vertex -63.9 16.266 44
      vertex -63.7827 16.3239 44
    endloop
  endfacet
  facet normal 0 0 1
    outer loop
      vertex -64.4 15.4 44
      vertex -69.0615 13.9762 44
      vertex -69.05 13.8 44
    endloop
  endfacet
  facet normal 0 0 1
    outer loop
      vertex -64.4 15.4 44
      vertex -69.096 14.1494 44
      vertex -69.0615 13.9762 44
    endloop
  endfacet
  facet normal 0 0 1
    outer loop
      vertex -64.4 15.4 44
      vertex -69.1528 14.3166 44
      vertex -69.096 14.1494 44
    endloop
  endfacet
  facet normal 0 0 1
    outer loop
      vertex -64.4 15.4 44
      vertex -69.2309 14.475 44
      vertex -69.1528 14.3166 44
    endloop
  endfacet
  facet normal 0 0 1
    outer loop
      vertex -71.4 18.4 44
      vertex -63.7827 16.3239 44
      vertex -63.6588 16.3659 44
    endloop
  endfacet
  facet normal 0 0 1
    outer loop
      vertex -64.3914 15.5305 44
      vertex -69.329 14.6218 44
      vertex -69.2309 14.475 44
    endloop
  endfacet
  facet normal 0 0 1
    outer loop
      vertex -64.3659 15.6588 44
      vertex -69.4454 14.7546 44
      vertex -69.329 14.6218 44
    endloop
  endfacet
  facet normal 0 0 1
    outer loop
      vertex -64.266 15.9 44
      vertex -69.5782 14.871 44
      vertex -69.4454 14.7546 44
    endloop
  endfacet
  facet normal 0 0 1
    outer loop
      vertex -64.1933 16.0087 44
      vertex -71.4 18.4 44
      vertex -69.5782 14.871 44
    endloop
  endfacet
  facet normal 0 0 1
    outer loop
      vertex -69.5782 14.871 44
      vertex -71.4 18.4 44
      vertex -69.725 14.9691 44
    endloop
  endfacet
  facet normal 0 0 1
    outer loop
      vertex -69.725 14.9691 44
      vertex -71.4 18.4 44
      vertex -69.8834 15.0472 44
    endloop
  endfacet
  facet normal 0 0 1
    outer loop
      vertex -71.4 18.4 44
      vertex -63.6588 16.3659 44
      vertex -63.5305 16.3914 44
    endloop
  endfacet
  facet normal 0 0 1
    outer loop
      vertex -69.8834 15.0472 44
      vertex -71.4 18.4 44
      vertex -70.0506 15.104 44
    endloop
  endfacet
  facet normal 0 0 1
    outer loop
      vertex -70.0506 15.104 44
      vertex -71.4 18.4 44
      vertex -70.2238 15.1384 44
    endloop
  endfacet
  facet normal 0 0 1
    outer loop
      vertex -70.2238 15.1384 44
      vertex -71.4 18.4 44
      vertex -70.4 15.15 44
    endloop
  endfacet
  facet normal -0 0 1
    outer loop
      vertex -71.4 18.4 44
      vertex -63.4 16.4 44
      vertex 71.4 18.4 44
    endloop
  endfacet
  facet normal 0 0 1
    outer loop
      vertex -71.4 18.4 44
      vertex -63.5305 16.3914 44
      vertex -63.4 16.4 44
    endloop
  endfacet
  facet normal 0 0 1
    outer loop
      vertex -70.4 15.15 44
      vertex -71.4 18.4 44
      vertex -70.5762 15.1384 44
    endloop
  endfacet
  facet normal 0 0 1
    outer loop
      vertex -71.4 18.4 44
      vertex -70.7494 15.104 44
      vertex -70.5762 15.1384 44
    endloop
  endfacet
  facet normal 0 0 1
    outer loop
      vertex -71.4 18.4 44
      vertex -70.9166 15.0472 44
      vertex -70.7494 15.104 44
    endloop
  endfacet
  facet normal -0 0 1
    outer loop
      vertex -71.7916 18.3743 44
      vertex -70.9166 15.0472 44
      vertex -71.4 18.4 44
    endloop
  endfacet
  facet normal -0 0 1
    outer loop
      vertex -72.1764 18.2978 44
      vertex -70.9166 15.0472 44
      vertex -71.7916 18.3743 44
    endloop
  endfacet
  facet normal 0 0 1
    outer loop
      vertex -70.9166 15.0472 44
      vertex -72.1764 18.2978 44
      vertex -71.075 14.9691 44
    endloop
  endfacet
  facet normal -0 0 1
    outer loop
      vertex -72.548 18.1716 44
      vertex -71.075 14.9691 44
      vertex -72.1764 18.2978 44
    endloop
  endfacet
  facet normal -0 0 1
    outer loop
      vertex -72.9 17.9981 44
      vertex -71.075 14.9691 44
      vertex -72.548 18.1716 44
    endloop
  endfacet
  facet normal -0 0 1
    outer loop
      vertex -73.2263 17.78 44
      vertex -71.075 14.9691 44
      vertex -72.9 17.9981 44
    endloop
  endfacet
  facet normal 0 0 1
    outer loop
      vertex -71.075 14.9691 44
      vertex -73.2263 17.78 44
      vertex -71.2218 14.871 44
    endloop
  endfacet
  facet normal -0 0 1
    outer loop
      vertex -73.5213 17.5213 44
      vertex -71.2218 14.871 44
      vertex -73.2263 17.78 44
    endloop
  endfacet
  facet normal -0 0 1
    outer loop
      vertex -73.9981 16.9 44
      vertex -71.3546 14.7546 44
      vertex -73.78 17.2263 44
    endloop
  endfacet
  facet normal 0 0 1
    outer loop
      vertex -71.2218 14.871 44
      vertex -73.78 17.2263 44
      vertex -71.3546 14.7546 44
    endloop
  endfacet
  facet normal -0 0 1
    outer loop
      vertex -73.78 17.2263 44
      vertex -71.2218 14.871 44
      vertex -73.5213 17.5213 44
    endloop
  endfacet
  facet normal 0 0 1
    outer loop
      vertex 73.9981 -16.9 44
      vertex 71.3546 -14.7546 44
      vertex 73.78 -17.2263 44
    endloop
  endfacet
  facet normal -0 0 1
    outer loop
      vertex 71.2218 -14.871 44
      vertex 73.78 -17.2263 44
      vertex 71.3546 -14.7546 44
    endloop
  endfacet
  facet normal 0 0 1
    outer loop
      vertex 73.78 -17.2263 44
      vertex 71.2218 -14.871 44
      vertex 73.5213 -17.5213 44
    endloop
  endfacet
  facet normal 0 0 1
    outer loop
      vertex 73.5213 -17.5213 44
      vertex 71.2218 -14.871 44
      vertex 73.2263 -17.78 44
    endloop
  endfacet
  facet normal -0 0 1
    outer loop
      vertex 71.075 -14.9691 44
      vertex 73.2263 -17.78 44
      vertex 71.2218 -14.871 44
    endloop
  endfacet
  facet normal 0 0 1
    outer loop
      vertex 73.2263 -17.78 44
      vertex 71.075 -14.9691 44
      vertex 72.9 -17.9981 44
    endloop
  endfacet
  facet normal 0 0 1
    outer loop
      vertex 72.9 -17.9981 44
      vertex 71.075 -14.9691 44
      vertex 72.548 -18.1716 44
    endloop
  endfacet
  facet normal 0 0 1
    outer loop
      vertex 72.548 -18.1716 44
      vertex 71.075 -14.9691 44
      vertex 72.1764 -18.2978 44
    endloop
  endfacet
  facet normal -0 0 1
    outer loop
      vertex 70.9166 -15.0472 44
      vertex 72.1764 -18.2978 44
      vertex 71.075 -14.9691 44
    endloop
  endfacet
  facet normal 0 0 1
    outer loop
      vertex 72.1764 -18.2978 44
      vertex 70.9166 -15.0472 44
      vertex 71.7916 -18.3743 44
    endloop
  endfacet
  facet normal 0 0 1
    outer loop
      vertex 71.7916 -18.3743 44
      vertex 70.9166 -15.0472 44
      vertex 71.4 -18.4 44
    endloop
  endfacet
  facet normal -0 0 1
    outer loop
      vertex 70.7494 -15.104 44
      vertex 71.4 -18.4 44
      vertex 70.9166 -15.0472 44
    endloop
  endfacet
  facet normal -0 0 1
    outer loop
      vertex 70.5762 -15.1384 44
      vertex 71.4 -18.4 44
      vertex 70.7494 -15.104 44
    endloop
  endfacet
  facet normal -0 0 1
    outer loop
      vertex 70.4 -15.15 44
      vertex 71.4 -18.4 44
      vertex 70.5762 -15.1384 44
    endloop
  endfacet
  facet normal 0 0 1
    outer loop
      vertex 70.2238 -15.1384 44
      vertex 71.4 -18.4 44
      vertex 70.4 -15.15 44
    endloop
  endfacet
  facet normal 0 0 1
    outer loop
      vertex 70.0506 -15.104 44
      vertex 71.4 -18.4 44
      vertex 70.2238 -15.1384 44
    endloop
  endfacet
  facet normal 0 0 1
    outer loop
      vertex 69.8834 -15.0472 44
      vertex 71.4 -18.4 44
      vertex 70.0506 -15.104 44
    endloop
  endfacet
  facet normal 0 0 1
    outer loop
      vertex 69.725 -14.9691 44
      vertex 71.4 -18.4 44
      vertex 69.8834 -15.0472 44
    endloop
  endfacet
  facet normal 0 0 1
    outer loop
      vertex 69.5782 -14.871 44
      vertex 71.4 -18.4 44
      vertex 69.725 -14.9691 44
    endloop
  endfacet
  facet normal 0 0 1
    outer loop
      vertex 64.266 -15.9 44
      vertex 69.5782 -14.871 44
      vertex 69.4454 -14.7546 44
    endloop
  endfacet
  facet normal 0 0 1
    outer loop
      vertex 64.3659 -15.6588 44
      vertex 69.4454 -14.7546 44
      vertex 69.329 -14.6218 44
    endloop
  endfacet
  facet normal 0 0 1
    outer loop
      vertex 64.3914 -15.5305 44
      vertex 69.329 -14.6218 44
      vertex 69.2309 -14.475 44
    endloop
  endfacet
  facet normal 0 0 1
    outer loop
      vertex 69.0615 -13.6238 44
      vertex 64.4 -15.4 44
      vertex 69.05 -13.8 44
    endloop
  endfacet
  facet normal 0 0 1
    outer loop
      vertex 69.05 -13.8 44
      vertex 64.4 -15.4 44
      vertex 69.0615 -13.9762 44
    endloop
  endfacet
  facet normal 0 0 1
    outer loop
      vertex 64.4 -15.4 44
      vertex 69.096 -14.1494 44
      vertex 69.0615 -13.9762 44
    endloop
  endfacet
  facet normal 0 0 1
    outer loop
      vertex 64.4 -15.4 44
      vertex 69.1528 -14.3166 44
      vertex 69.096 -14.1494 44
    endloop
  endfacet
  facet normal 0 0 1
    outer loop
      vertex 64.4 -15.4 44
      vertex 69.2309 -14.475 44
      vertex 69.1528 -14.3166 44
    endloop
  endfacet
  facet normal 0 0 1
    outer loop
      vertex 64.3914 -15.5305 44
      vertex 69.2309 -14.475 44
      vertex 64.4 -15.4 44
    endloop
  endfacet
  facet normal 0 0 1
    outer loop
      vertex 69.329 -14.6218 44
      vertex 64.3914 -15.5305 44
      vertex 64.3659 -15.6588 44
    endloop
  endfacet
  facet normal 0 0 1
    outer loop
      vertex 69.4454 -14.7546 44
      vertex 64.3659 -15.6588 44
      vertex 64.3239 -15.7827 44
    endloop
  endfacet
  facet normal 0 0 1
    outer loop
      vertex 69.4454 -14.7546 44
      vertex 64.3239 -15.7827 44
      vertex 64.266 -15.9 44
    endloop
  endfacet
  facet normal 0 0 1
    outer loop
      vertex 64.1933 -16.0087 44
      vertex 69.5782 -14.871 44
      vertex 64.266 -15.9 44
    endloop
  endfacet
  facet normal 0 0 1
    outer loop
      vertex 69.5782 -14.871 44
      vertex 64.1933 -16.0087 44
      vertex 71.4 -18.4 44
    endloop
  endfacet
  facet normal -0 0 1
    outer loop
      vertex 64.1071 -16.1071 44
      vertex 71.4 -18.4 44
      vertex 64.1933 -16.0087 44
    endloop
  endfacet
  facet normal -0 0 1
    outer loop
      vertex 64.0087 -16.1933 44
      vertex 71.4 -18.4 44
      vertex 64.1071 -16.1071 44
    endloop
  endfacet
  facet normal -0 0 1
    outer loop
      vertex 63.9 -16.266 44
      vertex 71.4 -18.4 44
      vertex 64.0087 -16.1933 44
    endloop
  endfacet
  facet normal -0 0 1
    outer loop
      vertex 63.7827 -16.3239 44
      vertex 71.4 -18.4 44
      vertex 63.9 -16.266 44
    endloop
  endfacet
  facet normal -0 0 1
    outer loop
      vertex 63.6588 -16.3659 44
      vertex 71.4 -18.4 44
      vertex 63.7827 -16.3239 44
    endloop
  endfacet
  facet normal -0 0 1
    outer loop
      vertex 63.5305 -16.3914 44
      vertex 71.4 -18.4 44
      vertex 63.6588 -16.3659 44
    endloop
  endfacet
  facet normal -0 0 1
    outer loop
      vertex 63.4 -16.4 44
      vertex 71.4 -18.4 44
      vertex 63.5305 -16.3914 44
    endloop
  endfacet
  facet normal -0 0 1
    outer loop
      vertex -63.4 -16.4 44
      vertex 71.4 -18.4 44
      vertex 63.4 -16.4 44
    endloop
  endfacet
  facet normal 0 0 1
    outer loop
      vertex -69.096 13.4506 44
      vertex -64.4 15.4 44
      vertex -69.0615 13.6238 44
    endloop
  endfacet
  facet normal -0 0 1
    outer loop
      vertex -69.0615 -13.9762 44
      vertex -64.4 -15.4 44
      vertex -69.05 -13.8 44
    endloop
  endfacet
  facet normal -0 0 1
    outer loop
      vertex -69.096 -14.1494 44
      vertex -64.4 -15.4 44
      vertex -69.0615 -13.9762 44
    endloop
  endfacet
  facet normal -0 0 1
    outer loop
      vertex -69.1528 -14.3166 44
      vertex -64.4 -15.4 44
      vertex -69.096 -14.1494 44
    endloop
  endfacet
  facet normal -0 0 1
    outer loop
      vertex -69.2309 -14.475 44
      vertex -64.4 -15.4 44
      vertex -69.1528 -14.3166 44
    endloop
  endfacet
  facet normal 0 0 1
    outer loop
      vertex -64.4 -15.4 44
      vertex -69.2309 -14.475 44
      vertex -64.3914 -15.5305 44
    endloop
  endfacet
  facet normal -0 0 1
    outer loop
      vertex -69.329 -14.6218 44
      vertex -64.3914 -15.5305 44
      vertex -69.2309 -14.475 44
    endloop
  endfacet
  facet normal 0 0 1
    outer loop
      vertex -64.3914 -15.5305 44
      vertex -69.329 -14.6218 44
      vertex -64.3659 -15.6588 44
    endloop
  endfacet
  facet normal -0 0 1
    outer loop
      vertex -69.4454 -14.7546 44
      vertex -64.3659 -15.6588 44
      vertex -69.329 -14.6218 44
    endloop
  endfacet
  facet normal 0 0 1
    outer loop
      vertex -64.3659 -15.6588 44
      vertex -69.4454 -14.7546 44
      vertex -64.3239 -15.7827 44
    endloop
  endfacet
  facet normal 0 0 1
    outer loop
      vertex -64.3239 -15.7827 44
      vertex -69.4454 -14.7546 44
      vertex -64.266 -15.9 44
    endloop
  endfacet
  facet normal -0 0 1
    outer loop
      vertex -69.5782 -14.871 44
      vertex -64.266 -15.9 44
      vertex -69.4454 -14.7546 44
    endloop
  endfacet
  facet normal 0 0 1
    outer loop
      vertex -64.266 -15.9 44
      vertex -69.5782 -14.871 44
      vertex -64.1933 -16.0087 44
    endloop
  endfacet
  facet normal 0 0 1
    outer loop
      vertex -71.4 -18.4 44
      vertex -64.1933 -16.0087 44
      vertex -69.5782 -14.871 44
    endloop
  endfacet
  facet normal 0 0 1
    outer loop
      vertex -64.1933 -16.0087 44
      vertex -71.4 -18.4 44
      vertex -64.1071 -16.1071 44
    endloop
  endfacet
  facet normal 0 0 1
    outer loop
      vertex -64.1071 -16.1071 44
      vertex -71.4 -18.4 44
      vertex -64.0087 -16.1933 44
    endloop
  endfacet
  facet normal 0 0 1
    outer loop
      vertex -64.0087 -16.1933 44
      vertex -71.4 -18.4 44
      vertex -63.9 -16.266 44
    endloop
  endfacet
  facet normal 0 0 1
    outer loop
      vertex -63.9 -16.266 44
      vertex -71.4 -18.4 44
      vertex -63.7827 -16.3239 44
    endloop
  endfacet
  facet normal 0 0 1
    outer loop
      vertex -71.4 -18.4 44
      vertex -69.5782 -14.871 44
      vertex -69.725 -14.9691 44
    endloop
  endfacet
  facet normal 0 0 1
    outer loop
      vertex -71.4 -18.4 44
      vertex -69.725 -14.9691 44
      vertex -69.8834 -15.0472 44
    endloop
  endfacet
  facet normal 0 0 1
    outer loop
      vertex -71.4 -18.4 44
      vertex -69.8834 -15.0472 44
      vertex -70.0506 -15.104 44
    endloop
  endfacet
  facet normal 0 0 1
    outer loop
      vertex -63.7827 -16.3239 44
      vertex -71.4 -18.4 44
      vertex -63.6588 -16.3659 44
    endloop
  endfacet
  facet normal 0 0 1
    outer loop
      vertex -71.4 -18.4 44
      vertex -70.0506 -15.104 44
      vertex -70.2238 -15.1384 44
    endloop
  endfacet
  facet normal 0 0 1
    outer loop
      vertex -71.4 -18.4 44
      vertex -70.2238 -15.1384 44
      vertex -70.4 -15.15 44
    endloop
  endfacet
  facet normal 0 0 1
    outer loop
      vertex -71.4 -18.4 44
      vertex -70.4 -15.15 44
      vertex -70.5762 -15.1384 44
    endloop
  endfacet
  facet normal 0 0 1
    outer loop
      vertex -63.4 -16.4 44
      vertex -71.4 -18.4 44
      vertex 71.4 -18.4 44
    endloop
  endfacet
  facet normal 0 0 1
    outer loop
      vertex -63.5305 -16.3914 44
      vertex -71.4 -18.4 44
      vertex -63.4 -16.4 44
    endloop
  endfacet
  facet normal 0 0 1
    outer loop
      vertex -63.6588 -16.3659 44
      vertex -71.4 -18.4 44
      vertex -63.5305 -16.3914 44
    endloop
  endfacet
  facet normal 0 0 1
    outer loop
      vertex -70.7494 -15.104 44
      vertex -71.4 -18.4 44
      vertex -70.5762 -15.1384 44
    endloop
  endfacet
  facet normal 0 0 1
    outer loop
      vertex -70.9166 -15.0472 44
      vertex -71.4 -18.4 44
      vertex -70.7494 -15.104 44
    endloop
  endfacet
  facet normal 0 0 1
    outer loop
      vertex -72.1764 -18.2978 44
      vertex -70.9166 -15.0472 44
      vertex -71.075 -14.9691 44
    endloop
  endfacet
  facet normal 0 0 1
    outer loop
      vertex -73.2263 -17.78 44
      vertex -71.075 -14.9691 44
      vertex -71.2218 -14.871 44
    endloop
  endfacet
  facet normal 0 0 1
    outer loop
      vertex -73.78 -17.2263 44
      vertex -71.2218 -14.871 44
      vertex -71.3546 -14.7546 44
    endloop
  endfacet
  facet normal 0 0 1
    outer loop
      vertex -74.2978 -16.1764 44
      vertex -71.3546 -14.7546 44
      vertex -71.471 -14.6218 44
    endloop
  endfacet
  facet normal 0 0 1
    outer loop
      vertex -74.4 -15.4 44
      vertex -71.471 -14.6218 44
      vertex -71.5691 -14.475 44
    endloop
  endfacet
  facet normal 0 0 1
    outer loop
      vertex -74.4 -15.4 44
      vertex -71.5691 -14.475 44
      vertex -71.6472 -14.3166 44
    endloop
  endfacet
  facet normal 0 0 1
    outer loop
      vertex -74.4 -15.4 44
      vertex -71.6472 -14.3166 44
      vertex -71.704 -14.1494 44
    endloop
  endfacet
  facet normal 0 0 1
    outer loop
      vertex -74.4 -15.4 44
      vertex -71.704 -14.1494 44
      vertex -71.7384 -13.9762 44
    endloop
  endfacet
  facet normal 0 0 1
    outer loop
      vertex -70.9166 -15.0472 44
      vertex -71.7916 -18.3743 44
      vertex -71.4 -18.4 44
    endloop
  endfacet
  facet normal 0 0 1
    outer loop
      vertex -74.4 -15.4 44
      vertex -71.7384 -13.9762 44
      vertex -71.75 -13.8 44
    endloop
  endfacet
  facet normal 0 0 1
    outer loop
      vertex -71.704 -13.4506 44
      vertex -74.4 -15.4 44
      vertex -71.7384 -13.6238 44
    endloop
  endfacet
  facet normal -0 0 1
    outer loop
      vertex -74.1716 16.548 44
      vertex -71.3546 14.7546 44
      vertex -73.9981 16.9 44
    endloop
  endfacet
  facet normal 0 0 1
    outer loop
      vertex -71.7384 -13.6238 44
      vertex -74.4 -15.4 44
      vertex -71.75 -13.8 44
    endloop
  endfacet
  facet normal -0 0 1
    outer loop
      vertex -74.2978 16.1764 44
      vertex -71.3546 14.7546 44
      vertex -74.1716 16.548 44
    endloop
  endfacet
  facet normal 0 0 1
    outer loop
      vertex -71.471 -14.6218 44
      vertex -74.4 -15.4 44
      vertex -74.3743 -15.7916 44
    endloop
  endfacet
  facet normal 0 0 1
    outer loop
      vertex -71.3546 14.7546 44
      vertex -74.2978 16.1764 44
      vertex -71.471 14.6218 44
    endloop
  endfacet
  facet normal 0 0 1
    outer loop
      vertex -70.9166 -15.0472 44
      vertex -72.1764 -18.2978 44
      vertex -71.7916 -18.3743 44
    endloop
  endfacet
  facet normal -0 0 1
    outer loop
      vertex -74.3743 15.7916 44
      vertex -71.471 14.6218 44
      vertex -74.2978 16.1764 44
    endloop
  endfacet
  facet normal 0 0 1
    outer loop
      vertex -71.075 -14.9691 44
      vertex -72.548 -18.1716 44
      vertex -72.1764 -18.2978 44
    endloop
  endfacet
  facet normal -0 0 1
    outer loop
      vertex -74.4 15.4 44
      vertex -71.471 14.6218 44
      vertex -74.3743 15.7916 44
    endloop
  endfacet
  facet normal 0 0 1
    outer loop
      vertex -71.075 -14.9691 44
      vertex -72.9 -17.9981 44
      vertex -72.548 -18.1716 44
    endloop
  endfacet
  facet normal 0 0 1
    outer loop
      vertex -71.471 14.6218 44
      vertex -74.4 15.4 44
      vertex -71.5691 14.475 44
    endloop
  endfacet
  facet normal 0 0 1
    outer loop
      vertex -71.075 -14.9691 44
      vertex -73.2263 -17.78 44
      vertex -72.9 -17.9981 44
    endloop
  endfacet
  facet normal 0 0 1
    outer loop
      vertex -71.5691 14.475 44
      vertex -74.4 15.4 44
      vertex -71.6472 14.3166 44
    endloop
  endfacet
  facet normal 0 0 1
    outer loop
      vertex -71.2218 -14.871 44
      vertex -73.5213 -17.5213 44
      vertex -73.2263 -17.78 44
    endloop
  endfacet
  facet normal 0 0 1
    outer loop
      vertex -71.6472 14.3166 44
      vertex -74.4 15.4 44
      vertex -71.704 14.1494 44
    endloop
  endfacet
  facet normal 0 0 1
    outer loop
      vertex -71.2218 -14.871 44
      vertex -73.78 -17.2263 44
      vertex -73.5213 -17.5213 44
    endloop
  endfacet
  facet normal 0 0 1
    outer loop
      vertex -71.704 14.1494 44
      vertex -74.4 15.4 44
      vertex -71.7384 13.9762 44
    endloop
  endfacet
  facet normal 0 0 1
    outer loop
      vertex -71.3546 -14.7546 44
      vertex -73.9981 -16.9 44
      vertex -73.78 -17.2263 44
    endloop
  endfacet
  facet normal 0 0 1
    outer loop
      vertex -71.7384 13.9762 44
      vertex -74.4 15.4 44
      vertex -71.75 13.8 44
    endloop
  endfacet
  facet normal 0 0 1
    outer loop
      vertex -71.3546 -14.7546 44
      vertex -74.1716 -16.548 44
      vertex -73.9981 -16.9 44
    endloop
  endfacet
  facet normal 0 0 1
    outer loop
      vertex -71.3546 -14.7546 44
      vertex -74.2978 -16.1764 44
      vertex -74.1716 -16.548 44
    endloop
  endfacet
  facet normal 0 0 1
    outer loop
      vertex -71.471 -14.6218 44
      vertex -74.3743 -15.7916 44
      vertex -74.2978 -16.1764 44
    endloop
  endfacet
  facet normal -0.997853 0.0654873 0
    outer loop
      vertex -74.4 15.4 0
      vertex -74.3743 15.7916 44
      vertex -74.3743 15.7916 0
    endloop
  endfacet
  facet normal -0.997853 0.0654873 0
    outer loop
      vertex -74.3743 15.7916 44
      vertex -74.4 15.4 0
      vertex -74.4 15.4 44
    endloop
  endfacet
  facet normal 0.947066 -0.321039 0
    outer loop
      vertex -64.3659 15.6588 44
      vertex -64.3239 15.7827 2
      vertex -64.3239 15.7827 44
    endloop
  endfacet
  facet normal 0.947066 -0.321039 0
    outer loop
      vertex -64.3239 15.7827 2
      vertex -64.3659 15.6588 44
      vertex -64.3659 15.6588 2
    endloop
  endfacet
  facet normal -0.947066 -0.321039 0
    outer loop
      vertex 64.3659 15.6588 2
      vertex 64.3239 15.7827 44
      vertex 64.3239 15.7827 2
    endloop
  endfacet
  facet normal -0.947066 -0.321039 0
    outer loop
      vertex 64.3239 15.7827 44
      vertex 64.3659 15.6588 2
      vertex 64.3659 15.6588 44
    endloop
  endfacet
  facet normal 0.831226 0.555935 0
    outer loop
      vertex -64.1933 -16.0087 44
      vertex -64.266 -15.9 2
      vertex -64.266 -15.9 44
    endloop
  endfacet
  facet normal 0.831226 0.555935 0
    outer loop
      vertex -64.266 -15.9 2
      vertex -64.1933 -16.0087 44
      vertex -64.1933 -16.0087 2
    endloop
  endfacet
  facet normal 1 0 0
    outer loop
      vertex -64.4 5 23.5
      vertex -64.4 15.4 44
      vertex -64.4 5 32.5
    endloop
  endfacet
  facet normal 1 0 0
    outer loop
      vertex -64.4 15.4 44
      vertex -64.4 -5 32.5
      vertex -64.4 5 32.5
    endloop
  endfacet
  facet normal 1 0 0
    outer loop
      vertex -64.4 -5 32.5
      vertex -64.4 -15.4 44
      vertex -64.4 -5 23.5
    endloop
  endfacet
  facet normal 1 -0 0
    outer loop
      vertex -64.4 -15.4 44
      vertex -64.4 -5 32.5
      vertex -64.4 15.4 44
    endloop
  endfacet
  facet normal 1 0 0
    outer loop
      vertex -64.4 15.4 44
      vertex -64.4 5 23.5
      vertex -64.4 15.4 2
    endloop
  endfacet
  facet normal 1 -0 0
    outer loop
      vertex -64.4 -5 23.5
      vertex -64.4 15.4 2
      vertex -64.4 5 23.5
    endloop
  endfacet
  facet normal 1 0 0
    outer loop
      vertex -64.4 -5 23.5
      vertex -64.4 -15.4 2
      vertex -64.4 15.4 2
    endloop
  endfacet
  facet normal 1 0 0
    outer loop
      vertex -64.4 -15.4 2
      vertex -64.4 -5 23.5
      vertex -64.4 -15.4 44
    endloop
  endfacet
  facet normal 0 1 0
    outer loop
      vertex 63.4 -16.4 44
      vertex 5 -16.4 31
      vertex -63.4 -16.4 44
    endloop
  endfacet
  facet normal 0 1 0
    outer loop
      vertex 63.4 -16.4 44
      vertex 5 -16.4 25
      vertex 5 -16.4 31
    endloop
  endfacet
  facet normal 0 1 0
    outer loop
      vertex 5 -16.4 25
      vertex 63.4 -16.4 2
      vertex -5 -16.4 25
    endloop
  endfacet
  facet normal 0 1 -0
    outer loop
      vertex 63.4 -16.4 2
      vertex 5 -16.4 25
      vertex 63.4 -16.4 44
    endloop
  endfacet
  facet normal 0 1 -0
    outer loop
      vertex -5 -16.4 31
      vertex -63.4 -16.4 44
      vertex 5 -16.4 31
    endloop
  endfacet
  facet normal 0 1 -0
    outer loop
      vertex -5 -16.4 25
      vertex -63.4 -16.4 44
      vertex -5 -16.4 31
    endloop
  endfacet
  facet normal 0 1 0
    outer loop
      vertex -63.4 -16.4 2
      vertex -5 -16.4 25
      vertex 63.4 -16.4 2
    endloop
  endfacet
  facet normal 0 1 0
    outer loop
      vertex -5 -16.4 25
      vertex -63.4 -16.4 2
      vertex -63.4 -16.4 44
    endloop
  endfacet
  facet normal 0.321039 -0.947066 0
    outer loop
      vertex -63.7827 16.3239 2
      vertex -63.6588 16.3659 44
      vertex -63.7827 16.3239 44
    endloop
  endfacet
  facet normal 0.321039 -0.947066 0
    outer loop
      vertex -63.6588 16.3659 44
      vertex -63.7827 16.3239 2
      vertex -63.6588 16.3659 2
    endloop
  endfacet
  facet normal -0.0657577 0.997836 0
    outer loop
      vertex 63.5305 -16.3914 2
      vertex 63.4 -16.4 44
      vertex 63.5305 -16.3914 44
    endloop
  endfacet
  facet normal -0.0657577 0.997836 0
    outer loop
      vertex 63.4 -16.4 44
      vertex 63.5305 -16.3914 2
      vertex 63.4 -16.4 2
    endloop
  endfacet
  facet normal 0.997836 0.0657577 0
    outer loop
      vertex -64.3914 -15.5305 44
      vertex -64.4 -15.4 2
      vertex -64.4 -15.4 44
    endloop
  endfacet
  facet normal 0.997836 0.0657577 0
    outer loop
      vertex -64.4 -15.4 2
      vertex -64.3914 -15.5305 44
      vertex -64.3914 -15.5305 2
    endloop
  endfacet
  facet normal -0.19494 0.980815 0
    outer loop
      vertex 63.6588 -16.3659 2
      vertex 63.5305 -16.3914 44
      vertex 63.6588 -16.3659 44
    endloop
  endfacet
  facet normal -0.19494 0.980815 0
    outer loop
      vertex 63.5305 -16.3914 44
      vertex 63.6588 -16.3659 2
      vertex 63.5305 -16.3914 2
    endloop
  endfacet
  facet normal -0.442621 -0.896709 0
    outer loop
      vertex 63.7827 16.3239 2
      vertex 63.9 16.266 44
      vertex 63.7827 16.3239 44
    endloop
  endfacet
  facet normal -0.442621 -0.896709 -0
    outer loop
      vertex 63.9 16.266 44
      vertex 63.7827 16.3239 2
      vertex 63.9 16.266 2
    endloop
  endfacet
  facet normal -0.19494 -0.980815 0
    outer loop
      vertex 63.5305 16.3914 2
      vertex 63.6588 16.3659 44
      vertex 63.5305 16.3914 44
    endloop
  endfacet
  facet normal -0.19494 -0.980815 -0
    outer loop
      vertex 63.6588 16.3659 44
      vertex 63.5305 16.3914 2
      vertex 63.6588 16.3659 2
    endloop
  endfacet
  facet normal -0.0657577 -0.997836 0
    outer loop
      vertex 63.4 16.4 2
      vertex 63.5305 16.3914 44
      vertex 63.4 16.4 44
    endloop
  endfacet
  facet normal -0.0657577 -0.997836 -0
    outer loop
      vertex 63.5305 16.3914 44
      vertex 63.4 16.4 2
      vertex 63.5305 16.3914 2
    endloop
  endfacet
  facet normal -1 0 0
    outer loop
      vertex 64.4 15.4 2
      vertex 64.4 5 23.5
      vertex 64.4 15.4 44
    endloop
  endfacet
  facet normal -1 0 0
    outer loop
      vertex 64.4 15.4 2
      vertex 64.4 -5 23.5
      vertex 64.4 5 23.5
    endloop
  endfacet
  facet normal -1 0 0
    outer loop
      vertex 64.4 -15.4 44
      vertex 64.4 -5 23.5
      vertex 64.4 -15.4 2
    endloop
  endfacet
  facet normal -1 0 0
    outer loop
      vertex 64.4 -15.4 2
      vertex 64.4 -5 23.5
      vertex 64.4 15.4 2
    endloop
  endfacet
  facet normal -1 0 0
    outer loop
      vertex 64.4 5 32.5
      vertex 64.4 15.4 44
      vertex 64.4 5 23.5
    endloop
  endfacet
  facet normal -1 0 0
    outer loop
      vertex 64.4 -5 32.5
      vertex 64.4 15.4 44
      vertex 64.4 5 32.5
    endloop
  endfacet
  facet normal -1 0 0
    outer loop
      vertex 64.4 -5 32.5
      vertex 64.4 -15.4 44
      vertex 64.4 15.4 44
    endloop
  endfacet
  facet normal -1 0 0
    outer loop
      vertex 64.4 -5 23.5
      vertex 64.4 -15.4 44
      vertex 64.4 -5 32.5
    endloop
  endfacet
  facet normal -0.997836 -0.0657577 0
    outer loop
      vertex 64.4 15.4 2
      vertex 64.3914 15.5305 44
      vertex 64.3914 15.5305 2
    endloop
  endfacet
  facet normal -0.997836 -0.0657577 0
    outer loop
      vertex 64.3914 15.5305 44
      vertex 64.4 15.4 2
      vertex 64.4 15.4 44
    endloop
  endfacet
  facet normal -0.980815 -0.19494 0
    outer loop
      vertex 64.3914 15.5305 2
      vertex 64.3659 15.6588 44
      vertex 64.3659 15.6588 2
    endloop
  endfacet
  facet normal -0.980815 -0.19494 0
    outer loop
      vertex 64.3659 15.6588 44
      vertex 64.3914 15.5305 2
      vertex 64.3914 15.5305 44
    endloop
  endfacet
  facet normal 0 -1 0
    outer loop
      vertex -63.4 16.4 2
      vertex 63.4 16.4 44
      vertex -63.4 16.4 44
    endloop
  endfacet
  facet normal 0 -1 -0
    outer loop
      vertex 63.4 16.4 44
      vertex -63.4 16.4 2
      vertex 63.4 16.4 2
    endloop
  endfacet
  facet normal 0.896709 0.442621 0
    outer loop
      vertex -64.266 -15.9 44
      vertex -64.3239 -15.7827 2
      vertex -64.3239 -15.7827 44
    endloop
  endfacet
  facet normal 0.896709 0.442621 0
    outer loop
      vertex -64.3239 -15.7827 2
      vertex -64.266 -15.9 44
      vertex -64.266 -15.9 2
    endloop
  endfacet
  facet normal 0.442621 -0.896709 0
    outer loop
      vertex -63.9 16.266 2
      vertex -63.7827 16.3239 44
      vertex -63.9 16.266 44
    endloop
  endfacet
  facet normal 0.442621 -0.896709 0
    outer loop
      vertex -63.7827 16.3239 44
      vertex -63.9 16.266 2
      vertex -63.7827 16.3239 2
    endloop
  endfacet
  facet normal 0.19494 0.980815 -0
    outer loop
      vertex -63.5305 -16.3914 2
      vertex -63.6588 -16.3659 44
      vertex -63.5305 -16.3914 44
    endloop
  endfacet
  facet normal 0.19494 0.980815 0
    outer loop
      vertex -63.6588 -16.3659 44
      vertex -63.5305 -16.3914 2
      vertex -63.6588 -16.3659 2
    endloop
  endfacet
  facet normal -0.896709 0.442621 0
    outer loop
      vertex 64.266 -15.9 2
      vertex 64.3239 -15.7827 44
      vertex 64.3239 -15.7827 2
    endloop
  endfacet
  facet normal -0.896709 0.442621 0
    outer loop
      vertex 64.3239 -15.7827 44
      vertex 64.266 -15.9 2
      vertex 64.266 -15.9 44
    endloop
  endfacet
  facet normal -0 0 1
    outer loop
      vertex -63.45 -11.45 2
      vertex -60.55 -12.55 2
      vertex -60.55 -11.45 2
    endloop
  endfacet
  facet normal 0 0 1
    outer loop
      vertex -60.55 -12.55 2
      vertex -63.45 -11.45 2
      vertex -63.45 -12.55 2
    endloop
  endfacet
  facet normal -0 0 1
    outer loop
      vertex -63.45 -7.45 2
      vertex -60.55 -8.55 2
      vertex -60.55 -7.45 2
    endloop
  endfacet
  facet normal 0 0 1
    outer loop
      vertex -60.55 -8.55 2
      vertex -63.45 -7.45 2
      vertex -63.45 -8.55 2
    endloop
  endfacet
  facet normal -0 0 1
    outer loop
      vertex -63.45 -3.45 2
      vertex -60.55 -4.55 2
      vertex -60.55 -3.45 2
    endloop
  endfacet
  facet normal 0 0 1
    outer loop
      vertex -60.55 -4.55 2
      vertex -63.45 -3.45 2
      vertex -63.45 -4.55 2
    endloop
  endfacet
  facet normal -0 0 1
    outer loop
      vertex -63.45 0.549999 2
      vertex -60.55 -0.549999 2
      vertex -60.55 0.549999 2
    endloop
  endfacet
  facet normal 0 0 1
    outer loop
      vertex -60.55 -0.549999 2
      vertex -63.45 0.549999 2
      vertex -63.45 -0.549999 2
    endloop
  endfacet
  facet normal -0 0 1
    outer loop
      vertex -63.45 4.55 2
      vertex -60.55 3.45 2
      vertex -60.55 4.55 2
    endloop
  endfacet
  facet normal 0 0 1
    outer loop
      vertex -60.55 3.45 2
      vertex -63.45 4.55 2
      vertex -63.45 3.45 2
    endloop
  endfacet
  facet normal -0 0 1
    outer loop
      vertex -63.45 8.55 2
      vertex -60.55 7.45 2
      vertex -60.55 8.55 2
    endloop
  endfacet
  facet normal 0 0 1
    outer loop
      vertex -60.55 7.45 2
      vertex -63.45 8.55 2
      vertex -63.45 7.45 2
    endloop
  endfacet
  facet normal -0 0 1
    outer loop
      vertex -63.45 12.55 2
      vertex -60.55 11.45 2
      vertex -60.55 12.55 2
    endloop
  endfacet
  facet normal 0 0 1
    outer loop
      vertex -60.55 11.45 2
      vertex -63.45 12.55 2
      vertex -63.45 11.45 2
    endloop
  endfacet
  facet normal -0 0 1
    outer loop
      vertex -59.45 -11.45 2
      vertex -56.55 -12.55 2
      vertex -56.55 -11.45 2
    endloop
  endfacet
  facet normal 0 0 1
    outer loop
      vertex -56.55 -12.55 2
      vertex -59.45 -11.45 2
      vertex -59.45 -12.55 2
    endloop
  endfacet
  facet normal -0 0 1
    outer loop
      vertex -59.45 -7.45 2
      vertex -56.55 -8.55 2
      vertex -56.55 -7.45 2
    endloop
  endfacet
  facet normal 0 0 1
    outer loop
      vertex -56.55 -8.55 2
      vertex -59.45 -7.45 2
      vertex -59.45 -8.55 2
    endloop
  endfacet
  facet normal -0 0 1
    outer loop
      vertex -59.45 -3.45 2
      vertex -56.55 -4.55 2
      vertex -56.55 -3.45 2
    endloop
  endfacet
  facet normal 0 0 1
    outer loop
      vertex -56.55 -4.55 2
      vertex -59.45 -3.45 2
      vertex -59.45 -4.55 2
    endloop
  endfacet
  facet normal -0 0 1
    outer loop
      vertex -59.45 0.549999 2
      vertex -56.55 -0.549999 2
      vertex -56.55 0.549999 2
    endloop
  endfacet
  facet normal 0 0 1
    outer loop
      vertex -56.55 -0.549999 2
      vertex -59.45 0.549999 2
      vertex -59.45 -0.549999 2
    endloop
  endfacet
  facet normal -0 0 1
    outer loop
      vertex -59.45 4.55 2
      vertex -56.55 3.45 2
      vertex -56.55 4.55 2
    endloop
  endfacet
  facet normal 0 0 1
    outer loop
      vertex -56.55 3.45 2
      vertex -59.45 4.55 2
      vertex -59.45 3.45 2
    endloop
  endfacet
  facet normal -0 0 1
    outer loop
      vertex -59.45 8.55 2
      vertex -56.55 7.45 2
      vertex -56.55 8.55 2
    endloop
  endfacet
  facet normal 0 0 1
    outer loop
      vertex -56.55 7.45 2
      vertex -59.45 8.55 2
      vertex -59.45 7.45 2
    endloop
  endfacet
  facet normal -0 0 1
    outer loop
      vertex -59.45 12.55 2
      vertex -56.55 11.45 2
      vertex -56.55 12.55 2
    endloop
  endfacet
  facet normal 0 0 1
    outer loop
      vertex -56.55 11.45 2
      vertex -59.45 12.55 2
      vertex -59.45 11.45 2
    endloop
  endfacet
  facet normal -0 0 1
    outer loop
      vertex -55.45 -11.45 2
      vertex -52.55 -12.55 2
      vertex -52.55 -11.45 2
    endloop
  endfacet
  facet normal 0 0 1
    outer loop
      vertex -52.55 -12.55 2
      vertex -55.45 -11.45 2
      vertex -55.45 -12.55 2
    endloop
  endfacet
  facet normal -0 0 1
    outer loop
      vertex -55.45 -7.45 2
      vertex -52.55 -8.55 2
      vertex -52.55 -7.45 2
    endloop
  endfacet
  facet normal 0 0 1
    outer loop
      vertex -52.55 -8.55 2
      vertex -55.45 -7.45 2
      vertex -55.45 -8.55 2
    endloop
  endfacet
  facet normal -0 0 1
    outer loop
      vertex -55.45 -3.45 2
      vertex -52.55 -4.55 2
      vertex -52.55 -3.45 2
    endloop
  endfacet
  facet normal 0 0 1
    outer loop
      vertex -52.55 -4.55 2
      vertex -55.45 -3.45 2
      vertex -55.45 -4.55 2
    endloop
  endfacet
  facet normal -0 0 1
    outer loop
      vertex -55.45 0.549999 2
      vertex -52.55 -0.549999 2
      vertex -52.55 0.549999 2
    endloop
  endfacet
  facet normal 0 0 1
    outer loop
      vertex -52.55 -0.549999 2
      vertex -55.45 0.549999 2
      vertex -55.45 -0.549999 2
    endloop
  endfacet
  facet normal -0 0 1
    outer loop
      vertex -55.45 4.55 2
      vertex -52.55 3.45 2
      vertex -52.55 4.55 2
    endloop
  endfacet
  facet normal 0 0 1
    outer loop
      vertex -52.55 3.45 2
      vertex -55.45 4.55 2
      vertex -55.45 3.45 2
    endloop
  endfacet
  facet normal -0 0 1
    outer loop
      vertex -55.45 8.55 2
      vertex -52.55 7.45 2
      vertex -52.55 8.55 2
    endloop
  endfacet
  facet normal 0 0 1
    outer loop
      vertex -52.55 7.45 2
      vertex -55.45 8.55 2
      vertex -55.45 7.45 2
    endloop
  endfacet
  facet normal -0 0 1
    outer loop
      vertex -55.45 12.55 2
      vertex -52.55 11.45 2
      vertex -52.55 12.55 2
    endloop
  endfacet
  facet normal 0 0 1
    outer loop
      vertex -52.55 11.45 2
      vertex -55.45 12.55 2
      vertex -55.45 11.45 2
    endloop
  endfacet
  facet normal -0 0 1
    outer loop
      vertex -51.45 -11.45 2
      vertex -48.55 -12.55 2
      vertex -48.55 -11.45 2
    endloop
  endfacet
  facet normal 0 0 1
    outer loop
      vertex -48.55 -12.55 2
      vertex -51.45 -11.45 2
      vertex -51.45 -12.55 2
    endloop
  endfacet
  facet normal -0 0 1
    outer loop
      vertex -51.45 -7.45 2
      vertex -48.55 -8.55 2
      vertex -48.55 -7.45 2
    endloop
  endfacet
  facet normal 0 0 1
    outer loop
      vertex -48.55 -8.55 2
      vertex -51.45 -7.45 2
      vertex -51.45 -8.55 2
    endloop
  endfacet
  facet normal -0 0 1
    outer loop
      vertex -51.45 -3.45 2
      vertex -48.55 -4.55 2
      vertex -48.55 -3.45 2
    endloop
  endfacet
  facet normal 0 0 1
    outer loop
      vertex -48.55 -4.55 2
      vertex -51.45 -3.45 2
      vertex -51.45 -4.55 2
    endloop
  endfacet
  facet normal -0 0 1
    outer loop
      vertex -51.45 0.549999 2
      vertex -48.55 -0.549999 2
      vertex -48.55 0.549999 2
    endloop
  endfacet
  facet normal 0 0 1
    outer loop
      vertex -48.55 -0.549999 2
      vertex -51.45 0.549999 2
      vertex -51.45 -0.549999 2
    endloop
  endfacet
  facet normal -0 0 1
    outer loop
      vertex -51.45 4.55 2
      vertex -48.55 3.45 2
      vertex -48.55 4.55 2
    endloop
  endfacet
  facet normal 0 0 1
    outer loop
      vertex -48.55 3.45 2
      vertex -51.45 4.55 2
      vertex -51.45 3.45 2
    endloop
  endfacet
  facet normal -0 0 1
    outer loop
      vertex -51.45 8.55 2
      vertex -48.55 7.45 2
      vertex -48.55 8.55 2
    endloop
  endfacet
  facet normal 0 0 1
    outer loop
      vertex -48.55 7.45 2
      vertex -51.45 8.55 2
      vertex -51.45 7.45 2
    endloop
  endfacet
  facet normal -0 0 1
    outer loop
      vertex -51.45 12.55 2
      vertex -48.55 11.45 2
      vertex -48.55 12.55 2
    endloop
  endfacet
  facet normal 0 0 1
    outer loop
      vertex -48.55 11.45 2
      vertex -51.45 12.55 2
      vertex -51.45 11.45 2
    endloop
  endfacet
  facet normal -0 0 1
    outer loop
      vertex -47.45 -11.45 2
      vertex -44.55 -12.55 2
      vertex -44.55 -11.45 2
    endloop
  endfacet
  facet normal 0 0 1
    outer loop
      vertex -44.55 -12.55 2
      vertex -47.45 -11.45 2
      vertex -47.45 -12.55 2
    endloop
  endfacet
  facet normal -0 0 1
    outer loop
      vertex -47.45 -7.45 2
      vertex -44.55 -8.55 2
      vertex -44.55 -7.45 2
    endloop
  endfacet
  facet normal 0 0 1
    outer loop
      vertex -44.55 -8.55 2
      vertex -47.45 -7.45 2
      vertex -47.45 -8.55 2
    endloop
  endfacet
  facet normal -0 0 1
    outer loop
      vertex -47.45 -3.45 2
      vertex -44.55 -4.55 2
      vertex -44.55 -3.45 2
    endloop
  endfacet
  facet normal 0 0 1
    outer loop
      vertex -44.55 -4.55 2
      vertex -47.45 -3.45 2
      vertex -47.45 -4.55 2
    endloop
  endfacet
  facet normal -0 0 1
    outer loop
      vertex -47.45 0.549999 2
      vertex -44.55 -0.549999 2
      vertex -44.55 0.549999 2
    endloop
  endfacet
  facet normal 0 0 1
    outer loop
      vertex -44.55 -0.549999 2
      vertex -47.45 0.549999 2
      vertex -47.45 -0.549999 2
    endloop
  endfacet
  facet normal -0 0 1
    outer loop
      vertex -47.45 4.55 2
      vertex -44.55 3.45 2
      vertex -44.55 4.55 2
    endloop
  endfacet
  facet normal 0 0 1
    outer loop
      vertex -44.55 3.45 2
      vertex -47.45 4.55 2
      vertex -47.45 3.45 2
    endloop
  endfacet
  facet normal -0 0 1
    outer loop
      vertex -47.45 8.55 2
      vertex -44.55 7.45 2
      vertex -44.55 8.55 2
    endloop
  endfacet
  facet normal 0 0 1
    outer loop
      vertex -44.55 7.45 2
      vertex -47.45 8.55 2
      vertex -47.45 7.45 2
    endloop
  endfacet
  facet normal -0 0 1
    outer loop
      vertex -47.45 12.55 2
      vertex -44.55 11.45 2
      vertex -44.55 12.55 2
    endloop
  endfacet
  facet normal 0 0 1
    outer loop
      vertex -44.55 11.45 2
      vertex -47.45 12.55 2
      vertex -47.45 11.45 2
    endloop
  endfacet
  facet normal -0 0 1
    outer loop
      vertex -43.45 -11.45 2
      vertex -40.55 -12.55 2
      vertex -40.55 -11.45 2
    endloop
  endfacet
  facet normal 0 0 1
    outer loop
      vertex -40.55 -12.55 2
      vertex -43.45 -11.45 2
      vertex -43.45 -12.55 2
    endloop
  endfacet
  facet normal -0 0 1
    outer loop
      vertex -43.45 -7.45 2
      vertex -40.55 -8.55 2
      vertex -40.55 -7.45 2
    endloop
  endfacet
  facet normal 0 0 1
    outer loop
      vertex -40.55 -8.55 2
      vertex -43.45 -7.45 2
      vertex -43.45 -8.55 2
    endloop
  endfacet
  facet normal -0 0 1
    outer loop
      vertex -43.45 -3.45 2
      vertex -40.55 -4.55 2
      vertex -40.55 -3.45 2
    endloop
  endfacet
  facet normal 0 0 1
    outer loop
      vertex -40.55 -4.55 2
      vertex -43.45 -3.45 2
      vertex -43.45 -4.55 2
    endloop
  endfacet
  facet normal -0 0 1
    outer loop
      vertex -43.45 0.549999 2
      vertex -40.55 -0.549999 2
      vertex -40.55 0.549999 2
    endloop
  endfacet
  facet normal 0 0 1
    outer loop
      vertex -40.55 -0.549999 2
      vertex -43.45 0.549999 2
      vertex -43.45 -0.549999 2
    endloop
  endfacet
  facet normal -0 0 1
    outer loop
      vertex -43.45 4.55 2
      vertex -40.55 3.45 2
      vertex -40.55 4.55 2
    endloop
  endfacet
  facet normal 0 0 1
    outer loop
      vertex -40.55 3.45 2
      vertex -43.45 4.55 2
      vertex -43.45 3.45 2
    endloop
  endfacet
  facet normal -0 0 1
    outer loop
      vertex -43.45 8.55 2
      vertex -40.55 7.45 2
      vertex -40.55 8.55 2
    endloop
  endfacet
  facet normal 0 0 1
    outer loop
      vertex -40.55 7.45 2
      vertex -43.45 8.55 2
      vertex -43.45 7.45 2
    endloop
  endfacet
  facet normal -0 0 1
    outer loop
      vertex -43.45 12.55 2
      vertex -40.55 11.45 2
      vertex -40.55 12.55 2
    endloop
  endfacet
  facet normal 0 0 1
    outer loop
      vertex -40.55 11.45 2
      vertex -43.45 12.55 2
      vertex -43.45 11.45 2
    endloop
  endfacet
  facet normal -0 0 1
    outer loop
      vertex -39.45 -11.45 2
      vertex -36.55 -12.55 2
      vertex -36.55 -11.45 2
    endloop
  endfacet
  facet normal 0 0 1
    outer loop
      vertex -36.55 -12.55 2
      vertex -39.45 -11.45 2
      vertex -39.45 -12.55 2
    endloop
  endfacet
  facet normal -0 0 1
    outer loop
      vertex -39.45 -7.45 2
      vertex -36.55 -8.55 2
      vertex -36.55 -7.45 2
    endloop
  endfacet
  facet normal 0 0 1
    outer loop
      vertex -36.55 -8.55 2
      vertex -39.45 -7.45 2
      vertex -39.45 -8.55 2
    endloop
  endfacet
  facet normal -0 0 1
    outer loop
      vertex -39.45 -3.45 2
      vertex -36.55 -4.55 2
      vertex -36.55 -3.45 2
    endloop
  endfacet
  facet normal 0 0 1
    outer loop
      vertex -36.55 -4.55 2
      vertex -39.45 -3.45 2
      vertex -39.45 -4.55 2
    endloop
  endfacet
  facet normal -0 0 1
    outer loop
      vertex -39.45 0.549999 2
      vertex -36.55 -0.549999 2
      vertex -36.55 0.549999 2
    endloop
  endfacet
  facet normal 0 0 1
    outer loop
      vertex -36.55 -0.549999 2
      vertex -39.45 0.549999 2
      vertex -39.45 -0.549999 2
    endloop
  endfacet
  facet normal -0 0 1
    outer loop
      vertex -39.45 4.55 2
      vertex -36.55 3.45 2
      vertex -36.55 4.55 2
    endloop
  endfacet
  facet normal 0 0 1
    outer loop
      vertex -36.55 3.45 2
      vertex -39.45 4.55 2
      vertex -39.45 3.45 2
    endloop
  endfacet
  facet normal -0 0 1
    outer loop
      vertex -39.45 8.55 2
      vertex -36.55 7.45 2
      vertex -36.55 8.55 2
    endloop
  endfacet
  facet normal 0 0 1
    outer loop
      vertex -36.55 7.45 2
      vertex -39.45 8.55 2
      vertex -39.45 7.45 2
    endloop
  endfacet
  facet normal -0 0 1
    outer loop
      vertex -39.45 12.55 2
      vertex -36.55 11.45 2
      vertex -36.55 12.55 2
    endloop
  endfacet
  facet normal 0 0 1
    outer loop
      vertex -36.55 11.45 2
      vertex -39.45 12.55 2
      vertex -39.45 11.45 2
    endloop
  endfacet
  facet normal -0 0 1
    outer loop
      vertex -35.45 -11.45 2
      vertex -32.55 -12.55 2
      vertex -32.55 -11.45 2
    endloop
  endfacet
  facet normal 0 0 1
    outer loop
      vertex -32.55 -12.55 2
      vertex -35.45 -11.45 2
      vertex -35.45 -12.55 2
    endloop
  endfacet
  facet normal -0 0 1
    outer loop
      vertex -35.45 -7.45 2
      vertex -32.55 -8.55 2
      vertex -32.55 -7.45 2
    endloop
  endfacet
  facet normal 0 0 1
    outer loop
      vertex -32.55 -8.55 2
      vertex -35.45 -7.45 2
      vertex -35.45 -8.55 2
    endloop
  endfacet
  facet normal -0 0 1
    outer loop
      vertex -35.45 -3.45 2
      vertex -32.55 -4.55 2
      vertex -32.55 -3.45 2
    endloop
  endfacet
  facet normal 0 0 1
    outer loop
      vertex -32.55 -4.55 2
      vertex -35.45 -3.45 2
      vertex -35.45 -4.55 2
    endloop
  endfacet
  facet normal -0 0 1
    outer loop
      vertex -35.45 0.549999 2
      vertex -32.55 -0.549999 2
      vertex -32.55 0.549999 2
    endloop
  endfacet
  facet normal 0 0 1
    outer loop
      vertex -32.55 -0.549999 2
      vertex -35.45 0.549999 2
      vertex -35.45 -0.549999 2
    endloop
  endfacet
  facet normal -0 0 1
    outer loop
      vertex -35.45 4.55 2
      vertex -32.55 3.45 2
      vertex -32.55 4.55 2
    endloop
  endfacet
  facet normal 0 0 1
    outer loop
      vertex -32.55 3.45 2
      vertex -35.45 4.55 2
      vertex -35.45 3.45 2
    endloop
  endfacet
  facet normal -0 0 1
    outer loop
      vertex -35.45 8.55 2
      vertex -32.55 7.45 2
      vertex -32.55 8.55 2
    endloop
  endfacet
  facet normal 0 0 1
    outer loop
      vertex -32.55 7.45 2
      vertex -35.45 8.55 2
      vertex -35.45 7.45 2
    endloop
  endfacet
  facet normal -0 0 1
    outer loop
      vertex -35.45 12.55 2
      vertex -32.55 11.45 2
      vertex -32.55 12.55 2
    endloop
  endfacet
  facet normal 0 0 1
    outer loop
      vertex -32.55 11.45 2
      vertex -35.45 12.55 2
      vertex -35.45 11.45 2
    endloop
  endfacet
  facet normal -0 0 1
    outer loop
      vertex -31.45 -11.45 2
      vertex -28.55 -12.55 2
      vertex -28.55 -11.45 2
    endloop
  endfacet
  facet normal 0 0 1
    outer loop
      vertex -28.55 -12.55 2
      vertex -31.45 -11.45 2
      vertex -31.45 -12.55 2
    endloop
  endfacet
  facet normal -0 0 1
    outer loop
      vertex -31.45 -7.45 2
      vertex -28.55 -8.55 2
      vertex -28.55 -7.45 2
    endloop
  endfacet
  facet normal 0 0 1
    outer loop
      vertex -28.55 -8.55 2
      vertex -31.45 -7.45 2
      vertex -31.45 -8.55 2
    endloop
  endfacet
  facet normal -0 0 1
    outer loop
      vertex -31.45 -3.45 2
      vertex -28.55 -4.55 2
      vertex -28.55 -3.45 2
    endloop
  endfacet
  facet normal 0 0 1
    outer loop
      vertex -28.55 -4.55 2
      vertex -31.45 -3.45 2
      vertex -31.45 -4.55 2
    endloop
  endfacet
  facet normal -0 0 1
    outer loop
      vertex -31.45 0.549999 2
      vertex -28.55 -0.549999 2
      vertex -28.55 0.549999 2
    endloop
  endfacet
  facet normal 0 0 1
    outer loop
      vertex -28.55 -0.549999 2
      vertex -31.45 0.549999 2
      vertex -31.45 -0.549999 2
    endloop
  endfacet
  facet normal -0 0 1
    outer loop
      vertex -31.45 4.55 2
      vertex -28.55 3.45 2
      vertex -28.55 4.55 2
    endloop
  endfacet
  facet normal 0 0 1
    outer loop
      vertex -28.55 3.45 2
      vertex -31.45 4.55 2
      vertex -31.45 3.45 2
    endloop
  endfacet
  facet normal -0 0 1
    outer loop
      vertex -31.45 8.55 2
      vertex -28.55 7.45 2
      vertex -28.55 8.55 2
    endloop
  endfacet
  facet normal 0 0 1
    outer loop
      vertex -28.55 7.45 2
      vertex -31.45 8.55 2
      vertex -31.45 7.45 2
    endloop
  endfacet
  facet normal -0 0 1
    outer loop
      vertex -31.45 12.55 2
      vertex -28.55 11.45 2
      vertex -28.55 12.55 2
    endloop
  endfacet
  facet normal 0 0 1
    outer loop
      vertex -28.55 11.45 2
      vertex -31.45 12.55 2
      vertex -31.45 11.45 2
    endloop
  endfacet
  facet normal -0 0 1
    outer loop
      vertex -27.45 -11.45 2
      vertex -24.55 -12.55 2
      vertex -24.55 -11.45 2
    endloop
  endfacet
  facet normal 0 0 1
    outer loop
      vertex -24.55 -12.55 2
      vertex -27.45 -11.45 2
      vertex -27.45 -12.55 2
    endloop
  endfacet
  facet normal -0 0 1
    outer loop
      vertex -27.45 -7.45 2
      vertex -24.55 -8.55 2
      vertex -24.55 -7.45 2
    endloop
  endfacet
  facet normal 0 0 1
    outer loop
      vertex -24.55 -8.55 2
      vertex -27.45 -7.45 2
      vertex -27.45 -8.55 2
    endloop
  endfacet
  facet normal -0 0 1
    outer loop
      vertex -27.45 -3.45 2
      vertex -24.55 -4.55 2
      vertex -24.55 -3.45 2
    endloop
  endfacet
  facet normal 0 0 1
    outer loop
      vertex -24.55 -4.55 2
      vertex -27.45 -3.45 2
      vertex -27.45 -4.55 2
    endloop
  endfacet
  facet normal -0 0 1
    outer loop
      vertex -27.45 0.549999 2
      vertex -24.55 -0.549999 2
      vertex -24.55 0.549999 2
    endloop
  endfacet
  facet normal 0 0 1
    outer loop
      vertex -24.55 -0.549999 2
      vertex -27.45 0.549999 2
      vertex -27.45 -0.549999 2
    endloop
  endfacet
  facet normal -0 0 1
    outer loop
      vertex -27.45 4.55 2
      vertex -24.55 3.45 2
      vertex -24.55 4.55 2
    endloop
  endfacet
  facet normal 0 0 1
    outer loop
      vertex -24.55 3.45 2
      vertex -27.45 4.55 2
      vertex -27.45 3.45 2
    endloop
  endfacet
  facet normal -0 0 1
    outer loop
      vertex -27.45 8.55 2
      vertex -24.55 7.45 2
      vertex -24.55 8.55 2
    endloop
  endfacet
  facet normal 0 0 1
    outer loop
      vertex -24.55 7.45 2
      vertex -27.45 8.55 2
      vertex -27.45 7.45 2
    endloop
  endfacet
  facet normal -0 0 1
    outer loop
      vertex -27.45 12.55 2
      vertex -24.55 11.45 2
      vertex -24.55 12.55 2
    endloop
  endfacet
  facet normal 0 0 1
    outer loop
      vertex -24.55 11.45 2
      vertex -27.45 12.55 2
      vertex -27.45 11.45 2
    endloop
  endfacet
  facet normal -0 0 1
    outer loop
      vertex -23.45 -11.45 2
      vertex -20.55 -12.55 2
      vertex -20.55 -11.45 2
    endloop
  endfacet
  facet normal 0 0 1
    outer loop
      vertex -20.55 -12.55 2
      vertex -23.45 -11.45 2
      vertex -23.45 -12.55 2
    endloop
  endfacet
  facet normal -0 0 1
    outer loop
      vertex -23.45 -7.45 2
      vertex -20.55 -8.55 2
      vertex -20.55 -7.45 2
    endloop
  endfacet
  facet normal 0 0 1
    outer loop
      vertex -20.55 -8.55 2
      vertex -23.45 -7.45 2
      vertex -23.45 -8.55 2
    endloop
  endfacet
  facet normal -0 0 1
    outer loop
      vertex -23.45 -3.45 2
      vertex -20.55 -4.55 2
      vertex -20.55 -3.45 2
    endloop
  endfacet
  facet normal 0 0 1
    outer loop
      vertex -20.55 -4.55 2
      vertex -23.45 -3.45 2
      vertex -23.45 -4.55 2
    endloop
  endfacet
  facet normal -0 0 1
    outer loop
      vertex -23.45 0.549999 2
      vertex -20.55 -0.549999 2
      vertex -20.55 0.549999 2
    endloop
  endfacet
  facet normal 0 0 1
    outer loop
      vertex -20.55 -0.549999 2
      vertex -23.45 0.549999 2
      vertex -23.45 -0.549999 2
    endloop
  endfacet
  facet normal -0 0 1
    outer loop
      vertex -23.45 4.55 2
      vertex -20.55 3.45 2
      vertex -20.55 4.55 2
    endloop
  endfacet
  facet normal 0 0 1
    outer loop
      vertex -20.55 3.45 2
      vertex -23.45 4.55 2
      vertex -23.45 3.45 2
    endloop
  endfacet
  facet normal -0 0 1
    outer loop
      vertex -23.45 8.55 2
      vertex -20.55 7.45 2
      vertex -20.55 8.55 2
    endloop
  endfacet
  facet normal 0 0 1
    outer loop
      vertex -20.55 7.45 2
      vertex -23.45 8.55 2
      vertex -23.45 7.45 2
    endloop
  endfacet
  facet normal -0 0 1
    outer loop
      vertex -23.45 12.55 2
      vertex -20.55 11.45 2
      vertex -20.55 12.55 2
    endloop
  endfacet
  facet normal 0 0 1
    outer loop
      vertex -20.55 11.45 2
      vertex -23.45 12.55 2
      vertex -23.45 11.45 2
    endloop
  endfacet
  facet normal -0 0 1
    outer loop
      vertex -19.45 -11.45 2
      vertex -16.55 -12.55 2
      vertex -16.55 -11.45 2
    endloop
  endfacet
  facet normal 0 0 1
    outer loop
      vertex -16.55 -12.55 2
      vertex -19.45 -11.45 2
      vertex -19.45 -12.55 2
    endloop
  endfacet
  facet normal -0 0 1
    outer loop
      vertex -19.45 -7.45 2
      vertex -16.55 -8.55 2
      vertex -16.55 -7.45 2
    endloop
  endfacet
  facet normal 0 0 1
    outer loop
      vertex -16.55 -8.55 2
      vertex -19.45 -7.45 2
      vertex -19.45 -8.55 2
    endloop
  endfacet
  facet normal -0 0 1
    outer loop
      vertex -19.45 -3.45 2
      vertex -16.55 -4.55 2
      vertex -16.55 -3.45 2
    endloop
  endfacet
  facet normal 0 0 1
    outer loop
      vertex -16.55 -4.55 2
      vertex -19.45 -3.45 2
      vertex -19.45 -4.55 2
    endloop
  endfacet
  facet normal -0 0 1
    outer loop
      vertex -19.45 0.549999 2
      vertex -16.55 -0.549999 2
      vertex -16.55 0.549999 2
    endloop
  endfacet
  facet normal 0 0 1
    outer loop
      vertex -16.55 -0.549999 2
      vertex -19.45 0.549999 2
      vertex -19.45 -0.549999 2
    endloop
  endfacet
  facet normal -0 0 1
    outer loop
      vertex -19.45 4.55 2
      vertex -16.55 3.45 2
      vertex -16.55 4.55 2
    endloop
  endfacet
  facet normal 0 0 1
    outer loop
      vertex -16.55 3.45 2
      vertex -19.45 4.55 2
      vertex -19.45 3.45 2
    endloop
  endfacet
  facet normal -0 0 1
    outer loop
      vertex -19.45 8.55 2
      vertex -16.55 7.45 2
      vertex -16.55 8.55 2
    endloop
  endfacet
  facet normal 0 0 1
    outer loop
      vertex -16.55 7.45 2
      vertex -19.45 8.55 2
      vertex -19.45 7.45 2
    endloop
  endfacet
  facet normal -0 0 1
    outer loop
      vertex -19.45 12.55 2
      vertex -16.55 11.45 2
      vertex -16.55 12.55 2
    endloop
  endfacet
  facet normal 0 0 1
    outer loop
      vertex -16.55 11.45 2
      vertex -19.45 12.55 2
      vertex -19.45 11.45 2
    endloop
  endfacet
  facet normal -0 0 1
    outer loop
      vertex -15.45 -11.45 2
      vertex -12.55 -12.55 2
      vertex -12.55 -11.45 2
    endloop
  endfacet
  facet normal 0 0 1
    outer loop
      vertex -12.55 -12.55 2
      vertex -15.45 -11.45 2
      vertex -15.45 -12.55 2
    endloop
  endfacet
  facet normal -0 0 1
    outer loop
      vertex -15.45 -7.45 2
      vertex -12.55 -8.55 2
      vertex -12.55 -7.45 2
    endloop
  endfacet
  facet normal 0 0 1
    outer loop
      vertex -12.55 -8.55 2
      vertex -15.45 -7.45 2
      vertex -15.45 -8.55 2
    endloop
  endfacet
  facet normal -0 0 1
    outer loop
      vertex -15.45 -3.45 2
      vertex -12.55 -4.55 2
      vertex -12.55 -3.45 2
    endloop
  endfacet
  facet normal 0 0 1
    outer loop
      vertex -12.55 -4.55 2
      vertex -15.45 -3.45 2
      vertex -15.45 -4.55 2
    endloop
  endfacet
  facet normal -0 0 1
    outer loop
      vertex -15.45 0.549999 2
      vertex -12.55 -0.549999 2
      vertex -12.55 0.549999 2
    endloop
  endfacet
  facet normal 0 0 1
    outer loop
      vertex -12.55 -0.549999 2
      vertex -15.45 0.549999 2
      vertex -15.45 -0.549999 2
    endloop
  endfacet
  facet normal -0 0 1
    outer loop
      vertex -15.45 4.55 2
      vertex -12.55 3.45 2
      vertex -12.55 4.55 2
    endloop
  endfacet
  facet normal 0 0 1
    outer loop
      vertex -12.55 3.45 2
      vertex -15.45 4.55 2
      vertex -15.45 3.45 2
    endloop
  endfacet
  facet normal -0 0 1
    outer loop
      vertex -15.45 8.55 2
      vertex -12.55 7.45 2
      vertex -12.55 8.55 2
    endloop
  endfacet
  facet normal 0 0 1
    outer loop
      vertex -12.55 7.45 2
      vertex -15.45 8.55 2
      vertex -15.45 7.45 2
    endloop
  endfacet
  facet normal -0 0 1
    outer loop
      vertex -15.45 12.55 2
      vertex -12.55 11.45 2
      vertex -12.55 12.55 2
    endloop
  endfacet
  facet normal 0 0 1
    outer loop
      vertex -12.55 11.45 2
      vertex -15.45 12.55 2
      vertex -15.45 11.45 2
    endloop
  endfacet
  facet normal -0 0 1
    outer loop
      vertex -11.45 -11.45 2
      vertex -8.55 -12.55 2
      vertex -8.55 -11.45 2
    endloop
  endfacet
  facet normal 0 0 1
    outer loop
      vertex -8.55 -12.55 2
      vertex -11.45 -11.45 2
      vertex -11.45 -12.55 2
    endloop
  endfacet
  facet normal -0 0 1
    outer loop
      vertex -11.45 -7.45 2
      vertex -8.55 -8.55 2
      vertex -8.55 -7.45 2
    endloop
  endfacet
  facet normal 0 0 1
    outer loop
      vertex -8.55 -8.55 2
      vertex -11.45 -7.45 2
      vertex -11.45 -8.55 2
    endloop
  endfacet
  facet normal -0 0 1
    outer loop
      vertex -11.45 -3.45 2
      vertex -8.55 -4.55 2
      vertex -8.55 -3.45 2
    endloop
  endfacet
  facet normal 0 0 1
    outer loop
      vertex -8.55 -4.55 2
      vertex -11.45 -3.45 2
      vertex -11.45 -4.55 2
    endloop
  endfacet
  facet normal -0 0 1
    outer loop
      vertex -11.45 0.549999 2
      vertex -8.55 -0.549999 2
      vertex -8.55 0.549999 2
    endloop
  endfacet
  facet normal 0 0 1
    outer loop
      vertex -8.55 -0.549999 2
      vertex -11.45 0.549999 2
      vertex -11.45 -0.549999 2
    endloop
  endfacet
  facet normal -0 0 1
    outer loop
      vertex -11.45 4.55 2
      vertex -8.55 3.45 2
      vertex -8.55 4.55 2
    endloop
  endfacet
  facet normal 0 0 1
    outer loop
      vertex -8.55 3.45 2
      vertex -11.45 4.55 2
      vertex -11.45 3.45 2
    endloop
  endfacet
  facet normal -0 0 1
    outer loop
      vertex -11.45 8.55 2
      vertex -8.55 7.45 2
      vertex -8.55 8.55 2
    endloop
  endfacet
  facet normal 0 0 1
    outer loop
      vertex -8.55 7.45 2
      vertex -11.45 8.55 2
      vertex -11.45 7.45 2
    endloop
  endfacet
  facet normal -0 0 1
    outer loop
      vertex -11.45 12.55 2
      vertex -8.55 11.45 2
      vertex -8.55 12.55 2
    endloop
  endfacet
  facet normal 0 0 1
    outer loop
      vertex -8.55 11.45 2
      vertex -11.45 12.55 2
      vertex -11.45 11.45 2
    endloop
  endfacet
  facet normal -0 0 1
    outer loop
      vertex -7.45 -11.45 2
      vertex -4.55 -12.55 2
      vertex -4.55 -11.45 2
    endloop
  endfacet
  facet normal 0 0 1
    outer loop
      vertex -4.55 -12.55 2
      vertex -7.45 -11.45 2
      vertex -7.45 -12.55 2
    endloop
  endfacet
  facet normal -0 0 1
    outer loop
      vertex -7.45 -7.45 2
      vertex -4.55 -8.55 2
      vertex -4.55 -7.45 2
    endloop
  endfacet
  facet normal 0 0 1
    outer loop
      vertex -4.55 -8.55 2
      vertex -7.45 -7.45 2
      vertex -7.45 -8.55 2
    endloop
  endfacet
  facet normal -0 0 1
    outer loop
      vertex -7.45 -3.45 2
      vertex -4.55 -4.55 2
      vertex -4.55 -3.45 2
    endloop
  endfacet
  facet normal 0 0 1
    outer loop
      vertex -4.55 -4.55 2
      vertex -7.45 -3.45 2
      vertex -7.45 -4.55 2
    endloop
  endfacet
  facet normal -0 0 1
    outer loop
      vertex -7.45 0.549999 2
      vertex -4.55 -0.549999 2
      vertex -4.55 0.549999 2
    endloop
  endfacet
  facet normal 0 0 1
    outer loop
      vertex -4.55 -0.549999 2
      vertex -7.45 0.549999 2
      vertex -7.45 -0.549999 2
    endloop
  endfacet
  facet normal -0 0 1
    outer loop
      vertex -7.45 4.55 2
      vertex -4.55 3.45 2
      vertex -4.55 4.55 2
    endloop
  endfacet
  facet normal 0 0 1
    outer loop
      vertex -4.55 3.45 2
      vertex -7.45 4.55 2
      vertex -7.45 3.45 2
    endloop
  endfacet
  facet normal -0 0 1
    outer loop
      vertex -7.45 8.55 2
      vertex -4.55 7.45 2
      vertex -4.55 8.55 2
    endloop
  endfacet
  facet normal 0 0 1
    outer loop
      vertex -4.55 7.45 2
      vertex -7.45 8.55 2
      vertex -7.45 7.45 2
    endloop
  endfacet
  facet normal -0 0 1
    outer loop
      vertex -7.45 12.55 2
      vertex -4.55 11.45 2
      vertex -4.55 12.55 2
    endloop
  endfacet
  facet normal 0 0 1
    outer loop
      vertex -4.55 11.45 2
      vertex -7.45 12.55 2
      vertex -7.45 11.45 2
    endloop
  endfacet
  facet normal -0 0 1
    outer loop
      vertex -3.45 -11.45 2
      vertex -0.549999 -12.55 2
      vertex -0.549999 -11.45 2
    endloop
  endfacet
  facet normal 0 0 1
    outer loop
      vertex -0.549999 -12.55 2
      vertex -3.45 -11.45 2
      vertex -3.45 -12.55 2
    endloop
  endfacet
  facet normal -0 0 1
    outer loop
      vertex -3.45 -7.45 2
      vertex -0.549999 -8.55 2
      vertex -0.549999 -7.45 2
    endloop
  endfacet
  facet normal 0 0 1
    outer loop
      vertex -0.549999 -8.55 2
      vertex -3.45 -7.45 2
      vertex -3.45 -8.55 2
    endloop
  endfacet
  facet normal -0 0 1
    outer loop
      vertex -3.45 -3.45 2
      vertex -0.549999 -4.55 2
      vertex -0.549999 -3.45 2
    endloop
  endfacet
  facet normal 0 0 1
    outer loop
      vertex -0.549999 -4.55 2
      vertex -3.45 -3.45 2
      vertex -3.45 -4.55 2
    endloop
  endfacet
  facet normal -0 0 1
    outer loop
      vertex -3.45 0.549999 2
      vertex -0.549999 -0.549999 2
      vertex -0.549999 0.549999 2
    endloop
  endfacet
  facet normal 0 0 1
    outer loop
      vertex -0.549999 -0.549999 2
      vertex -3.45 0.549999 2
      vertex -3.45 -0.549999 2
    endloop
  endfacet
  facet normal -0 0 1
    outer loop
      vertex -3.45 4.55 2
      vertex -0.549999 3.45 2
      vertex -0.549999 4.55 2
    endloop
  endfacet
  facet normal 0 0 1
    outer loop
      vertex -0.549999 3.45 2
      vertex -3.45 4.55 2
      vertex -3.45 3.45 2
    endloop
  endfacet
  facet normal -0 0 1
    outer loop
      vertex -3.45 8.55 2
      vertex -0.549999 7.45 2
      vertex -0.549999 8.55 2
    endloop
  endfacet
  facet normal 0 0 1
    outer loop
      vertex -0.549999 7.45 2
      vertex -3.45 8.55 2
      vertex -3.45 7.45 2
    endloop
  endfacet
  facet normal -0 0 1
    outer loop
      vertex -3.45 12.55 2
      vertex -0.549999 11.45 2
      vertex -0.549999 12.55 2
    endloop
  endfacet
  facet normal 0 0 1
    outer loop
      vertex -0.549999 11.45 2
      vertex -3.45 12.55 2
      vertex -3.45 11.45 2
    endloop
  endfacet
  facet normal -0 0 1
    outer loop
      vertex 0.549999 -11.45 2
      vertex 3.45 -12.55 2
      vertex 3.45 -11.45 2
    endloop
  endfacet
  facet normal 0 0 1
    outer loop
      vertex 3.45 -12.55 2
      vertex 0.549999 -11.45 2
      vertex 0.549999 -12.55 2
    endloop
  endfacet
  facet normal -0 0 1
    outer loop
      vertex 0.549999 -7.45 2
      vertex 3.45 -8.55 2
      vertex 3.45 -7.45 2
    endloop
  endfacet
  facet normal 0 0 1
    outer loop
      vertex 3.45 -8.55 2
      vertex 0.549999 -7.45 2
      vertex 0.549999 -8.55 2
    endloop
  endfacet
  facet normal -0 0 1
    outer loop
      vertex 0.549999 -3.45 2
      vertex 3.45 -4.55 2
      vertex 3.45 -3.45 2
    endloop
  endfacet
  facet normal 0 0 1
    outer loop
      vertex 3.45 -4.55 2
      vertex 0.549999 -3.45 2
      vertex 0.549999 -4.55 2
    endloop
  endfacet
  facet normal -0 0 1
    outer loop
      vertex 0.549999 0.549999 2
      vertex 3.45 -0.549999 2
      vertex 3.45 0.549999 2
    endloop
  endfacet
  facet normal 0 0 1
    outer loop
      vertex 3.45 -0.549999 2
      vertex 0.549999 0.549999 2
      vertex 0.549999 -0.549999 2
    endloop
  endfacet
  facet normal -0 0 1
    outer loop
      vertex 0.549999 4.55 2
      vertex 3.45 3.45 2
      vertex 3.45 4.55 2
    endloop
  endfacet
  facet normal 0 0 1
    outer loop
      vertex 3.45 3.45 2
      vertex 0.549999 4.55 2
      vertex 0.549999 3.45 2
    endloop
  endfacet
  facet normal -0 0 1
    outer loop
      vertex 0.549999 8.55 2
      vertex 3.45 7.45 2
      vertex 3.45 8.55 2
    endloop
  endfacet
  facet normal 0 0 1
    outer loop
      vertex 3.45 7.45 2
      vertex 0.549999 8.55 2
      vertex 0.549999 7.45 2
    endloop
  endfacet
  facet normal -0 0 1
    outer loop
      vertex 0.549999 12.55 2
      vertex 3.45 11.45 2
      vertex 3.45 12.55 2
    endloop
  endfacet
  facet normal 0 0 1
    outer loop
      vertex 3.45 11.45 2
      vertex 0.549999 12.55 2
      vertex 0.549999 11.45 2
    endloop
  endfacet
  facet normal -0 0 1
    outer loop
      vertex 4.55 -11.45 2
      vertex 7.45 -12.55 2
      vertex 7.45 -11.45 2
    endloop
  endfacet
  facet normal 0 0 1
    outer loop
      vertex 7.45 -12.55 2
      vertex 4.55 -11.45 2
      vertex 4.55 -12.55 2
    endloop
  endfacet
  facet normal -0 0 1
    outer loop
      vertex 4.55 -7.45 2
      vertex 7.45 -8.55 2
      vertex 7.45 -7.45 2
    endloop
  endfacet
  facet normal 0 0 1
    outer loop
      vertex 7.45 -8.55 2
      vertex 4.55 -7.45 2
      vertex 4.55 -8.55 2
    endloop
  endfacet
  facet normal -0 0 1
    outer loop
      vertex 4.55 -3.45 2
      vertex 7.45 -4.55 2
      vertex 7.45 -3.45 2
    endloop
  endfacet
  facet normal 0 0 1
    outer loop
      vertex 7.45 -4.55 2
      vertex 4.55 -3.45 2
      vertex 4.55 -4.55 2
    endloop
  endfacet
  facet normal -0 0 1
    outer loop
      vertex 4.55 0.549999 2
      vertex 7.45 -0.549999 2
      vertex 7.45 0.549999 2
    endloop
  endfacet
  facet normal 0 0 1
    outer loop
      vertex 7.45 -0.549999 2
      vertex 4.55 0.549999 2
      vertex 4.55 -0.549999 2
    endloop
  endfacet
  facet normal -0 0 1
    outer loop
      vertex 4.55 4.55 2
      vertex 7.45 3.45 2
      vertex 7.45 4.55 2
    endloop
  endfacet
  facet normal 0 0 1
    outer loop
      vertex 7.45 3.45 2
      vertex 4.55 4.55 2
      vertex 4.55 3.45 2
    endloop
  endfacet
  facet normal -0 0 1
    outer loop
      vertex 4.55 8.55 2
      vertex 7.45 7.45 2
      vertex 7.45 8.55 2
    endloop
  endfacet
  facet normal 0 0 1
    outer loop
      vertex 7.45 7.45 2
      vertex 4.55 8.55 2
      vertex 4.55 7.45 2
    endloop
  endfacet
  facet normal -0 0 1
    outer loop
      vertex 4.55 12.55 2
      vertex 7.45 11.45 2
      vertex 7.45 12.55 2
    endloop
  endfacet
  facet normal 0 0 1
    outer loop
      vertex 7.45 11.45 2
      vertex 4.55 12.55 2
      vertex 4.55 11.45 2
    endloop
  endfacet
  facet normal -0 0 1
    outer loop
      vertex 8.55 -11.45 2
      vertex 11.45 -12.55 2
      vertex 11.45 -11.45 2
    endloop
  endfacet
  facet normal 0 0 1
    outer loop
      vertex 11.45 -12.55 2
      vertex 8.55 -11.45 2
      vertex 8.55 -12.55 2
    endloop
  endfacet
  facet normal -0 0 1
    outer loop
      vertex 8.55 -7.45 2
      vertex 11.45 -8.55 2
      vertex 11.45 -7.45 2
    endloop
  endfacet
  facet normal 0 0 1
    outer loop
      vertex 11.45 -8.55 2
      vertex 8.55 -7.45 2
      vertex 8.55 -8.55 2
    endloop
  endfacet
  facet normal -0 0 1
    outer loop
      vertex 8.55 -3.45 2
      vertex 11.45 -4.55 2
      vertex 11.45 -3.45 2
    endloop
  endfacet
  facet normal 0 0 1
    outer loop
      vertex 11.45 -4.55 2
      vertex 8.55 -3.45 2
      vertex 8.55 -4.55 2
    endloop
  endfacet
  facet normal -0 0 1
    outer loop
      vertex 8.55 0.549999 2
      vertex 11.45 -0.549999 2
      vertex 11.45 0.549999 2
    endloop
  endfacet
  facet normal 0 0 1
    outer loop
      vertex 11.45 -0.549999 2
      vertex 8.55 0.549999 2
      vertex 8.55 -0.549999 2
    endloop
  endfacet
  facet normal -0 0 1
    outer loop
      vertex 8.55 4.55 2
      vertex 11.45 3.45 2
      vertex 11.45 4.55 2
    endloop
  endfacet
  facet normal 0 0 1
    outer loop
      vertex 11.45 3.45 2
      vertex 8.55 4.55 2
      vertex 8.55 3.45 2
    endloop
  endfacet
  facet normal -0 0 1
    outer loop
      vertex 8.55 8.55 2
      vertex 11.45 7.45 2
      vertex 11.45 8.55 2
    endloop
  endfacet
  facet normal 0 0 1
    outer loop
      vertex 11.45 7.45 2
      vertex 8.55 8.55 2
      vertex 8.55 7.45 2
    endloop
  endfacet
  facet normal -0 0 1
    outer loop
      vertex 8.55 12.55 2
      vertex 11.45 11.45 2
      vertex 11.45 12.55 2
    endloop
  endfacet
  facet normal 0 0 1
    outer loop
      vertex 11.45 11.45 2
      vertex 8.55 12.55 2
      vertex 8.55 11.45 2
    endloop
  endfacet
  facet normal -0 0 1
    outer loop
      vertex 12.55 -11.45 2
      vertex 15.45 -12.55 2
      vertex 15.45 -11.45 2
    endloop
  endfacet
  facet normal 0 0 1
    outer loop
      vertex 15.45 -12.55 2
      vertex 12.55 -11.45 2
      vertex 12.55 -12.55 2
    endloop
  endfacet
  facet normal -0 0 1
    outer loop
      vertex 12.55 -7.45 2
      vertex 15.45 -8.55 2
      vertex 15.45 -7.45 2
    endloop
  endfacet
  facet normal 0 0 1
    outer loop
      vertex 15.45 -8.55 2
      vertex 12.55 -7.45 2
      vertex 12.55 -8.55 2
    endloop
  endfacet
  facet normal -0 0 1
    outer loop
      vertex 12.55 -3.45 2
      vertex 15.45 -4.55 2
      vertex 15.45 -3.45 2
    endloop
  endfacet
  facet normal 0 0 1
    outer loop
      vertex 15.45 -4.55 2
      vertex 12.55 -3.45 2
      vertex 12.55 -4.55 2
    endloop
  endfacet
  facet normal -0 0 1
    outer loop
      vertex 12.55 0.549999 2
      vertex 15.45 -0.549999 2
      vertex 15.45 0.549999 2
    endloop
  endfacet
  facet normal 0 0 1
    outer loop
      vertex 15.45 -0.549999 2
      vertex 12.55 0.549999 2
      vertex 12.55 -0.549999 2
    endloop
  endfacet
  facet normal -0 0 1
    outer loop
      vertex 12.55 4.55 2
      vertex 15.45 3.45 2
      vertex 15.45 4.55 2
    endloop
  endfacet
  facet normal 0 0 1
    outer loop
      vertex 15.45 3.45 2
      vertex 12.55 4.55 2
      vertex 12.55 3.45 2
    endloop
  endfacet
  facet normal -0 0 1
    outer loop
      vertex 12.55 8.55 2
      vertex 15.45 7.45 2
      vertex 15.45 8.55 2
    endloop
  endfacet
  facet normal 0 0 1
    outer loop
      vertex 15.45 7.45 2
      vertex 12.55 8.55 2
      vertex 12.55 7.45 2
    endloop
  endfacet
  facet normal -0 0 1
    outer loop
      vertex 12.55 12.55 2
      vertex 15.45 11.45 2
      vertex 15.45 12.55 2
    endloop
  endfacet
  facet normal 0 0 1
    outer loop
      vertex 15.45 11.45 2
      vertex 12.55 12.55 2
      vertex 12.55 11.45 2
    endloop
  endfacet
  facet normal -0 0 1
    outer loop
      vertex 16.55 -11.45 2
      vertex 19.45 -12.55 2
      vertex 19.45 -11.45 2
    endloop
  endfacet
  facet normal 0 0 1
    outer loop
      vertex 19.45 -12.55 2
      vertex 16.55 -11.45 2
      vertex 16.55 -12.55 2
    endloop
  endfacet
  facet normal -0 0 1
    outer loop
      vertex 16.55 -7.45 2
      vertex 19.45 -8.55 2
      vertex 19.45 -7.45 2
    endloop
  endfacet
  facet normal 0 0 1
    outer loop
      vertex 19.45 -8.55 2
      vertex 16.55 -7.45 2
      vertex 16.55 -8.55 2
    endloop
  endfacet
  facet normal -0 0 1
    outer loop
      vertex 16.55 -3.45 2
      vertex 19.45 -4.55 2
      vertex 19.45 -3.45 2
    endloop
  endfacet
  facet normal 0 0 1
    outer loop
      vertex 19.45 -4.55 2
      vertex 16.55 -3.45 2
      vertex 16.55 -4.55 2
    endloop
  endfacet
  facet normal -0 0 1
    outer loop
      vertex 16.55 0.549999 2
      vertex 19.45 -0.549999 2
      vertex 19.45 0.549999 2
    endloop
  endfacet
  facet normal 0 0 1
    outer loop
      vertex 19.45 -0.549999 2
      vertex 16.55 0.549999 2
      vertex 16.55 -0.549999 2
    endloop
  endfacet
  facet normal -0 0 1
    outer loop
      vertex 16.55 4.55 2
      vertex 19.45 3.45 2
      vertex 19.45 4.55 2
    endloop
  endfacet
  facet normal 0 0 1
    outer loop
      vertex 19.45 3.45 2
      vertex 16.55 4.55 2
      vertex 16.55 3.45 2
    endloop
  endfacet
  facet normal -0 0 1
    outer loop
      vertex 16.55 8.55 2
      vertex 19.45 7.45 2
      vertex 19.45 8.55 2
    endloop
  endfacet
  facet normal 0 0 1
    outer loop
      vertex 19.45 7.45 2
      vertex 16.55 8.55 2
      vertex 16.55 7.45 2
    endloop
  endfacet
  facet normal -0 0 1
    outer loop
      vertex 16.55 12.55 2
      vertex 19.45 11.45 2
      vertex 19.45 12.55 2
    endloop
  endfacet
  facet normal 0 0 1
    outer loop
      vertex 19.45 11.45 2
      vertex 16.55 12.55 2
      vertex 16.55 11.45 2
    endloop
  endfacet
  facet normal -0 0 1
    outer loop
      vertex 20.55 -11.45 2
      vertex 23.45 -12.55 2
      vertex 23.45 -11.45 2
    endloop
  endfacet
  facet normal 0 0 1
    outer loop
      vertex 23.45 -12.55 2
      vertex 20.55 -11.45 2
      vertex 20.55 -12.55 2
    endloop
  endfacet
  facet normal -0 0 1
    outer loop
      vertex 20.55 -7.45 2
      vertex 23.45 -8.55 2
      vertex 23.45 -7.45 2
    endloop
  endfacet
  facet normal 0 0 1
    outer loop
      vertex 23.45 -8.55 2
      vertex 20.55 -7.45 2
      vertex 20.55 -8.55 2
    endloop
  endfacet
  facet normal -0 0 1
    outer loop
      vertex 20.55 -3.45 2
      vertex 23.45 -4.55 2
      vertex 23.45 -3.45 2
    endloop
  endfacet
  facet normal 0 0 1
    outer loop
      vertex 23.45 -4.55 2
      vertex 20.55 -3.45 2
      vertex 20.55 -4.55 2
    endloop
  endfacet
  facet normal -0 0 1
    outer loop
      vertex 20.55 0.549999 2
      vertex 23.45 -0.549999 2
      vertex 23.45 0.549999 2
    endloop
  endfacet
  facet normal 0 0 1
    outer loop
      vertex 23.45 -0.549999 2
      vertex 20.55 0.549999 2
      vertex 20.55 -0.549999 2
    endloop
  endfacet
  facet normal -0 0 1
    outer loop
      vertex 20.55 4.55 2
      vertex 23.45 3.45 2
      vertex 23.45 4.55 2
    endloop
  endfacet
  facet normal 0 0 1
    outer loop
      vertex 23.45 3.45 2
      vertex 20.55 4.55 2
      vertex 20.55 3.45 2
    endloop
  endfacet
  facet normal -0 0 1
    outer loop
      vertex 20.55 8.55 2
      vertex 23.45 7.45 2
      vertex 23.45 8.55 2
    endloop
  endfacet
  facet normal 0 0 1
    outer loop
      vertex 23.45 7.45 2
      vertex 20.55 8.55 2
      vertex 20.55 7.45 2
    endloop
  endfacet
  facet normal -0 0 1
    outer loop
      vertex 20.55 12.55 2
      vertex 23.45 11.45 2
      vertex 23.45 12.55 2
    endloop
  endfacet
  facet normal 0 0 1
    outer loop
      vertex 23.45 11.45 2
      vertex 20.55 12.55 2
      vertex 20.55 11.45 2
    endloop
  endfacet
  facet normal -0 0 1
    outer loop
      vertex 24.55 -11.45 2
      vertex 27.45 -12.55 2
      vertex 27.45 -11.45 2
    endloop
  endfacet
  facet normal 0 0 1
    outer loop
      vertex 27.45 -12.55 2
      vertex 24.55 -11.45 2
      vertex 24.55 -12.55 2
    endloop
  endfacet
  facet normal -0 0 1
    outer loop
      vertex 24.55 -7.45 2
      vertex 27.45 -8.55 2
      vertex 27.45 -7.45 2
    endloop
  endfacet
  facet normal 0 0 1
    outer loop
      vertex 27.45 -8.55 2
      vertex 24.55 -7.45 2
      vertex 24.55 -8.55 2
    endloop
  endfacet
  facet normal -0 0 1
    outer loop
      vertex 24.55 -3.45 2
      vertex 27.45 -4.55 2
      vertex 27.45 -3.45 2
    endloop
  endfacet
  facet normal 0 0 1
    outer loop
      vertex 27.45 -4.55 2
      vertex 24.55 -3.45 2
      vertex 24.55 -4.55 2
    endloop
  endfacet
  facet normal -0 0 1
    outer loop
      vertex 24.55 0.549999 2
      vertex 27.45 -0.549999 2
      vertex 27.45 0.549999 2
    endloop
  endfacet
  facet normal 0 0 1
    outer loop
      vertex 27.45 -0.549999 2
      vertex 24.55 0.549999 2
      vertex 24.55 -0.549999 2
    endloop
  endfacet
  facet normal -0 0 1
    outer loop
      vertex 24.55 4.55 2
      vertex 27.45 3.45 2
      vertex 27.45 4.55 2
    endloop
  endfacet
  facet normal 0 0 1
    outer loop
      vertex 27.45 3.45 2
      vertex 24.55 4.55 2
      vertex 24.55 3.45 2
    endloop
  endfacet
  facet normal -0 0 1
    outer loop
      vertex 24.55 8.55 2
      vertex 27.45 7.45 2
      vertex 27.45 8.55 2
    endloop
  endfacet
  facet normal 0 0 1
    outer loop
      vertex 27.45 7.45 2
      vertex 24.55 8.55 2
      vertex 24.55 7.45 2
    endloop
  endfacet
  facet normal -0 0 1
    outer loop
      vertex 24.55 12.55 2
      vertex 27.45 11.45 2
      vertex 27.45 12.55 2
    endloop
  endfacet
  facet normal 0 0 1
    outer loop
      vertex 27.45 11.45 2
      vertex 24.55 12.55 2
      vertex 24.55 11.45 2
    endloop
  endfacet
  facet normal -0 0 1
    outer loop
      vertex 28.55 -11.45 2
      vertex 31.45 -12.55 2
      vertex 31.45 -11.45 2
    endloop
  endfacet
  facet normal 0 0 1
    outer loop
      vertex 31.45 -12.55 2
      vertex 28.55 -11.45 2
      vertex 28.55 -12.55 2
    endloop
  endfacet
  facet normal -0 0 1
    outer loop
      vertex 28.55 -7.45 2
      vertex 31.45 -8.55 2
      vertex 31.45 -7.45 2
    endloop
  endfacet
  facet normal 0 0 1
    outer loop
      vertex 31.45 -8.55 2
      vertex 28.55 -7.45 2
      vertex 28.55 -8.55 2
    endloop
  endfacet
  facet normal -0 0 1
    outer loop
      vertex 28.55 -3.45 2
      vertex 31.45 -4.55 2
      vertex 31.45 -3.45 2
    endloop
  endfacet
  facet normal 0 0 1
    outer loop
      vertex 31.45 -4.55 2
      vertex 28.55 -3.45 2
      vertex 28.55 -4.55 2
    endloop
  endfacet
  facet normal -0 0 1
    outer loop
      vertex 28.55 0.549999 2
      vertex 31.45 -0.549999 2
      vertex 31.45 0.549999 2
    endloop
  endfacet
  facet normal 0 0 1
    outer loop
      vertex 31.45 -0.549999 2
      vertex 28.55 0.549999 2
      vertex 28.55 -0.549999 2
    endloop
  endfacet
  facet normal -0 0 1
    outer loop
      vertex 28.55 4.55 2
      vertex 31.45 3.45 2
      vertex 31.45 4.55 2
    endloop
  endfacet
  facet normal 0 0 1
    outer loop
      vertex 31.45 3.45 2
      vertex 28.55 4.55 2
      vertex 28.55 3.45 2
    endloop
  endfacet
  facet normal -0 0 1
    outer loop
      vertex 28.55 8.55 2
      vertex 31.45 7.45 2
      vertex 31.45 8.55 2
    endloop
  endfacet
  facet normal 0 0 1
    outer loop
      vertex 31.45 7.45 2
      vertex 28.55 8.55 2
      vertex 28.55 7.45 2
    endloop
  endfacet
  facet normal -0 0 1
    outer loop
      vertex 28.55 12.55 2
      vertex 31.45 11.45 2
      vertex 31.45 12.55 2
    endloop
  endfacet
  facet normal 0 0 1
    outer loop
      vertex 31.45 11.45 2
      vertex 28.55 12.55 2
      vertex 28.55 11.45 2
    endloop
  endfacet
  facet normal -0 0 1
    outer loop
      vertex 32.55 -11.45 2
      vertex 35.45 -12.55 2
      vertex 35.45 -11.45 2
    endloop
  endfacet
  facet normal 0 0 1
    outer loop
      vertex 35.45 -12.55 2
      vertex 32.55 -11.45 2
      vertex 32.55 -12.55 2
    endloop
  endfacet
  facet normal -0 0 1
    outer loop
      vertex 32.55 -7.45 2
      vertex 35.45 -8.55 2
      vertex 35.45 -7.45 2
    endloop
  endfacet
  facet normal 0 0 1
    outer loop
      vertex 35.45 -8.55 2
      vertex 32.55 -7.45 2
      vertex 32.55 -8.55 2
    endloop
  endfacet
  facet normal -0 0 1
    outer loop
      vertex 32.55 -3.45 2
      vertex 35.45 -4.55 2
      vertex 35.45 -3.45 2
    endloop
  endfacet
  facet normal 0 0 1
    outer loop
      vertex 35.45 -4.55 2
      vertex 32.55 -3.45 2
      vertex 32.55 -4.55 2
    endloop
  endfacet
  facet normal -0 0 1
    outer loop
      vertex 32.55 0.549999 2
      vertex 35.45 -0.549999 2
      vertex 35.45 0.549999 2
    endloop
  endfacet
  facet normal 0 0 1
    outer loop
      vertex 35.45 -0.549999 2
      vertex 32.55 0.549999 2
      vertex 32.55 -0.549999 2
    endloop
  endfacet
  facet normal -0 0 1
    outer loop
      vertex 32.55 4.55 2
      vertex 35.45 3.45 2
      vertex 35.45 4.55 2
    endloop
  endfacet
  facet normal 0 0 1
    outer loop
      vertex 35.45 3.45 2
      vertex 32.55 4.55 2
      vertex 32.55 3.45 2
    endloop
  endfacet
  facet normal -0 0 1
    outer loop
      vertex 32.55 8.55 2
      vertex 35.45 7.45 2
      vertex 35.45 8.55 2
    endloop
  endfacet
  facet normal 0 0 1
    outer loop
      vertex 35.45 7.45 2
      vertex 32.55 8.55 2
      vertex 32.55 7.45 2
    endloop
  endfacet
  facet normal -0 0 1
    outer loop
      vertex 32.55 12.55 2
      vertex 35.45 11.45 2
      vertex 35.45 12.55 2
    endloop
  endfacet
  facet normal 0 0 1
    outer loop
      vertex 35.45 11.45 2
      vertex 32.55 12.55 2
      vertex 32.55 11.45 2
    endloop
  endfacet
  facet normal -0 0 1
    outer loop
      vertex 36.55 -11.45 2
      vertex 39.45 -12.55 2
      vertex 39.45 -11.45 2
    endloop
  endfacet
  facet normal 0 0 1
    outer loop
      vertex 39.45 -12.55 2
      vertex 36.55 -11.45 2
      vertex 36.55 -12.55 2
    endloop
  endfacet
  facet normal -0 0 1
    outer loop
      vertex 36.55 -7.45 2
      vertex 39.45 -8.55 2
      vertex 39.45 -7.45 2
    endloop
  endfacet
  facet normal 0 0 1
    outer loop
      vertex 39.45 -8.55 2
      vertex 36.55 -7.45 2
      vertex 36.55 -8.55 2
    endloop
  endfacet
  facet normal -0 0 1
    outer loop
      vertex 36.55 -3.45 2
      vertex 39.45 -4.55 2
      vertex 39.45 -3.45 2
    endloop
  endfacet
  facet normal 0 0 1
    outer loop
      vertex 39.45 -4.55 2
      vertex 36.55 -3.45 2
      vertex 36.55 -4.55 2
    endloop
  endfacet
  facet normal -0 0 1
    outer loop
      vertex 36.55 0.549999 2
      vertex 39.45 -0.549999 2
      vertex 39.45 0.549999 2
    endloop
  endfacet
  facet normal 0 0 1
    outer loop
      vertex 39.45 -0.549999 2
      vertex 36.55 0.549999 2
      vertex 36.55 -0.549999 2
    endloop
  endfacet
  facet normal -0 0 1
    outer loop
      vertex 36.55 4.55 2
      vertex 39.45 3.45 2
      vertex 39.45 4.55 2
    endloop
  endfacet
  facet normal 0 0 1
    outer loop
      vertex 39.45 3.45 2
      vertex 36.55 4.55 2
      vertex 36.55 3.45 2
    endloop
  endfacet
  facet normal -0 0 1
    outer loop
      vertex 36.55 8.55 2
      vertex 39.45 7.45 2
      vertex 39.45 8.55 2
    endloop
  endfacet
  facet normal 0 0 1
    outer loop
      vertex 39.45 7.45 2
      vertex 36.55 8.55 2
      vertex 36.55 7.45 2
    endloop
  endfacet
  facet normal -0 0 1
    outer loop
      vertex 36.55 12.55 2
      vertex 39.45 11.45 2
      vertex 39.45 12.55 2
    endloop
  endfacet
  facet normal 0 0 1
    outer loop
      vertex 39.45 11.45 2
      vertex 36.55 12.55 2
      vertex 36.55 11.45 2
    endloop
  endfacet
  facet normal -0 0 1
    outer loop
      vertex 40.55 -11.45 2
      vertex 43.45 -12.55 2
      vertex 43.45 -11.45 2
    endloop
  endfacet
  facet normal 0 0 1
    outer loop
      vertex 43.45 -12.55 2
      vertex 40.55 -11.45 2
      vertex 40.55 -12.55 2
    endloop
  endfacet
  facet normal -0 0 1
    outer loop
      vertex 40.55 -7.45 2
      vertex 43.45 -8.55 2
      vertex 43.45 -7.45 2
    endloop
  endfacet
  facet normal 0 0 1
    outer loop
      vertex 43.45 -8.55 2
      vertex 40.55 -7.45 2
      vertex 40.55 -8.55 2
    endloop
  endfacet
  facet normal -0 0 1
    outer loop
      vertex 40.55 -3.45 2
      vertex 43.45 -4.55 2
      vertex 43.45 -3.45 2
    endloop
  endfacet
  facet normal 0 0 1
    outer loop
      vertex 43.45 -4.55 2
      vertex 40.55 -3.45 2
      vertex 40.55 -4.55 2
    endloop
  endfacet
  facet normal -0 0 1
    outer loop
      vertex 40.55 0.549999 2
      vertex 43.45 -0.549999 2
      vertex 43.45 0.549999 2
    endloop
  endfacet
  facet normal 0 0 1
    outer loop
      vertex 43.45 -0.549999 2
      vertex 40.55 0.549999 2
      vertex 40.55 -0.549999 2
    endloop
  endfacet
  facet normal -0 0 1
    outer loop
      vertex 40.55 4.55 2
      vertex 43.45 3.45 2
      vertex 43.45 4.55 2
    endloop
  endfacet
  facet normal 0 0 1
    outer loop
      vertex 43.45 3.45 2
      vertex 40.55 4.55 2
      vertex 40.55 3.45 2
    endloop
  endfacet
  facet normal -0 0 1
    outer loop
      vertex 40.55 8.55 2
      vertex 43.45 7.45 2
      vertex 43.45 8.55 2
    endloop
  endfacet
  facet normal 0 0 1
    outer loop
      vertex 43.45 7.45 2
      vertex 40.55 8.55 2
      vertex 40.55 7.45 2
    endloop
  endfacet
  facet normal -0 0 1
    outer loop
      vertex 40.55 12.55 2
      vertex 43.45 11.45 2
      vertex 43.45 12.55 2
    endloop
  endfacet
  facet normal 0 0 1
    outer loop
      vertex 43.45 11.45 2
      vertex 40.55 12.55 2
      vertex 40.55 11.45 2
    endloop
  endfacet
  facet normal -0 0 1
    outer loop
      vertex 44.55 -11.45 2
      vertex 47.45 -12.55 2
      vertex 47.45 -11.45 2
    endloop
  endfacet
  facet normal 0 0 1
    outer loop
      vertex 47.45 -12.55 2
      vertex 44.55 -11.45 2
      vertex 44.55 -12.55 2
    endloop
  endfacet
  facet normal -0 0 1
    outer loop
      vertex 44.55 -7.45 2
      vertex 47.45 -8.55 2
      vertex 47.45 -7.45 2
    endloop
  endfacet
  facet normal 0 0 1
    outer loop
      vertex 47.45 -8.55 2
      vertex 44.55 -7.45 2
      vertex 44.55 -8.55 2
    endloop
  endfacet
  facet normal -0 0 1
    outer loop
      vertex 44.55 -3.45 2
      vertex 47.45 -4.55 2
      vertex 47.45 -3.45 2
    endloop
  endfacet
  facet normal 0 0 1
    outer loop
      vertex 47.45 -4.55 2
      vertex 44.55 -3.45 2
      vertex 44.55 -4.55 2
    endloop
  endfacet
  facet normal -0 0 1
    outer loop
      vertex 44.55 0.549999 2
      vertex 47.45 -0.549999 2
      vertex 47.45 0.549999 2
    endloop
  endfacet
  facet normal 0 0 1
    outer loop
      vertex 47.45 -0.549999 2
      vertex 44.55 0.549999 2
      vertex 44.55 -0.549999 2
    endloop
  endfacet
  facet normal -0 0 1
    outer loop
      vertex 44.55 4.55 2
      vertex 47.45 3.45 2
      vertex 47.45 4.55 2
    endloop
  endfacet
  facet normal 0 0 1
    outer loop
      vertex 47.45 3.45 2
      vertex 44.55 4.55 2
      vertex 44.55 3.45 2
    endloop
  endfacet
  facet normal -0 0 1
    outer loop
      vertex 44.55 8.55 2
      vertex 47.45 7.45 2
      vertex 47.45 8.55 2
    endloop
  endfacet
  facet normal 0 0 1
    outer loop
      vertex 47.45 7.45 2
      vertex 44.55 8.55 2
      vertex 44.55 7.45 2
    endloop
  endfacet
  facet normal -0 0 1
    outer loop
      vertex 44.55 12.55 2
      vertex 47.45 11.45 2
      vertex 47.45 12.55 2
    endloop
  endfacet
  facet normal 0 0 1
    outer loop
      vertex 47.45 11.45 2
      vertex 44.55 12.55 2
      vertex 44.55 11.45 2
    endloop
  endfacet
  facet normal -0 0 1
    outer loop
      vertex 48.55 -11.45 2
      vertex 51.45 -12.55 2
      vertex 51.45 -11.45 2
    endloop
  endfacet
  facet normal 0 0 1
    outer loop
      vertex 51.45 -12.55 2
      vertex 48.55 -11.45 2
      vertex 48.55 -12.55 2
    endloop
  endfacet
  facet normal -0 0 1
    outer loop
      vertex 48.55 -7.45 2
      vertex 51.45 -8.55 2
      vertex 51.45 -7.45 2
    endloop
  endfacet
  facet normal 0 0 1
    outer loop
      vertex 51.45 -8.55 2
      vertex 48.55 -7.45 2
      vertex 48.55 -8.55 2
    endloop
  endfacet
  facet normal -0 0 1
    outer loop
      vertex 48.55 -3.45 2
      vertex 51.45 -4.55 2
      vertex 51.45 -3.45 2
    endloop
  endfacet
  facet normal 0 0 1
    outer loop
      vertex 51.45 -4.55 2
      vertex 48.55 -3.45 2
      vertex 48.55 -4.55 2
    endloop
  endfacet
  facet normal -0 0 1
    outer loop
      vertex 48.55 0.549999 2
      vertex 51.45 -0.549999 2
      vertex 51.45 0.549999 2
    endloop
  endfacet
  facet normal 0 0 1
    outer loop
      vertex 51.45 -0.549999 2
      vertex 48.55 0.549999 2
      vertex 48.55 -0.549999 2
    endloop
  endfacet
  facet normal -0 0 1
    outer loop
      vertex 48.55 4.55 2
      vertex 51.45 3.45 2
      vertex 51.45 4.55 2
    endloop
  endfacet
  facet normal 0 0 1
    outer loop
      vertex 51.45 3.45 2
      vertex 48.55 4.55 2
      vertex 48.55 3.45 2
    endloop
  endfacet
  facet normal -0 0 1
    outer loop
      vertex 48.55 8.55 2
      vertex 51.45 7.45 2
      vertex 51.45 8.55 2
    endloop
  endfacet
  facet normal 0 0 1
    outer loop
      vertex 51.45 7.45 2
      vertex 48.55 8.55 2
      vertex 48.55 7.45 2
    endloop
  endfacet
  facet normal -0 0 1
    outer loop
      vertex 48.55 12.55 2
      vertex 51.45 11.45 2
      vertex 51.45 12.55 2
    endloop
  endfacet
  facet normal 0 0 1
    outer loop
      vertex 51.45 11.45 2
      vertex 48.55 12.55 2
      vertex 48.55 11.45 2
    endloop
  endfacet
  facet normal -0 0 1
    outer loop
      vertex 52.55 -11.45 2
      vertex 55.45 -12.55 2
      vertex 55.45 -11.45 2
    endloop
  endfacet
  facet normal 0 0 1
    outer loop
      vertex 55.45 -12.55 2
      vertex 52.55 -11.45 2
      vertex 52.55 -12.55 2
    endloop
  endfacet
  facet normal -0 0 1
    outer loop
      vertex 52.55 -7.45 2
      vertex 55.45 -8.55 2
      vertex 55.45 -7.45 2
    endloop
  endfacet
  facet normal 0 0 1
    outer loop
      vertex 55.45 -8.55 2
      vertex 52.55 -7.45 2
      vertex 52.55 -8.55 2
    endloop
  endfacet
  facet normal -0 0 1
    outer loop
      vertex 52.55 -3.45 2
      vertex 55.45 -4.55 2
      vertex 55.45 -3.45 2
    endloop
  endfacet
  facet normal 0 0 1
    outer loop
      vertex 55.45 -4.55 2
      vertex 52.55 -3.45 2
      vertex 52.55 -4.55 2
    endloop
  endfacet
  facet normal -0 0 1
    outer loop
      vertex 52.55 0.549999 2
      vertex 55.45 -0.549999 2
      vertex 55.45 0.549999 2
    endloop
  endfacet
  facet normal 0 0 1
    outer loop
      vertex 55.45 -0.549999 2
      vertex 52.55 0.549999 2
      vertex 52.55 -0.549999 2
    endloop
  endfacet
  facet normal -0 0 1
    outer loop
      vertex 52.55 4.55 2
      vertex 55.45 3.45 2
      vertex 55.45 4.55 2
    endloop
  endfacet
  facet normal 0 0 1
    outer loop
      vertex 55.45 3.45 2
      vertex 52.55 4.55 2
      vertex 52.55 3.45 2
    endloop
  endfacet
  facet normal -0 0 1
    outer loop
      vertex 52.55 8.55 2
      vertex 55.45 7.45 2
      vertex 55.45 8.55 2
    endloop
  endfacet
  facet normal 0 0 1
    outer loop
      vertex 55.45 7.45 2
      vertex 52.55 8.55 2
      vertex 52.55 7.45 2
    endloop
  endfacet
  facet normal -0 0 1
    outer loop
      vertex 52.55 12.55 2
      vertex 55.45 11.45 2
      vertex 55.45 12.55 2
    endloop
  endfacet
  facet normal 0 0 1
    outer loop
      vertex 55.45 11.45 2
      vertex 52.55 12.55 2
      vertex 52.55 11.45 2
    endloop
  endfacet
  facet normal -0 0 1
    outer loop
      vertex 56.55 -11.45 2
      vertex 59.45 -12.55 2
      vertex 59.45 -11.45 2
    endloop
  endfacet
  facet normal 0 0 1
    outer loop
      vertex 59.45 -12.55 2
      vertex 56.55 -11.45 2
      vertex 56.55 -12.55 2
    endloop
  endfacet
  facet normal -0 0 1
    outer loop
      vertex 56.55 -7.45 2
      vertex 59.45 -8.55 2
      vertex 59.45 -7.45 2
    endloop
  endfacet
  facet normal 0 0 1
    outer loop
      vertex 59.45 -8.55 2
      vertex 56.55 -7.45 2
      vertex 56.55 -8.55 2
    endloop
  endfacet
  facet normal -0 0 1
    outer loop
      vertex 56.55 -3.45 2
      vertex 59.45 -4.55 2
      vertex 59.45 -3.45 2
    endloop
  endfacet
  facet normal 0 0 1
    outer loop
      vertex 59.45 -4.55 2
      vertex 56.55 -3.45 2
      vertex 56.55 -4.55 2
    endloop
  endfacet
  facet normal -0 0 1
    outer loop
      vertex 56.55 0.549999 2
      vertex 59.45 -0.549999 2
      vertex 59.45 0.549999 2
    endloop
  endfacet
  facet normal 0 0 1
    outer loop
      vertex 59.45 -0.549999 2
      vertex 56.55 0.549999 2
      vertex 56.55 -0.549999 2
    endloop
  endfacet
  facet normal -0 0 1
    outer loop
      vertex 56.55 4.55 2
      vertex 59.45 3.45 2
      vertex 59.45 4.55 2
    endloop
  endfacet
  facet normal 0 0 1
    outer loop
      vertex 59.45 3.45 2
      vertex 56.55 4.55 2
      vertex 56.55 3.45 2
    endloop
  endfacet
  facet normal -0 0 1
    outer loop
      vertex 56.55 8.55 2
      vertex 59.45 7.45 2
      vertex 59.45 8.55 2
    endloop
  endfacet
  facet normal 0 0 1
    outer loop
      vertex 59.45 7.45 2
      vertex 56.55 8.55 2
      vertex 56.55 7.45 2
    endloop
  endfacet
  facet normal -0 0 1
    outer loop
      vertex 56.55 12.55 2
      vertex 59.45 11.45 2
      vertex 59.45 12.55 2
    endloop
  endfacet
  facet normal 0 0 1
    outer loop
      vertex 59.45 11.45 2
      vertex 56.55 12.55 2
      vertex 56.55 11.45 2
    endloop
  endfacet
  facet normal -0 0 1
    outer loop
      vertex 60.55 -11.45 2
      vertex 63.45 -12.55 2
      vertex 63.45 -11.45 2
    endloop
  endfacet
  facet normal 0 0 1
    outer loop
      vertex 63.45 -12.55 2
      vertex 60.55 -11.45 2
      vertex 60.55 -12.55 2
    endloop
  endfacet
  facet normal -0 0 1
    outer loop
      vertex 60.55 -7.45 2
      vertex 63.45 -8.55 2
      vertex 63.45 -7.45 2
    endloop
  endfacet
  facet normal 0 0 1
    outer loop
      vertex 63.45 -8.55 2
      vertex 60.55 -7.45 2
      vertex 60.55 -8.55 2
    endloop
  endfacet
  facet normal -0 0 1
    outer loop
      vertex 60.55 -3.45 2
      vertex 63.45 -4.55 2
      vertex 63.45 -3.45 2
    endloop
  endfacet
  facet normal 0 0 1
    outer loop
      vertex 63.45 -4.55 2
      vertex 60.55 -3.45 2
      vertex 60.55 -4.55 2
    endloop
  endfacet
  facet normal -0 0 1
    outer loop
      vertex 60.55 0.549999 2
      vertex 63.45 -0.549999 2
      vertex 63.45 0.549999 2
    endloop
  endfacet
  facet normal 0 0 1
    outer loop
      vertex 63.45 -0.549999 2
      vertex 60.55 0.549999 2
      vertex 60.55 -0.549999 2
    endloop
  endfacet
  facet normal -0 0 1
    outer loop
      vertex 60.55 4.55 2
      vertex 63.45 3.45 2
      vertex 63.45 4.55 2
    endloop
  endfacet
  facet normal 0 0 1
    outer loop
      vertex 63.45 3.45 2
      vertex 60.55 4.55 2
      vertex 60.55 3.45 2
    endloop
  endfacet
  facet normal -0 0 1
    outer loop
      vertex 60.55 8.55 2
      vertex 63.45 7.45 2
      vertex 63.45 8.55 2
    endloop
  endfacet
  facet normal 0 0 1
    outer loop
      vertex 63.45 7.45 2
      vertex 60.55 8.55 2
      vertex 60.55 7.45 2
    endloop
  endfacet
  facet normal -0 0 1
    outer loop
      vertex 60.55 12.55 2
      vertex 63.45 11.45 2
      vertex 63.45 12.55 2
    endloop
  endfacet
  facet normal 0 0 1
    outer loop
      vertex 63.45 11.45 2
      vertex 60.55 12.55 2
      vertex 60.55 11.45 2
    endloop
  endfacet
  facet normal -0 0 1
    outer loop
      vertex 63.45 15.45 2
      vertex 64.4 15.4 2
      vertex 64.3914 15.5305 2
    endloop
  endfacet
  facet normal 0 0 1
    outer loop
      vertex 64.4 15.4 2
      vertex 63.45 0.549999 2
      vertex 64.4 -15.4 2
    endloop
  endfacet
  facet normal 0 0 1
    outer loop
      vertex 63.45 15.45 2
      vertex 64.3914 15.5305 2
      vertex 64.3659 15.6588 2
    endloop
  endfacet
  facet normal -0 0 1
    outer loop
      vertex 63.45 -0.549999 2
      vertex 64.4 -15.4 2
      vertex 63.45 0.549999 2
    endloop
  endfacet
  facet normal 0 0 1
    outer loop
      vertex 63.45 15.45 2
      vertex 64.3659 15.6588 2
      vertex 64.3239 15.7827 2
    endloop
  endfacet
  facet normal -0 0 1
    outer loop
      vertex 63.45 -3.45 2
      vertex 64.4 -15.4 2
      vertex 63.45 -0.549999 2
    endloop
  endfacet
  facet normal 0 0 1
    outer loop
      vertex 63.45 15.45 2
      vertex 64.3239 15.7827 2
      vertex 64.266 15.9 2
    endloop
  endfacet
  facet normal -0 0 1
    outer loop
      vertex 63.45 -4.55 2
      vertex 64.4 -15.4 2
      vertex 63.45 -3.45 2
    endloop
  endfacet
  facet normal 0 0 1
    outer loop
      vertex 63.45 15.45 2
      vertex 64.266 15.9 2
      vertex 64.1933 16.0087 2
    endloop
  endfacet
  facet normal -0 0 1
    outer loop
      vertex 63.45 -7.45 2
      vertex 64.4 -15.4 2
      vertex 63.45 -4.55 2
    endloop
  endfacet
  facet normal 0 0 1
    outer loop
      vertex 63.45 15.45 2
      vertex 64.1933 16.0087 2
      vertex 64.1071 16.1071 2
    endloop
  endfacet
  facet normal -0 0 1
    outer loop
      vertex 63.45 -8.55 2
      vertex 64.4 -15.4 2
      vertex 63.45 -7.45 2
    endloop
  endfacet
  facet normal 0 0 1
    outer loop
      vertex 63.45 15.45 2
      vertex 64.1071 16.1071 2
      vertex 64.0087 16.1933 2
    endloop
  endfacet
  facet normal -0 0 1
    outer loop
      vertex 63.45 -11.45 2
      vertex 64.4 -15.4 2
      vertex 63.45 -8.55 2
    endloop
  endfacet
  facet normal 0 0 1
    outer loop
      vertex 63.45 15.45 2
      vertex 64.0087 16.1933 2
      vertex 63.9 16.266 2
    endloop
  endfacet
  facet normal 0 0 1
    outer loop
      vertex 64.4 15.4 2
      vertex 63.45 3.45 2
      vertex 63.45 0.549999 2
    endloop
  endfacet
  facet normal 0 0 1
    outer loop
      vertex 63.45 15.45 2
      vertex 63.9 16.266 2
      vertex 63.7827 16.3239 2
    endloop
  endfacet
  facet normal -0 0 1
    outer loop
      vertex 63.45 -12.55 2
      vertex 64.4 -15.4 2
      vertex 63.45 -11.45 2
    endloop
  endfacet
  facet normal 0 0 1
    outer loop
      vertex 63.45 15.45 2
      vertex 63.7827 16.3239 2
      vertex 63.6588 16.3659 2
    endloop
  endfacet
  facet normal 0 0 1
    outer loop
      vertex 64.4 15.4 2
      vertex 63.45 4.55 2
      vertex 63.45 3.45 2
    endloop
  endfacet
  facet normal 0 0 1
    outer loop
      vertex 63.45 15.45 2
      vertex 63.6588 16.3659 2
      vertex 63.5305 16.3914 2
    endloop
  endfacet
  facet normal 0 0 1
    outer loop
      vertex 64.4 15.4 2
      vertex 63.45 8.55 2
      vertex 63.45 7.45 2
    endloop
  endfacet
  facet normal 0 0 1
    outer loop
      vertex 64.4 15.4 2
      vertex 63.45 15.45 2
      vertex 63.45 12.55 2
    endloop
  endfacet
  facet normal 0 0 1
    outer loop
      vertex 63.4 16.4 2
      vertex 63.45 15.45 2
      vertex 63.5305 16.3914 2
    endloop
  endfacet
  facet normal 0 0 1
    outer loop
      vertex 63.4 16.4 2
      vertex 60.55 15.45 2
      vertex 63.45 15.45 2
    endloop
  endfacet
  facet normal 0 0 1
    outer loop
      vertex 59.45 12.55 2
      vertex 60.55 12.55 2
      vertex 60.55 15.45 2
    endloop
  endfacet
  facet normal 0 0 1
    outer loop
      vertex 60.55 12.55 2
      vertex 59.45 12.55 2
      vertex 60.55 11.45 2
    endloop
  endfacet
  facet normal 0 0 1
    outer loop
      vertex 60.55 11.45 2
      vertex 59.45 11.45 2
      vertex 60.55 8.55 2
    endloop
  endfacet
  facet normal 0 0 1
    outer loop
      vertex 59.45 8.55 2
      vertex 60.55 8.55 2
      vertex 59.45 11.45 2
    endloop
  endfacet
  facet normal 0 0 1
    outer loop
      vertex 59.45 7.45 2
      vertex 60.55 7.45 2
      vertex 59.45 8.55 2
    endloop
  endfacet
  facet normal 0 0 1
    outer loop
      vertex 60.55 7.45 2
      vertex 59.45 7.45 2
      vertex 60.55 4.55 2
    endloop
  endfacet
  facet normal 0 0 1
    outer loop
      vertex 60.55 4.55 2
      vertex 59.45 4.55 2
      vertex 60.55 3.45 2
    endloop
  endfacet
  facet normal 0 0 1
    outer loop
      vertex 59.45 3.45 2
      vertex 60.55 3.45 2
      vertex 59.45 4.55 2
    endloop
  endfacet
  facet normal 0 0 1
    outer loop
      vertex 59.45 0.549999 2
      vertex 60.55 0.549999 2
      vertex 59.45 3.45 2
    endloop
  endfacet
  facet normal 0 0 1
    outer loop
      vertex 60.55 0.549999 2
      vertex 59.45 0.549999 2
      vertex 60.55 -0.549999 2
    endloop
  endfacet
  facet normal 0 0 1
    outer loop
      vertex 60.55 -0.549999 2
      vertex 59.45 -0.549999 2
      vertex 60.55 -3.45 2
    endloop
  endfacet
  facet normal 0 0 1
    outer loop
      vertex 59.45 -3.45 2
      vertex 60.55 -3.45 2
      vertex 59.45 -0.549999 2
    endloop
  endfacet
  facet normal 0 0 1
    outer loop
      vertex 59.45 -4.55 2
      vertex 60.55 -4.55 2
      vertex 59.45 -3.45 2
    endloop
  endfacet
  facet normal 0 0 1
    outer loop
      vertex 60.55 -4.55 2
      vertex 59.45 -4.55 2
      vertex 60.55 -7.45 2
    endloop
  endfacet
  facet normal 0 0 1
    outer loop
      vertex 59.45 12.55 2
      vertex 60.55 15.45 2
      vertex 59.45 15.45 2
    endloop
  endfacet
  facet normal 0 0 1
    outer loop
      vertex 63.4 16.4 2
      vertex 59.45 15.45 2
      vertex 60.55 15.45 2
    endloop
  endfacet
  facet normal 0 0 1
    outer loop
      vertex 63.4 16.4 2
      vertex 56.55 15.45 2
      vertex 59.45 15.45 2
    endloop
  endfacet
  facet normal 0 0 1
    outer loop
      vertex 55.45 12.55 2
      vertex 56.55 12.55 2
      vertex 56.55 15.45 2
    endloop
  endfacet
  facet normal 0 0 1
    outer loop
      vertex 56.55 12.55 2
      vertex 55.45 12.55 2
      vertex 56.55 11.45 2
    endloop
  endfacet
  facet normal 0 0 1
    outer loop
      vertex 56.55 11.45 2
      vertex 55.45 11.45 2
      vertex 56.55 8.55 2
    endloop
  endfacet
  facet normal 0 0 1
    outer loop
      vertex 55.45 8.55 2
      vertex 56.55 8.55 2
      vertex 55.45 11.45 2
    endloop
  endfacet
  facet normal 0 0 1
    outer loop
      vertex 55.45 7.45 2
      vertex 56.55 7.45 2
      vertex 55.45 8.55 2
    endloop
  endfacet
  facet normal 0 0 1
    outer loop
      vertex 56.55 7.45 2
      vertex 55.45 7.45 2
      vertex 56.55 4.55 2
    endloop
  endfacet
  facet normal 0 0 1
    outer loop
      vertex 56.55 4.55 2
      vertex 55.45 4.55 2
      vertex 56.55 3.45 2
    endloop
  endfacet
  facet normal 0 0 1
    outer loop
      vertex 55.45 3.45 2
      vertex 56.55 3.45 2
      vertex 55.45 4.55 2
    endloop
  endfacet
  facet normal 0 0 1
    outer loop
      vertex 55.45 0.549999 2
      vertex 56.55 0.549999 2
      vertex 55.45 3.45 2
    endloop
  endfacet
  facet normal 0 0 1
    outer loop
      vertex 56.55 0.549999 2
      vertex 55.45 0.549999 2
      vertex 56.55 -0.549999 2
    endloop
  endfacet
  facet normal 0 0 1
    outer loop
      vertex 56.55 -0.549999 2
      vertex 55.45 -0.549999 2
      vertex 56.55 -3.45 2
    endloop
  endfacet
  facet normal 0 0 1
    outer loop
      vertex 55.45 -3.45 2
      vertex 56.55 -3.45 2
      vertex 55.45 -0.549999 2
    endloop
  endfacet
  facet normal 0 0 1
    outer loop
      vertex 55.45 -4.55 2
      vertex 56.55 -4.55 2
      vertex 55.45 -3.45 2
    endloop
  endfacet
  facet normal 0 0 1
    outer loop
      vertex 56.55 -4.55 2
      vertex 55.45 -4.55 2
      vertex 56.55 -7.45 2
    endloop
  endfacet
  facet normal 0 0 1
    outer loop
      vertex 55.45 12.55 2
      vertex 56.55 15.45 2
      vertex 55.45 15.45 2
    endloop
  endfacet
  facet normal 0 0 1
    outer loop
      vertex 63.4 16.4 2
      vertex 55.45 15.45 2
      vertex 56.55 15.45 2
    endloop
  endfacet
  facet normal 0 0 1
    outer loop
      vertex 63.4 16.4 2
      vertex 52.55 15.45 2
      vertex 55.45 15.45 2
    endloop
  endfacet
  facet normal 0 0 1
    outer loop
      vertex 51.45 12.55 2
      vertex 52.55 12.55 2
      vertex 52.55 15.45 2
    endloop
  endfacet
  facet normal 0 0 1
    outer loop
      vertex 52.55 12.55 2
      vertex 51.45 12.55 2
      vertex 52.55 11.45 2
    endloop
  endfacet
  facet normal 0 0 1
    outer loop
      vertex 52.55 11.45 2
      vertex 51.45 11.45 2
      vertex 52.55 8.55 2
    endloop
  endfacet
  facet normal 0 0 1
    outer loop
      vertex 51.45 8.55 2
      vertex 52.55 8.55 2
      vertex 51.45 11.45 2
    endloop
  endfacet
  facet normal 0 0 1
    outer loop
      vertex 51.45 7.45 2
      vertex 52.55 7.45 2
      vertex 51.45 8.55 2
    endloop
  endfacet
  facet normal 0 0 1
    outer loop
      vertex 52.55 7.45 2
      vertex 51.45 7.45 2
      vertex 52.55 4.55 2
    endloop
  endfacet
  facet normal 0 0 1
    outer loop
      vertex 52.55 4.55 2
      vertex 51.45 4.55 2
      vertex 52.55 3.45 2
    endloop
  endfacet
  facet normal 0 0 1
    outer loop
      vertex 51.45 3.45 2
      vertex 52.55 3.45 2
      vertex 51.45 4.55 2
    endloop
  endfacet
  facet normal 0 0 1
    outer loop
      vertex 51.45 0.549999 2
      vertex 52.55 0.549999 2
      vertex 51.45 3.45 2
    endloop
  endfacet
  facet normal 0 0 1
    outer loop
      vertex 52.55 0.549999 2
      vertex 51.45 0.549999 2
      vertex 52.55 -0.549999 2
    endloop
  endfacet
  facet normal 0 0 1
    outer loop
      vertex 52.55 -0.549999 2
      vertex 51.45 -0.549999 2
      vertex 52.55 -3.45 2
    endloop
  endfacet
  facet normal 0 0 1
    outer loop
      vertex 51.45 -3.45 2
      vertex 52.55 -3.45 2
      vertex 51.45 -0.549999 2
    endloop
  endfacet
  facet normal 0 0 1
    outer loop
      vertex 51.45 -4.55 2
      vertex 52.55 -4.55 2
      vertex 51.45 -3.45 2
    endloop
  endfacet
  facet normal 0 0 1
    outer loop
      vertex 52.55 -4.55 2
      vertex 51.45 -4.55 2
      vertex 52.55 -7.45 2
    endloop
  endfacet
  facet normal 0 0 1
    outer loop
      vertex 51.45 12.55 2
      vertex 52.55 15.45 2
      vertex 51.45 15.45 2
    endloop
  endfacet
  facet normal 0 0 1
    outer loop
      vertex 63.4 16.4 2
      vertex 51.45 15.45 2
      vertex 52.55 15.45 2
    endloop
  endfacet
  facet normal 0 0 1
    outer loop
      vertex 63.4 16.4 2
      vertex 48.55 15.45 2
      vertex 51.45 15.45 2
    endloop
  endfacet
  facet normal 0 0 1
    outer loop
      vertex 47.45 12.55 2
      vertex 48.55 12.55 2
      vertex 48.55 15.45 2
    endloop
  endfacet
  facet normal 0 0 1
    outer loop
      vertex 48.55 12.55 2
      vertex 47.45 12.55 2
      vertex 48.55 11.45 2
    endloop
  endfacet
  facet normal 0 0 1
    outer loop
      vertex 48.55 11.45 2
      vertex 47.45 11.45 2
      vertex 48.55 8.55 2
    endloop
  endfacet
  facet normal 0 0 1
    outer loop
      vertex 47.45 8.55 2
      vertex 48.55 8.55 2
      vertex 47.45 11.45 2
    endloop
  endfacet
  facet normal 0 0 1
    outer loop
      vertex 47.45 7.45 2
      vertex 48.55 7.45 2
      vertex 47.45 8.55 2
    endloop
  endfacet
  facet normal 0 0 1
    outer loop
      vertex 48.55 7.45 2
      vertex 47.45 7.45 2
      vertex 48.55 4.55 2
    endloop
  endfacet
  facet normal 0 0 1
    outer loop
      vertex 48.55 4.55 2
      vertex 47.45 4.55 2
      vertex 48.55 3.45 2
    endloop
  endfacet
  facet normal 0 0 1
    outer loop
      vertex 47.45 3.45 2
      vertex 48.55 3.45 2
      vertex 47.45 4.55 2
    endloop
  endfacet
  facet normal 0 0 1
    outer loop
      vertex 47.45 0.549999 2
      vertex 48.55 0.549999 2
      vertex 47.45 3.45 2
    endloop
  endfacet
  facet normal 0 0 1
    outer loop
      vertex 48.55 0.549999 2
      vertex 47.45 0.549999 2
      vertex 48.55 -0.549999 2
    endloop
  endfacet
  facet normal 0 0 1
    outer loop
      vertex 48.55 -0.549999 2
      vertex 47.45 -0.549999 2
      vertex 48.55 -3.45 2
    endloop
  endfacet
  facet normal 0 0 1
    outer loop
      vertex 47.45 -3.45 2
      vertex 48.55 -3.45 2
      vertex 47.45 -0.549999 2
    endloop
  endfacet
  facet normal 0 0 1
    outer loop
      vertex 47.45 -4.55 2
      vertex 48.55 -4.55 2
      vertex 47.45 -3.45 2
    endloop
  endfacet
  facet normal 0 0 1
    outer loop
      vertex 48.55 -4.55 2
      vertex 47.45 -4.55 2
      vertex 48.55 -7.45 2
    endloop
  endfacet
  facet normal 0 0 1
    outer loop
      vertex 47.45 12.55 2
      vertex 48.55 15.45 2
      vertex 47.45 15.45 2
    endloop
  endfacet
  facet normal 0 0 1
    outer loop
      vertex 63.4 16.4 2
      vertex 47.45 15.45 2
      vertex 48.55 15.45 2
    endloop
  endfacet
  facet normal 0 0 1
    outer loop
      vertex 63.4 16.4 2
      vertex 44.55 15.45 2
      vertex 47.45 15.45 2
    endloop
  endfacet
  facet normal 0 0 1
    outer loop
      vertex 43.45 12.55 2
      vertex 44.55 12.55 2
      vertex 44.55 15.45 2
    endloop
  endfacet
  facet normal 0 0 1
    outer loop
      vertex 44.55 12.55 2
      vertex 43.45 12.55 2
      vertex 44.55 11.45 2
    endloop
  endfacet
  facet normal 0 0 1
    outer loop
      vertex 44.55 11.45 2
      vertex 43.45 11.45 2
      vertex 44.55 8.55 2
    endloop
  endfacet
  facet normal 0 0 1
    outer loop
      vertex 43.45 8.55 2
      vertex 44.55 8.55 2
      vertex 43.45 11.45 2
    endloop
  endfacet
  facet normal 0 0 1
    outer loop
      vertex 43.45 7.45 2
      vertex 44.55 7.45 2
      vertex 43.45 8.55 2
    endloop
  endfacet
  facet normal 0 0 1
    outer loop
      vertex 44.55 7.45 2
      vertex 43.45 7.45 2
      vertex 44.55 4.55 2
    endloop
  endfacet
  facet normal 0 0 1
    outer loop
      vertex 44.55 4.55 2
      vertex 43.45 4.55 2
      vertex 44.55 3.45 2
    endloop
  endfacet
  facet normal 0 0 1
    outer loop
      vertex 43.45 3.45 2
      vertex 44.55 3.45 2
      vertex 43.45 4.55 2
    endloop
  endfacet
  facet normal 0 0 1
    outer loop
      vertex 43.45 0.549999 2
      vertex 44.55 0.549999 2
      vertex 43.45 3.45 2
    endloop
  endfacet
  facet normal 0 0 1
    outer loop
      vertex 44.55 0.549999 2
      vertex 43.45 0.549999 2
      vertex 44.55 -0.549999 2
    endloop
  endfacet
  facet normal 0 0 1
    outer loop
      vertex 44.55 -0.549999 2
      vertex 43.45 -0.549999 2
      vertex 44.55 -3.45 2
    endloop
  endfacet
  facet normal 0 0 1
    outer loop
      vertex 43.45 -3.45 2
      vertex 44.55 -3.45 2
      vertex 43.45 -0.549999 2
    endloop
  endfacet
  facet normal 0 0 1
    outer loop
      vertex 43.45 -4.55 2
      vertex 44.55 -4.55 2
      vertex 43.45 -3.45 2
    endloop
  endfacet
  facet normal 0 0 1
    outer loop
      vertex 44.55 -4.55 2
      vertex 43.45 -4.55 2
      vertex 44.55 -7.45 2
    endloop
  endfacet
  facet normal 0 0 1
    outer loop
      vertex 43.45 12.55 2
      vertex 44.55 15.45 2
      vertex 43.45 15.45 2
    endloop
  endfacet
  facet normal 0 0 1
    outer loop
      vertex 63.4 16.4 2
      vertex 43.45 15.45 2
      vertex 44.55 15.45 2
    endloop
  endfacet
  facet normal 0 0 1
    outer loop
      vertex 63.4 16.4 2
      vertex 40.55 15.45 2
      vertex 43.45 15.45 2
    endloop
  endfacet
  facet normal 0 0 1
    outer loop
      vertex 39.45 12.55 2
      vertex 40.55 12.55 2
      vertex 40.55 15.45 2
    endloop
  endfacet
  facet normal 0 0 1
    outer loop
      vertex 40.55 12.55 2
      vertex 39.45 12.55 2
      vertex 40.55 11.45 2
    endloop
  endfacet
  facet normal 0 0 1
    outer loop
      vertex 40.55 11.45 2
      vertex 39.45 11.45 2
      vertex 40.55 8.55 2
    endloop
  endfacet
  facet normal 0 0 1
    outer loop
      vertex 39.45 8.55 2
      vertex 40.55 8.55 2
      vertex 39.45 11.45 2
    endloop
  endfacet
  facet normal 0 0 1
    outer loop
      vertex 39.45 7.45 2
      vertex 40.55 7.45 2
      vertex 39.45 8.55 2
    endloop
  endfacet
  facet normal 0 0 1
    outer loop
      vertex 40.55 7.45 2
      vertex 39.45 7.45 2
      vertex 40.55 4.55 2
    endloop
  endfacet
  facet normal 0 0 1
    outer loop
      vertex 40.55 4.55 2
      vertex 39.45 4.55 2
      vertex 40.55 3.45 2
    endloop
  endfacet
  facet normal 0 0 1
    outer loop
      vertex 39.45 3.45 2
      vertex 40.55 3.45 2
      vertex 39.45 4.55 2
    endloop
  endfacet
  facet normal 0 0 1
    outer loop
      vertex 39.45 0.549999 2
      vertex 40.55 0.549999 2
      vertex 39.45 3.45 2
    endloop
  endfacet
  facet normal 0 0 1
    outer loop
      vertex 40.55 0.549999 2
      vertex 39.45 0.549999 2
      vertex 40.55 -0.549999 2
    endloop
  endfacet
  facet normal 0 0 1
    outer loop
      vertex 40.55 -0.549999 2
      vertex 39.45 -0.549999 2
      vertex 40.55 -3.45 2
    endloop
  endfacet
  facet normal 0 0 1
    outer loop
      vertex 39.45 -3.45 2
      vertex 40.55 -3.45 2
      vertex 39.45 -0.549999 2
    endloop
  endfacet
  facet normal 0 0 1
    outer loop
      vertex 39.45 -4.55 2
      vertex 40.55 -4.55 2
      vertex 39.45 -3.45 2
    endloop
  endfacet
  facet normal 0 0 1
    outer loop
      vertex 40.55 -4.55 2
      vertex 39.45 -4.55 2
      vertex 40.55 -7.45 2
    endloop
  endfacet
  facet normal 0 0 1
    outer loop
      vertex 39.45 12.55 2
      vertex 40.55 15.45 2
      vertex 39.45 15.45 2
    endloop
  endfacet
  facet normal 0 0 1
    outer loop
      vertex 63.4 16.4 2
      vertex 39.45 15.45 2
      vertex 40.55 15.45 2
    endloop
  endfacet
  facet normal 0 0 1
    outer loop
      vertex 63.4 16.4 2
      vertex 36.55 15.45 2
      vertex 39.45 15.45 2
    endloop
  endfacet
  facet normal 0 0 1
    outer loop
      vertex 35.45 12.55 2
      vertex 36.55 12.55 2
      vertex 36.55 15.45 2
    endloop
  endfacet
  facet normal 0 0 1
    outer loop
      vertex 36.55 12.55 2
      vertex 35.45 12.55 2
      vertex 36.55 11.45 2
    endloop
  endfacet
  facet normal 0 0 1
    outer loop
      vertex 36.55 11.45 2
      vertex 35.45 11.45 2
      vertex 36.55 8.55 2
    endloop
  endfacet
  facet normal 0 0 1
    outer loop
      vertex 35.45 8.55 2
      vertex 36.55 8.55 2
      vertex 35.45 11.45 2
    endloop
  endfacet
  facet normal 0 0 1
    outer loop
      vertex 35.45 7.45 2
      vertex 36.55 7.45 2
      vertex 35.45 8.55 2
    endloop
  endfacet
  facet normal 0 0 1
    outer loop
      vertex 36.55 7.45 2
      vertex 35.45 7.45 2
      vertex 36.55 4.55 2
    endloop
  endfacet
  facet normal 0 0 1
    outer loop
      vertex 36.55 4.55 2
      vertex 35.45 4.55 2
      vertex 36.55 3.45 2
    endloop
  endfacet
  facet normal 0 0 1
    outer loop
      vertex 35.45 3.45 2
      vertex 36.55 3.45 2
      vertex 35.45 4.55 2
    endloop
  endfacet
  facet normal 0 0 1
    outer loop
      vertex 35.45 0.549999 2
      vertex 36.55 0.549999 2
      vertex 35.45 3.45 2
    endloop
  endfacet
  facet normal 0 0 1
    outer loop
      vertex 36.55 0.549999 2
      vertex 35.45 0.549999 2
      vertex 36.55 -0.549999 2
    endloop
  endfacet
  facet normal 0 0 1
    outer loop
      vertex 36.55 -0.549999 2
      vertex 35.45 -0.549999 2
      vertex 36.55 -3.45 2
    endloop
  endfacet
  facet normal 0 0 1
    outer loop
      vertex 35.45 -3.45 2
      vertex 36.55 -3.45 2
      vertex 35.45 -0.549999 2
    endloop
  endfacet
  facet normal 0 0 1
    outer loop
      vertex 35.45 -4.55 2
      vertex 36.55 -4.55 2
      vertex 35.45 -3.45 2
    endloop
  endfacet
  facet normal 0 0 1
    outer loop
      vertex 36.55 -4.55 2
      vertex 35.45 -4.55 2
      vertex 36.55 -7.45 2
    endloop
  endfacet
  facet normal 0 0 1
    outer loop
      vertex 35.45 12.55 2
      vertex 36.55 15.45 2
      vertex 35.45 15.45 2
    endloop
  endfacet
  facet normal 0 0 1
    outer loop
      vertex 63.4 16.4 2
      vertex 35.45 15.45 2
      vertex 36.55 15.45 2
    endloop
  endfacet
  facet normal 0 0 1
    outer loop
      vertex 63.4 16.4 2
      vertex 32.55 15.45 2
      vertex 35.45 15.45 2
    endloop
  endfacet
  facet normal 0 0 1
    outer loop
      vertex 31.45 12.55 2
      vertex 32.55 12.55 2
      vertex 32.55 15.45 2
    endloop
  endfacet
  facet normal 0 0 1
    outer loop
      vertex 32.55 12.55 2
      vertex 31.45 12.55 2
      vertex 32.55 11.45 2
    endloop
  endfacet
  facet normal 0 0 1
    outer loop
      vertex 32.55 11.45 2
      vertex 31.45 11.45 2
      vertex 32.55 8.55 2
    endloop
  endfacet
  facet normal 0 0 1
    outer loop
      vertex 31.45 8.55 2
      vertex 32.55 8.55 2
      vertex 31.45 11.45 2
    endloop
  endfacet
  facet normal 0 0 1
    outer loop
      vertex 31.45 7.45 2
      vertex 32.55 7.45 2
      vertex 31.45 8.55 2
    endloop
  endfacet
  facet normal 0 0 1
    outer loop
      vertex 32.55 7.45 2
      vertex 31.45 7.45 2
      vertex 32.55 4.55 2
    endloop
  endfacet
  facet normal 0 0 1
    outer loop
      vertex 32.55 4.55 2
      vertex 31.45 4.55 2
      vertex 32.55 3.45 2
    endloop
  endfacet
  facet normal 0 0 1
    outer loop
      vertex 31.45 3.45 2
      vertex 32.55 3.45 2
      vertex 31.45 4.55 2
    endloop
  endfacet
  facet normal 0 0 1
    outer loop
      vertex 31.45 0.549999 2
      vertex 32.55 0.549999 2
      vertex 31.45 3.45 2
    endloop
  endfacet
  facet normal 0 0 1
    outer loop
      vertex 32.55 0.549999 2
      vertex 31.45 0.549999 2
      vertex 32.55 -0.549999 2
    endloop
  endfacet
  facet normal 0 0 1
    outer loop
      vertex 32.55 -0.549999 2
      vertex 31.45 -0.549999 2
      vertex 32.55 -3.45 2
    endloop
  endfacet
  facet normal 0 0 1
    outer loop
      vertex 31.45 -3.45 2
      vertex 32.55 -3.45 2
      vertex 31.45 -0.549999 2
    endloop
  endfacet
  facet normal 0 0 1
    outer loop
      vertex 31.45 -4.55 2
      vertex 32.55 -4.55 2
      vertex 31.45 -3.45 2
    endloop
  endfacet
  facet normal 0 0 1
    outer loop
      vertex 32.55 -4.55 2
      vertex 31.45 -4.55 2
      vertex 32.55 -7.45 2
    endloop
  endfacet
  facet normal 0 0 1
    outer loop
      vertex 31.45 12.55 2
      vertex 32.55 15.45 2
      vertex 31.45 15.45 2
    endloop
  endfacet
  facet normal 0 0 1
    outer loop
      vertex 63.4 16.4 2
      vertex 31.45 15.45 2
      vertex 32.55 15.45 2
    endloop
  endfacet
  facet normal 0 0 1
    outer loop
      vertex 63.4 16.4 2
      vertex 28.55 15.45 2
      vertex 31.45 15.45 2
    endloop
  endfacet
  facet normal 0 0 1
    outer loop
      vertex 27.45 12.55 2
      vertex 28.55 12.55 2
      vertex 28.55 15.45 2
    endloop
  endfacet
  facet normal 0 0 1
    outer loop
      vertex 28.55 12.55 2
      vertex 27.45 12.55 2
      vertex 28.55 11.45 2
    endloop
  endfacet
  facet normal 0 0 1
    outer loop
      vertex 28.55 11.45 2
      vertex 27.45 11.45 2
      vertex 28.55 8.55 2
    endloop
  endfacet
  facet normal 0 0 1
    outer loop
      vertex 27.45 8.55 2
      vertex 28.55 8.55 2
      vertex 27.45 11.45 2
    endloop
  endfacet
  facet normal 0 0 1
    outer loop
      vertex 27.45 7.45 2
      vertex 28.55 7.45 2
      vertex 27.45 8.55 2
    endloop
  endfacet
  facet normal 0 0 1
    outer loop
      vertex 28.55 7.45 2
      vertex 27.45 7.45 2
      vertex 28.55 4.55 2
    endloop
  endfacet
  facet normal 0 0 1
    outer loop
      vertex 28.55 4.55 2
      vertex 27.45 4.55 2
      vertex 28.55 3.45 2
    endloop
  endfacet
  facet normal 0 0 1
    outer loop
      vertex 27.45 3.45 2
      vertex 28.55 3.45 2
      vertex 27.45 4.55 2
    endloop
  endfacet
  facet normal 0 0 1
    outer loop
      vertex 27.45 0.549999 2
      vertex 28.55 0.549999 2
      vertex 27.45 3.45 2
    endloop
  endfacet
  facet normal 0 0 1
    outer loop
      vertex 28.55 0.549999 2
      vertex 27.45 0.549999 2
      vertex 28.55 -0.549999 2
    endloop
  endfacet
  facet normal 0 0 1
    outer loop
      vertex 28.55 -0.549999 2
      vertex 27.45 -0.549999 2
      vertex 28.55 -3.45 2
    endloop
  endfacet
  facet normal 0 0 1
    outer loop
      vertex 27.45 -3.45 2
      vertex 28.55 -3.45 2
      vertex 27.45 -0.549999 2
    endloop
  endfacet
  facet normal 0 0 1
    outer loop
      vertex 27.45 -4.55 2
      vertex 28.55 -4.55 2
      vertex 27.45 -3.45 2
    endloop
  endfacet
  facet normal 0 0 1
    outer loop
      vertex 28.55 -4.55 2
      vertex 27.45 -4.55 2
      vertex 28.55 -7.45 2
    endloop
  endfacet
  facet normal 0 0 1
    outer loop
      vertex 27.45 12.55 2
      vertex 28.55 15.45 2
      vertex 27.45 15.45 2
    endloop
  endfacet
  facet normal 0 0 1
    outer loop
      vertex 63.4 16.4 2
      vertex 27.45 15.45 2
      vertex 28.55 15.45 2
    endloop
  endfacet
  facet normal 0 0 1
    outer loop
      vertex 63.4 16.4 2
      vertex 24.55 15.45 2
      vertex 27.45 15.45 2
    endloop
  endfacet
  facet normal 0 0 1
    outer loop
      vertex 23.45 12.55 2
      vertex 24.55 12.55 2
      vertex 24.55 15.45 2
    endloop
  endfacet
  facet normal 0 0 1
    outer loop
      vertex 24.55 12.55 2
      vertex 23.45 12.55 2
      vertex 24.55 11.45 2
    endloop
  endfacet
  facet normal 0 0 1
    outer loop
      vertex 24.55 11.45 2
      vertex 23.45 11.45 2
      vertex 24.55 8.55 2
    endloop
  endfacet
  facet normal 0 0 1
    outer loop
      vertex 23.45 8.55 2
      vertex 24.55 8.55 2
      vertex 23.45 11.45 2
    endloop
  endfacet
  facet normal 0 0 1
    outer loop
      vertex 23.45 7.45 2
      vertex 24.55 7.45 2
      vertex 23.45 8.55 2
    endloop
  endfacet
  facet normal 0 0 1
    outer loop
      vertex 24.55 7.45 2
      vertex 23.45 7.45 2
      vertex 24.55 4.55 2
    endloop
  endfacet
  facet normal 0 0 1
    outer loop
      vertex 24.55 4.55 2
      vertex 23.45 4.55 2
      vertex 24.55 3.45 2
    endloop
  endfacet
  facet normal 0 0 1
    outer loop
      vertex 23.45 3.45 2
      vertex 24.55 3.45 2
      vertex 23.45 4.55 2
    endloop
  endfacet
  facet normal 0 0 1
    outer loop
      vertex 23.45 0.549999 2
      vertex 24.55 0.549999 2
      vertex 23.45 3.45 2
    endloop
  endfacet
  facet normal 0 0 1
    outer loop
      vertex 24.55 0.549999 2
      vertex 23.45 0.549999 2
      vertex 24.55 -0.549999 2
    endloop
  endfacet
  facet normal 0 0 1
    outer loop
      vertex 24.55 -0.549999 2
      vertex 23.45 -0.549999 2
      vertex 24.55 -3.45 2
    endloop
  endfacet
  facet normal 0 0 1
    outer loop
      vertex 23.45 -3.45 2
      vertex 24.55 -3.45 2
      vertex 23.45 -0.549999 2
    endloop
  endfacet
  facet normal 0 0 1
    outer loop
      vertex 23.45 -4.55 2
      vertex 24.55 -4.55 2
      vertex 23.45 -3.45 2
    endloop
  endfacet
  facet normal 0 0 1
    outer loop
      vertex 24.55 -4.55 2
      vertex 23.45 -4.55 2
      vertex 24.55 -7.45 2
    endloop
  endfacet
  facet normal 0 0 1
    outer loop
      vertex 23.45 12.55 2
      vertex 24.55 15.45 2
      vertex 23.45 15.45 2
    endloop
  endfacet
  facet normal 0 0 1
    outer loop
      vertex 63.4 16.4 2
      vertex 23.45 15.45 2
      vertex 24.55 15.45 2
    endloop
  endfacet
  facet normal 0 0 1
    outer loop
      vertex 63.4 16.4 2
      vertex 20.55 15.45 2
      vertex 23.45 15.45 2
    endloop
  endfacet
  facet normal 0 0 1
    outer loop
      vertex 19.45 12.55 2
      vertex 20.55 12.55 2
      vertex 20.55 15.45 2
    endloop
  endfacet
  facet normal 0 0 1
    outer loop
      vertex 20.55 12.55 2
      vertex 19.45 12.55 2
      vertex 20.55 11.45 2
    endloop
  endfacet
  facet normal 0 0 1
    outer loop
      vertex 20.55 11.45 2
      vertex 19.45 11.45 2
      vertex 20.55 8.55 2
    endloop
  endfacet
  facet normal 0 0 1
    outer loop
      vertex 19.45 8.55 2
      vertex 20.55 8.55 2
      vertex 19.45 11.45 2
    endloop
  endfacet
  facet normal 0 0 1
    outer loop
      vertex 19.45 7.45 2
      vertex 20.55 7.45 2
      vertex 19.45 8.55 2
    endloop
  endfacet
  facet normal 0 0 1
    outer loop
      vertex 20.55 7.45 2
      vertex 19.45 7.45 2
      vertex 20.55 4.55 2
    endloop
  endfacet
  facet normal 0 0 1
    outer loop
      vertex 20.55 4.55 2
      vertex 19.45 4.55 2
      vertex 20.55 3.45 2
    endloop
  endfacet
  facet normal 0 0 1
    outer loop
      vertex 19.45 3.45 2
      vertex 20.55 3.45 2
      vertex 19.45 4.55 2
    endloop
  endfacet
  facet normal 0 0 1
    outer loop
      vertex 19.45 0.549999 2
      vertex 20.55 0.549999 2
      vertex 19.45 3.45 2
    endloop
  endfacet
  facet normal 0 0 1
    outer loop
      vertex 20.55 0.549999 2
      vertex 19.45 0.549999 2
      vertex 20.55 -0.549999 2
    endloop
  endfacet
  facet normal 0 0 1
    outer loop
      vertex 20.55 -0.549999 2
      vertex 19.45 -0.549999 2
      vertex 20.55 -3.45 2
    endloop
  endfacet
  facet normal 0 0 1
    outer loop
      vertex 19.45 -3.45 2
      vertex 20.55 -3.45 2
      vertex 19.45 -0.549999 2
    endloop
  endfacet
  facet normal 0 0 1
    outer loop
      vertex 19.45 -4.55 2
      vertex 20.55 -4.55 2
      vertex 19.45 -3.45 2
    endloop
  endfacet
  facet normal 0 0 1
    outer loop
      vertex 20.55 -4.55 2
      vertex 19.45 -4.55 2
      vertex 20.55 -7.45 2
    endloop
  endfacet
  facet normal 0 0 1
    outer loop
      vertex 19.45 12.55 2
      vertex 20.55 15.45 2
      vertex 19.45 15.45 2
    endloop
  endfacet
  facet normal 0 0 1
    outer loop
      vertex 63.4 16.4 2
      vertex 19.45 15.45 2
      vertex 20.55 15.45 2
    endloop
  endfacet
  facet normal 0 0 1
    outer loop
      vertex 63.4 16.4 2
      vertex 16.55 15.45 2
      vertex 19.45 15.45 2
    endloop
  endfacet
  facet normal 0 0 1
    outer loop
      vertex 15.45 12.55 2
      vertex 16.55 12.55 2
      vertex 16.55 15.45 2
    endloop
  endfacet
  facet normal 0 0 1
    outer loop
      vertex 16.55 12.55 2
      vertex 15.45 12.55 2
      vertex 16.55 11.45 2
    endloop
  endfacet
  facet normal 0 0 1
    outer loop
      vertex 16.55 11.45 2
      vertex 15.45 11.45 2
      vertex 16.55 8.55 2
    endloop
  endfacet
  facet normal 0 0 1
    outer loop
      vertex 15.45 8.55 2
      vertex 16.55 8.55 2
      vertex 15.45 11.45 2
    endloop
  endfacet
  facet normal 0 0 1
    outer loop
      vertex 15.45 7.45 2
      vertex 16.55 7.45 2
      vertex 15.45 8.55 2
    endloop
  endfacet
  facet normal 0 0 1
    outer loop
      vertex 16.55 7.45 2
      vertex 15.45 7.45 2
      vertex 16.55 4.55 2
    endloop
  endfacet
  facet normal 0 0 1
    outer loop
      vertex 16.55 4.55 2
      vertex 15.45 4.55 2
      vertex 16.55 3.45 2
    endloop
  endfacet
  facet normal 0 0 1
    outer loop
      vertex 15.45 3.45 2
      vertex 16.55 3.45 2
      vertex 15.45 4.55 2
    endloop
  endfacet
  facet normal 0 0 1
    outer loop
      vertex 15.45 0.549999 2
      vertex 16.55 0.549999 2
      vertex 15.45 3.45 2
    endloop
  endfacet
  facet normal 0 0 1
    outer loop
      vertex 16.55 0.549999 2
      vertex 15.45 0.549999 2
      vertex 16.55 -0.549999 2
    endloop
  endfacet
  facet normal 0 0 1
    outer loop
      vertex 16.55 -0.549999 2
      vertex 15.45 -0.549999 2
      vertex 16.55 -3.45 2
    endloop
  endfacet
  facet normal 0 0 1
    outer loop
      vertex 15.45 -3.45 2
      vertex 16.55 -3.45 2
      vertex 15.45 -0.549999 2
    endloop
  endfacet
  facet normal 0 0 1
    outer loop
      vertex 15.45 -4.55 2
      vertex 16.55 -4.55 2
      vertex 15.45 -3.45 2
    endloop
  endfacet
  facet normal 0 0 1
    outer loop
      vertex 16.55 -4.55 2
      vertex 15.45 -4.55 2
      vertex 16.55 -7.45 2
    endloop
  endfacet
  facet normal 0 0 1
    outer loop
      vertex 15.45 12.55 2
      vertex 16.55 15.45 2
      vertex 15.45 15.45 2
    endloop
  endfacet
  facet normal 0 0 1
    outer loop
      vertex 63.4 16.4 2
      vertex 15.45 15.45 2
      vertex 16.55 15.45 2
    endloop
  endfacet
  facet normal 0 0 1
    outer loop
      vertex 63.4 16.4 2
      vertex 12.55 15.45 2
      vertex 15.45 15.45 2
    endloop
  endfacet
  facet normal 0 0 1
    outer loop
      vertex 11.45 12.55 2
      vertex 12.55 12.55 2
      vertex 12.55 15.45 2
    endloop
  endfacet
  facet normal 0 0 1
    outer loop
      vertex 12.55 12.55 2
      vertex 11.45 12.55 2
      vertex 12.55 11.45 2
    endloop
  endfacet
  facet normal 0 0 1
    outer loop
      vertex 12.55 11.45 2
      vertex 11.45 11.45 2
      vertex 12.55 8.55 2
    endloop
  endfacet
  facet normal 0 0 1
    outer loop
      vertex 11.45 8.55 2
      vertex 12.55 8.55 2
      vertex 11.45 11.45 2
    endloop
  endfacet
  facet normal 0 0 1
    outer loop
      vertex 11.45 7.45 2
      vertex 12.55 7.45 2
      vertex 11.45 8.55 2
    endloop
  endfacet
  facet normal 0 0 1
    outer loop
      vertex 12.55 7.45 2
      vertex 11.45 7.45 2
      vertex 12.55 4.55 2
    endloop
  endfacet
  facet normal 0 0 1
    outer loop
      vertex 12.55 4.55 2
      vertex 11.45 4.55 2
      vertex 12.55 3.45 2
    endloop
  endfacet
  facet normal 0 0 1
    outer loop
      vertex 11.45 3.45 2
      vertex 12.55 3.45 2
      vertex 11.45 4.55 2
    endloop
  endfacet
  facet normal 0 0 1
    outer loop
      vertex 11.45 0.549999 2
      vertex 12.55 0.549999 2
      vertex 11.45 3.45 2
    endloop
  endfacet
  facet normal 0 0 1
    outer loop
      vertex 12.55 0.549999 2
      vertex 11.45 0.549999 2
      vertex 12.55 -0.549999 2
    endloop
  endfacet
  facet normal 0 0 1
    outer loop
      vertex 12.55 -0.549999 2
      vertex 11.45 -0.549999 2
      vertex 12.55 -3.45 2
    endloop
  endfacet
  facet normal 0 0 1
    outer loop
      vertex 11.45 -3.45 2
      vertex 12.55 -3.45 2
      vertex 11.45 -0.549999 2
    endloop
  endfacet
  facet normal 0 0 1
    outer loop
      vertex 11.45 -4.55 2
      vertex 12.55 -4.55 2
      vertex 11.45 -3.45 2
    endloop
  endfacet
  facet normal 0 0 1
    outer loop
      vertex 12.55 -4.55 2
      vertex 11.45 -4.55 2
      vertex 12.55 -7.45 2
    endloop
  endfacet
  facet normal 0 0 1
    outer loop
      vertex 11.45 12.55 2
      vertex 12.55 15.45 2
      vertex 11.45 15.45 2
    endloop
  endfacet
  facet normal 0 0 1
    outer loop
      vertex 63.4 16.4 2
      vertex 11.45 15.45 2
      vertex 12.55 15.45 2
    endloop
  endfacet
  facet normal 0 0 1
    outer loop
      vertex 63.4 16.4 2
      vertex 8.55 15.45 2
      vertex 11.45 15.45 2
    endloop
  endfacet
  facet normal 0 0 1
    outer loop
      vertex 7.45 12.55 2
      vertex 8.55 12.55 2
      vertex 8.55 15.45 2
    endloop
  endfacet
  facet normal 0 0 1
    outer loop
      vertex 8.55 12.55 2
      vertex 7.45 12.55 2
      vertex 8.55 11.45 2
    endloop
  endfacet
  facet normal 0 0 1
    outer loop
      vertex 8.55 11.45 2
      vertex 7.45 11.45 2
      vertex 8.55 8.55 2
    endloop
  endfacet
  facet normal 0 0 1
    outer loop
      vertex 7.45 8.55 2
      vertex 8.55 8.55 2
      vertex 7.45 11.45 2
    endloop
  endfacet
  facet normal 0 0 1
    outer loop
      vertex 7.45 7.45 2
      vertex 8.55 7.45 2
      vertex 7.45 8.55 2
    endloop
  endfacet
  facet normal 0 0 1
    outer loop
      vertex 8.55 7.45 2
      vertex 7.45 7.45 2
      vertex 8.55 4.55 2
    endloop
  endfacet
  facet normal 0 0 1
    outer loop
      vertex 8.55 4.55 2
      vertex 7.45 4.55 2
      vertex 8.55 3.45 2
    endloop
  endfacet
  facet normal 0 0 1
    outer loop
      vertex 7.45 3.45 2
      vertex 8.55 3.45 2
      vertex 7.45 4.55 2
    endloop
  endfacet
  facet normal 0 0 1
    outer loop
      vertex 7.45 0.549999 2
      vertex 8.55 0.549999 2
      vertex 7.45 3.45 2
    endloop
  endfacet
  facet normal 0 0 1
    outer loop
      vertex 8.55 0.549999 2
      vertex 7.45 0.549999 2
      vertex 8.55 -0.549999 2
    endloop
  endfacet
  facet normal 0 0 1
    outer loop
      vertex 8.55 -0.549999 2
      vertex 7.45 -0.549999 2
      vertex 8.55 -3.45 2
    endloop
  endfacet
  facet normal 0 0 1
    outer loop
      vertex 7.45 -3.45 2
      vertex 8.55 -3.45 2
      vertex 7.45 -0.549999 2
    endloop
  endfacet
  facet normal 0 0 1
    outer loop
      vertex 7.45 -4.55 2
      vertex 8.55 -4.55 2
      vertex 7.45 -3.45 2
    endloop
  endfacet
  facet normal 0 0 1
    outer loop
      vertex 8.55 -4.55 2
      vertex 7.45 -4.55 2
      vertex 8.55 -7.45 2
    endloop
  endfacet
  facet normal 0 0 1
    outer loop
      vertex 7.45 12.55 2
      vertex 8.55 15.45 2
      vertex 7.45 15.45 2
    endloop
  endfacet
  facet normal 0 0 1
    outer loop
      vertex 63.4 16.4 2
      vertex 7.45 15.45 2
      vertex 8.55 15.45 2
    endloop
  endfacet
  facet normal 0 0 1
    outer loop
      vertex 63.4 16.4 2
      vertex 4.55 15.45 2
      vertex 7.45 15.45 2
    endloop
  endfacet
  facet normal 0 0 1
    outer loop
      vertex 3.45 12.55 2
      vertex 4.55 12.55 2
      vertex 4.55 15.45 2
    endloop
  endfacet
  facet normal 0 0 1
    outer loop
      vertex 4.55 12.55 2
      vertex 3.45 12.55 2
      vertex 4.55 11.45 2
    endloop
  endfacet
  facet normal 0 0 1
    outer loop
      vertex 4.55 11.45 2
      vertex 3.45 11.45 2
      vertex 4.55 8.55 2
    endloop
  endfacet
  facet normal 0 0 1
    outer loop
      vertex 3.45 8.55 2
      vertex 4.55 8.55 2
      vertex 3.45 11.45 2
    endloop
  endfacet
  facet normal 0 0 1
    outer loop
      vertex 3.45 7.45 2
      vertex 4.55 7.45 2
      vertex 3.45 8.55 2
    endloop
  endfacet
  facet normal 0 0 1
    outer loop
      vertex 4.55 7.45 2
      vertex 3.45 7.45 2
      vertex 4.55 4.55 2
    endloop
  endfacet
  facet normal 0 0 1
    outer loop
      vertex 4.55 4.55 2
      vertex 3.45 4.55 2
      vertex 4.55 3.45 2
    endloop
  endfacet
  facet normal 0 0 1
    outer loop
      vertex 3.45 3.45 2
      vertex 4.55 3.45 2
      vertex 3.45 4.55 2
    endloop
  endfacet
  facet normal 0 0 1
    outer loop
      vertex 3.45 0.549999 2
      vertex 4.55 0.549999 2
      vertex 3.45 3.45 2
    endloop
  endfacet
  facet normal 0 0 1
    outer loop
      vertex 4.55 0.549999 2
      vertex 3.45 0.549999 2
      vertex 4.55 -0.549999 2
    endloop
  endfacet
  facet normal 0 0 1
    outer loop
      vertex 4.55 -0.549999 2
      vertex 3.45 -0.549999 2
      vertex 4.55 -3.45 2
    endloop
  endfacet
  facet normal 0 0 1
    outer loop
      vertex 3.45 -3.45 2
      vertex 4.55 -3.45 2
      vertex 3.45 -0.549999 2
    endloop
  endfacet
  facet normal 0 0 1
    outer loop
      vertex 3.45 -4.55 2
      vertex 4.55 -4.55 2
      vertex 3.45 -3.45 2
    endloop
  endfacet
  facet normal 0 0 1
    outer loop
      vertex 4.55 -4.55 2
      vertex 3.45 -4.55 2
      vertex 4.55 -7.45 2
    endloop
  endfacet
  facet normal 0 0 1
    outer loop
      vertex 3.45 12.55 2
      vertex 4.55 15.45 2
      vertex 3.45 15.45 2
    endloop
  endfacet
  facet normal 0 0 1
    outer loop
      vertex 63.4 16.4 2
      vertex 3.45 15.45 2
      vertex 4.55 15.45 2
    endloop
  endfacet
  facet normal 0 0 1
    outer loop
      vertex 63.4 16.4 2
      vertex 0.549999 15.45 2
      vertex 3.45 15.45 2
    endloop
  endfacet
  facet normal 0 0 1
    outer loop
      vertex -0.549999 12.55 2
      vertex 0.549999 12.55 2
      vertex 0.549999 15.45 2
    endloop
  endfacet
  facet normal 0 0 1
    outer loop
      vertex 0.549999 12.55 2
      vertex -0.549999 12.55 2
      vertex 0.549999 11.45 2
    endloop
  endfacet
  facet normal 0 0 1
    outer loop
      vertex 0.549999 11.45 2
      vertex -0.549999 11.45 2
      vertex 0.549999 8.55 2
    endloop
  endfacet
  facet normal 0 0 1
    outer loop
      vertex -0.549999 8.55 2
      vertex 0.549999 8.55 2
      vertex -0.549999 11.45 2
    endloop
  endfacet
  facet normal 0 0 1
    outer loop
      vertex -0.549999 7.45 2
      vertex 0.549999 7.45 2
      vertex -0.549999 8.55 2
    endloop
  endfacet
  facet normal 0 0 1
    outer loop
      vertex 0.549999 7.45 2
      vertex -0.549999 7.45 2
      vertex 0.549999 4.55 2
    endloop
  endfacet
  facet normal 0 0 1
    outer loop
      vertex 0.549999 4.55 2
      vertex -0.549999 4.55 2
      vertex 0.549999 3.45 2
    endloop
  endfacet
  facet normal 0 0 1
    outer loop
      vertex -0.549999 3.45 2
      vertex 0.549999 3.45 2
      vertex -0.549999 4.55 2
    endloop
  endfacet
  facet normal 0 0 1
    outer loop
      vertex -0.549999 0.549999 2
      vertex 0.549999 0.549999 2
      vertex -0.549999 3.45 2
    endloop
  endfacet
  facet normal 0 0 1
    outer loop
      vertex 0.549999 0.549999 2
      vertex -0.549999 0.549999 2
      vertex 0.549999 -0.549999 2
    endloop
  endfacet
  facet normal 0 0 1
    outer loop
      vertex 0.549999 -0.549999 2
      vertex -0.549999 -0.549999 2
      vertex 0.549999 -3.45 2
    endloop
  endfacet
  facet normal 0 0 1
    outer loop
      vertex -0.549999 -3.45 2
      vertex 0.549999 -3.45 2
      vertex -0.549999 -0.549999 2
    endloop
  endfacet
  facet normal 0 0 1
    outer loop
      vertex -0.549999 -4.55 2
      vertex 0.549999 -4.55 2
      vertex -0.549999 -3.45 2
    endloop
  endfacet
  facet normal 0 0 1
    outer loop
      vertex 0.549999 -4.55 2
      vertex -0.549999 -4.55 2
      vertex 0.549999 -7.45 2
    endloop
  endfacet
  facet normal 0 0 1
    outer loop
      vertex -0.549999 12.55 2
      vertex 0.549999 15.45 2
      vertex -0.549999 15.45 2
    endloop
  endfacet
  facet normal 0 0 1
    outer loop
      vertex 63.4 16.4 2
      vertex -0.549999 15.45 2
      vertex 0.549999 15.45 2
    endloop
  endfacet
  facet normal 0 0 1
    outer loop
      vertex 63.4 16.4 2
      vertex -3.45 15.45 2
      vertex -0.549999 15.45 2
    endloop
  endfacet
  facet normal 0 0 1
    outer loop
      vertex -4.55 12.55 2
      vertex -3.45 12.55 2
      vertex -3.45 15.45 2
    endloop
  endfacet
  facet normal 0 0 1
    outer loop
      vertex -3.45 12.55 2
      vertex -4.55 12.55 2
      vertex -3.45 11.45 2
    endloop
  endfacet
  facet normal 0 0 1
    outer loop
      vertex -3.45 11.45 2
      vertex -4.55 11.45 2
      vertex -3.45 8.55 2
    endloop
  endfacet
  facet normal 0 0 1
    outer loop
      vertex -4.55 8.55 2
      vertex -3.45 8.55 2
      vertex -4.55 11.45 2
    endloop
  endfacet
  facet normal 0 0 1
    outer loop
      vertex -4.55 7.45 2
      vertex -3.45 7.45 2
      vertex -4.55 8.55 2
    endloop
  endfacet
  facet normal 0 0 1
    outer loop
      vertex -3.45 7.45 2
      vertex -4.55 7.45 2
      vertex -3.45 4.55 2
    endloop
  endfacet
  facet normal 0 0 1
    outer loop
      vertex -3.45 4.55 2
      vertex -4.55 4.55 2
      vertex -3.45 3.45 2
    endloop
  endfacet
  facet normal 0 0 1
    outer loop
      vertex -4.55 3.45 2
      vertex -3.45 3.45 2
      vertex -4.55 4.55 2
    endloop
  endfacet
  facet normal 0 0 1
    outer loop
      vertex -4.55 0.549999 2
      vertex -3.45 0.549999 2
      vertex -4.55 3.45 2
    endloop
  endfacet
  facet normal 0 0 1
    outer loop
      vertex -3.45 0.549999 2
      vertex -4.55 0.549999 2
      vertex -3.45 -0.549999 2
    endloop
  endfacet
  facet normal 0 0 1
    outer loop
      vertex -3.45 -0.549999 2
      vertex -4.55 -0.549999 2
      vertex -3.45 -3.45 2
    endloop
  endfacet
  facet normal 0 0 1
    outer loop
      vertex -4.55 -3.45 2
      vertex -3.45 -3.45 2
      vertex -4.55 -0.549999 2
    endloop
  endfacet
  facet normal 0 0 1
    outer loop
      vertex -4.55 -4.55 2
      vertex -3.45 -4.55 2
      vertex -4.55 -3.45 2
    endloop
  endfacet
  facet normal 0 0 1
    outer loop
      vertex -3.45 -4.55 2
      vertex -4.55 -4.55 2
      vertex -3.45 -7.45 2
    endloop
  endfacet
  facet normal 0 0 1
    outer loop
      vertex -4.55 12.55 2
      vertex -3.45 15.45 2
      vertex -4.55 15.45 2
    endloop
  endfacet
  facet normal 0 0 1
    outer loop
      vertex 63.4 16.4 2
      vertex -4.55 15.45 2
      vertex -3.45 15.45 2
    endloop
  endfacet
  facet normal 0 0 1
    outer loop
      vertex 63.4 16.4 2
      vertex -7.45 15.45 2
      vertex -4.55 15.45 2
    endloop
  endfacet
  facet normal 0 0 1
    outer loop
      vertex -8.55 12.55 2
      vertex -7.45 12.55 2
      vertex -7.45 15.45 2
    endloop
  endfacet
  facet normal 0 0 1
    outer loop
      vertex -7.45 12.55 2
      vertex -8.55 12.55 2
      vertex -7.45 11.45 2
    endloop
  endfacet
  facet normal 0 0 1
    outer loop
      vertex -7.45 11.45 2
      vertex -8.55 11.45 2
      vertex -7.45 8.55 2
    endloop
  endfacet
  facet normal 0 0 1
    outer loop
      vertex -8.55 8.55 2
      vertex -7.45 8.55 2
      vertex -8.55 11.45 2
    endloop
  endfacet
  facet normal 0 0 1
    outer loop
      vertex -8.55 7.45 2
      vertex -7.45 7.45 2
      vertex -8.55 8.55 2
    endloop
  endfacet
  facet normal 0 0 1
    outer loop
      vertex -7.45 7.45 2
      vertex -8.55 7.45 2
      vertex -7.45 4.55 2
    endloop
  endfacet
  facet normal 0 0 1
    outer loop
      vertex -7.45 4.55 2
      vertex -8.55 4.55 2
      vertex -7.45 3.45 2
    endloop
  endfacet
  facet normal 0 0 1
    outer loop
      vertex -8.55 3.45 2
      vertex -7.45 3.45 2
      vertex -8.55 4.55 2
    endloop
  endfacet
  facet normal 0 0 1
    outer loop
      vertex -8.55 0.549999 2
      vertex -7.45 0.549999 2
      vertex -8.55 3.45 2
    endloop
  endfacet
  facet normal 0 0 1
    outer loop
      vertex -7.45 0.549999 2
      vertex -8.55 0.549999 2
      vertex -7.45 -0.549999 2
    endloop
  endfacet
  facet normal 0 0 1
    outer loop
      vertex -7.45 -0.549999 2
      vertex -8.55 -0.549999 2
      vertex -7.45 -3.45 2
    endloop
  endfacet
  facet normal 0 0 1
    outer loop
      vertex -8.55 -3.45 2
      vertex -7.45 -3.45 2
      vertex -8.55 -0.549999 2
    endloop
  endfacet
  facet normal 0 0 1
    outer loop
      vertex -8.55 -4.55 2
      vertex -7.45 -4.55 2
      vertex -8.55 -3.45 2
    endloop
  endfacet
  facet normal 0 0 1
    outer loop
      vertex -7.45 -4.55 2
      vertex -8.55 -4.55 2
      vertex -7.45 -7.45 2
    endloop
  endfacet
  facet normal 0 0 1
    outer loop
      vertex -8.55 12.55 2
      vertex -7.45 15.45 2
      vertex -8.55 15.45 2
    endloop
  endfacet
  facet normal 0 0 1
    outer loop
      vertex 63.4 16.4 2
      vertex -8.55 15.45 2
      vertex -7.45 15.45 2
    endloop
  endfacet
  facet normal 0 0 1
    outer loop
      vertex 63.4 16.4 2
      vertex -11.45 15.45 2
      vertex -8.55 15.45 2
    endloop
  endfacet
  facet normal 0 0 1
    outer loop
      vertex -12.55 12.55 2
      vertex -11.45 12.55 2
      vertex -11.45 15.45 2
    endloop
  endfacet
  facet normal 0 0 1
    outer loop
      vertex -11.45 12.55 2
      vertex -12.55 12.55 2
      vertex -11.45 11.45 2
    endloop
  endfacet
  facet normal 0 0 1
    outer loop
      vertex -11.45 11.45 2
      vertex -12.55 11.45 2
      vertex -11.45 8.55 2
    endloop
  endfacet
  facet normal 0 0 1
    outer loop
      vertex -12.55 8.55 2
      vertex -11.45 8.55 2
      vertex -12.55 11.45 2
    endloop
  endfacet
  facet normal 0 0 1
    outer loop
      vertex -12.55 7.45 2
      vertex -11.45 7.45 2
      vertex -12.55 8.55 2
    endloop
  endfacet
  facet normal 0 0 1
    outer loop
      vertex -11.45 7.45 2
      vertex -12.55 7.45 2
      vertex -11.45 4.55 2
    endloop
  endfacet
  facet normal 0 0 1
    outer loop
      vertex -11.45 4.55 2
      vertex -12.55 4.55 2
      vertex -11.45 3.45 2
    endloop
  endfacet
  facet normal 0 0 1
    outer loop
      vertex -12.55 3.45 2
      vertex -11.45 3.45 2
      vertex -12.55 4.55 2
    endloop
  endfacet
  facet normal 0 0 1
    outer loop
      vertex -12.55 0.549999 2
      vertex -11.45 0.549999 2
      vertex -12.55 3.45 2
    endloop
  endfacet
  facet normal 0 0 1
    outer loop
      vertex -11.45 0.549999 2
      vertex -12.55 0.549999 2
      vertex -11.45 -0.549999 2
    endloop
  endfacet
  facet normal 0 0 1
    outer loop
      vertex -11.45 -0.549999 2
      vertex -12.55 -0.549999 2
      vertex -11.45 -3.45 2
    endloop
  endfacet
  facet normal 0 0 1
    outer loop
      vertex -12.55 -3.45 2
      vertex -11.45 -3.45 2
      vertex -12.55 -0.549999 2
    endloop
  endfacet
  facet normal 0 0 1
    outer loop
      vertex -12.55 -4.55 2
      vertex -11.45 -4.55 2
      vertex -12.55 -3.45 2
    endloop
  endfacet
  facet normal 0 0 1
    outer loop
      vertex -11.45 -4.55 2
      vertex -12.55 -4.55 2
      vertex -11.45 -7.45 2
    endloop
  endfacet
  facet normal 0 0 1
    outer loop
      vertex -12.55 12.55 2
      vertex -11.45 15.45 2
      vertex -12.55 15.45 2
    endloop
  endfacet
  facet normal 0 0 1
    outer loop
      vertex 63.4 16.4 2
      vertex -12.55 15.45 2
      vertex -11.45 15.45 2
    endloop
  endfacet
  facet normal 0 0 1
    outer loop
      vertex 63.4 16.4 2
      vertex -15.45 15.45 2
      vertex -12.55 15.45 2
    endloop
  endfacet
  facet normal 0 0 1
    outer loop
      vertex -16.55 12.55 2
      vertex -15.45 12.55 2
      vertex -15.45 15.45 2
    endloop
  endfacet
  facet normal 0 0 1
    outer loop
      vertex -15.45 12.55 2
      vertex -16.55 12.55 2
      vertex -15.45 11.45 2
    endloop
  endfacet
  facet normal 0 0 1
    outer loop
      vertex -15.45 11.45 2
      vertex -16.55 11.45 2
      vertex -15.45 8.55 2
    endloop
  endfacet
  facet normal 0 0 1
    outer loop
      vertex -16.55 8.55 2
      vertex -15.45 8.55 2
      vertex -16.55 11.45 2
    endloop
  endfacet
  facet normal 0 0 1
    outer loop
      vertex -16.55 7.45 2
      vertex -15.45 7.45 2
      vertex -16.55 8.55 2
    endloop
  endfacet
  facet normal 0 0 1
    outer loop
      vertex -15.45 7.45 2
      vertex -16.55 7.45 2
      vertex -15.45 4.55 2
    endloop
  endfacet
  facet normal 0 0 1
    outer loop
      vertex -15.45 4.55 2
      vertex -16.55 4.55 2
      vertex -15.45 3.45 2
    endloop
  endfacet
  facet normal 0 0 1
    outer loop
      vertex -16.55 3.45 2
      vertex -15.45 3.45 2
      vertex -16.55 4.55 2
    endloop
  endfacet
  facet normal 0 0 1
    outer loop
      vertex -16.55 0.549999 2
      vertex -15.45 0.549999 2
      vertex -16.55 3.45 2
    endloop
  endfacet
  facet normal 0 0 1
    outer loop
      vertex -15.45 0.549999 2
      vertex -16.55 0.549999 2
      vertex -15.45 -0.549999 2
    endloop
  endfacet
  facet normal 0 0 1
    outer loop
      vertex -15.45 -0.549999 2
      vertex -16.55 -0.549999 2
      vertex -15.45 -3.45 2
    endloop
  endfacet
  facet normal 0 0 1
    outer loop
      vertex -16.55 -3.45 2
      vertex -15.45 -3.45 2
      vertex -16.55 -0.549999 2
    endloop
  endfacet
  facet normal 0 0 1
    outer loop
      vertex -16.55 -4.55 2
      vertex -15.45 -4.55 2
      vertex -16.55 -3.45 2
    endloop
  endfacet
  facet normal 0 0 1
    outer loop
      vertex -15.45 -4.55 2
      vertex -16.55 -4.55 2
      vertex -15.45 -7.45 2
    endloop
  endfacet
  facet normal 0 0 1
    outer loop
      vertex -16.55 12.55 2
      vertex -15.45 15.45 2
      vertex -16.55 15.45 2
    endloop
  endfacet
  facet normal 0 0 1
    outer loop
      vertex 63.4 16.4 2
      vertex -16.55 15.45 2
      vertex -15.45 15.45 2
    endloop
  endfacet
  facet normal 0 0 1
    outer loop
      vertex 63.4 16.4 2
      vertex -19.45 15.45 2
      vertex -16.55 15.45 2
    endloop
  endfacet
  facet normal 0 0 1
    outer loop
      vertex -20.55 12.55 2
      vertex -19.45 12.55 2
      vertex -19.45 15.45 2
    endloop
  endfacet
  facet normal 0 0 1
    outer loop
      vertex -19.45 12.55 2
      vertex -20.55 12.55 2
      vertex -19.45 11.45 2
    endloop
  endfacet
  facet normal 0 0 1
    outer loop
      vertex -19.45 11.45 2
      vertex -20.55 11.45 2
      vertex -19.45 8.55 2
    endloop
  endfacet
  facet normal 0 0 1
    outer loop
      vertex -20.55 8.55 2
      vertex -19.45 8.55 2
      vertex -20.55 11.45 2
    endloop
  endfacet
  facet normal 0 0 1
    outer loop
      vertex -20.55 7.45 2
      vertex -19.45 7.45 2
      vertex -20.55 8.55 2
    endloop
  endfacet
  facet normal 0 0 1
    outer loop
      vertex -19.45 7.45 2
      vertex -20.55 7.45 2
      vertex -19.45 4.55 2
    endloop
  endfacet
  facet normal 0 0 1
    outer loop
      vertex -19.45 4.55 2
      vertex -20.55 4.55 2
      vertex -19.45 3.45 2
    endloop
  endfacet
  facet normal 0 0 1
    outer loop
      vertex -20.55 3.45 2
      vertex -19.45 3.45 2
      vertex -20.55 4.55 2
    endloop
  endfacet
  facet normal 0 0 1
    outer loop
      vertex -20.55 0.549999 2
      vertex -19.45 0.549999 2
      vertex -20.55 3.45 2
    endloop
  endfacet
  facet normal 0 0 1
    outer loop
      vertex -19.45 0.549999 2
      vertex -20.55 0.549999 2
      vertex -19.45 -0.549999 2
    endloop
  endfacet
  facet normal 0 0 1
    outer loop
      vertex -19.45 -0.549999 2
      vertex -20.55 -0.549999 2
      vertex -19.45 -3.45 2
    endloop
  endfacet
  facet normal 0 0 1
    outer loop
      vertex -20.55 -3.45 2
      vertex -19.45 -3.45 2
      vertex -20.55 -0.549999 2
    endloop
  endfacet
  facet normal 0 0 1
    outer loop
      vertex -20.55 -4.55 2
      vertex -19.45 -4.55 2
      vertex -20.55 -3.45 2
    endloop
  endfacet
  facet normal 0 0 1
    outer loop
      vertex -19.45 -4.55 2
      vertex -20.55 -4.55 2
      vertex -19.45 -7.45 2
    endloop
  endfacet
  facet normal 0 0 1
    outer loop
      vertex -20.55 12.55 2
      vertex -19.45 15.45 2
      vertex -20.55 15.45 2
    endloop
  endfacet
  facet normal -0 0 1
    outer loop
      vertex -63.4 16.4 2
      vertex -19.45 15.45 2
      vertex 63.4 16.4 2
    endloop
  endfacet
  facet normal 0 0 1
    outer loop
      vertex -19.45 15.45 2
      vertex -63.4 16.4 2
      vertex -20.55 15.45 2
    endloop
  endfacet
  facet normal 0 0 1
    outer loop
      vertex -24.55 12.55 2
      vertex -23.45 12.55 2
      vertex -23.45 15.45 2
    endloop
  endfacet
  facet normal 0 0 1
    outer loop
      vertex -23.45 12.55 2
      vertex -24.55 12.55 2
      vertex -23.45 11.45 2
    endloop
  endfacet
  facet normal 0 0 1
    outer loop
      vertex -23.45 11.45 2
      vertex -24.55 11.45 2
      vertex -23.45 8.55 2
    endloop
  endfacet
  facet normal 0 0 1
    outer loop
      vertex -24.55 8.55 2
      vertex -23.45 8.55 2
      vertex -24.55 11.45 2
    endloop
  endfacet
  facet normal 0 0 1
    outer loop
      vertex -24.55 7.45 2
      vertex -23.45 7.45 2
      vertex -24.55 8.55 2
    endloop
  endfacet
  facet normal 0 0 1
    outer loop
      vertex -23.45 7.45 2
      vertex -24.55 7.45 2
      vertex -23.45 4.55 2
    endloop
  endfacet
  facet normal 0 0 1
    outer loop
      vertex -23.45 4.55 2
      vertex -24.55 4.55 2
      vertex -23.45 3.45 2
    endloop
  endfacet
  facet normal 0 0 1
    outer loop
      vertex -24.55 3.45 2
      vertex -23.45 3.45 2
      vertex -24.55 4.55 2
    endloop
  endfacet
  facet normal 0 0 1
    outer loop
      vertex -24.55 0.549999 2
      vertex -23.45 0.549999 2
      vertex -24.55 3.45 2
    endloop
  endfacet
  facet normal 0 0 1
    outer loop
      vertex -23.45 0.549999 2
      vertex -24.55 0.549999 2
      vertex -23.45 -0.549999 2
    endloop
  endfacet
  facet normal 0 0 1
    outer loop
      vertex -23.45 -0.549999 2
      vertex -24.55 -0.549999 2
      vertex -23.45 -3.45 2
    endloop
  endfacet
  facet normal 0 0 1
    outer loop
      vertex -24.55 -3.45 2
      vertex -23.45 -3.45 2
      vertex -24.55 -0.549999 2
    endloop
  endfacet
  facet normal 0 0 1
    outer loop
      vertex -24.55 -4.55 2
      vertex -23.45 -4.55 2
      vertex -24.55 -3.45 2
    endloop
  endfacet
  facet normal 0 0 1
    outer loop
      vertex -23.45 -4.55 2
      vertex -24.55 -4.55 2
      vertex -23.45 -7.45 2
    endloop
  endfacet
  facet normal 0 0 1
    outer loop
      vertex -24.55 12.55 2
      vertex -23.45 15.45 2
      vertex -24.55 15.45 2
    endloop
  endfacet
  facet normal 0 0 1
    outer loop
      vertex -20.55 15.45 2
      vertex -63.4 16.4 2
      vertex -23.45 15.45 2
    endloop
  endfacet
  facet normal 0 0 1
    outer loop
      vertex -23.45 15.45 2
      vertex -63.4 16.4 2
      vertex -24.55 15.45 2
    endloop
  endfacet
  facet normal 0 0 1
    outer loop
      vertex -28.55 12.55 2
      vertex -27.45 12.55 2
      vertex -27.45 15.45 2
    endloop
  endfacet
  facet normal 0 0 1
    outer loop
      vertex -27.45 12.55 2
      vertex -28.55 12.55 2
      vertex -27.45 11.45 2
    endloop
  endfacet
  facet normal 0 0 1
    outer loop
      vertex -27.45 11.45 2
      vertex -28.55 11.45 2
      vertex -27.45 8.55 2
    endloop
  endfacet
  facet normal 0 0 1
    outer loop
      vertex -28.55 8.55 2
      vertex -27.45 8.55 2
      vertex -28.55 11.45 2
    endloop
  endfacet
  facet normal 0 0 1
    outer loop
      vertex -28.55 7.45 2
      vertex -27.45 7.45 2
      vertex -28.55 8.55 2
    endloop
  endfacet
  facet normal 0 0 1
    outer loop
      vertex -27.45 7.45 2
      vertex -28.55 7.45 2
      vertex -27.45 4.55 2
    endloop
  endfacet
  facet normal 0 0 1
    outer loop
      vertex -27.45 4.55 2
      vertex -28.55 4.55 2
      vertex -27.45 3.45 2
    endloop
  endfacet
  facet normal 0 0 1
    outer loop
      vertex -28.55 3.45 2
      vertex -27.45 3.45 2
      vertex -28.55 4.55 2
    endloop
  endfacet
  facet normal 0 0 1
    outer loop
      vertex -28.55 0.549999 2
      vertex -27.45 0.549999 2
      vertex -28.55 3.45 2
    endloop
  endfacet
  facet normal 0 0 1
    outer loop
      vertex -27.45 0.549999 2
      vertex -28.55 0.549999 2
      vertex -27.45 -0.549999 2
    endloop
  endfacet
  facet normal 0 0 1
    outer loop
      vertex -27.45 -0.549999 2
      vertex -28.55 -0.549999 2
      vertex -27.45 -3.45 2
    endloop
  endfacet
  facet normal 0 0 1
    outer loop
      vertex -28.55 -3.45 2
      vertex -27.45 -3.45 2
      vertex -28.55 -0.549999 2
    endloop
  endfacet
  facet normal 0 0 1
    outer loop
      vertex -28.55 -4.55 2
      vertex -27.45 -4.55 2
      vertex -28.55 -3.45 2
    endloop
  endfacet
  facet normal 0 0 1
    outer loop
      vertex -27.45 -4.55 2
      vertex -28.55 -4.55 2
      vertex -27.45 -7.45 2
    endloop
  endfacet
  facet normal 0 0 1
    outer loop
      vertex -28.55 12.55 2
      vertex -27.45 15.45 2
      vertex -28.55 15.45 2
    endloop
  endfacet
  facet normal 0 0 1
    outer loop
      vertex -24.55 15.45 2
      vertex -63.4 16.4 2
      vertex -27.45 15.45 2
    endloop
  endfacet
  facet normal 0 0 1
    outer loop
      vertex -27.45 15.45 2
      vertex -63.4 16.4 2
      vertex -28.55 15.45 2
    endloop
  endfacet
  facet normal 0 0 1
    outer loop
      vertex -32.55 12.55 2
      vertex -31.45 12.55 2
      vertex -31.45 15.45 2
    endloop
  endfacet
  facet normal 0 0 1
    outer loop
      vertex -31.45 12.55 2
      vertex -32.55 12.55 2
      vertex -31.45 11.45 2
    endloop
  endfacet
  facet normal 0 0 1
    outer loop
      vertex -31.45 11.45 2
      vertex -32.55 11.45 2
      vertex -31.45 8.55 2
    endloop
  endfacet
  facet normal 0 0 1
    outer loop
      vertex -32.55 8.55 2
      vertex -31.45 8.55 2
      vertex -32.55 11.45 2
    endloop
  endfacet
  facet normal 0 0 1
    outer loop
      vertex -32.55 7.45 2
      vertex -31.45 7.45 2
      vertex -32.55 8.55 2
    endloop
  endfacet
  facet normal 0 0 1
    outer loop
      vertex -31.45 7.45 2
      vertex -32.55 7.45 2
      vertex -31.45 4.55 2
    endloop
  endfacet
  facet normal 0 0 1
    outer loop
      vertex -31.45 4.55 2
      vertex -32.55 4.55 2
      vertex -31.45 3.45 2
    endloop
  endfacet
  facet normal 0 0 1
    outer loop
      vertex -32.55 3.45 2
      vertex -31.45 3.45 2
      vertex -32.55 4.55 2
    endloop
  endfacet
  facet normal 0 0 1
    outer loop
      vertex -32.55 0.549999 2
      vertex -31.45 0.549999 2
      vertex -32.55 3.45 2
    endloop
  endfacet
  facet normal 0 0 1
    outer loop
      vertex -31.45 0.549999 2
      vertex -32.55 0.549999 2
      vertex -31.45 -0.549999 2
    endloop
  endfacet
  facet normal 0 0 1
    outer loop
      vertex -31.45 -0.549999 2
      vertex -32.55 -0.549999 2
      vertex -31.45 -3.45 2
    endloop
  endfacet
  facet normal 0 0 1
    outer loop
      vertex -32.55 -3.45 2
      vertex -31.45 -3.45 2
      vertex -32.55 -0.549999 2
    endloop
  endfacet
  facet normal 0 0 1
    outer loop
      vertex -32.55 -4.55 2
      vertex -31.45 -4.55 2
      vertex -32.55 -3.45 2
    endloop
  endfacet
  facet normal 0 0 1
    outer loop
      vertex -31.45 -4.55 2
      vertex -32.55 -4.55 2
      vertex -31.45 -7.45 2
    endloop
  endfacet
  facet normal 0 0 1
    outer loop
      vertex -32.55 12.55 2
      vertex -31.45 15.45 2
      vertex -32.55 15.45 2
    endloop
  endfacet
  facet normal 0 0 1
    outer loop
      vertex -28.55 15.45 2
      vertex -63.4 16.4 2
      vertex -31.45 15.45 2
    endloop
  endfacet
  facet normal 0 0 1
    outer loop
      vertex -31.45 15.45 2
      vertex -63.4 16.4 2
      vertex -32.55 15.45 2
    endloop
  endfacet
  facet normal 0 0 1
    outer loop
      vertex -36.55 12.55 2
      vertex -35.45 12.55 2
      vertex -35.45 15.45 2
    endloop
  endfacet
  facet normal 0 0 1
    outer loop
      vertex -35.45 12.55 2
      vertex -36.55 12.55 2
      vertex -35.45 11.45 2
    endloop
  endfacet
  facet normal 0 0 1
    outer loop
      vertex -35.45 11.45 2
      vertex -36.55 11.45 2
      vertex -35.45 8.55 2
    endloop
  endfacet
  facet normal 0 0 1
    outer loop
      vertex -36.55 8.55 2
      vertex -35.45 8.55 2
      vertex -36.55 11.45 2
    endloop
  endfacet
  facet normal 0 0 1
    outer loop
      vertex -36.55 7.45 2
      vertex -35.45 7.45 2
      vertex -36.55 8.55 2
    endloop
  endfacet
  facet normal 0 0 1
    outer loop
      vertex -35.45 7.45 2
      vertex -36.55 7.45 2
      vertex -35.45 4.55 2
    endloop
  endfacet
  facet normal 0 0 1
    outer loop
      vertex -35.45 4.55 2
      vertex -36.55 4.55 2
      vertex -35.45 3.45 2
    endloop
  endfacet
  facet normal 0 0 1
    outer loop
      vertex -36.55 3.45 2
      vertex -35.45 3.45 2
      vertex -36.55 4.55 2
    endloop
  endfacet
  facet normal 0 0 1
    outer loop
      vertex -36.55 0.549999 2
      vertex -35.45 0.549999 2
      vertex -36.55 3.45 2
    endloop
  endfacet
  facet normal 0 0 1
    outer loop
      vertex -35.45 0.549999 2
      vertex -36.55 0.549999 2
      vertex -35.45 -0.549999 2
    endloop
  endfacet
  facet normal 0 0 1
    outer loop
      vertex -35.45 -0.549999 2
      vertex -36.55 -0.549999 2
      vertex -35.45 -3.45 2
    endloop
  endfacet
  facet normal 0 0 1
    outer loop
      vertex -36.55 -3.45 2
      vertex -35.45 -3.45 2
      vertex -36.55 -0.549999 2
    endloop
  endfacet
  facet normal 0 0 1
    outer loop
      vertex -36.55 -4.55 2
      vertex -35.45 -4.55 2
      vertex -36.55 -3.45 2
    endloop
  endfacet
  facet normal 0 0 1
    outer loop
      vertex -35.45 -4.55 2
      vertex -36.55 -4.55 2
      vertex -35.45 -7.45 2
    endloop
  endfacet
  facet normal 0 0 1
    outer loop
      vertex -36.55 12.55 2
      vertex -35.45 15.45 2
      vertex -36.55 15.45 2
    endloop
  endfacet
  facet normal 0 0 1
    outer loop
      vertex -32.55 15.45 2
      vertex -63.4 16.4 2
      vertex -35.45 15.45 2
    endloop
  endfacet
  facet normal 0 0 1
    outer loop
      vertex -35.45 15.45 2
      vertex -63.4 16.4 2
      vertex -36.55 15.45 2
    endloop
  endfacet
  facet normal 0 0 1
    outer loop
      vertex -40.55 12.55 2
      vertex -39.45 12.55 2
      vertex -39.45 15.45 2
    endloop
  endfacet
  facet normal 0 0 1
    outer loop
      vertex -39.45 12.55 2
      vertex -40.55 12.55 2
      vertex -39.45 11.45 2
    endloop
  endfacet
  facet normal 0 0 1
    outer loop
      vertex -39.45 11.45 2
      vertex -40.55 11.45 2
      vertex -39.45 8.55 2
    endloop
  endfacet
  facet normal 0 0 1
    outer loop
      vertex -40.55 8.55 2
      vertex -39.45 8.55 2
      vertex -40.55 11.45 2
    endloop
  endfacet
  facet normal 0 0 1
    outer loop
      vertex -40.55 7.45 2
      vertex -39.45 7.45 2
      vertex -40.55 8.55 2
    endloop
  endfacet
  facet normal 0 0 1
    outer loop
      vertex -39.45 7.45 2
      vertex -40.55 7.45 2
      vertex -39.45 4.55 2
    endloop
  endfacet
  facet normal 0 0 1
    outer loop
      vertex -39.45 4.55 2
      vertex -40.55 4.55 2
      vertex -39.45 3.45 2
    endloop
  endfacet
  facet normal 0 0 1
    outer loop
      vertex -40.55 3.45 2
      vertex -39.45 3.45 2
      vertex -40.55 4.55 2
    endloop
  endfacet
  facet normal 0 0 1
    outer loop
      vertex -40.55 0.549999 2
      vertex -39.45 0.549999 2
      vertex -40.55 3.45 2
    endloop
  endfacet
  facet normal 0 0 1
    outer loop
      vertex -39.45 0.549999 2
      vertex -40.55 0.549999 2
      vertex -39.45 -0.549999 2
    endloop
  endfacet
  facet normal 0 0 1
    outer loop
      vertex -39.45 -0.549999 2
      vertex -40.55 -0.549999 2
      vertex -39.45 -3.45 2
    endloop
  endfacet
  facet normal 0 0 1
    outer loop
      vertex -40.55 -3.45 2
      vertex -39.45 -3.45 2
      vertex -40.55 -0.549999 2
    endloop
  endfacet
  facet normal 0 0 1
    outer loop
      vertex -40.55 -4.55 2
      vertex -39.45 -4.55 2
      vertex -40.55 -3.45 2
    endloop
  endfacet
  facet normal 0 0 1
    outer loop
      vertex -39.45 -4.55 2
      vertex -40.55 -4.55 2
      vertex -39.45 -7.45 2
    endloop
  endfacet
  facet normal 0 0 1
    outer loop
      vertex -40.55 12.55 2
      vertex -39.45 15.45 2
      vertex -40.55 15.45 2
    endloop
  endfacet
  facet normal 0 0 1
    outer loop
      vertex -36.55 15.45 2
      vertex -63.4 16.4 2
      vertex -39.45 15.45 2
    endloop
  endfacet
  facet normal 0 0 1
    outer loop
      vertex -39.45 15.45 2
      vertex -63.4 16.4 2
      vertex -40.55 15.45 2
    endloop
  endfacet
  facet normal 0 0 1
    outer loop
      vertex -44.55 12.55 2
      vertex -43.45 12.55 2
      vertex -43.45 15.45 2
    endloop
  endfacet
  facet normal 0 0 1
    outer loop
      vertex -43.45 12.55 2
      vertex -44.55 12.55 2
      vertex -43.45 11.45 2
    endloop
  endfacet
  facet normal 0 0 1
    outer loop
      vertex -43.45 11.45 2
      vertex -44.55 11.45 2
      vertex -43.45 8.55 2
    endloop
  endfacet
  facet normal 0 0 1
    outer loop
      vertex -44.55 8.55 2
      vertex -43.45 8.55 2
      vertex -44.55 11.45 2
    endloop
  endfacet
  facet normal 0 0 1
    outer loop
      vertex -44.55 7.45 2
      vertex -43.45 7.45 2
      vertex -44.55 8.55 2
    endloop
  endfacet
  facet normal 0 0 1
    outer loop
      vertex -43.45 7.45 2
      vertex -44.55 7.45 2
      vertex -43.45 4.55 2
    endloop
  endfacet
  facet normal 0 0 1
    outer loop
      vertex -43.45 4.55 2
      vertex -44.55 4.55 2
      vertex -43.45 3.45 2
    endloop
  endfacet
  facet normal 0 0 1
    outer loop
      vertex -44.55 3.45 2
      vertex -43.45 3.45 2
      vertex -44.55 4.55 2
    endloop
  endfacet
  facet normal 0 0 1
    outer loop
      vertex -44.55 0.549999 2
      vertex -43.45 0.549999 2
      vertex -44.55 3.45 2
    endloop
  endfacet
  facet normal 0 0 1
    outer loop
      vertex -43.45 0.549999 2
      vertex -44.55 0.549999 2
      vertex -43.45 -0.549999 2
    endloop
  endfacet
  facet normal 0 0 1
    outer loop
      vertex -43.45 -0.549999 2
      vertex -44.55 -0.549999 2
      vertex -43.45 -3.45 2
    endloop
  endfacet
  facet normal 0 0 1
    outer loop
      vertex -44.55 -3.45 2
      vertex -43.45 -3.45 2
      vertex -44.55 -0.549999 2
    endloop
  endfacet
  facet normal 0 0 1
    outer loop
      vertex -44.55 -4.55 2
      vertex -43.45 -4.55 2
      vertex -44.55 -3.45 2
    endloop
  endfacet
  facet normal 0 0 1
    outer loop
      vertex -43.45 -4.55 2
      vertex -44.55 -4.55 2
      vertex -43.45 -7.45 2
    endloop
  endfacet
  facet normal 0 0 1
    outer loop
      vertex -44.55 12.55 2
      vertex -43.45 15.45 2
      vertex -44.55 15.45 2
    endloop
  endfacet
  facet normal 0 0 1
    outer loop
      vertex -40.55 15.45 2
      vertex -63.4 16.4 2
      vertex -43.45 15.45 2
    endloop
  endfacet
  facet normal 0 0 1
    outer loop
      vertex -43.45 15.45 2
      vertex -63.4 16.4 2
      vertex -44.55 15.45 2
    endloop
  endfacet
  facet normal 0 0 1
    outer loop
      vertex -48.55 12.55 2
      vertex -47.45 12.55 2
      vertex -47.45 15.45 2
    endloop
  endfacet
  facet normal 0 0 1
    outer loop
      vertex -47.45 12.55 2
      vertex -48.55 12.55 2
      vertex -47.45 11.45 2
    endloop
  endfacet
  facet normal 0 0 1
    outer loop
      vertex -47.45 11.45 2
      vertex -48.55 11.45 2
      vertex -47.45 8.55 2
    endloop
  endfacet
  facet normal 0 0 1
    outer loop
      vertex -48.55 8.55 2
      vertex -47.45 8.55 2
      vertex -48.55 11.45 2
    endloop
  endfacet
  facet normal 0 0 1
    outer loop
      vertex -48.55 7.45 2
      vertex -47.45 7.45 2
      vertex -48.55 8.55 2
    endloop
  endfacet
  facet normal 0 0 1
    outer loop
      vertex -47.45 7.45 2
      vertex -48.55 7.45 2
      vertex -47.45 4.55 2
    endloop
  endfacet
  facet normal 0 0 1
    outer loop
      vertex -47.45 4.55 2
      vertex -48.55 4.55 2
      vertex -47.45 3.45 2
    endloop
  endfacet
  facet normal 0 0 1
    outer loop
      vertex -48.55 3.45 2
      vertex -47.45 3.45 2
      vertex -48.55 4.55 2
    endloop
  endfacet
  facet normal 0 0 1
    outer loop
      vertex -48.55 0.549999 2
      vertex -47.45 0.549999 2
      vertex -48.55 3.45 2
    endloop
  endfacet
  facet normal 0 0 1
    outer loop
      vertex -47.45 0.549999 2
      vertex -48.55 0.549999 2
      vertex -47.45 -0.549999 2
    endloop
  endfacet
  facet normal 0 0 1
    outer loop
      vertex -47.45 -0.549999 2
      vertex -48.55 -0.549999 2
      vertex -47.45 -3.45 2
    endloop
  endfacet
  facet normal 0 0 1
    outer loop
      vertex -48.55 -3.45 2
      vertex -47.45 -3.45 2
      vertex -48.55 -0.549999 2
    endloop
  endfacet
  facet normal 0 0 1
    outer loop
      vertex -48.55 -4.55 2
      vertex -47.45 -4.55 2
      vertex -48.55 -3.45 2
    endloop
  endfacet
  facet normal 0 0 1
    outer loop
      vertex -47.45 -4.55 2
      vertex -48.55 -4.55 2
      vertex -47.45 -7.45 2
    endloop
  endfacet
  facet normal 0 0 1
    outer loop
      vertex -48.55 12.55 2
      vertex -47.45 15.45 2
      vertex -48.55 15.45 2
    endloop
  endfacet
  facet normal 0 0 1
    outer loop
      vertex -44.55 15.45 2
      vertex -63.4 16.4 2
      vertex -47.45 15.45 2
    endloop
  endfacet
  facet normal 0 0 1
    outer loop
      vertex -47.45 15.45 2
      vertex -63.4 16.4 2
      vertex -48.55 15.45 2
    endloop
  endfacet
  facet normal 0 0 1
    outer loop
      vertex -52.55 12.55 2
      vertex -51.45 12.55 2
      vertex -51.45 15.45 2
    endloop
  endfacet
  facet normal 0 0 1
    outer loop
      vertex -51.45 12.55 2
      vertex -52.55 12.55 2
      vertex -51.45 11.45 2
    endloop
  endfacet
  facet normal 0 0 1
    outer loop
      vertex -51.45 11.45 2
      vertex -52.55 11.45 2
      vertex -51.45 8.55 2
    endloop
  endfacet
  facet normal 0 0 1
    outer loop
      vertex -52.55 8.55 2
      vertex -51.45 8.55 2
      vertex -52.55 11.45 2
    endloop
  endfacet
  facet normal 0 0 1
    outer loop
      vertex -52.55 7.45 2
      vertex -51.45 7.45 2
      vertex -52.55 8.55 2
    endloop
  endfacet
  facet normal 0 0 1
    outer loop
      vertex -51.45 7.45 2
      vertex -52.55 7.45 2
      vertex -51.45 4.55 2
    endloop
  endfacet
  facet normal 0 0 1
    outer loop
      vertex -51.45 4.55 2
      vertex -52.55 4.55 2
      vertex -51.45 3.45 2
    endloop
  endfacet
  facet normal 0 0 1
    outer loop
      vertex -52.55 3.45 2
      vertex -51.45 3.45 2
      vertex -52.55 4.55 2
    endloop
  endfacet
  facet normal 0 0 1
    outer loop
      vertex -52.55 0.549999 2
      vertex -51.45 0.549999 2
      vertex -52.55 3.45 2
    endloop
  endfacet
  facet normal 0 0 1
    outer loop
      vertex -51.45 0.549999 2
      vertex -52.55 0.549999 2
      vertex -51.45 -0.549999 2
    endloop
  endfacet
  facet normal 0 0 1
    outer loop
      vertex -51.45 -0.549999 2
      vertex -52.55 -0.549999 2
      vertex -51.45 -3.45 2
    endloop
  endfacet
  facet normal 0 0 1
    outer loop
      vertex -52.55 -3.45 2
      vertex -51.45 -3.45 2
      vertex -52.55 -0.549999 2
    endloop
  endfacet
  facet normal 0 0 1
    outer loop
      vertex -52.55 -4.55 2
      vertex -51.45 -4.55 2
      vertex -52.55 -3.45 2
    endloop
  endfacet
  facet normal 0 0 1
    outer loop
      vertex -51.45 -4.55 2
      vertex -52.55 -4.55 2
      vertex -51.45 -7.45 2
    endloop
  endfacet
  facet normal 0 0 1
    outer loop
      vertex -52.55 12.55 2
      vertex -51.45 15.45 2
      vertex -52.55 15.45 2
    endloop
  endfacet
  facet normal 0 0 1
    outer loop
      vertex -48.55 15.45 2
      vertex -63.4 16.4 2
      vertex -51.45 15.45 2
    endloop
  endfacet
  facet normal 0 0 1
    outer loop
      vertex -51.45 15.45 2
      vertex -63.4 16.4 2
      vertex -52.55 15.45 2
    endloop
  endfacet
  facet normal 0 0 1
    outer loop
      vertex -56.55 12.55 2
      vertex -55.45 12.55 2
      vertex -55.45 15.45 2
    endloop
  endfacet
  facet normal 0 0 1
    outer loop
      vertex -55.45 12.55 2
      vertex -56.55 12.55 2
      vertex -55.45 11.45 2
    endloop
  endfacet
  facet normal 0 0 1
    outer loop
      vertex -55.45 11.45 2
      vertex -56.55 11.45 2
      vertex -55.45 8.55 2
    endloop
  endfacet
  facet normal 0 0 1
    outer loop
      vertex -56.55 8.55 2
      vertex -55.45 8.55 2
      vertex -56.55 11.45 2
    endloop
  endfacet
  facet normal 0 0 1
    outer loop
      vertex -56.55 7.45 2
      vertex -55.45 7.45 2
      vertex -56.55 8.55 2
    endloop
  endfacet
  facet normal 0 0 1
    outer loop
      vertex -55.45 7.45 2
      vertex -56.55 7.45 2
      vertex -55.45 4.55 2
    endloop
  endfacet
  facet normal 0 0 1
    outer loop
      vertex -55.45 4.55 2
      vertex -56.55 4.55 2
      vertex -55.45 3.45 2
    endloop
  endfacet
  facet normal 0 0 1
    outer loop
      vertex -56.55 3.45 2
      vertex -55.45 3.45 2
      vertex -56.55 4.55 2
    endloop
  endfacet
  facet normal 0 0 1
    outer loop
      vertex -56.55 0.549999 2
      vertex -55.45 0.549999 2
      vertex -56.55 3.45 2
    endloop
  endfacet
  facet normal 0 0 1
    outer loop
      vertex -55.45 0.549999 2
      vertex -56.55 0.549999 2
      vertex -55.45 -0.549999 2
    endloop
  endfacet
  facet normal 0 0 1
    outer loop
      vertex -55.45 -0.549999 2
      vertex -56.55 -0.549999 2
      vertex -55.45 -3.45 2
    endloop
  endfacet
  facet normal 0 0 1
    outer loop
      vertex -56.55 -3.45 2
      vertex -55.45 -3.45 2
      vertex -56.55 -0.549999 2
    endloop
  endfacet
  facet normal 0 0 1
    outer loop
      vertex -56.55 -4.55 2
      vertex -55.45 -4.55 2
      vertex -56.55 -3.45 2
    endloop
  endfacet
  facet normal 0 0 1
    outer loop
      vertex -55.45 -4.55 2
      vertex -56.55 -4.55 2
      vertex -55.45 -7.45 2
    endloop
  endfacet
  facet normal 0 0 1
    outer loop
      vertex -56.55 12.55 2
      vertex -55.45 15.45 2
      vertex -56.55 15.45 2
    endloop
  endfacet
  facet normal 0 0 1
    outer loop
      vertex -52.55 15.45 2
      vertex -63.4 16.4 2
      vertex -55.45 15.45 2
    endloop
  endfacet
  facet normal 0 0 1
    outer loop
      vertex -55.45 15.45 2
      vertex -63.4 16.4 2
      vertex -56.55 15.45 2
    endloop
  endfacet
  facet normal 0 0 1
    outer loop
      vertex -60.55 12.55 2
      vertex -59.45 12.55 2
      vertex -59.45 15.45 2
    endloop
  endfacet
  facet normal 0 0 1
    outer loop
      vertex -59.45 12.55 2
      vertex -60.55 12.55 2
      vertex -59.45 11.45 2
    endloop
  endfacet
  facet normal 0 0 1
    outer loop
      vertex -59.45 11.45 2
      vertex -60.55 11.45 2
      vertex -59.45 8.55 2
    endloop
  endfacet
  facet normal 0 0 1
    outer loop
      vertex -60.55 8.55 2
      vertex -59.45 8.55 2
      vertex -60.55 11.45 2
    endloop
  endfacet
  facet normal 0 0 1
    outer loop
      vertex -60.55 7.45 2
      vertex -59.45 7.45 2
      vertex -60.55 8.55 2
    endloop
  endfacet
  facet normal 0 0 1
    outer loop
      vertex -59.45 7.45 2
      vertex -60.55 7.45 2
      vertex -59.45 4.55 2
    endloop
  endfacet
  facet normal 0 0 1
    outer loop
      vertex -59.45 4.55 2
      vertex -60.55 4.55 2
      vertex -59.45 3.45 2
    endloop
  endfacet
  facet normal 0 0 1
    outer loop
      vertex -60.55 3.45 2
      vertex -59.45 3.45 2
      vertex -60.55 4.55 2
    endloop
  endfacet
  facet normal 0 0 1
    outer loop
      vertex -60.55 0.549999 2
      vertex -59.45 0.549999 2
      vertex -60.55 3.45 2
    endloop
  endfacet
  facet normal 0 0 1
    outer loop
      vertex -59.45 0.549999 2
      vertex -60.55 0.549999 2
      vertex -59.45 -0.549999 2
    endloop
  endfacet
  facet normal 0 0 1
    outer loop
      vertex -59.45 -0.549999 2
      vertex -60.55 -0.549999 2
      vertex -59.45 -3.45 2
    endloop
  endfacet
  facet normal 0 0 1
    outer loop
      vertex -60.55 -3.45 2
      vertex -59.45 -3.45 2
      vertex -60.55 -0.549999 2
    endloop
  endfacet
  facet normal 0 0 1
    outer loop
      vertex -60.55 -4.55 2
      vertex -59.45 -4.55 2
      vertex -60.55 -3.45 2
    endloop
  endfacet
  facet normal 0 0 1
    outer loop
      vertex -59.45 -4.55 2
      vertex -60.55 -4.55 2
      vertex -59.45 -7.45 2
    endloop
  endfacet
  facet normal 0 0 1
    outer loop
      vertex -60.55 12.55 2
      vertex -59.45 15.45 2
      vertex -60.55 15.45 2
    endloop
  endfacet
  facet normal 0 0 1
    outer loop
      vertex -56.55 15.45 2
      vertex -63.4 16.4 2
      vertex -59.45 15.45 2
    endloop
  endfacet
  facet normal 0 0 1
    outer loop
      vertex -59.45 15.45 2
      vertex -63.4 16.4 2
      vertex -60.55 15.45 2
    endloop
  endfacet
  facet normal 0 0 1
    outer loop
      vertex -63.4 16.4 2
      vertex -63.45 15.45 2
      vertex -60.55 15.45 2
    endloop
  endfacet
  facet normal -0 0 1
    outer loop
      vertex -64.4 15.4 2
      vertex -63.45 12.55 2
      vertex -63.45 15.45 2
    endloop
  endfacet
  facet normal 0 0 1
    outer loop
      vertex -63.45 12.55 2
      vertex -64.4 15.4 2
      vertex -63.45 11.45 2
    endloop
  endfacet
  facet normal 0 0 1
    outer loop
      vertex -63.45 11.45 2
      vertex -64.4 15.4 2
      vertex -63.45 8.55 2
    endloop
  endfacet
  facet normal 0 0 1
    outer loop
      vertex -63.45 8.55 2
      vertex -64.4 15.4 2
      vertex -63.45 7.45 2
    endloop
  endfacet
  facet normal 0 0 1
    outer loop
      vertex -63.45 7.45 2
      vertex -64.4 15.4 2
      vertex -63.45 4.55 2
    endloop
  endfacet
  facet normal 0 0 1
    outer loop
      vertex -63.45 4.55 2
      vertex -64.4 15.4 2
      vertex -63.45 3.45 2
    endloop
  endfacet
  facet normal 0 0 1
    outer loop
      vertex -63.45 3.45 2
      vertex -64.4 15.4 2
      vertex -63.45 0.549999 2
    endloop
  endfacet
  facet normal 0 0 1
    outer loop
      vertex -63.45 0.549999 2
      vertex -64.4 15.4 2
      vertex -63.45 -0.549999 2
    endloop
  endfacet
  facet normal 0 0 1
    outer loop
      vertex -64.4 -15.4 2
      vertex -63.45 -0.549999 2
      vertex -64.4 15.4 2
    endloop
  endfacet
  facet normal 0 0 1
    outer loop
      vertex -63.45 -0.549999 2
      vertex -64.4 -15.4 2
      vertex -63.45 -3.45 2
    endloop
  endfacet
  facet normal 0 0 1
    outer loop
      vertex -63.45 -3.45 2
      vertex -64.4 -15.4 2
      vertex -63.45 -4.55 2
    endloop
  endfacet
  facet normal 0 0 1
    outer loop
      vertex -63.45 -4.55 2
      vertex -64.4 -15.4 2
      vertex -63.45 -7.45 2
    endloop
  endfacet
  facet normal 0 0 1
    outer loop
      vertex -63.45 -7.45 2
      vertex -64.4 -15.4 2
      vertex -63.45 -8.55 2
    endloop
  endfacet
  facet normal 0 0 1
    outer loop
      vertex -63.45 -8.55 2
      vertex -64.4 -15.4 2
      vertex -63.45 -11.45 2
    endloop
  endfacet
  facet normal -0 0 1
    outer loop
      vertex -63.6588 16.3659 2
      vertex -63.45 15.45 2
      vertex -63.5305 16.3914 2
    endloop
  endfacet
  facet normal -0 0 1
    outer loop
      vertex -63.5305 16.3914 2
      vertex -63.45 15.45 2
      vertex -63.4 16.4 2
    endloop
  endfacet
  facet normal 0 0 1
    outer loop
      vertex 64.4 15.4 2
      vertex 63.45 12.55 2
      vertex 63.45 11.45 2
    endloop
  endfacet
  facet normal 0 0 1
    outer loop
      vertex 64.4 15.4 2
      vertex 63.45 11.45 2
      vertex 63.45 8.55 2
    endloop
  endfacet
  facet normal 0 0 1
    outer loop
      vertex 64.4 15.4 2
      vertex 63.45 7.45 2
      vertex 63.45 4.55 2
    endloop
  endfacet
  facet normal 0 0 1
    outer loop
      vertex 63.45 -15.45 2
      vertex 64.4 -15.4 2
      vertex 63.45 -12.55 2
    endloop
  endfacet
  facet normal 0 0 1
    outer loop
      vertex 64.4 -15.4 2
      vertex 63.45 -15.45 2
      vertex 64.3914 -15.5305 2
    endloop
  endfacet
  facet normal 0 0 1
    outer loop
      vertex 64.3914 -15.5305 2
      vertex 63.45 -15.45 2
      vertex 64.3659 -15.6588 2
    endloop
  endfacet
  facet normal 0 0 1
    outer loop
      vertex 64.3659 -15.6588 2
      vertex 63.45 -15.45 2
      vertex 64.3239 -15.7827 2
    endloop
  endfacet
  facet normal 0 0 1
    outer loop
      vertex 64.3239 -15.7827 2
      vertex 63.45 -15.45 2
      vertex 64.266 -15.9 2
    endloop
  endfacet
  facet normal 0 0 1
    outer loop
      vertex 64.266 -15.9 2
      vertex 63.45 -15.45 2
      vertex 64.1933 -16.0087 2
    endloop
  endfacet
  facet normal 0 0 1
    outer loop
      vertex 64.1933 -16.0087 2
      vertex 63.45 -15.45 2
      vertex 64.1071 -16.1071 2
    endloop
  endfacet
  facet normal 0 0 1
    outer loop
      vertex 64.1071 -16.1071 2
      vertex 63.45 -15.45 2
      vertex 64.0087 -16.1933 2
    endloop
  endfacet
  facet normal 0 0 1
    outer loop
      vertex 64.0087 -16.1933 2
      vertex 63.45 -15.45 2
      vertex 63.9 -16.266 2
    endloop
  endfacet
  facet normal 0 0 1
    outer loop
      vertex 63.9 -16.266 2
      vertex 63.45 -15.45 2
      vertex 63.7827 -16.3239 2
    endloop
  endfacet
  facet normal 0 0 1
    outer loop
      vertex 63.7827 -16.3239 2
      vertex 63.45 -15.45 2
      vertex 63.6588 -16.3659 2
    endloop
  endfacet
  facet normal 0 0 1
    outer loop
      vertex 63.6588 -16.3659 2
      vertex 63.45 -15.45 2
      vertex 63.5305 -16.3914 2
    endloop
  endfacet
  facet normal 0 0 1
    outer loop
      vertex 63.45 -15.45 2
      vertex 63.4 -16.4 2
      vertex 63.5305 -16.3914 2
    endloop
  endfacet
  facet normal -0 0 1
    outer loop
      vertex 60.55 -15.45 2
      vertex 63.4 -16.4 2
      vertex 63.45 -15.45 2
    endloop
  endfacet
  facet normal 0 0 1
    outer loop
      vertex 60.55 11.45 2
      vertex 59.45 12.55 2
      vertex 59.45 11.45 2
    endloop
  endfacet
  facet normal 0 0 1
    outer loop
      vertex 60.55 8.55 2
      vertex 59.45 8.55 2
      vertex 60.55 7.45 2
    endloop
  endfacet
  facet normal 0 0 1
    outer loop
      vertex 59.45 4.55 2
      vertex 60.55 4.55 2
      vertex 59.45 7.45 2
    endloop
  endfacet
  facet normal 0 0 1
    outer loop
      vertex 60.55 3.45 2
      vertex 59.45 3.45 2
      vertex 60.55 0.549999 2
    endloop
  endfacet
  facet normal 0 0 1
    outer loop
      vertex 59.45 -0.549999 2
      vertex 60.55 -0.549999 2
      vertex 59.45 0.549999 2
    endloop
  endfacet
  facet normal 0 0 1
    outer loop
      vertex 60.55 -3.45 2
      vertex 59.45 -3.45 2
      vertex 60.55 -4.55 2
    endloop
  endfacet
  facet normal 0 0 1
    outer loop
      vertex 59.45 -7.45 2
      vertex 60.55 -7.45 2
      vertex 59.45 -4.55 2
    endloop
  endfacet
  facet normal 0 0 1
    outer loop
      vertex 60.55 -7.45 2
      vertex 59.45 -7.45 2
      vertex 60.55 -8.55 2
    endloop
  endfacet
  facet normal 0 0 1
    outer loop
      vertex 59.45 -8.55 2
      vertex 60.55 -8.55 2
      vertex 59.45 -7.45 2
    endloop
  endfacet
  facet normal 0 0 1
    outer loop
      vertex 60.55 -8.55 2
      vertex 59.45 -8.55 2
      vertex 60.55 -11.45 2
    endloop
  endfacet
  facet normal 0 0 1
    outer loop
      vertex 59.45 -11.45 2
      vertex 60.55 -11.45 2
      vertex 59.45 -8.55 2
    endloop
  endfacet
  facet normal 0 0 1
    outer loop
      vertex 60.55 -11.45 2
      vertex 59.45 -11.45 2
      vertex 60.55 -12.55 2
    endloop
  endfacet
  facet normal 0 0 1
    outer loop
      vertex 59.45 -12.55 2
      vertex 60.55 -12.55 2
      vertex 59.45 -11.45 2
    endloop
  endfacet
  facet normal 0 0 1
    outer loop
      vertex 60.55 -12.55 2
      vertex 59.45 -12.55 2
      vertex 60.55 -15.45 2
    endloop
  endfacet
  facet normal 0 0 1
    outer loop
      vertex 59.45 -15.45 2
      vertex 60.55 -15.45 2
      vertex 59.45 -12.55 2
    endloop
  endfacet
  facet normal -0 0 1
    outer loop
      vertex 59.45 -15.45 2
      vertex 63.4 -16.4 2
      vertex 60.55 -15.45 2
    endloop
  endfacet
  facet normal -0 0 1
    outer loop
      vertex 56.55 -15.45 2
      vertex 63.4 -16.4 2
      vertex 59.45 -15.45 2
    endloop
  endfacet
  facet normal 0 0 1
    outer loop
      vertex 56.55 11.45 2
      vertex 55.45 12.55 2
      vertex 55.45 11.45 2
    endloop
  endfacet
  facet normal 0 0 1
    outer loop
      vertex 56.55 8.55 2
      vertex 55.45 8.55 2
      vertex 56.55 7.45 2
    endloop
  endfacet
  facet normal 0 0 1
    outer loop
      vertex 55.45 4.55 2
      vertex 56.55 4.55 2
      vertex 55.45 7.45 2
    endloop
  endfacet
  facet normal 0 0 1
    outer loop
      vertex 56.55 3.45 2
      vertex 55.45 3.45 2
      vertex 56.55 0.549999 2
    endloop
  endfacet
  facet normal 0 0 1
    outer loop
      vertex 55.45 -0.549999 2
      vertex 56.55 -0.549999 2
      vertex 55.45 0.549999 2
    endloop
  endfacet
  facet normal 0 0 1
    outer loop
      vertex 56.55 -3.45 2
      vertex 55.45 -3.45 2
      vertex 56.55 -4.55 2
    endloop
  endfacet
  facet normal 0 0 1
    outer loop
      vertex 55.45 -7.45 2
      vertex 56.55 -7.45 2
      vertex 55.45 -4.55 2
    endloop
  endfacet
  facet normal 0 0 1
    outer loop
      vertex 56.55 -7.45 2
      vertex 55.45 -7.45 2
      vertex 56.55 -8.55 2
    endloop
  endfacet
  facet normal 0 0 1
    outer loop
      vertex 55.45 -8.55 2
      vertex 56.55 -8.55 2
      vertex 55.45 -7.45 2
    endloop
  endfacet
  facet normal 0 0 1
    outer loop
      vertex 56.55 -8.55 2
      vertex 55.45 -8.55 2
      vertex 56.55 -11.45 2
    endloop
  endfacet
  facet normal 0 0 1
    outer loop
      vertex 55.45 -11.45 2
      vertex 56.55 -11.45 2
      vertex 55.45 -8.55 2
    endloop
  endfacet
  facet normal 0 0 1
    outer loop
      vertex 56.55 -11.45 2
      vertex 55.45 -11.45 2
      vertex 56.55 -12.55 2
    endloop
  endfacet
  facet normal 0 0 1
    outer loop
      vertex 55.45 -12.55 2
      vertex 56.55 -12.55 2
      vertex 55.45 -11.45 2
    endloop
  endfacet
  facet normal 0 0 1
    outer loop
      vertex 56.55 -12.55 2
      vertex 55.45 -12.55 2
      vertex 56.55 -15.45 2
    endloop
  endfacet
  facet normal 0 0 1
    outer loop
      vertex 55.45 -15.45 2
      vertex 56.55 -15.45 2
      vertex 55.45 -12.55 2
    endloop
  endfacet
  facet normal -0 0 1
    outer loop
      vertex 55.45 -15.45 2
      vertex 63.4 -16.4 2
      vertex 56.55 -15.45 2
    endloop
  endfacet
  facet normal -0 0 1
    outer loop
      vertex 52.55 -15.45 2
      vertex 63.4 -16.4 2
      vertex 55.45 -15.45 2
    endloop
  endfacet
  facet normal 0 0 1
    outer loop
      vertex 52.55 11.45 2
      vertex 51.45 12.55 2
      vertex 51.45 11.45 2
    endloop
  endfacet
  facet normal 0 0 1
    outer loop
      vertex 52.55 8.55 2
      vertex 51.45 8.55 2
      vertex 52.55 7.45 2
    endloop
  endfacet
  facet normal 0 0 1
    outer loop
      vertex 51.45 4.55 2
      vertex 52.55 4.55 2
      vertex 51.45 7.45 2
    endloop
  endfacet
  facet normal 0 0 1
    outer loop
      vertex 52.55 3.45 2
      vertex 51.45 3.45 2
      vertex 52.55 0.549999 2
    endloop
  endfacet
  facet normal 0 0 1
    outer loop
      vertex 51.45 -0.549999 2
      vertex 52.55 -0.549999 2
      vertex 51.45 0.549999 2
    endloop
  endfacet
  facet normal 0 0 1
    outer loop
      vertex 52.55 -3.45 2
      vertex 51.45 -3.45 2
      vertex 52.55 -4.55 2
    endloop
  endfacet
  facet normal 0 0 1
    outer loop
      vertex 51.45 -7.45 2
      vertex 52.55 -7.45 2
      vertex 51.45 -4.55 2
    endloop
  endfacet
  facet normal 0 0 1
    outer loop
      vertex 52.55 -7.45 2
      vertex 51.45 -7.45 2
      vertex 52.55 -8.55 2
    endloop
  endfacet
  facet normal 0 0 1
    outer loop
      vertex 51.45 -8.55 2
      vertex 52.55 -8.55 2
      vertex 51.45 -7.45 2
    endloop
  endfacet
  facet normal 0 0 1
    outer loop
      vertex 52.55 -8.55 2
      vertex 51.45 -8.55 2
      vertex 52.55 -11.45 2
    endloop
  endfacet
  facet normal 0 0 1
    outer loop
      vertex 51.45 -11.45 2
      vertex 52.55 -11.45 2
      vertex 51.45 -8.55 2
    endloop
  endfacet
  facet normal 0 0 1
    outer loop
      vertex 52.55 -11.45 2
      vertex 51.45 -11.45 2
      vertex 52.55 -12.55 2
    endloop
  endfacet
  facet normal 0 0 1
    outer loop
      vertex 51.45 -12.55 2
      vertex 52.55 -12.55 2
      vertex 51.45 -11.45 2
    endloop
  endfacet
  facet normal 0 0 1
    outer loop
      vertex 52.55 -12.55 2
      vertex 51.45 -12.55 2
      vertex 52.55 -15.45 2
    endloop
  endfacet
  facet normal 0 0 1
    outer loop
      vertex 51.45 -15.45 2
      vertex 52.55 -15.45 2
      vertex 51.45 -12.55 2
    endloop
  endfacet
  facet normal -0 0 1
    outer loop
      vertex 51.45 -15.45 2
      vertex 63.4 -16.4 2
      vertex 52.55 -15.45 2
    endloop
  endfacet
  facet normal -0 0 1
    outer loop
      vertex 48.55 -15.45 2
      vertex 63.4 -16.4 2
      vertex 51.45 -15.45 2
    endloop
  endfacet
  facet normal 0 0 1
    outer loop
      vertex 48.55 11.45 2
      vertex 47.45 12.55 2
      vertex 47.45 11.45 2
    endloop
  endfacet
  facet normal 0 0 1
    outer loop
      vertex 48.55 8.55 2
      vertex 47.45 8.55 2
      vertex 48.55 7.45 2
    endloop
  endfacet
  facet normal 0 0 1
    outer loop
      vertex 47.45 4.55 2
      vertex 48.55 4.55 2
      vertex 47.45 7.45 2
    endloop
  endfacet
  facet normal 0 0 1
    outer loop
      vertex 48.55 3.45 2
      vertex 47.45 3.45 2
      vertex 48.55 0.549999 2
    endloop
  endfacet
  facet normal 0 0 1
    outer loop
      vertex 47.45 -0.549999 2
      vertex 48.55 -0.549999 2
      vertex 47.45 0.549999 2
    endloop
  endfacet
  facet normal 0 0 1
    outer loop
      vertex 48.55 -3.45 2
      vertex 47.45 -3.45 2
      vertex 48.55 -4.55 2
    endloop
  endfacet
  facet normal 0 0 1
    outer loop
      vertex 47.45 -7.45 2
      vertex 48.55 -7.45 2
      vertex 47.45 -4.55 2
    endloop
  endfacet
  facet normal 0 0 1
    outer loop
      vertex 48.55 -7.45 2
      vertex 47.45 -7.45 2
      vertex 48.55 -8.55 2
    endloop
  endfacet
  facet normal 0 0 1
    outer loop
      vertex 47.45 -8.55 2
      vertex 48.55 -8.55 2
      vertex 47.45 -7.45 2
    endloop
  endfacet
  facet normal 0 0 1
    outer loop
      vertex 48.55 -8.55 2
      vertex 47.45 -8.55 2
      vertex 48.55 -11.45 2
    endloop
  endfacet
  facet normal 0 0 1
    outer loop
      vertex 47.45 -11.45 2
      vertex 48.55 -11.45 2
      vertex 47.45 -8.55 2
    endloop
  endfacet
  facet normal 0 0 1
    outer loop
      vertex 48.55 -11.45 2
      vertex 47.45 -11.45 2
      vertex 48.55 -12.55 2
    endloop
  endfacet
  facet normal 0 0 1
    outer loop
      vertex 47.45 -12.55 2
      vertex 48.55 -12.55 2
      vertex 47.45 -11.45 2
    endloop
  endfacet
  facet normal 0 0 1
    outer loop
      vertex 48.55 -12.55 2
      vertex 47.45 -12.55 2
      vertex 48.55 -15.45 2
    endloop
  endfacet
  facet normal 0 0 1
    outer loop
      vertex 47.45 -15.45 2
      vertex 48.55 -15.45 2
      vertex 47.45 -12.55 2
    endloop
  endfacet
  facet normal -0 0 1
    outer loop
      vertex 47.45 -15.45 2
      vertex 63.4 -16.4 2
      vertex 48.55 -15.45 2
    endloop
  endfacet
  facet normal -0 0 1
    outer loop
      vertex 44.55 -15.45 2
      vertex 63.4 -16.4 2
      vertex 47.45 -15.45 2
    endloop
  endfacet
  facet normal 0 0 1
    outer loop
      vertex 44.55 11.45 2
      vertex 43.45 12.55 2
      vertex 43.45 11.45 2
    endloop
  endfacet
  facet normal 0 0 1
    outer loop
      vertex 44.55 8.55 2
      vertex 43.45 8.55 2
      vertex 44.55 7.45 2
    endloop
  endfacet
  facet normal 0 0 1
    outer loop
      vertex 43.45 4.55 2
      vertex 44.55 4.55 2
      vertex 43.45 7.45 2
    endloop
  endfacet
  facet normal 0 0 1
    outer loop
      vertex 44.55 3.45 2
      vertex 43.45 3.45 2
      vertex 44.55 0.549999 2
    endloop
  endfacet
  facet normal 0 0 1
    outer loop
      vertex 43.45 -0.549999 2
      vertex 44.55 -0.549999 2
      vertex 43.45 0.549999 2
    endloop
  endfacet
  facet normal 0 0 1
    outer loop
      vertex 44.55 -3.45 2
      vertex 43.45 -3.45 2
      vertex 44.55 -4.55 2
    endloop
  endfacet
  facet normal 0 0 1
    outer loop
      vertex 43.45 -7.45 2
      vertex 44.55 -7.45 2
      vertex 43.45 -4.55 2
    endloop
  endfacet
  facet normal 0 0 1
    outer loop
      vertex 44.55 -7.45 2
      vertex 43.45 -7.45 2
      vertex 44.55 -8.55 2
    endloop
  endfacet
  facet normal 0 0 1
    outer loop
      vertex 43.45 -8.55 2
      vertex 44.55 -8.55 2
      vertex 43.45 -7.45 2
    endloop
  endfacet
  facet normal 0 0 1
    outer loop
      vertex 44.55 -8.55 2
      vertex 43.45 -8.55 2
      vertex 44.55 -11.45 2
    endloop
  endfacet
  facet normal 0 0 1
    outer loop
      vertex 43.45 -11.45 2
      vertex 44.55 -11.45 2
      vertex 43.45 -8.55 2
    endloop
  endfacet
  facet normal 0 0 1
    outer loop
      vertex 44.55 -11.45 2
      vertex 43.45 -11.45 2
      vertex 44.55 -12.55 2
    endloop
  endfacet
  facet normal 0 0 1
    outer loop
      vertex 43.45 -12.55 2
      vertex 44.55 -12.55 2
      vertex 43.45 -11.45 2
    endloop
  endfacet
  facet normal 0 0 1
    outer loop
      vertex 44.55 -12.55 2
      vertex 43.45 -12.55 2
      vertex 44.55 -15.45 2
    endloop
  endfacet
  facet normal 0 0 1
    outer loop
      vertex 43.45 -15.45 2
      vertex 44.55 -15.45 2
      vertex 43.45 -12.55 2
    endloop
  endfacet
  facet normal -0 0 1
    outer loop
      vertex 43.45 -15.45 2
      vertex 63.4 -16.4 2
      vertex 44.55 -15.45 2
    endloop
  endfacet
  facet normal -0 0 1
    outer loop
      vertex 40.55 -15.45 2
      vertex 63.4 -16.4 2
      vertex 43.45 -15.45 2
    endloop
  endfacet
  facet normal 0 0 1
    outer loop
      vertex 40.55 11.45 2
      vertex 39.45 12.55 2
      vertex 39.45 11.45 2
    endloop
  endfacet
  facet normal 0 0 1
    outer loop
      vertex 40.55 8.55 2
      vertex 39.45 8.55 2
      vertex 40.55 7.45 2
    endloop
  endfacet
  facet normal 0 0 1
    outer loop
      vertex 39.45 4.55 2
      vertex 40.55 4.55 2
      vertex 39.45 7.45 2
    endloop
  endfacet
  facet normal 0 0 1
    outer loop
      vertex 40.55 3.45 2
      vertex 39.45 3.45 2
      vertex 40.55 0.549999 2
    endloop
  endfacet
  facet normal 0 0 1
    outer loop
      vertex 39.45 -0.549999 2
      vertex 40.55 -0.549999 2
      vertex 39.45 0.549999 2
    endloop
  endfacet
  facet normal 0 0 1
    outer loop
      vertex 40.55 -3.45 2
      vertex 39.45 -3.45 2
      vertex 40.55 -4.55 2
    endloop
  endfacet
  facet normal 0 0 1
    outer loop
      vertex 39.45 -7.45 2
      vertex 40.55 -7.45 2
      vertex 39.45 -4.55 2
    endloop
  endfacet
  facet normal 0 0 1
    outer loop
      vertex 40.55 -7.45 2
      vertex 39.45 -7.45 2
      vertex 40.55 -8.55 2
    endloop
  endfacet
  facet normal 0 0 1
    outer loop
      vertex 39.45 -8.55 2
      vertex 40.55 -8.55 2
      vertex 39.45 -7.45 2
    endloop
  endfacet
  facet normal 0 0 1
    outer loop
      vertex 40.55 -8.55 2
      vertex 39.45 -8.55 2
      vertex 40.55 -11.45 2
    endloop
  endfacet
  facet normal 0 0 1
    outer loop
      vertex 39.45 -11.45 2
      vertex 40.55 -11.45 2
      vertex 39.45 -8.55 2
    endloop
  endfacet
  facet normal 0 0 1
    outer loop
      vertex 40.55 -11.45 2
      vertex 39.45 -11.45 2
      vertex 40.55 -12.55 2
    endloop
  endfacet
  facet normal 0 0 1
    outer loop
      vertex 39.45 -12.55 2
      vertex 40.55 -12.55 2
      vertex 39.45 -11.45 2
    endloop
  endfacet
  facet normal 0 0 1
    outer loop
      vertex 40.55 -12.55 2
      vertex 39.45 -12.55 2
      vertex 40.55 -15.45 2
    endloop
  endfacet
  facet normal 0 0 1
    outer loop
      vertex 39.45 -15.45 2
      vertex 40.55 -15.45 2
      vertex 39.45 -12.55 2
    endloop
  endfacet
  facet normal -0 0 1
    outer loop
      vertex 39.45 -15.45 2
      vertex 63.4 -16.4 2
      vertex 40.55 -15.45 2
    endloop
  endfacet
  facet normal -0 0 1
    outer loop
      vertex 36.55 -15.45 2
      vertex 63.4 -16.4 2
      vertex 39.45 -15.45 2
    endloop
  endfacet
  facet normal 0 0 1
    outer loop
      vertex 36.55 11.45 2
      vertex 35.45 12.55 2
      vertex 35.45 11.45 2
    endloop
  endfacet
  facet normal 0 0 1
    outer loop
      vertex 36.55 8.55 2
      vertex 35.45 8.55 2
      vertex 36.55 7.45 2
    endloop
  endfacet
  facet normal 0 0 1
    outer loop
      vertex 35.45 4.55 2
      vertex 36.55 4.55 2
      vertex 35.45 7.45 2
    endloop
  endfacet
  facet normal 0 0 1
    outer loop
      vertex 36.55 3.45 2
      vertex 35.45 3.45 2
      vertex 36.55 0.549999 2
    endloop
  endfacet
  facet normal 0 0 1
    outer loop
      vertex 35.45 -0.549999 2
      vertex 36.55 -0.549999 2
      vertex 35.45 0.549999 2
    endloop
  endfacet
  facet normal 0 0 1
    outer loop
      vertex 36.55 -3.45 2
      vertex 35.45 -3.45 2
      vertex 36.55 -4.55 2
    endloop
  endfacet
  facet normal 0 0 1
    outer loop
      vertex 35.45 -7.45 2
      vertex 36.55 -7.45 2
      vertex 35.45 -4.55 2
    endloop
  endfacet
  facet normal 0 0 1
    outer loop
      vertex 36.55 -7.45 2
      vertex 35.45 -7.45 2
      vertex 36.55 -8.55 2
    endloop
  endfacet
  facet normal 0 0 1
    outer loop
      vertex 35.45 -8.55 2
      vertex 36.55 -8.55 2
      vertex 35.45 -7.45 2
    endloop
  endfacet
  facet normal 0 0 1
    outer loop
      vertex 36.55 -8.55 2
      vertex 35.45 -8.55 2
      vertex 36.55 -11.45 2
    endloop
  endfacet
  facet normal 0 0 1
    outer loop
      vertex 35.45 -11.45 2
      vertex 36.55 -11.45 2
      vertex 35.45 -8.55 2
    endloop
  endfacet
  facet normal 0 0 1
    outer loop
      vertex 36.55 -11.45 2
      vertex 35.45 -11.45 2
      vertex 36.55 -12.55 2
    endloop
  endfacet
  facet normal 0 0 1
    outer loop
      vertex 35.45 -12.55 2
      vertex 36.55 -12.55 2
      vertex 35.45 -11.45 2
    endloop
  endfacet
  facet normal 0 0 1
    outer loop
      vertex 36.55 -12.55 2
      vertex 35.45 -12.55 2
      vertex 36.55 -15.45 2
    endloop
  endfacet
  facet normal 0 0 1
    outer loop
      vertex 35.45 -15.45 2
      vertex 36.55 -15.45 2
      vertex 35.45 -12.55 2
    endloop
  endfacet
  facet normal -0 0 1
    outer loop
      vertex 35.45 -15.45 2
      vertex 63.4 -16.4 2
      vertex 36.55 -15.45 2
    endloop
  endfacet
  facet normal -0 0 1
    outer loop
      vertex 32.55 -15.45 2
      vertex 63.4 -16.4 2
      vertex 35.45 -15.45 2
    endloop
  endfacet
  facet normal 0 0 1
    outer loop
      vertex 32.55 11.45 2
      vertex 31.45 12.55 2
      vertex 31.45 11.45 2
    endloop
  endfacet
  facet normal 0 0 1
    outer loop
      vertex 32.55 8.55 2
      vertex 31.45 8.55 2
      vertex 32.55 7.45 2
    endloop
  endfacet
  facet normal 0 0 1
    outer loop
      vertex 31.45 4.55 2
      vertex 32.55 4.55 2
      vertex 31.45 7.45 2
    endloop
  endfacet
  facet normal 0 0 1
    outer loop
      vertex 32.55 3.45 2
      vertex 31.45 3.45 2
      vertex 32.55 0.549999 2
    endloop
  endfacet
  facet normal 0 0 1
    outer loop
      vertex 31.45 -0.549999 2
      vertex 32.55 -0.549999 2
      vertex 31.45 0.549999 2
    endloop
  endfacet
  facet normal 0 0 1
    outer loop
      vertex 32.55 -3.45 2
      vertex 31.45 -3.45 2
      vertex 32.55 -4.55 2
    endloop
  endfacet
  facet normal 0 0 1
    outer loop
      vertex 31.45 -7.45 2
      vertex 32.55 -7.45 2
      vertex 31.45 -4.55 2
    endloop
  endfacet
  facet normal 0 0 1
    outer loop
      vertex 32.55 -7.45 2
      vertex 31.45 -7.45 2
      vertex 32.55 -8.55 2
    endloop
  endfacet
  facet normal 0 0 1
    outer loop
      vertex 31.45 -8.55 2
      vertex 32.55 -8.55 2
      vertex 31.45 -7.45 2
    endloop
  endfacet
  facet normal 0 0 1
    outer loop
      vertex 32.55 -8.55 2
      vertex 31.45 -8.55 2
      vertex 32.55 -11.45 2
    endloop
  endfacet
  facet normal 0 0 1
    outer loop
      vertex 31.45 -11.45 2
      vertex 32.55 -11.45 2
      vertex 31.45 -8.55 2
    endloop
  endfacet
  facet normal 0 0 1
    outer loop
      vertex 32.55 -11.45 2
      vertex 31.45 -11.45 2
      vertex 32.55 -12.55 2
    endloop
  endfacet
  facet normal 0 0 1
    outer loop
      vertex 31.45 -12.55 2
      vertex 32.55 -12.55 2
      vertex 31.45 -11.45 2
    endloop
  endfacet
  facet normal 0 0 1
    outer loop
      vertex 32.55 -12.55 2
      vertex 31.45 -12.55 2
      vertex 32.55 -15.45 2
    endloop
  endfacet
  facet normal 0 0 1
    outer loop
      vertex 31.45 -15.45 2
      vertex 32.55 -15.45 2
      vertex 31.45 -12.55 2
    endloop
  endfacet
  facet normal -0 0 1
    outer loop
      vertex 31.45 -15.45 2
      vertex 63.4 -16.4 2
      vertex 32.55 -15.45 2
    endloop
  endfacet
  facet normal -0 0 1
    outer loop
      vertex 28.55 -15.45 2
      vertex 63.4 -16.4 2
      vertex 31.45 -15.45 2
    endloop
  endfacet
  facet normal 0 0 1
    outer loop
      vertex 28.55 11.45 2
      vertex 27.45 12.55 2
      vertex 27.45 11.45 2
    endloop
  endfacet
  facet normal 0 0 1
    outer loop
      vertex 28.55 8.55 2
      vertex 27.45 8.55 2
      vertex 28.55 7.45 2
    endloop
  endfacet
  facet normal 0 0 1
    outer loop
      vertex 27.45 4.55 2
      vertex 28.55 4.55 2
      vertex 27.45 7.45 2
    endloop
  endfacet
  facet normal 0 0 1
    outer loop
      vertex 28.55 3.45 2
      vertex 27.45 3.45 2
      vertex 28.55 0.549999 2
    endloop
  endfacet
  facet normal 0 0 1
    outer loop
      vertex 27.45 -0.549999 2
      vertex 28.55 -0.549999 2
      vertex 27.45 0.549999 2
    endloop
  endfacet
  facet normal 0 0 1
    outer loop
      vertex 28.55 -3.45 2
      vertex 27.45 -3.45 2
      vertex 28.55 -4.55 2
    endloop
  endfacet
  facet normal 0 0 1
    outer loop
      vertex 27.45 -7.45 2
      vertex 28.55 -7.45 2
      vertex 27.45 -4.55 2
    endloop
  endfacet
  facet normal 0 0 1
    outer loop
      vertex 28.55 -7.45 2
      vertex 27.45 -7.45 2
      vertex 28.55 -8.55 2
    endloop
  endfacet
  facet normal 0 0 1
    outer loop
      vertex 27.45 -8.55 2
      vertex 28.55 -8.55 2
      vertex 27.45 -7.45 2
    endloop
  endfacet
  facet normal 0 0 1
    outer loop
      vertex 28.55 -8.55 2
      vertex 27.45 -8.55 2
      vertex 28.55 -11.45 2
    endloop
  endfacet
  facet normal 0 0 1
    outer loop
      vertex 27.45 -11.45 2
      vertex 28.55 -11.45 2
      vertex 27.45 -8.55 2
    endloop
  endfacet
  facet normal 0 0 1
    outer loop
      vertex 28.55 -11.45 2
      vertex 27.45 -11.45 2
      vertex 28.55 -12.55 2
    endloop
  endfacet
  facet normal 0 0 1
    outer loop
      vertex 27.45 -12.55 2
      vertex 28.55 -12.55 2
      vertex 27.45 -11.45 2
    endloop
  endfacet
  facet normal 0 0 1
    outer loop
      vertex 28.55 -12.55 2
      vertex 27.45 -12.55 2
      vertex 28.55 -15.45 2
    endloop
  endfacet
  facet normal 0 0 1
    outer loop
      vertex 27.45 -15.45 2
      vertex 28.55 -15.45 2
      vertex 27.45 -12.55 2
    endloop
  endfacet
  facet normal -0 0 1
    outer loop
      vertex 27.45 -15.45 2
      vertex 63.4 -16.4 2
      vertex 28.55 -15.45 2
    endloop
  endfacet
  facet normal -0 0 1
    outer loop
      vertex 24.55 -15.45 2
      vertex 63.4 -16.4 2
      vertex 27.45 -15.45 2
    endloop
  endfacet
  facet normal 0 0 1
    outer loop
      vertex 24.55 11.45 2
      vertex 23.45 12.55 2
      vertex 23.45 11.45 2
    endloop
  endfacet
  facet normal 0 0 1
    outer loop
      vertex 24.55 8.55 2
      vertex 23.45 8.55 2
      vertex 24.55 7.45 2
    endloop
  endfacet
  facet normal 0 0 1
    outer loop
      vertex 23.45 4.55 2
      vertex 24.55 4.55 2
      vertex 23.45 7.45 2
    endloop
  endfacet
  facet normal 0 0 1
    outer loop
      vertex 24.55 3.45 2
      vertex 23.45 3.45 2
      vertex 24.55 0.549999 2
    endloop
  endfacet
  facet normal 0 0 1
    outer loop
      vertex 23.45 -0.549999 2
      vertex 24.55 -0.549999 2
      vertex 23.45 0.549999 2
    endloop
  endfacet
  facet normal 0 0 1
    outer loop
      vertex 24.55 -3.45 2
      vertex 23.45 -3.45 2
      vertex 24.55 -4.55 2
    endloop
  endfacet
  facet normal 0 0 1
    outer loop
      vertex 23.45 -7.45 2
      vertex 24.55 -7.45 2
      vertex 23.45 -4.55 2
    endloop
  endfacet
  facet normal 0 0 1
    outer loop
      vertex 24.55 -7.45 2
      vertex 23.45 -7.45 2
      vertex 24.55 -8.55 2
    endloop
  endfacet
  facet normal 0 0 1
    outer loop
      vertex 23.45 -8.55 2
      vertex 24.55 -8.55 2
      vertex 23.45 -7.45 2
    endloop
  endfacet
  facet normal 0 0 1
    outer loop
      vertex 24.55 -8.55 2
      vertex 23.45 -8.55 2
      vertex 24.55 -11.45 2
    endloop
  endfacet
  facet normal 0 0 1
    outer loop
      vertex 23.45 -11.45 2
      vertex 24.55 -11.45 2
      vertex 23.45 -8.55 2
    endloop
  endfacet
  facet normal 0 0 1
    outer loop
      vertex 24.55 -11.45 2
      vertex 23.45 -11.45 2
      vertex 24.55 -12.55 2
    endloop
  endfacet
  facet normal 0 0 1
    outer loop
      vertex 23.45 -12.55 2
      vertex 24.55 -12.55 2
      vertex 23.45 -11.45 2
    endloop
  endfacet
  facet normal 0 0 1
    outer loop
      vertex 24.55 -12.55 2
      vertex 23.45 -12.55 2
      vertex 24.55 -15.45 2
    endloop
  endfacet
  facet normal 0 0 1
    outer loop
      vertex 23.45 -15.45 2
      vertex 24.55 -15.45 2
      vertex 23.45 -12.55 2
    endloop
  endfacet
  facet normal -0 0 1
    outer loop
      vertex 23.45 -15.45 2
      vertex 63.4 -16.4 2
      vertex 24.55 -15.45 2
    endloop
  endfacet
  facet normal -0 0 1
    outer loop
      vertex 20.55 -15.45 2
      vertex 63.4 -16.4 2
      vertex 23.45 -15.45 2
    endloop
  endfacet
  facet normal 0 0 1
    outer loop
      vertex 20.55 11.45 2
      vertex 19.45 12.55 2
      vertex 19.45 11.45 2
    endloop
  endfacet
  facet normal 0 0 1
    outer loop
      vertex 20.55 8.55 2
      vertex 19.45 8.55 2
      vertex 20.55 7.45 2
    endloop
  endfacet
  facet normal 0 0 1
    outer loop
      vertex 19.45 4.55 2
      vertex 20.55 4.55 2
      vertex 19.45 7.45 2
    endloop
  endfacet
  facet normal 0 0 1
    outer loop
      vertex 20.55 3.45 2
      vertex 19.45 3.45 2
      vertex 20.55 0.549999 2
    endloop
  endfacet
  facet normal 0 0 1
    outer loop
      vertex 19.45 -0.549999 2
      vertex 20.55 -0.549999 2
      vertex 19.45 0.549999 2
    endloop
  endfacet
  facet normal 0 0 1
    outer loop
      vertex 20.55 -3.45 2
      vertex 19.45 -3.45 2
      vertex 20.55 -4.55 2
    endloop
  endfacet
  facet normal 0 0 1
    outer loop
      vertex 19.45 -7.45 2
      vertex 20.55 -7.45 2
      vertex 19.45 -4.55 2
    endloop
  endfacet
  facet normal 0 0 1
    outer loop
      vertex 20.55 -7.45 2
      vertex 19.45 -7.45 2
      vertex 20.55 -8.55 2
    endloop
  endfacet
  facet normal 0 0 1
    outer loop
      vertex 19.45 -8.55 2
      vertex 20.55 -8.55 2
      vertex 19.45 -7.45 2
    endloop
  endfacet
  facet normal 0 0 1
    outer loop
      vertex 20.55 -8.55 2
      vertex 19.45 -8.55 2
      vertex 20.55 -11.45 2
    endloop
  endfacet
  facet normal 0 0 1
    outer loop
      vertex 19.45 -11.45 2
      vertex 20.55 -11.45 2
      vertex 19.45 -8.55 2
    endloop
  endfacet
  facet normal 0 0 1
    outer loop
      vertex 20.55 -11.45 2
      vertex 19.45 -11.45 2
      vertex 20.55 -12.55 2
    endloop
  endfacet
  facet normal 0 0 1
    outer loop
      vertex 19.45 -12.55 2
      vertex 20.55 -12.55 2
      vertex 19.45 -11.45 2
    endloop
  endfacet
  facet normal 0 0 1
    outer loop
      vertex 20.55 -12.55 2
      vertex 19.45 -12.55 2
      vertex 20.55 -15.45 2
    endloop
  endfacet
  facet normal 0 0 1
    outer loop
      vertex 19.45 -15.45 2
      vertex 20.55 -15.45 2
      vertex 19.45 -12.55 2
    endloop
  endfacet
  facet normal -0 0 1
    outer loop
      vertex 19.45 -15.45 2
      vertex 63.4 -16.4 2
      vertex 20.55 -15.45 2
    endloop
  endfacet
  facet normal -0 0 1
    outer loop
      vertex 16.55 -15.45 2
      vertex 63.4 -16.4 2
      vertex 19.45 -15.45 2
    endloop
  endfacet
  facet normal 0 0 1
    outer loop
      vertex 16.55 11.45 2
      vertex 15.45 12.55 2
      vertex 15.45 11.45 2
    endloop
  endfacet
  facet normal 0 0 1
    outer loop
      vertex 16.55 8.55 2
      vertex 15.45 8.55 2
      vertex 16.55 7.45 2
    endloop
  endfacet
  facet normal 0 0 1
    outer loop
      vertex 15.45 4.55 2
      vertex 16.55 4.55 2
      vertex 15.45 7.45 2
    endloop
  endfacet
  facet normal 0 0 1
    outer loop
      vertex 16.55 3.45 2
      vertex 15.45 3.45 2
      vertex 16.55 0.549999 2
    endloop
  endfacet
  facet normal 0 0 1
    outer loop
      vertex 15.45 -0.549999 2
      vertex 16.55 -0.549999 2
      vertex 15.45 0.549999 2
    endloop
  endfacet
  facet normal 0 0 1
    outer loop
      vertex 16.55 -3.45 2
      vertex 15.45 -3.45 2
      vertex 16.55 -4.55 2
    endloop
  endfacet
  facet normal 0 0 1
    outer loop
      vertex 15.45 -7.45 2
      vertex 16.55 -7.45 2
      vertex 15.45 -4.55 2
    endloop
  endfacet
  facet normal 0 0 1
    outer loop
      vertex 16.55 -7.45 2
      vertex 15.45 -7.45 2
      vertex 16.55 -8.55 2
    endloop
  endfacet
  facet normal 0 0 1
    outer loop
      vertex 15.45 -8.55 2
      vertex 16.55 -8.55 2
      vertex 15.45 -7.45 2
    endloop
  endfacet
  facet normal 0 0 1
    outer loop
      vertex 16.55 -8.55 2
      vertex 15.45 -8.55 2
      vertex 16.55 -11.45 2
    endloop
  endfacet
  facet normal 0 0 1
    outer loop
      vertex 15.45 -11.45 2
      vertex 16.55 -11.45 2
      vertex 15.45 -8.55 2
    endloop
  endfacet
  facet normal 0 0 1
    outer loop
      vertex 16.55 -11.45 2
      vertex 15.45 -11.45 2
      vertex 16.55 -12.55 2
    endloop
  endfacet
  facet normal 0 0 1
    outer loop
      vertex 15.45 -12.55 2
      vertex 16.55 -12.55 2
      vertex 15.45 -11.45 2
    endloop
  endfacet
  facet normal 0 0 1
    outer loop
      vertex 16.55 -12.55 2
      vertex 15.45 -12.55 2
      vertex 16.55 -15.45 2
    endloop
  endfacet
  facet normal 0 0 1
    outer loop
      vertex 15.45 -15.45 2
      vertex 16.55 -15.45 2
      vertex 15.45 -12.55 2
    endloop
  endfacet
  facet normal -0 0 1
    outer loop
      vertex 15.45 -15.45 2
      vertex 63.4 -16.4 2
      vertex 16.55 -15.45 2
    endloop
  endfacet
  facet normal -0 0 1
    outer loop
      vertex 12.55 -15.45 2
      vertex 63.4 -16.4 2
      vertex 15.45 -15.45 2
    endloop
  endfacet
  facet normal 0 0 1
    outer loop
      vertex 12.55 11.45 2
      vertex 11.45 12.55 2
      vertex 11.45 11.45 2
    endloop
  endfacet
  facet normal 0 0 1
    outer loop
      vertex 12.55 8.55 2
      vertex 11.45 8.55 2
      vertex 12.55 7.45 2
    endloop
  endfacet
  facet normal 0 0 1
    outer loop
      vertex 11.45 4.55 2
      vertex 12.55 4.55 2
      vertex 11.45 7.45 2
    endloop
  endfacet
  facet normal 0 0 1
    outer loop
      vertex 12.55 3.45 2
      vertex 11.45 3.45 2
      vertex 12.55 0.549999 2
    endloop
  endfacet
  facet normal 0 0 1
    outer loop
      vertex 11.45 -0.549999 2
      vertex 12.55 -0.549999 2
      vertex 11.45 0.549999 2
    endloop
  endfacet
  facet normal 0 0 1
    outer loop
      vertex 12.55 -3.45 2
      vertex 11.45 -3.45 2
      vertex 12.55 -4.55 2
    endloop
  endfacet
  facet normal 0 0 1
    outer loop
      vertex 11.45 -7.45 2
      vertex 12.55 -7.45 2
      vertex 11.45 -4.55 2
    endloop
  endfacet
  facet normal 0 0 1
    outer loop
      vertex 12.55 -7.45 2
      vertex 11.45 -7.45 2
      vertex 12.55 -8.55 2
    endloop
  endfacet
  facet normal 0 0 1
    outer loop
      vertex 11.45 -8.55 2
      vertex 12.55 -8.55 2
      vertex 11.45 -7.45 2
    endloop
  endfacet
  facet normal 0 0 1
    outer loop
      vertex 12.55 -8.55 2
      vertex 11.45 -8.55 2
      vertex 12.55 -11.45 2
    endloop
  endfacet
  facet normal 0 0 1
    outer loop
      vertex 11.45 -11.45 2
      vertex 12.55 -11.45 2
      vertex 11.45 -8.55 2
    endloop
  endfacet
  facet normal 0 0 1
    outer loop
      vertex 12.55 -11.45 2
      vertex 11.45 -11.45 2
      vertex 12.55 -12.55 2
    endloop
  endfacet
  facet normal 0 0 1
    outer loop
      vertex 11.45 -12.55 2
      vertex 12.55 -12.55 2
      vertex 11.45 -11.45 2
    endloop
  endfacet
  facet normal 0 0 1
    outer loop
      vertex 12.55 -12.55 2
      vertex 11.45 -12.55 2
      vertex 12.55 -15.45 2
    endloop
  endfacet
  facet normal 0 0 1
    outer loop
      vertex 11.45 -15.45 2
      vertex 12.55 -15.45 2
      vertex 11.45 -12.55 2
    endloop
  endfacet
  facet normal -0 0 1
    outer loop
      vertex 11.45 -15.45 2
      vertex 63.4 -16.4 2
      vertex 12.55 -15.45 2
    endloop
  endfacet
  facet normal -0 0 1
    outer loop
      vertex 8.55 -15.45 2
      vertex 63.4 -16.4 2
      vertex 11.45 -15.45 2
    endloop
  endfacet
  facet normal 0 0 1
    outer loop
      vertex 8.55 11.45 2
      vertex 7.45 12.55 2
      vertex 7.45 11.45 2
    endloop
  endfacet
  facet normal 0 0 1
    outer loop
      vertex 8.55 8.55 2
      vertex 7.45 8.55 2
      vertex 8.55 7.45 2
    endloop
  endfacet
  facet normal 0 0 1
    outer loop
      vertex 7.45 4.55 2
      vertex 8.55 4.55 2
      vertex 7.45 7.45 2
    endloop
  endfacet
  facet normal 0 0 1
    outer loop
      vertex 8.55 3.45 2
      vertex 7.45 3.45 2
      vertex 8.55 0.549999 2
    endloop
  endfacet
  facet normal 0 0 1
    outer loop
      vertex 7.45 -0.549999 2
      vertex 8.55 -0.549999 2
      vertex 7.45 0.549999 2
    endloop
  endfacet
  facet normal 0 0 1
    outer loop
      vertex 8.55 -3.45 2
      vertex 7.45 -3.45 2
      vertex 8.55 -4.55 2
    endloop
  endfacet
  facet normal 0 0 1
    outer loop
      vertex 7.45 -7.45 2
      vertex 8.55 -7.45 2
      vertex 7.45 -4.55 2
    endloop
  endfacet
  facet normal 0 0 1
    outer loop
      vertex 8.55 -7.45 2
      vertex 7.45 -7.45 2
      vertex 8.55 -8.55 2
    endloop
  endfacet
  facet normal 0 0 1
    outer loop
      vertex 7.45 -8.55 2
      vertex 8.55 -8.55 2
      vertex 7.45 -7.45 2
    endloop
  endfacet
  facet normal 0 0 1
    outer loop
      vertex 8.55 -8.55 2
      vertex 7.45 -8.55 2
      vertex 8.55 -11.45 2
    endloop
  endfacet
  facet normal 0 0 1
    outer loop
      vertex 7.45 -11.45 2
      vertex 8.55 -11.45 2
      vertex 7.45 -8.55 2
    endloop
  endfacet
  facet normal 0 0 1
    outer loop
      vertex 8.55 -11.45 2
      vertex 7.45 -11.45 2
      vertex 8.55 -12.55 2
    endloop
  endfacet
  facet normal 0 0 1
    outer loop
      vertex 7.45 -12.55 2
      vertex 8.55 -12.55 2
      vertex 7.45 -11.45 2
    endloop
  endfacet
  facet normal 0 0 1
    outer loop
      vertex 8.55 -12.55 2
      vertex 7.45 -12.55 2
      vertex 8.55 -15.45 2
    endloop
  endfacet
  facet normal 0 0 1
    outer loop
      vertex 7.45 -15.45 2
      vertex 8.55 -15.45 2
      vertex 7.45 -12.55 2
    endloop
  endfacet
  facet normal -0 0 1
    outer loop
      vertex 7.45 -15.45 2
      vertex 63.4 -16.4 2
      vertex 8.55 -15.45 2
    endloop
  endfacet
  facet normal -0 0 1
    outer loop
      vertex 4.55 -15.45 2
      vertex 63.4 -16.4 2
      vertex 7.45 -15.45 2
    endloop
  endfacet
  facet normal 0 0 1
    outer loop
      vertex 4.55 11.45 2
      vertex 3.45 12.55 2
      vertex 3.45 11.45 2
    endloop
  endfacet
  facet normal 0 0 1
    outer loop
      vertex 4.55 8.55 2
      vertex 3.45 8.55 2
      vertex 4.55 7.45 2
    endloop
  endfacet
  facet normal 0 0 1
    outer loop
      vertex 3.45 4.55 2
      vertex 4.55 4.55 2
      vertex 3.45 7.45 2
    endloop
  endfacet
  facet normal 0 0 1
    outer loop
      vertex 4.55 3.45 2
      vertex 3.45 3.45 2
      vertex 4.55 0.549999 2
    endloop
  endfacet
  facet normal 0 0 1
    outer loop
      vertex 3.45 -0.549999 2
      vertex 4.55 -0.549999 2
      vertex 3.45 0.549999 2
    endloop
  endfacet
  facet normal 0 0 1
    outer loop
      vertex 4.55 -3.45 2
      vertex 3.45 -3.45 2
      vertex 4.55 -4.55 2
    endloop
  endfacet
  facet normal 0 0 1
    outer loop
      vertex 3.45 -7.45 2
      vertex 4.55 -7.45 2
      vertex 3.45 -4.55 2
    endloop
  endfacet
  facet normal 0 0 1
    outer loop
      vertex 4.55 -7.45 2
      vertex 3.45 -7.45 2
      vertex 4.55 -8.55 2
    endloop
  endfacet
  facet normal 0 0 1
    outer loop
      vertex 3.45 -8.55 2
      vertex 4.55 -8.55 2
      vertex 3.45 -7.45 2
    endloop
  endfacet
  facet normal 0 0 1
    outer loop
      vertex 4.55 -8.55 2
      vertex 3.45 -8.55 2
      vertex 4.55 -11.45 2
    endloop
  endfacet
  facet normal 0 0 1
    outer loop
      vertex 3.45 -11.45 2
      vertex 4.55 -11.45 2
      vertex 3.45 -8.55 2
    endloop
  endfacet
  facet normal 0 0 1
    outer loop
      vertex 4.55 -11.45 2
      vertex 3.45 -11.45 2
      vertex 4.55 -12.55 2
    endloop
  endfacet
  facet normal 0 0 1
    outer loop
      vertex 3.45 -12.55 2
      vertex 4.55 -12.55 2
      vertex 3.45 -11.45 2
    endloop
  endfacet
  facet normal 0 0 1
    outer loop
      vertex 4.55 -12.55 2
      vertex 3.45 -12.55 2
      vertex 4.55 -15.45 2
    endloop
  endfacet
  facet normal 0 0 1
    outer loop
      vertex 3.45 -15.45 2
      vertex 4.55 -15.45 2
      vertex 3.45 -12.55 2
    endloop
  endfacet
  facet normal -0 0 1
    outer loop
      vertex 3.45 -15.45 2
      vertex 63.4 -16.4 2
      vertex 4.55 -15.45 2
    endloop
  endfacet
  facet normal -0 0 1
    outer loop
      vertex 0.549999 -15.45 2
      vertex 63.4 -16.4 2
      vertex 3.45 -15.45 2
    endloop
  endfacet
  facet normal 0 0 1
    outer loop
      vertex 0.549999 11.45 2
      vertex -0.549999 12.55 2
      vertex -0.549999 11.45 2
    endloop
  endfacet
  facet normal 0 0 1
    outer loop
      vertex 0.549999 8.55 2
      vertex -0.549999 8.55 2
      vertex 0.549999 7.45 2
    endloop
  endfacet
  facet normal 0 0 1
    outer loop
      vertex -0.549999 4.55 2
      vertex 0.549999 4.55 2
      vertex -0.549999 7.45 2
    endloop
  endfacet
  facet normal 0 0 1
    outer loop
      vertex 0.549999 3.45 2
      vertex -0.549999 3.45 2
      vertex 0.549999 0.549999 2
    endloop
  endfacet
  facet normal 0 0 1
    outer loop
      vertex -0.549999 -0.549999 2
      vertex 0.549999 -0.549999 2
      vertex -0.549999 0.549999 2
    endloop
  endfacet
  facet normal 0 0 1
    outer loop
      vertex 0.549999 -3.45 2
      vertex -0.549999 -3.45 2
      vertex 0.549999 -4.55 2
    endloop
  endfacet
  facet normal 0 0 1
    outer loop
      vertex -0.549999 -7.45 2
      vertex 0.549999 -7.45 2
      vertex -0.549999 -4.55 2
    endloop
  endfacet
  facet normal 0 0 1
    outer loop
      vertex 0.549999 -7.45 2
      vertex -0.549999 -7.45 2
      vertex 0.549999 -8.55 2
    endloop
  endfacet
  facet normal 0 0 1
    outer loop
      vertex -0.549999 -8.55 2
      vertex 0.549999 -8.55 2
      vertex -0.549999 -7.45 2
    endloop
  endfacet
  facet normal 0 0 1
    outer loop
      vertex 0.549999 -8.55 2
      vertex -0.549999 -8.55 2
      vertex 0.549999 -11.45 2
    endloop
  endfacet
  facet normal 0 0 1
    outer loop
      vertex -0.549999 -11.45 2
      vertex 0.549999 -11.45 2
      vertex -0.549999 -8.55 2
    endloop
  endfacet
  facet normal 0 0 1
    outer loop
      vertex 0.549999 -11.45 2
      vertex -0.549999 -11.45 2
      vertex 0.549999 -12.55 2
    endloop
  endfacet
  facet normal 0 0 1
    outer loop
      vertex -0.549999 -12.55 2
      vertex 0.549999 -12.55 2
      vertex -0.549999 -11.45 2
    endloop
  endfacet
  facet normal 0 0 1
    outer loop
      vertex 0.549999 -12.55 2
      vertex -0.549999 -12.55 2
      vertex 0.549999 -15.45 2
    endloop
  endfacet
  facet normal 0 0 1
    outer loop
      vertex -0.549999 -15.45 2
      vertex 0.549999 -15.45 2
      vertex -0.549999 -12.55 2
    endloop
  endfacet
  facet normal -0 0 1
    outer loop
      vertex -0.549999 -15.45 2
      vertex 63.4 -16.4 2
      vertex 0.549999 -15.45 2
    endloop
  endfacet
  facet normal -0 0 1
    outer loop
      vertex -3.45 -15.45 2
      vertex 63.4 -16.4 2
      vertex -0.549999 -15.45 2
    endloop
  endfacet
  facet normal 0 0 1
    outer loop
      vertex -3.45 11.45 2
      vertex -4.55 12.55 2
      vertex -4.55 11.45 2
    endloop
  endfacet
  facet normal 0 0 1
    outer loop
      vertex -3.45 8.55 2
      vertex -4.55 8.55 2
      vertex -3.45 7.45 2
    endloop
  endfacet
  facet normal 0 0 1
    outer loop
      vertex -4.55 4.55 2
      vertex -3.45 4.55 2
      vertex -4.55 7.45 2
    endloop
  endfacet
  facet normal 0 0 1
    outer loop
      vertex -3.45 3.45 2
      vertex -4.55 3.45 2
      vertex -3.45 0.549999 2
    endloop
  endfacet
  facet normal 0 0 1
    outer loop
      vertex -4.55 -0.549999 2
      vertex -3.45 -0.549999 2
      vertex -4.55 0.549999 2
    endloop
  endfacet
  facet normal 0 0 1
    outer loop
      vertex -3.45 -3.45 2
      vertex -4.55 -3.45 2
      vertex -3.45 -4.55 2
    endloop
  endfacet
  facet normal 0 0 1
    outer loop
      vertex -4.55 -7.45 2
      vertex -3.45 -7.45 2
      vertex -4.55 -4.55 2
    endloop
  endfacet
  facet normal 0 0 1
    outer loop
      vertex -3.45 -7.45 2
      vertex -4.55 -7.45 2
      vertex -3.45 -8.55 2
    endloop
  endfacet
  facet normal 0 0 1
    outer loop
      vertex -4.55 -8.55 2
      vertex -3.45 -8.55 2
      vertex -4.55 -7.45 2
    endloop
  endfacet
  facet normal 0 0 1
    outer loop
      vertex -3.45 -8.55 2
      vertex -4.55 -8.55 2
      vertex -3.45 -11.45 2
    endloop
  endfacet
  facet normal 0 0 1
    outer loop
      vertex -4.55 -11.45 2
      vertex -3.45 -11.45 2
      vertex -4.55 -8.55 2
    endloop
  endfacet
  facet normal 0 0 1
    outer loop
      vertex -3.45 -11.45 2
      vertex -4.55 -11.45 2
      vertex -3.45 -12.55 2
    endloop
  endfacet
  facet normal 0 0 1
    outer loop
      vertex -4.55 -12.55 2
      vertex -3.45 -12.55 2
      vertex -4.55 -11.45 2
    endloop
  endfacet
  facet normal 0 0 1
    outer loop
      vertex -3.45 -12.55 2
      vertex -4.55 -12.55 2
      vertex -3.45 -15.45 2
    endloop
  endfacet
  facet normal 0 0 1
    outer loop
      vertex -4.55 -15.45 2
      vertex -3.45 -15.45 2
      vertex -4.55 -12.55 2
    endloop
  endfacet
  facet normal -0 0 1
    outer loop
      vertex -4.55 -15.45 2
      vertex 63.4 -16.4 2
      vertex -3.45 -15.45 2
    endloop
  endfacet
  facet normal -0 0 1
    outer loop
      vertex -7.45 -15.45 2
      vertex 63.4 -16.4 2
      vertex -4.55 -15.45 2
    endloop
  endfacet
  facet normal 0 0 1
    outer loop
      vertex -7.45 11.45 2
      vertex -8.55 12.55 2
      vertex -8.55 11.45 2
    endloop
  endfacet
  facet normal 0 0 1
    outer loop
      vertex -7.45 8.55 2
      vertex -8.55 8.55 2
      vertex -7.45 7.45 2
    endloop
  endfacet
  facet normal 0 0 1
    outer loop
      vertex -8.55 4.55 2
      vertex -7.45 4.55 2
      vertex -8.55 7.45 2
    endloop
  endfacet
  facet normal 0 0 1
    outer loop
      vertex -7.45 3.45 2
      vertex -8.55 3.45 2
      vertex -7.45 0.549999 2
    endloop
  endfacet
  facet normal 0 0 1
    outer loop
      vertex -8.55 -0.549999 2
      vertex -7.45 -0.549999 2
      vertex -8.55 0.549999 2
    endloop
  endfacet
  facet normal 0 0 1
    outer loop
      vertex -7.45 -3.45 2
      vertex -8.55 -3.45 2
      vertex -7.45 -4.55 2
    endloop
  endfacet
  facet normal 0 0 1
    outer loop
      vertex -8.55 -7.45 2
      vertex -7.45 -7.45 2
      vertex -8.55 -4.55 2
    endloop
  endfacet
  facet normal 0 0 1
    outer loop
      vertex -7.45 -7.45 2
      vertex -8.55 -7.45 2
      vertex -7.45 -8.55 2
    endloop
  endfacet
  facet normal 0 0 1
    outer loop
      vertex -8.55 -8.55 2
      vertex -7.45 -8.55 2
      vertex -8.55 -7.45 2
    endloop
  endfacet
  facet normal 0 0 1
    outer loop
      vertex -7.45 -8.55 2
      vertex -8.55 -8.55 2
      vertex -7.45 -11.45 2
    endloop
  endfacet
  facet normal 0 0 1
    outer loop
      vertex -8.55 -11.45 2
      vertex -7.45 -11.45 2
      vertex -8.55 -8.55 2
    endloop
  endfacet
  facet normal 0 0 1
    outer loop
      vertex -7.45 -11.45 2
      vertex -8.55 -11.45 2
      vertex -7.45 -12.55 2
    endloop
  endfacet
  facet normal 0 0 1
    outer loop
      vertex -8.55 -12.55 2
      vertex -7.45 -12.55 2
      vertex -8.55 -11.45 2
    endloop
  endfacet
  facet normal 0 0 1
    outer loop
      vertex -7.45 -12.55 2
      vertex -8.55 -12.55 2
      vertex -7.45 -15.45 2
    endloop
  endfacet
  facet normal 0 0 1
    outer loop
      vertex -8.55 -15.45 2
      vertex -7.45 -15.45 2
      vertex -8.55 -12.55 2
    endloop
  endfacet
  facet normal -0 0 1
    outer loop
      vertex -8.55 -15.45 2
      vertex 63.4 -16.4 2
      vertex -7.45 -15.45 2
    endloop
  endfacet
  facet normal -0 0 1
    outer loop
      vertex -11.45 -15.45 2
      vertex 63.4 -16.4 2
      vertex -8.55 -15.45 2
    endloop
  endfacet
  facet normal 0 0 1
    outer loop
      vertex -11.45 11.45 2
      vertex -12.55 12.55 2
      vertex -12.55 11.45 2
    endloop
  endfacet
  facet normal 0 0 1
    outer loop
      vertex -11.45 8.55 2
      vertex -12.55 8.55 2
      vertex -11.45 7.45 2
    endloop
  endfacet
  facet normal 0 0 1
    outer loop
      vertex -12.55 4.55 2
      vertex -11.45 4.55 2
      vertex -12.55 7.45 2
    endloop
  endfacet
  facet normal 0 0 1
    outer loop
      vertex -11.45 3.45 2
      vertex -12.55 3.45 2
      vertex -11.45 0.549999 2
    endloop
  endfacet
  facet normal 0 0 1
    outer loop
      vertex -12.55 -0.549999 2
      vertex -11.45 -0.549999 2
      vertex -12.55 0.549999 2
    endloop
  endfacet
  facet normal 0 0 1
    outer loop
      vertex -11.45 -3.45 2
      vertex -12.55 -3.45 2
      vertex -11.45 -4.55 2
    endloop
  endfacet
  facet normal 0 0 1
    outer loop
      vertex -12.55 -7.45 2
      vertex -11.45 -7.45 2
      vertex -12.55 -4.55 2
    endloop
  endfacet
  facet normal 0 0 1
    outer loop
      vertex -11.45 -7.45 2
      vertex -12.55 -7.45 2
      vertex -11.45 -8.55 2
    endloop
  endfacet
  facet normal 0 0 1
    outer loop
      vertex -12.55 -8.55 2
      vertex -11.45 -8.55 2
      vertex -12.55 -7.45 2
    endloop
  endfacet
  facet normal 0 0 1
    outer loop
      vertex -11.45 -8.55 2
      vertex -12.55 -8.55 2
      vertex -11.45 -11.45 2
    endloop
  endfacet
  facet normal 0 0 1
    outer loop
      vertex -12.55 -11.45 2
      vertex -11.45 -11.45 2
      vertex -12.55 -8.55 2
    endloop
  endfacet
  facet normal 0 0 1
    outer loop
      vertex -11.45 -11.45 2
      vertex -12.55 -11.45 2
      vertex -11.45 -12.55 2
    endloop
  endfacet
  facet normal 0 0 1
    outer loop
      vertex -12.55 -12.55 2
      vertex -11.45 -12.55 2
      vertex -12.55 -11.45 2
    endloop
  endfacet
  facet normal 0 0 1
    outer loop
      vertex -11.45 -12.55 2
      vertex -12.55 -12.55 2
      vertex -11.45 -15.45 2
    endloop
  endfacet
  facet normal 0 0 1
    outer loop
      vertex -12.55 -15.45 2
      vertex -11.45 -15.45 2
      vertex -12.55 -12.55 2
    endloop
  endfacet
  facet normal -0 0 1
    outer loop
      vertex -12.55 -15.45 2
      vertex 63.4 -16.4 2
      vertex -11.45 -15.45 2
    endloop
  endfacet
  facet normal -0 0 1
    outer loop
      vertex -15.45 -15.45 2
      vertex 63.4 -16.4 2
      vertex -12.55 -15.45 2
    endloop
  endfacet
  facet normal 0 0 1
    outer loop
      vertex -15.45 11.45 2
      vertex -16.55 12.55 2
      vertex -16.55 11.45 2
    endloop
  endfacet
  facet normal 0 0 1
    outer loop
      vertex -15.45 8.55 2
      vertex -16.55 8.55 2
      vertex -15.45 7.45 2
    endloop
  endfacet
  facet normal 0 0 1
    outer loop
      vertex -16.55 4.55 2
      vertex -15.45 4.55 2
      vertex -16.55 7.45 2
    endloop
  endfacet
  facet normal 0 0 1
    outer loop
      vertex -15.45 3.45 2
      vertex -16.55 3.45 2
      vertex -15.45 0.549999 2
    endloop
  endfacet
  facet normal 0 0 1
    outer loop
      vertex -16.55 -0.549999 2
      vertex -15.45 -0.549999 2
      vertex -16.55 0.549999 2
    endloop
  endfacet
  facet normal 0 0 1
    outer loop
      vertex -15.45 -3.45 2
      vertex -16.55 -3.45 2
      vertex -15.45 -4.55 2
    endloop
  endfacet
  facet normal 0 0 1
    outer loop
      vertex -16.55 -7.45 2
      vertex -15.45 -7.45 2
      vertex -16.55 -4.55 2
    endloop
  endfacet
  facet normal 0 0 1
    outer loop
      vertex -15.45 -7.45 2
      vertex -16.55 -7.45 2
      vertex -15.45 -8.55 2
    endloop
  endfacet
  facet normal 0 0 1
    outer loop
      vertex -16.55 -8.55 2
      vertex -15.45 -8.55 2
      vertex -16.55 -7.45 2
    endloop
  endfacet
  facet normal 0 0 1
    outer loop
      vertex -15.45 -8.55 2
      vertex -16.55 -8.55 2
      vertex -15.45 -11.45 2
    endloop
  endfacet
  facet normal 0 0 1
    outer loop
      vertex -16.55 -11.45 2
      vertex -15.45 -11.45 2
      vertex -16.55 -8.55 2
    endloop
  endfacet
  facet normal 0 0 1
    outer loop
      vertex -15.45 -11.45 2
      vertex -16.55 -11.45 2
      vertex -15.45 -12.55 2
    endloop
  endfacet
  facet normal 0 0 1
    outer loop
      vertex -16.55 -12.55 2
      vertex -15.45 -12.55 2
      vertex -16.55 -11.45 2
    endloop
  endfacet
  facet normal 0 0 1
    outer loop
      vertex -15.45 -12.55 2
      vertex -16.55 -12.55 2
      vertex -15.45 -15.45 2
    endloop
  endfacet
  facet normal 0 0 1
    outer loop
      vertex -16.55 -15.45 2
      vertex -15.45 -15.45 2
      vertex -16.55 -12.55 2
    endloop
  endfacet
  facet normal -0 0 1
    outer loop
      vertex -16.55 -15.45 2
      vertex 63.4 -16.4 2
      vertex -15.45 -15.45 2
    endloop
  endfacet
  facet normal -0 0 1
    outer loop
      vertex -19.45 -15.45 2
      vertex 63.4 -16.4 2
      vertex -16.55 -15.45 2
    endloop
  endfacet
  facet normal 0 0 1
    outer loop
      vertex -19.45 11.45 2
      vertex -20.55 12.55 2
      vertex -20.55 11.45 2
    endloop
  endfacet
  facet normal 0 0 1
    outer loop
      vertex -19.45 8.55 2
      vertex -20.55 8.55 2
      vertex -19.45 7.45 2
    endloop
  endfacet
  facet normal 0 0 1
    outer loop
      vertex -20.55 4.55 2
      vertex -19.45 4.55 2
      vertex -20.55 7.45 2
    endloop
  endfacet
  facet normal 0 0 1
    outer loop
      vertex -19.45 3.45 2
      vertex -20.55 3.45 2
      vertex -19.45 0.549999 2
    endloop
  endfacet
  facet normal 0 0 1
    outer loop
      vertex -20.55 -0.549999 2
      vertex -19.45 -0.549999 2
      vertex -20.55 0.549999 2
    endloop
  endfacet
  facet normal 0 0 1
    outer loop
      vertex -19.45 -3.45 2
      vertex -20.55 -3.45 2
      vertex -19.45 -4.55 2
    endloop
  endfacet
  facet normal 0 0 1
    outer loop
      vertex -20.55 -7.45 2
      vertex -19.45 -7.45 2
      vertex -20.55 -4.55 2
    endloop
  endfacet
  facet normal 0 0 1
    outer loop
      vertex -19.45 -7.45 2
      vertex -20.55 -7.45 2
      vertex -19.45 -8.55 2
    endloop
  endfacet
  facet normal 0 0 1
    outer loop
      vertex -20.55 -8.55 2
      vertex -19.45 -8.55 2
      vertex -20.55 -7.45 2
    endloop
  endfacet
  facet normal 0 0 1
    outer loop
      vertex -19.45 -8.55 2
      vertex -20.55 -8.55 2
      vertex -19.45 -11.45 2
    endloop
  endfacet
  facet normal 0 0 1
    outer loop
      vertex -20.55 -11.45 2
      vertex -19.45 -11.45 2
      vertex -20.55 -8.55 2
    endloop
  endfacet
  facet normal 0 0 1
    outer loop
      vertex -19.45 -11.45 2
      vertex -20.55 -11.45 2
      vertex -19.45 -12.55 2
    endloop
  endfacet
  facet normal 0 0 1
    outer loop
      vertex -20.55 -12.55 2
      vertex -19.45 -12.55 2
      vertex -20.55 -11.45 2
    endloop
  endfacet
  facet normal 0 0 1
    outer loop
      vertex -19.45 -12.55 2
      vertex -20.55 -12.55 2
      vertex -19.45 -15.45 2
    endloop
  endfacet
  facet normal 0 0 1
    outer loop
      vertex -20.55 -15.45 2
      vertex -19.45 -15.45 2
      vertex -20.55 -12.55 2
    endloop
  endfacet
  facet normal 0 0 1
    outer loop
      vertex -63.4 -16.4 2
      vertex -19.45 -15.45 2
      vertex -20.55 -15.45 2
    endloop
  endfacet
  facet normal 0 0 1
    outer loop
      vertex -63.4 -16.4 2
      vertex -20.55 -15.45 2
      vertex -23.45 -15.45 2
    endloop
  endfacet
  facet normal 0 0 1
    outer loop
      vertex -23.45 11.45 2
      vertex -24.55 12.55 2
      vertex -24.55 11.45 2
    endloop
  endfacet
  facet normal 0 0 1
    outer loop
      vertex -23.45 8.55 2
      vertex -24.55 8.55 2
      vertex -23.45 7.45 2
    endloop
  endfacet
  facet normal 0 0 1
    outer loop
      vertex -24.55 4.55 2
      vertex -23.45 4.55 2
      vertex -24.55 7.45 2
    endloop
  endfacet
  facet normal 0 0 1
    outer loop
      vertex -23.45 3.45 2
      vertex -24.55 3.45 2
      vertex -23.45 0.549999 2
    endloop
  endfacet
  facet normal 0 0 1
    outer loop
      vertex -24.55 -0.549999 2
      vertex -23.45 -0.549999 2
      vertex -24.55 0.549999 2
    endloop
  endfacet
  facet normal 0 0 1
    outer loop
      vertex -23.45 -3.45 2
      vertex -24.55 -3.45 2
      vertex -23.45 -4.55 2
    endloop
  endfacet
  facet normal 0 0 1
    outer loop
      vertex -24.55 -7.45 2
      vertex -23.45 -7.45 2
      vertex -24.55 -4.55 2
    endloop
  endfacet
  facet normal 0 0 1
    outer loop
      vertex -23.45 -7.45 2
      vertex -24.55 -7.45 2
      vertex -23.45 -8.55 2
    endloop
  endfacet
  facet normal 0 0 1
    outer loop
      vertex -24.55 -8.55 2
      vertex -23.45 -8.55 2
      vertex -24.55 -7.45 2
    endloop
  endfacet
  facet normal 0 0 1
    outer loop
      vertex -23.45 -8.55 2
      vertex -24.55 -8.55 2
      vertex -23.45 -11.45 2
    endloop
  endfacet
  facet normal 0 0 1
    outer loop
      vertex -24.55 -11.45 2
      vertex -23.45 -11.45 2
      vertex -24.55 -8.55 2
    endloop
  endfacet
  facet normal 0 0 1
    outer loop
      vertex -23.45 -11.45 2
      vertex -24.55 -11.45 2
      vertex -23.45 -12.55 2
    endloop
  endfacet
  facet normal 0 0 1
    outer loop
      vertex -24.55 -12.55 2
      vertex -23.45 -12.55 2
      vertex -24.55 -11.45 2
    endloop
  endfacet
  facet normal 0 0 1
    outer loop
      vertex -23.45 -12.55 2
      vertex -24.55 -12.55 2
      vertex -23.45 -15.45 2
    endloop
  endfacet
  facet normal 0 0 1
    outer loop
      vertex -24.55 -15.45 2
      vertex -23.45 -15.45 2
      vertex -24.55 -12.55 2
    endloop
  endfacet
  facet normal 0 0 1
    outer loop
      vertex -63.4 -16.4 2
      vertex -23.45 -15.45 2
      vertex -24.55 -15.45 2
    endloop
  endfacet
  facet normal 0 0 1
    outer loop
      vertex -63.4 -16.4 2
      vertex -24.55 -15.45 2
      vertex -27.45 -15.45 2
    endloop
  endfacet
  facet normal 0 0 1
    outer loop
      vertex -27.45 11.45 2
      vertex -28.55 12.55 2
      vertex -28.55 11.45 2
    endloop
  endfacet
  facet normal 0 0 1
    outer loop
      vertex -27.45 8.55 2
      vertex -28.55 8.55 2
      vertex -27.45 7.45 2
    endloop
  endfacet
  facet normal 0 0 1
    outer loop
      vertex -28.55 4.55 2
      vertex -27.45 4.55 2
      vertex -28.55 7.45 2
    endloop
  endfacet
  facet normal 0 0 1
    outer loop
      vertex -27.45 3.45 2
      vertex -28.55 3.45 2
      vertex -27.45 0.549999 2
    endloop
  endfacet
  facet normal 0 0 1
    outer loop
      vertex -28.55 -0.549999 2
      vertex -27.45 -0.549999 2
      vertex -28.55 0.549999 2
    endloop
  endfacet
  facet normal 0 0 1
    outer loop
      vertex -27.45 -3.45 2
      vertex -28.55 -3.45 2
      vertex -27.45 -4.55 2
    endloop
  endfacet
  facet normal 0 0 1
    outer loop
      vertex -28.55 -7.45 2
      vertex -27.45 -7.45 2
      vertex -28.55 -4.55 2
    endloop
  endfacet
  facet normal 0 0 1
    outer loop
      vertex -27.45 -7.45 2
      vertex -28.55 -7.45 2
      vertex -27.45 -8.55 2
    endloop
  endfacet
  facet normal 0 0 1
    outer loop
      vertex -28.55 -8.55 2
      vertex -27.45 -8.55 2
      vertex -28.55 -7.45 2
    endloop
  endfacet
  facet normal 0 0 1
    outer loop
      vertex -27.45 -8.55 2
      vertex -28.55 -8.55 2
      vertex -27.45 -11.45 2
    endloop
  endfacet
  facet normal 0 0 1
    outer loop
      vertex -28.55 -11.45 2
      vertex -27.45 -11.45 2
      vertex -28.55 -8.55 2
    endloop
  endfacet
  facet normal 0 0 1
    outer loop
      vertex -27.45 -11.45 2
      vertex -28.55 -11.45 2
      vertex -27.45 -12.55 2
    endloop
  endfacet
  facet normal 0 0 1
    outer loop
      vertex -28.55 -12.55 2
      vertex -27.45 -12.55 2
      vertex -28.55 -11.45 2
    endloop
  endfacet
  facet normal 0 0 1
    outer loop
      vertex -27.45 -12.55 2
      vertex -28.55 -12.55 2
      vertex -27.45 -15.45 2
    endloop
  endfacet
  facet normal 0 0 1
    outer loop
      vertex -28.55 -15.45 2
      vertex -27.45 -15.45 2
      vertex -28.55 -12.55 2
    endloop
  endfacet
  facet normal 0 0 1
    outer loop
      vertex -63.4 -16.4 2
      vertex -27.45 -15.45 2
      vertex -28.55 -15.45 2
    endloop
  endfacet
  facet normal 0 0 1
    outer loop
      vertex -63.4 -16.4 2
      vertex -28.55 -15.45 2
      vertex -31.45 -15.45 2
    endloop
  endfacet
  facet normal 0 0 1
    outer loop
      vertex -31.45 11.45 2
      vertex -32.55 12.55 2
      vertex -32.55 11.45 2
    endloop
  endfacet
  facet normal 0 0 1
    outer loop
      vertex -31.45 8.55 2
      vertex -32.55 8.55 2
      vertex -31.45 7.45 2
    endloop
  endfacet
  facet normal 0 0 1
    outer loop
      vertex -32.55 4.55 2
      vertex -31.45 4.55 2
      vertex -32.55 7.45 2
    endloop
  endfacet
  facet normal 0 0 1
    outer loop
      vertex -31.45 3.45 2
      vertex -32.55 3.45 2
      vertex -31.45 0.549999 2
    endloop
  endfacet
  facet normal 0 0 1
    outer loop
      vertex -32.55 -0.549999 2
      vertex -31.45 -0.549999 2
      vertex -32.55 0.549999 2
    endloop
  endfacet
  facet normal 0 0 1
    outer loop
      vertex -31.45 -3.45 2
      vertex -32.55 -3.45 2
      vertex -31.45 -4.55 2
    endloop
  endfacet
  facet normal 0 0 1
    outer loop
      vertex -32.55 -7.45 2
      vertex -31.45 -7.45 2
      vertex -32.55 -4.55 2
    endloop
  endfacet
  facet normal 0 0 1
    outer loop
      vertex -31.45 -7.45 2
      vertex -32.55 -7.45 2
      vertex -31.45 -8.55 2
    endloop
  endfacet
  facet normal 0 0 1
    outer loop
      vertex -32.55 -8.55 2
      vertex -31.45 -8.55 2
      vertex -32.55 -7.45 2
    endloop
  endfacet
  facet normal 0 0 1
    outer loop
      vertex -31.45 -8.55 2
      vertex -32.55 -8.55 2
      vertex -31.45 -11.45 2
    endloop
  endfacet
  facet normal 0 0 1
    outer loop
      vertex -32.55 -11.45 2
      vertex -31.45 -11.45 2
      vertex -32.55 -8.55 2
    endloop
  endfacet
  facet normal 0 0 1
    outer loop
      vertex -31.45 -11.45 2
      vertex -32.55 -11.45 2
      vertex -31.45 -12.55 2
    endloop
  endfacet
  facet normal 0 0 1
    outer loop
      vertex -32.55 -12.55 2
      vertex -31.45 -12.55 2
      vertex -32.55 -11.45 2
    endloop
  endfacet
  facet normal 0 0 1
    outer loop
      vertex -31.45 -12.55 2
      vertex -32.55 -12.55 2
      vertex -31.45 -15.45 2
    endloop
  endfacet
  facet normal 0 0 1
    outer loop
      vertex -32.55 -15.45 2
      vertex -31.45 -15.45 2
      vertex -32.55 -12.55 2
    endloop
  endfacet
  facet normal 0 0 1
    outer loop
      vertex -63.4 -16.4 2
      vertex -31.45 -15.45 2
      vertex -32.55 -15.45 2
    endloop
  endfacet
  facet normal 0 0 1
    outer loop
      vertex -63.4 -16.4 2
      vertex -32.55 -15.45 2
      vertex -35.45 -15.45 2
    endloop
  endfacet
  facet normal 0 0 1
    outer loop
      vertex -35.45 11.45 2
      vertex -36.55 12.55 2
      vertex -36.55 11.45 2
    endloop
  endfacet
  facet normal 0 0 1
    outer loop
      vertex -35.45 8.55 2
      vertex -36.55 8.55 2
      vertex -35.45 7.45 2
    endloop
  endfacet
  facet normal 0 0 1
    outer loop
      vertex -36.55 4.55 2
      vertex -35.45 4.55 2
      vertex -36.55 7.45 2
    endloop
  endfacet
  facet normal 0 0 1
    outer loop
      vertex -35.45 3.45 2
      vertex -36.55 3.45 2
      vertex -35.45 0.549999 2
    endloop
  endfacet
  facet normal 0 0 1
    outer loop
      vertex -36.55 -0.549999 2
      vertex -35.45 -0.549999 2
      vertex -36.55 0.549999 2
    endloop
  endfacet
  facet normal 0 0 1
    outer loop
      vertex -35.45 -3.45 2
      vertex -36.55 -3.45 2
      vertex -35.45 -4.55 2
    endloop
  endfacet
  facet normal 0 0 1
    outer loop
      vertex -36.55 -7.45 2
      vertex -35.45 -7.45 2
      vertex -36.55 -4.55 2
    endloop
  endfacet
  facet normal 0 0 1
    outer loop
      vertex -35.45 -7.45 2
      vertex -36.55 -7.45 2
      vertex -35.45 -8.55 2
    endloop
  endfacet
  facet normal 0 0 1
    outer loop
      vertex -36.55 -8.55 2
      vertex -35.45 -8.55 2
      vertex -36.55 -7.45 2
    endloop
  endfacet
  facet normal 0 0 1
    outer loop
      vertex -35.45 -8.55 2
      vertex -36.55 -8.55 2
      vertex -35.45 -11.45 2
    endloop
  endfacet
  facet normal 0 0 1
    outer loop
      vertex -36.55 -11.45 2
      vertex -35.45 -11.45 2
      vertex -36.55 -8.55 2
    endloop
  endfacet
  facet normal 0 0 1
    outer loop
      vertex -35.45 -11.45 2
      vertex -36.55 -11.45 2
      vertex -35.45 -12.55 2
    endloop
  endfacet
  facet normal 0 0 1
    outer loop
      vertex -36.55 -12.55 2
      vertex -35.45 -12.55 2
      vertex -36.55 -11.45 2
    endloop
  endfacet
  facet normal 0 0 1
    outer loop
      vertex -35.45 -12.55 2
      vertex -36.55 -12.55 2
      vertex -35.45 -15.45 2
    endloop
  endfacet
  facet normal 0 0 1
    outer loop
      vertex -36.55 -15.45 2
      vertex -35.45 -15.45 2
      vertex -36.55 -12.55 2
    endloop
  endfacet
  facet normal 0 0 1
    outer loop
      vertex -63.4 -16.4 2
      vertex -35.45 -15.45 2
      vertex -36.55 -15.45 2
    endloop
  endfacet
  facet normal 0 0 1
    outer loop
      vertex -63.4 -16.4 2
      vertex -36.55 -15.45 2
      vertex -39.45 -15.45 2
    endloop
  endfacet
  facet normal 0 0 1
    outer loop
      vertex -39.45 11.45 2
      vertex -40.55 12.55 2
      vertex -40.55 11.45 2
    endloop
  endfacet
  facet normal 0 0 1
    outer loop
      vertex -39.45 8.55 2
      vertex -40.55 8.55 2
      vertex -39.45 7.45 2
    endloop
  endfacet
  facet normal 0 0 1
    outer loop
      vertex -40.55 4.55 2
      vertex -39.45 4.55 2
      vertex -40.55 7.45 2
    endloop
  endfacet
  facet normal 0 0 1
    outer loop
      vertex -39.45 3.45 2
      vertex -40.55 3.45 2
      vertex -39.45 0.549999 2
    endloop
  endfacet
  facet normal 0 0 1
    outer loop
      vertex -40.55 -0.549999 2
      vertex -39.45 -0.549999 2
      vertex -40.55 0.549999 2
    endloop
  endfacet
  facet normal 0 0 1
    outer loop
      vertex -39.45 -3.45 2
      vertex -40.55 -3.45 2
      vertex -39.45 -4.55 2
    endloop
  endfacet
  facet normal 0 0 1
    outer loop
      vertex -40.55 -7.45 2
      vertex -39.45 -7.45 2
      vertex -40.55 -4.55 2
    endloop
  endfacet
  facet normal 0 0 1
    outer loop
      vertex -39.45 -7.45 2
      vertex -40.55 -7.45 2
      vertex -39.45 -8.55 2
    endloop
  endfacet
  facet normal 0 0 1
    outer loop
      vertex -40.55 -8.55 2
      vertex -39.45 -8.55 2
      vertex -40.55 -7.45 2
    endloop
  endfacet
  facet normal 0 0 1
    outer loop
      vertex -39.45 -8.55 2
      vertex -40.55 -8.55 2
      vertex -39.45 -11.45 2
    endloop
  endfacet
  facet normal 0 0 1
    outer loop
      vertex -40.55 -11.45 2
      vertex -39.45 -11.45 2
      vertex -40.55 -8.55 2
    endloop
  endfacet
  facet normal 0 0 1
    outer loop
      vertex -39.45 -11.45 2
      vertex -40.55 -11.45 2
      vertex -39.45 -12.55 2
    endloop
  endfacet
  facet normal 0 0 1
    outer loop
      vertex -40.55 -12.55 2
      vertex -39.45 -12.55 2
      vertex -40.55 -11.45 2
    endloop
  endfacet
  facet normal 0 0 1
    outer loop
      vertex -39.45 -12.55 2
      vertex -40.55 -12.55 2
      vertex -39.45 -15.45 2
    endloop
  endfacet
  facet normal 0 0 1
    outer loop
      vertex -40.55 -15.45 2
      vertex -39.45 -15.45 2
      vertex -40.55 -12.55 2
    endloop
  endfacet
  facet normal 0 0 1
    outer loop
      vertex -63.4 -16.4 2
      vertex -39.45 -15.45 2
      vertex -40.55 -15.45 2
    endloop
  endfacet
  facet normal 0 0 1
    outer loop
      vertex -63.4 -16.4 2
      vertex -40.55 -15.45 2
      vertex -43.45 -15.45 2
    endloop
  endfacet
  facet normal 0 0 1
    outer loop
      vertex -43.45 11.45 2
      vertex -44.55 12.55 2
      vertex -44.55 11.45 2
    endloop
  endfacet
  facet normal 0 0 1
    outer loop
      vertex -43.45 8.55 2
      vertex -44.55 8.55 2
      vertex -43.45 7.45 2
    endloop
  endfacet
  facet normal 0 0 1
    outer loop
      vertex -44.55 4.55 2
      vertex -43.45 4.55 2
      vertex -44.55 7.45 2
    endloop
  endfacet
  facet normal 0 0 1
    outer loop
      vertex -43.45 3.45 2
      vertex -44.55 3.45 2
      vertex -43.45 0.549999 2
    endloop
  endfacet
  facet normal 0 0 1
    outer loop
      vertex -44.55 -0.549999 2
      vertex -43.45 -0.549999 2
      vertex -44.55 0.549999 2
    endloop
  endfacet
  facet normal 0 0 1
    outer loop
      vertex -43.45 -3.45 2
      vertex -44.55 -3.45 2
      vertex -43.45 -4.55 2
    endloop
  endfacet
  facet normal 0 0 1
    outer loop
      vertex -44.55 -7.45 2
      vertex -43.45 -7.45 2
      vertex -44.55 -4.55 2
    endloop
  endfacet
  facet normal 0 0 1
    outer loop
      vertex -43.45 -7.45 2
      vertex -44.55 -7.45 2
      vertex -43.45 -8.55 2
    endloop
  endfacet
  facet normal 0 0 1
    outer loop
      vertex -44.55 -8.55 2
      vertex -43.45 -8.55 2
      vertex -44.55 -7.45 2
    endloop
  endfacet
  facet normal 0 0 1
    outer loop
      vertex -43.45 -8.55 2
      vertex -44.55 -8.55 2
      vertex -43.45 -11.45 2
    endloop
  endfacet
  facet normal 0 0 1
    outer loop
      vertex -44.55 -11.45 2
      vertex -43.45 -11.45 2
      vertex -44.55 -8.55 2
    endloop
  endfacet
  facet normal 0 0 1
    outer loop
      vertex -43.45 -11.45 2
      vertex -44.55 -11.45 2
      vertex -43.45 -12.55 2
    endloop
  endfacet
  facet normal 0 0 1
    outer loop
      vertex -44.55 -12.55 2
      vertex -43.45 -12.55 2
      vertex -44.55 -11.45 2
    endloop
  endfacet
  facet normal 0 0 1
    outer loop
      vertex -43.45 -12.55 2
      vertex -44.55 -12.55 2
      vertex -43.45 -15.45 2
    endloop
  endfacet
  facet normal 0 0 1
    outer loop
      vertex -44.55 -15.45 2
      vertex -43.45 -15.45 2
      vertex -44.55 -12.55 2
    endloop
  endfacet
  facet normal 0 0 1
    outer loop
      vertex -63.4 -16.4 2
      vertex -43.45 -15.45 2
      vertex -44.55 -15.45 2
    endloop
  endfacet
  facet normal 0 0 1
    outer loop
      vertex -63.4 -16.4 2
      vertex -44.55 -15.45 2
      vertex -47.45 -15.45 2
    endloop
  endfacet
  facet normal 0 0 1
    outer loop
      vertex -47.45 11.45 2
      vertex -48.55 12.55 2
      vertex -48.55 11.45 2
    endloop
  endfacet
  facet normal 0 0 1
    outer loop
      vertex -47.45 8.55 2
      vertex -48.55 8.55 2
      vertex -47.45 7.45 2
    endloop
  endfacet
  facet normal 0 0 1
    outer loop
      vertex -48.55 4.55 2
      vertex -47.45 4.55 2
      vertex -48.55 7.45 2
    endloop
  endfacet
  facet normal 0 0 1
    outer loop
      vertex -47.45 3.45 2
      vertex -48.55 3.45 2
      vertex -47.45 0.549999 2
    endloop
  endfacet
  facet normal 0 0 1
    outer loop
      vertex -48.55 -0.549999 2
      vertex -47.45 -0.549999 2
      vertex -48.55 0.549999 2
    endloop
  endfacet
  facet normal 0 0 1
    outer loop
      vertex -47.45 -3.45 2
      vertex -48.55 -3.45 2
      vertex -47.45 -4.55 2
    endloop
  endfacet
  facet normal 0 0 1
    outer loop
      vertex -48.55 -7.45 2
      vertex -47.45 -7.45 2
      vertex -48.55 -4.55 2
    endloop
  endfacet
  facet normal 0 0 1
    outer loop
      vertex -47.45 -7.45 2
      vertex -48.55 -7.45 2
      vertex -47.45 -8.55 2
    endloop
  endfacet
  facet normal 0 0 1
    outer loop
      vertex -48.55 -8.55 2
      vertex -47.45 -8.55 2
      vertex -48.55 -7.45 2
    endloop
  endfacet
  facet normal 0 0 1
    outer loop
      vertex -47.45 -8.55 2
      vertex -48.55 -8.55 2
      vertex -47.45 -11.45 2
    endloop
  endfacet
  facet normal 0 0 1
    outer loop
      vertex -48.55 -11.45 2
      vertex -47.45 -11.45 2
      vertex -48.55 -8.55 2
    endloop
  endfacet
  facet normal 0 0 1
    outer loop
      vertex -47.45 -11.45 2
      vertex -48.55 -11.45 2
      vertex -47.45 -12.55 2
    endloop
  endfacet
  facet normal 0 0 1
    outer loop
      vertex -48.55 -12.55 2
      vertex -47.45 -12.55 2
      vertex -48.55 -11.45 2
    endloop
  endfacet
  facet normal 0 0 1
    outer loop
      vertex -47.45 -12.55 2
      vertex -48.55 -12.55 2
      vertex -47.45 -15.45 2
    endloop
  endfacet
  facet normal 0 0 1
    outer loop
      vertex -48.55 -15.45 2
      vertex -47.45 -15.45 2
      vertex -48.55 -12.55 2
    endloop
  endfacet
  facet normal 0 0 1
    outer loop
      vertex -63.4 -16.4 2
      vertex -47.45 -15.45 2
      vertex -48.55 -15.45 2
    endloop
  endfacet
  facet normal 0 0 1
    outer loop
      vertex -63.4 -16.4 2
      vertex -48.55 -15.45 2
      vertex -51.45 -15.45 2
    endloop
  endfacet
  facet normal 0 0 1
    outer loop
      vertex -51.45 11.45 2
      vertex -52.55 12.55 2
      vertex -52.55 11.45 2
    endloop
  endfacet
  facet normal 0 0 1
    outer loop
      vertex -51.45 8.55 2
      vertex -52.55 8.55 2
      vertex -51.45 7.45 2
    endloop
  endfacet
  facet normal 0 0 1
    outer loop
      vertex -52.55 4.55 2
      vertex -51.45 4.55 2
      vertex -52.55 7.45 2
    endloop
  endfacet
  facet normal 0 0 1
    outer loop
      vertex -51.45 3.45 2
      vertex -52.55 3.45 2
      vertex -51.45 0.549999 2
    endloop
  endfacet
  facet normal 0 0 1
    outer loop
      vertex -52.55 -0.549999 2
      vertex -51.45 -0.549999 2
      vertex -52.55 0.549999 2
    endloop
  endfacet
  facet normal 0 0 1
    outer loop
      vertex -51.45 -3.45 2
      vertex -52.55 -3.45 2
      vertex -51.45 -4.55 2
    endloop
  endfacet
  facet normal 0 0 1
    outer loop
      vertex -52.55 -7.45 2
      vertex -51.45 -7.45 2
      vertex -52.55 -4.55 2
    endloop
  endfacet
  facet normal 0 0 1
    outer loop
      vertex -51.45 -7.45 2
      vertex -52.55 -7.45 2
      vertex -51.45 -8.55 2
    endloop
  endfacet
  facet normal 0 0 1
    outer loop
      vertex -52.55 -8.55 2
      vertex -51.45 -8.55 2
      vertex -52.55 -7.45 2
    endloop
  endfacet
  facet normal 0 0 1
    outer loop
      vertex -51.45 -8.55 2
      vertex -52.55 -8.55 2
      vertex -51.45 -11.45 2
    endloop
  endfacet
  facet normal 0 0 1
    outer loop
      vertex -52.55 -11.45 2
      vertex -51.45 -11.45 2
      vertex -52.55 -8.55 2
    endloop
  endfacet
  facet normal 0 0 1
    outer loop
      vertex -51.45 -11.45 2
      vertex -52.55 -11.45 2
      vertex -51.45 -12.55 2
    endloop
  endfacet
  facet normal 0 0 1
    outer loop
      vertex -52.55 -12.55 2
      vertex -51.45 -12.55 2
      vertex -52.55 -11.45 2
    endloop
  endfacet
  facet normal 0 0 1
    outer loop
      vertex -51.45 -12.55 2
      vertex -52.55 -12.55 2
      vertex -51.45 -15.45 2
    endloop
  endfacet
  facet normal 0 0 1
    outer loop
      vertex -52.55 -15.45 2
      vertex -51.45 -15.45 2
      vertex -52.55 -12.55 2
    endloop
  endfacet
  facet normal 0 0 1
    outer loop
      vertex -63.4 -16.4 2
      vertex -51.45 -15.45 2
      vertex -52.55 -15.45 2
    endloop
  endfacet
  facet normal 0 0 1
    outer loop
      vertex -63.4 -16.4 2
      vertex -52.55 -15.45 2
      vertex -55.45 -15.45 2
    endloop
  endfacet
  facet normal 0 0 1
    outer loop
      vertex -55.45 11.45 2
      vertex -56.55 12.55 2
      vertex -56.55 11.45 2
    endloop
  endfacet
  facet normal 0 0 1
    outer loop
      vertex -55.45 8.55 2
      vertex -56.55 8.55 2
      vertex -55.45 7.45 2
    endloop
  endfacet
  facet normal 0 0 1
    outer loop
      vertex -56.55 4.55 2
      vertex -55.45 4.55 2
      vertex -56.55 7.45 2
    endloop
  endfacet
  facet normal 0 0 1
    outer loop
      vertex -55.45 3.45 2
      vertex -56.55 3.45 2
      vertex -55.45 0.549999 2
    endloop
  endfacet
  facet normal 0 0 1
    outer loop
      vertex -56.55 -0.549999 2
      vertex -55.45 -0.549999 2
      vertex -56.55 0.549999 2
    endloop
  endfacet
  facet normal 0 0 1
    outer loop
      vertex -55.45 -3.45 2
      vertex -56.55 -3.45 2
      vertex -55.45 -4.55 2
    endloop
  endfacet
  facet normal 0 0 1
    outer loop
      vertex -56.55 -7.45 2
      vertex -55.45 -7.45 2
      vertex -56.55 -4.55 2
    endloop
  endfacet
  facet normal 0 0 1
    outer loop
      vertex -55.45 -7.45 2
      vertex -56.55 -7.45 2
      vertex -55.45 -8.55 2
    endloop
  endfacet
  facet normal 0 0 1
    outer loop
      vertex -56.55 -8.55 2
      vertex -55.45 -8.55 2
      vertex -56.55 -7.45 2
    endloop
  endfacet
  facet normal 0 0 1
    outer loop
      vertex -55.45 -8.55 2
      vertex -56.55 -8.55 2
      vertex -55.45 -11.45 2
    endloop
  endfacet
  facet normal 0 0 1
    outer loop
      vertex -56.55 -11.45 2
      vertex -55.45 -11.45 2
      vertex -56.55 -8.55 2
    endloop
  endfacet
  facet normal 0 0 1
    outer loop
      vertex -55.45 -11.45 2
      vertex -56.55 -11.45 2
      vertex -55.45 -12.55 2
    endloop
  endfacet
  facet normal 0 0 1
    outer loop
      vertex -56.55 -12.55 2
      vertex -55.45 -12.55 2
      vertex -56.55 -11.45 2
    endloop
  endfacet
  facet normal 0 0 1
    outer loop
      vertex -55.45 -12.55 2
      vertex -56.55 -12.55 2
      vertex -55.45 -15.45 2
    endloop
  endfacet
  facet normal 0 0 1
    outer loop
      vertex -56.55 -15.45 2
      vertex -55.45 -15.45 2
      vertex -56.55 -12.55 2
    endloop
  endfacet
  facet normal 0 0 1
    outer loop
      vertex -63.4 -16.4 2
      vertex -55.45 -15.45 2
      vertex -56.55 -15.45 2
    endloop
  endfacet
  facet normal 0 0 1
    outer loop
      vertex -63.4 -16.4 2
      vertex -56.55 -15.45 2
      vertex -59.45 -15.45 2
    endloop
  endfacet
  facet normal 0 0 1
    outer loop
      vertex -59.45 11.45 2
      vertex -60.55 12.55 2
      vertex -60.55 11.45 2
    endloop
  endfacet
  facet normal 0 0 1
    outer loop
      vertex -59.45 8.55 2
      vertex -60.55 8.55 2
      vertex -59.45 7.45 2
    endloop
  endfacet
  facet normal 0 0 1
    outer loop
      vertex -60.55 4.55 2
      vertex -59.45 4.55 2
      vertex -60.55 7.45 2
    endloop
  endfacet
  facet normal 0 0 1
    outer loop
      vertex -59.45 3.45 2
      vertex -60.55 3.45 2
      vertex -59.45 0.549999 2
    endloop
  endfacet
  facet normal 0 0 1
    outer loop
      vertex -60.55 -0.549999 2
      vertex -59.45 -0.549999 2
      vertex -60.55 0.549999 2
    endloop
  endfacet
  facet normal 0 0 1
    outer loop
      vertex -59.45 -3.45 2
      vertex -60.55 -3.45 2
      vertex -59.45 -4.55 2
    endloop
  endfacet
  facet normal 0 0 1
    outer loop
      vertex -60.55 -7.45 2
      vertex -59.45 -7.45 2
      vertex -60.55 -4.55 2
    endloop
  endfacet
  facet normal 0 0 1
    outer loop
      vertex -59.45 -7.45 2
      vertex -60.55 -7.45 2
      vertex -59.45 -8.55 2
    endloop
  endfacet
  facet normal 0 0 1
    outer loop
      vertex -60.55 -8.55 2
      vertex -59.45 -8.55 2
      vertex -60.55 -7.45 2
    endloop
  endfacet
  facet normal 0 0 1
    outer loop
      vertex -59.45 -8.55 2
      vertex -60.55 -8.55 2
      vertex -59.45 -11.45 2
    endloop
  endfacet
  facet normal 0 0 1
    outer loop
      vertex -60.55 -11.45 2
      vertex -59.45 -11.45 2
      vertex -60.55 -8.55 2
    endloop
  endfacet
  facet normal 0 0 1
    outer loop
      vertex -59.45 -11.45 2
      vertex -60.55 -11.45 2
      vertex -59.45 -12.55 2
    endloop
  endfacet
  facet normal 0 0 1
    outer loop
      vertex -60.55 -12.55 2
      vertex -59.45 -12.55 2
      vertex -60.55 -11.45 2
    endloop
  endfacet
  facet normal 0 0 1
    outer loop
      vertex -59.45 -12.55 2
      vertex -60.55 -12.55 2
      vertex -59.45 -15.45 2
    endloop
  endfacet
  facet normal 0 0 1
    outer loop
      vertex -60.55 -15.45 2
      vertex -59.45 -15.45 2
      vertex -60.55 -12.55 2
    endloop
  endfacet
  facet normal 0 0 1
    outer loop
      vertex -63.4 -16.4 2
      vertex -59.45 -15.45 2
      vertex -60.55 -15.45 2
    endloop
  endfacet
  facet normal 0 0 1
    outer loop
      vertex -19.45 -15.45 2
      vertex -63.4 -16.4 2
      vertex 63.4 -16.4 2
    endloop
  endfacet
  facet normal -0 0 1
    outer loop
      vertex -63.45 -15.45 2
      vertex -63.4 -16.4 2
      vertex -60.55 -15.45 2
    endloop
  endfacet
  facet normal 0 0 1
    outer loop
      vertex -63.45 -15.45 2
      vertex -63.5305 -16.3914 2
      vertex -63.4 -16.4 2
    endloop
  endfacet
  facet normal 0 0 1
    outer loop
      vertex -63.45 -11.45 2
      vertex -64.4 -15.4 2
      vertex -63.45 -12.55 2
    endloop
  endfacet
  facet normal -0 0 1
    outer loop
      vertex -63.7827 16.3239 2
      vertex -63.45 15.45 2
      vertex -63.6588 16.3659 2
    endloop
  endfacet
  facet normal 0 0 1
    outer loop
      vertex -63.45 -12.55 2
      vertex -64.4 -15.4 2
      vertex -63.45 -15.45 2
    endloop
  endfacet
  facet normal -0 0 1
    outer loop
      vertex -63.9 16.266 2
      vertex -63.45 15.45 2
      vertex -63.7827 16.3239 2
    endloop
  endfacet
  facet normal 0 -0 1
    outer loop
      vertex -64.3914 -15.5305 2
      vertex -63.45 -15.45 2
      vertex -64.4 -15.4 2
    endloop
  endfacet
  facet normal -0 0 1
    outer loop
      vertex -64.0087 16.1933 2
      vertex -63.45 15.45 2
      vertex -63.9 16.266 2
    endloop
  endfacet
  facet normal 0 0 1
    outer loop
      vertex -63.45 -15.45 2
      vertex -63.6588 -16.3659 2
      vertex -63.5305 -16.3914 2
    endloop
  endfacet
  facet normal -0 0 1
    outer loop
      vertex -64.1071 16.1071 2
      vertex -63.45 15.45 2
      vertex -64.0087 16.1933 2
    endloop
  endfacet
  facet normal 0 0 1
    outer loop
      vertex -63.45 -15.45 2
      vertex -63.7827 -16.3239 2
      vertex -63.6588 -16.3659 2
    endloop
  endfacet
  facet normal -0 0 1
    outer loop
      vertex -64.1933 16.0087 2
      vertex -63.45 15.45 2
      vertex -64.1071 16.1071 2
    endloop
  endfacet
  facet normal 0 0 1
    outer loop
      vertex -63.45 -15.45 2
      vertex -63.9 -16.266 2
      vertex -63.7827 -16.3239 2
    endloop
  endfacet
  facet normal -0 0 1
    outer loop
      vertex -64.266 15.9 2
      vertex -63.45 15.45 2
      vertex -64.1933 16.0087 2
    endloop
  endfacet
  facet normal 0 0 1
    outer loop
      vertex -63.45 -15.45 2
      vertex -64.0087 -16.1933 2
      vertex -63.9 -16.266 2
    endloop
  endfacet
  facet normal -0 0 1
    outer loop
      vertex -64.3239 15.7827 2
      vertex -63.45 15.45 2
      vertex -64.266 15.9 2
    endloop
  endfacet
  facet normal 0 0 1
    outer loop
      vertex -63.45 -15.45 2
      vertex -64.1071 -16.1071 2
      vertex -64.0087 -16.1933 2
    endloop
  endfacet
  facet normal -0 0 1
    outer loop
      vertex -64.3659 15.6588 2
      vertex -63.45 15.45 2
      vertex -64.3239 15.7827 2
    endloop
  endfacet
  facet normal 0 0 1
    outer loop
      vertex -63.45 -15.45 2
      vertex -64.1933 -16.0087 2
      vertex -64.1071 -16.1071 2
    endloop
  endfacet
  facet normal -0 0 1
    outer loop
      vertex -64.3914 15.5305 2
      vertex -63.45 15.45 2
      vertex -64.3659 15.6588 2
    endloop
  endfacet
  facet normal 0 0 1
    outer loop
      vertex -63.45 -15.45 2
      vertex -64.266 -15.9 2
      vertex -64.1933 -16.0087 2
    endloop
  endfacet
  facet normal 0 0 1
    outer loop
      vertex -63.45 15.45 2
      vertex -64.3914 15.5305 2
      vertex -64.4 15.4 2
    endloop
  endfacet
  facet normal 0 0 1
    outer loop
      vertex -63.45 -15.45 2
      vertex -64.3239 -15.7827 2
      vertex -64.266 -15.9 2
    endloop
  endfacet
  facet normal 0 0 1
    outer loop
      vertex -63.45 -15.45 2
      vertex -64.3659 -15.6588 2
      vertex -64.3239 -15.7827 2
    endloop
  endfacet
  facet normal 0 0 1
    outer loop
      vertex -63.45 -15.45 2
      vertex -64.3914 -15.5305 2
      vertex -64.3659 -15.6588 2
    endloop
  endfacet
  facet normal 0.0657577 -0.997836 0
    outer loop
      vertex -63.5305 16.3914 2
      vertex -63.4 16.4 44
      vertex -63.5305 16.3914 44
    endloop
  endfacet
  facet normal 0.0657577 -0.997836 0
    outer loop
      vertex -63.4 16.4 44
      vertex -63.5305 16.3914 2
      vertex -63.4 16.4 2
    endloop
  endfacet
  facet normal 0.980815 0.19494 0
    outer loop
      vertex -64.3659 -15.6588 44
      vertex -64.3914 -15.5305 2
      vertex -64.3914 -15.5305 44
    endloop
  endfacet
  facet normal 0.980815 0.19494 0
    outer loop
      vertex -64.3914 -15.5305 2
      vertex -64.3659 -15.6588 44
      vertex -64.3659 -15.6588 2
    endloop
  endfacet
  facet normal 0.947066 0.321039 0
    outer loop
      vertex -64.3239 -15.7827 44
      vertex -64.3659 -15.6588 2
      vertex -64.3659 -15.6588 44
    endloop
  endfacet
  facet normal 0.947066 0.321039 0
    outer loop
      vertex -64.3659 -15.6588 2
      vertex -64.3239 -15.7827 44
      vertex -64.3239 -15.7827 2
    endloop
  endfacet
  facet normal -0.831226 0.555935 0
    outer loop
      vertex 64.1933 -16.0087 2
      vertex 64.266 -15.9 44
      vertex 64.266 -15.9 2
    endloop
  endfacet
  facet normal -0.831226 0.555935 0
    outer loop
      vertex 64.266 -15.9 44
      vertex 64.1933 -16.0087 2
      vertex 64.1933 -16.0087 44
    endloop
  endfacet
  facet normal 0.0657577 0.997836 -0
    outer loop
      vertex -63.4 -16.4 2
      vertex -63.5305 -16.3914 44
      vertex -63.4 -16.4 44
    endloop
  endfacet
  facet normal 0.0657577 0.997836 0
    outer loop
      vertex -63.5305 -16.3914 44
      vertex -63.4 -16.4 2
      vertex -63.5305 -16.3914 2
    endloop
  endfacet
  facet normal -0.947066 0.321039 0
    outer loop
      vertex 64.3239 -15.7827 2
      vertex 64.3659 -15.6588 44
      vertex 64.3659 -15.6588 2
    endloop
  endfacet
  facet normal -0.947066 0.321039 0
    outer loop
      vertex 64.3659 -15.6588 44
      vertex 64.3239 -15.7827 2
      vertex 64.3239 -15.7827 44
    endloop
  endfacet
  facet normal 0.321039 0.947066 -0
    outer loop
      vertex -63.6588 -16.3659 2
      vertex -63.7827 -16.3239 44
      vertex -63.6588 -16.3659 44
    endloop
  endfacet
  facet normal 0.321039 0.947066 0
    outer loop
      vertex -63.7827 -16.3239 44
      vertex -63.6588 -16.3659 2
      vertex -63.7827 -16.3239 2
    endloop
  endfacet
  facet normal -0.980815 0.19494 0
    outer loop
      vertex 64.3659 -15.6588 2
      vertex 64.3914 -15.5305 44
      vertex 64.3914 -15.5305 2
    endloop
  endfacet
  facet normal -0.980815 0.19494 0
    outer loop
      vertex 64.3914 -15.5305 44
      vertex 64.3659 -15.6588 2
      vertex 64.3659 -15.6588 44
    endloop
  endfacet
  facet normal 0.555935 -0.831226 0
    outer loop
      vertex -64.0087 16.1933 2
      vertex -63.9 16.266 44
      vertex -64.0087 16.1933 44
    endloop
  endfacet
  facet normal 0.555935 -0.831226 0
    outer loop
      vertex -63.9 16.266 44
      vertex -64.0087 16.1933 2
      vertex -63.9 16.266 2
    endloop
  endfacet
  facet normal -0.997836 0.0657577 0
    outer loop
      vertex 64.3914 -15.5305 2
      vertex 64.4 -15.4 44
      vertex 64.4 -15.4 2
    endloop
  endfacet
  facet normal -0.997836 0.0657577 0
    outer loop
      vertex 64.4 -15.4 44
      vertex 64.3914 -15.5305 2
      vertex 64.3914 -15.5305 44
    endloop
  endfacet
  facet normal -0.658937 -0.752198 0
    outer loop
      vertex 64.0087 16.1933 2
      vertex 64.1071 16.1071 44
      vertex 64.0087 16.1933 44
    endloop
  endfacet
  facet normal -0.658937 -0.752198 -0
    outer loop
      vertex 64.1071 16.1071 44
      vertex 64.0087 16.1933 2
      vertex 64.1071 16.1071 2
    endloop
  endfacet
  facet normal -0.896709 -0.442621 0
    outer loop
      vertex 64.3239 15.7827 2
      vertex 64.266 15.9 44
      vertex 64.266 15.9 2
    endloop
  endfacet
  facet normal -0.896709 -0.442621 0
    outer loop
      vertex 64.266 15.9 44
      vertex 64.3239 15.7827 2
      vertex 64.3239 15.7827 44
    endloop
  endfacet
  facet normal -0.442621 0.896709 0
    outer loop
      vertex 63.9 -16.266 2
      vertex 63.7827 -16.3239 44
      vertex 63.9 -16.266 44
    endloop
  endfacet
  facet normal -0.442621 0.896709 0
    outer loop
      vertex 63.7827 -16.3239 44
      vertex 63.9 -16.266 2
      vertex 63.7827 -16.3239 2
    endloop
  endfacet
  facet normal 0.658937 -0.752198 0
    outer loop
      vertex -64.1071 16.1071 2
      vertex -64.0087 16.1933 44
      vertex -64.1071 16.1071 44
    endloop
  endfacet
  facet normal 0.658937 -0.752198 0
    outer loop
      vertex -64.0087 16.1933 44
      vertex -64.1071 16.1071 2
      vertex -64.0087 16.1933 2
    endloop
  endfacet
  facet normal -0.555935 0.831226 0
    outer loop
      vertex 64.0087 -16.1933 2
      vertex 63.9 -16.266 44
      vertex 64.0087 -16.1933 44
    endloop
  endfacet
  facet normal -0.555935 0.831226 0
    outer loop
      vertex 63.9 -16.266 44
      vertex 64.0087 -16.1933 2
      vertex 63.9 -16.266 2
    endloop
  endfacet
  facet normal -0.321039 0.947066 0
    outer loop
      vertex 63.7827 -16.3239 2
      vertex 63.6588 -16.3659 44
      vertex 63.7827 -16.3239 44
    endloop
  endfacet
  facet normal -0.321039 0.947066 0
    outer loop
      vertex 63.6588 -16.3659 44
      vertex 63.7827 -16.3239 2
      vertex 63.6588 -16.3659 2
    endloop
  endfacet
  facet normal 0.752198 0.658937 0
    outer loop
      vertex -64.1071 -16.1071 44
      vertex -64.1933 -16.0087 2
      vertex -64.1933 -16.0087 44
    endloop
  endfacet
  facet normal 0.752198 0.658937 0
    outer loop
      vertex -64.1933 -16.0087 2
      vertex -64.1071 -16.1071 44
      vertex -64.1071 -16.1071 2
    endloop
  endfacet
  facet normal 0.658937 0.752198 -0
    outer loop
      vertex -64.0087 -16.1933 2
      vertex -64.1071 -16.1071 44
      vertex -64.0087 -16.1933 44
    endloop
  endfacet
  facet normal 0.658937 0.752198 0
    outer loop
      vertex -64.1071 -16.1071 44
      vertex -64.0087 -16.1933 2
      vertex -64.1071 -16.1071 2
    endloop
  endfacet
  facet normal 0.19494 -0.980815 0
    outer loop
      vertex -63.6588 16.3659 2
      vertex -63.5305 16.3914 44
      vertex -63.6588 16.3659 44
    endloop
  endfacet
  facet normal 0.19494 -0.980815 0
    outer loop
      vertex -63.5305 16.3914 44
      vertex -63.6588 16.3659 2
      vertex -63.5305 16.3914 2
    endloop
  endfacet
  facet normal -0.752198 -0.658937 0
    outer loop
      vertex 64.1933 16.0087 2
      vertex 64.1071 16.1071 44
      vertex 64.1071 16.1071 2
    endloop
  endfacet
  facet normal -0.752198 -0.658937 0
    outer loop
      vertex 64.1071 16.1071 44
      vertex 64.1933 16.0087 2
      vertex 64.1933 16.0087 44
    endloop
  endfacet
  facet normal 0.752198 -0.658937 0
    outer loop
      vertex -64.1933 16.0087 44
      vertex -64.1071 16.1071 2
      vertex -64.1071 16.1071 44
    endloop
  endfacet
  facet normal 0.752198 -0.658937 0
    outer loop
      vertex -64.1071 16.1071 2
      vertex -64.1933 16.0087 44
      vertex -64.1933 16.0087 2
    endloop
  endfacet
  facet normal 0.555935 0.831226 -0
    outer loop
      vertex -63.9 -16.266 2
      vertex -64.0087 -16.1933 44
      vertex -63.9 -16.266 44
    endloop
  endfacet
  facet normal 0.555935 0.831226 0
    outer loop
      vertex -64.0087 -16.1933 44
      vertex -63.9 -16.266 2
      vertex -64.0087 -16.1933 2
    endloop
  endfacet
  facet normal 0.442621 0.896709 -0
    outer loop
      vertex -63.7827 -16.3239 2
      vertex -63.9 -16.266 44
      vertex -63.7827 -16.3239 44
    endloop
  endfacet
  facet normal 0.442621 0.896709 0
    outer loop
      vertex -63.9 -16.266 44
      vertex -63.7827 -16.3239 2
      vertex -63.9 -16.266 2
    endloop
  endfacet
  facet normal 0.980815 -0.19494 0
    outer loop
      vertex -64.3914 15.5305 44
      vertex -64.3659 15.6588 2
      vertex -64.3659 15.6588 44
    endloop
  endfacet
  facet normal 0.980815 -0.19494 0
    outer loop
      vertex -64.3659 15.6588 2
      vertex -64.3914 15.5305 44
      vertex -64.3914 15.5305 2
    endloop
  endfacet
  facet normal -0.555935 -0.831226 0
    outer loop
      vertex 63.9 16.266 2
      vertex 64.0087 16.1933 44
      vertex 63.9 16.266 44
    endloop
  endfacet
  facet normal -0.555935 -0.831226 -0
    outer loop
      vertex 64.0087 16.1933 44
      vertex 63.9 16.266 2
      vertex 64.0087 16.1933 2
    endloop
  endfacet
  facet normal -0.658937 0.752198 0
    outer loop
      vertex 64.1071 -16.1071 2
      vertex 64.0087 -16.1933 44
      vertex 64.1071 -16.1071 44
    endloop
  endfacet
  facet normal -0.658937 0.752198 0
    outer loop
      vertex 64.0087 -16.1933 44
      vertex 64.1071 -16.1071 2
      vertex 64.0087 -16.1933 2
    endloop
  endfacet
  facet normal -0.321039 -0.947066 0
    outer loop
      vertex 63.6588 16.3659 2
      vertex 63.7827 16.3239 44
      vertex 63.6588 16.3659 44
    endloop
  endfacet
  facet normal -0.321039 -0.947066 -0
    outer loop
      vertex 63.7827 16.3239 44
      vertex 63.6588 16.3659 2
      vertex 63.7827 16.3239 2
    endloop
  endfacet
  facet normal 0.997836 -0.0657577 0
    outer loop
      vertex -64.4 15.4 44
      vertex -64.3914 15.5305 2
      vertex -64.3914 15.5305 44
    endloop
  endfacet
  facet normal 0.997836 -0.0657577 0
    outer loop
      vertex -64.3914 15.5305 2
      vertex -64.4 15.4 44
      vertex -64.4 15.4 2
    endloop
  endfacet
  facet normal -0.831226 -0.555935 0
    outer loop
      vertex 64.266 15.9 2
      vertex 64.1933 16.0087 44
      vertex 64.1933 16.0087 2
    endloop
  endfacet
  facet normal -0.831226 -0.555935 0
    outer loop
      vertex 64.1933 16.0087 44
      vertex 64.266 15.9 2
      vertex 64.266 15.9 44
    endloop
  endfacet
  facet normal 0.896709 -0.442621 0
    outer loop
      vertex -64.3239 15.7827 44
      vertex -64.266 15.9 2
      vertex -64.266 15.9 44
    endloop
  endfacet
  facet normal 0.896709 -0.442621 0
    outer loop
      vertex -64.266 15.9 2
      vertex -64.3239 15.7827 44
      vertex -64.3239 15.7827 2
    endloop
  endfacet
  facet normal -0.752198 0.658937 0
    outer loop
      vertex 64.1071 -16.1071 2
      vertex 64.1933 -16.0087 44
      vertex 64.1933 -16.0087 2
    endloop
  endfacet
  facet normal -0.752198 0.658937 0
    outer loop
      vertex 64.1933 -16.0087 44
      vertex 64.1071 -16.1071 2
      vertex 64.1071 -16.1071 44
    endloop
  endfacet
  facet normal 0.831226 -0.555935 0
    outer loop
      vertex -64.266 15.9 44
      vertex -64.1933 16.0087 2
      vertex -64.1933 16.0087 44
    endloop
  endfacet
  facet normal 0.831226 -0.555935 0
    outer loop
      vertex -64.1933 16.0087 2
      vertex -64.266 15.9 44
      vertex -64.266 15.9 2
    endloop
  endfacet
  facet normal -1 0 0
    outer loop
      vertex -60.55 -15.45 0
      vertex -60.55 -12.55 2
      vertex -60.55 -12.55 0
    endloop
  endfacet
  facet normal -1 -0 0
    outer loop
      vertex -60.55 -12.55 2
      vertex -60.55 -15.45 0
      vertex -60.55 -15.45 2
    endloop
  endfacet
  facet normal 1 -0 0
    outer loop
      vertex -63.45 -15.45 2
      vertex -63.45 -12.55 0
      vertex -63.45 -12.55 2
    endloop
  endfacet
  facet normal 1 0 0
    outer loop
      vertex -63.45 -12.55 0
      vertex -63.45 -15.45 2
      vertex -63.45 -15.45 0
    endloop
  endfacet
  facet normal 0 -1 0
    outer loop
      vertex -63.45 -12.55 0
      vertex -60.55 -12.55 2
      vertex -63.45 -12.55 2
    endloop
  endfacet
  facet normal 0 -1 -0
    outer loop
      vertex -60.55 -12.55 2
      vertex -63.45 -12.55 0
      vertex -60.55 -12.55 0
    endloop
  endfacet
  facet normal 0 1 -0
    outer loop
      vertex -60.55 -15.45 0
      vertex -63.45 -15.45 2
      vertex -60.55 -15.45 2
    endloop
  endfacet
  facet normal 0 1 0
    outer loop
      vertex -63.45 -15.45 2
      vertex -60.55 -15.45 0
      vertex -63.45 -15.45 0
    endloop
  endfacet
  facet normal -1 0 0
    outer loop
      vertex -60.55 -11.45 0
      vertex -60.55 -8.55 2
      vertex -60.55 -8.55 0
    endloop
  endfacet
  facet normal -1 -0 0
    outer loop
      vertex -60.55 -8.55 2
      vertex -60.55 -11.45 0
      vertex -60.55 -11.45 2
    endloop
  endfacet
  facet normal 1 -0 0
    outer loop
      vertex -63.45 -11.45 2
      vertex -63.45 -8.55 0
      vertex -63.45 -8.55 2
    endloop
  endfacet
  facet normal 1 0 0
    outer loop
      vertex -63.45 -8.55 0
      vertex -63.45 -11.45 2
      vertex -63.45 -11.45 0
    endloop
  endfacet
  facet normal 0 -1 0
    outer loop
      vertex -63.45 -8.55 0
      vertex -60.55 -8.55 2
      vertex -63.45 -8.55 2
    endloop
  endfacet
  facet normal 0 -1 -0
    outer loop
      vertex -60.55 -8.55 2
      vertex -63.45 -8.55 0
      vertex -60.55 -8.55 0
    endloop
  endfacet
  facet normal 0 1 -0
    outer loop
      vertex -60.55 -11.45 0
      vertex -63.45 -11.45 2
      vertex -60.55 -11.45 2
    endloop
  endfacet
  facet normal 0 1 0
    outer loop
      vertex -63.45 -11.45 2
      vertex -60.55 -11.45 0
      vertex -63.45 -11.45 0
    endloop
  endfacet
  facet normal -1 0 0
    outer loop
      vertex -60.55 -7.45 0
      vertex -60.55 -4.55 2
      vertex -60.55 -4.55 0
    endloop
  endfacet
  facet normal -1 -0 0
    outer loop
      vertex -60.55 -4.55 2
      vertex -60.55 -7.45 0
      vertex -60.55 -7.45 2
    endloop
  endfacet
  facet normal 1 -0 0
    outer loop
      vertex -63.45 -7.45 2
      vertex -63.45 -4.55 0
      vertex -63.45 -4.55 2
    endloop
  endfacet
  facet normal 1 0 0
    outer loop
      vertex -63.45 -4.55 0
      vertex -63.45 -7.45 2
      vertex -63.45 -7.45 0
    endloop
  endfacet
  facet normal 0 -1 0
    outer loop
      vertex -63.45 -4.55 0
      vertex -60.55 -4.55 2
      vertex -63.45 -4.55 2
    endloop
  endfacet
  facet normal 0 -1 -0
    outer loop
      vertex -60.55 -4.55 2
      vertex -63.45 -4.55 0
      vertex -60.55 -4.55 0
    endloop
  endfacet
  facet normal 0 1 -0
    outer loop
      vertex -60.55 -7.45 0
      vertex -63.45 -7.45 2
      vertex -60.55 -7.45 2
    endloop
  endfacet
  facet normal 0 1 0
    outer loop
      vertex -63.45 -7.45 2
      vertex -60.55 -7.45 0
      vertex -63.45 -7.45 0
    endloop
  endfacet
  facet normal -1 0 0
    outer loop
      vertex -60.55 -3.45 0
      vertex -60.55 -0.549999 2
      vertex -60.55 -0.549999 0
    endloop
  endfacet
  facet normal -1 -0 0
    outer loop
      vertex -60.55 -0.549999 2
      vertex -60.55 -3.45 0
      vertex -60.55 -3.45 2
    endloop
  endfacet
  facet normal 1 -0 0
    outer loop
      vertex -63.45 -3.45 2
      vertex -63.45 -0.549999 0
      vertex -63.45 -0.549999 2
    endloop
  endfacet
  facet normal 1 0 0
    outer loop
      vertex -63.45 -0.549999 0
      vertex -63.45 -3.45 2
      vertex -63.45 -3.45 0
    endloop
  endfacet
  facet normal 0 -1 0
    outer loop
      vertex -63.45 -0.549999 0
      vertex -60.55 -0.549999 2
      vertex -63.45 -0.549999 2
    endloop
  endfacet
  facet normal 0 -1 -0
    outer loop
      vertex -60.55 -0.549999 2
      vertex -63.45 -0.549999 0
      vertex -60.55 -0.549999 0
    endloop
  endfacet
  facet normal 0 1 -0
    outer loop
      vertex -60.55 -3.45 0
      vertex -63.45 -3.45 2
      vertex -60.55 -3.45 2
    endloop
  endfacet
  facet normal 0 1 0
    outer loop
      vertex -63.45 -3.45 2
      vertex -60.55 -3.45 0
      vertex -63.45 -3.45 0
    endloop
  endfacet
  facet normal -1 0 0
    outer loop
      vertex -60.55 0.549999 0
      vertex -60.55 3.45 2
      vertex -60.55 3.45 0
    endloop
  endfacet
  facet normal -1 -0 0
    outer loop
      vertex -60.55 3.45 2
      vertex -60.55 0.549999 0
      vertex -60.55 0.549999 2
    endloop
  endfacet
  facet normal 1 -0 0
    outer loop
      vertex -63.45 0.549999 2
      vertex -63.45 3.45 0
      vertex -63.45 3.45 2
    endloop
  endfacet
  facet normal 1 0 0
    outer loop
      vertex -63.45 3.45 0
      vertex -63.45 0.549999 2
      vertex -63.45 0.549999 0
    endloop
  endfacet
  facet normal 0 -1 0
    outer loop
      vertex -63.45 3.45 0
      vertex -60.55 3.45 2
      vertex -63.45 3.45 2
    endloop
  endfacet
  facet normal 0 -1 -0
    outer loop
      vertex -60.55 3.45 2
      vertex -63.45 3.45 0
      vertex -60.55 3.45 0
    endloop
  endfacet
  facet normal 0 1 -0
    outer loop
      vertex -60.55 0.549999 0
      vertex -63.45 0.549999 2
      vertex -60.55 0.549999 2
    endloop
  endfacet
  facet normal 0 1 0
    outer loop
      vertex -63.45 0.549999 2
      vertex -60.55 0.549999 0
      vertex -63.45 0.549999 0
    endloop
  endfacet
  facet normal -1 0 0
    outer loop
      vertex -60.55 4.55 0
      vertex -60.55 7.45 2
      vertex -60.55 7.45 0
    endloop
  endfacet
  facet normal -1 -0 0
    outer loop
      vertex -60.55 7.45 2
      vertex -60.55 4.55 0
      vertex -60.55 4.55 2
    endloop
  endfacet
  facet normal 1 -0 0
    outer loop
      vertex -63.45 4.55 2
      vertex -63.45 7.45 0
      vertex -63.45 7.45 2
    endloop
  endfacet
  facet normal 1 0 0
    outer loop
      vertex -63.45 7.45 0
      vertex -63.45 4.55 2
      vertex -63.45 4.55 0
    endloop
  endfacet
  facet normal 0 -1 0
    outer loop
      vertex -63.45 7.45 0
      vertex -60.55 7.45 2
      vertex -63.45 7.45 2
    endloop
  endfacet
  facet normal 0 -1 -0
    outer loop
      vertex -60.55 7.45 2
      vertex -63.45 7.45 0
      vertex -60.55 7.45 0
    endloop
  endfacet
  facet normal 0 1 -0
    outer loop
      vertex -60.55 4.55 0
      vertex -63.45 4.55 2
      vertex -60.55 4.55 2
    endloop
  endfacet
  facet normal 0 1 0
    outer loop
      vertex -63.45 4.55 2
      vertex -60.55 4.55 0
      vertex -63.45 4.55 0
    endloop
  endfacet
  facet normal -1 0 0
    outer loop
      vertex -60.55 8.55 0
      vertex -60.55 11.45 2
      vertex -60.55 11.45 0
    endloop
  endfacet
  facet normal -1 -0 0
    outer loop
      vertex -60.55 11.45 2
      vertex -60.55 8.55 0
      vertex -60.55 8.55 2
    endloop
  endfacet
  facet normal 1 -0 0
    outer loop
      vertex -63.45 8.55 2
      vertex -63.45 11.45 0
      vertex -63.45 11.45 2
    endloop
  endfacet
  facet normal 1 0 0
    outer loop
      vertex -63.45 11.45 0
      vertex -63.45 8.55 2
      vertex -63.45 8.55 0
    endloop
  endfacet
  facet normal 0 -1 0
    outer loop
      vertex -63.45 11.45 0
      vertex -60.55 11.45 2
      vertex -63.45 11.45 2
    endloop
  endfacet
  facet normal 0 -1 -0
    outer loop
      vertex -60.55 11.45 2
      vertex -63.45 11.45 0
      vertex -60.55 11.45 0
    endloop
  endfacet
  facet normal 0 1 -0
    outer loop
      vertex -60.55 8.55 0
      vertex -63.45 8.55 2
      vertex -60.55 8.55 2
    endloop
  endfacet
  facet normal 0 1 0
    outer loop
      vertex -63.45 8.55 2
      vertex -60.55 8.55 0
      vertex -63.45 8.55 0
    endloop
  endfacet
  facet normal -1 0 0
    outer loop
      vertex -60.55 12.55 0
      vertex -60.55 15.45 2
      vertex -60.55 15.45 0
    endloop
  endfacet
  facet normal -1 -0 0
    outer loop
      vertex -60.55 15.45 2
      vertex -60.55 12.55 0
      vertex -60.55 12.55 2
    endloop
  endfacet
  facet normal 1 -0 0
    outer loop
      vertex -63.45 12.55 2
      vertex -63.45 15.45 0
      vertex -63.45 15.45 2
    endloop
  endfacet
  facet normal 1 0 0
    outer loop
      vertex -63.45 15.45 0
      vertex -63.45 12.55 2
      vertex -63.45 12.55 0
    endloop
  endfacet
  facet normal 0 -1 0
    outer loop
      vertex -63.45 15.45 0
      vertex -60.55 15.45 2
      vertex -63.45 15.45 2
    endloop
  endfacet
  facet normal 0 -1 -0
    outer loop
      vertex -60.55 15.45 2
      vertex -63.45 15.45 0
      vertex -60.55 15.45 0
    endloop
  endfacet
  facet normal 0 1 -0
    outer loop
      vertex -60.55 12.55 0
      vertex -63.45 12.55 2
      vertex -60.55 12.55 2
    endloop
  endfacet
  facet normal 0 1 0
    outer loop
      vertex -63.45 12.55 2
      vertex -60.55 12.55 0
      vertex -63.45 12.55 0
    endloop
  endfacet
  facet normal -1 0 0
    outer loop
      vertex -56.55 -15.45 0
      vertex -56.55 -12.55 2
      vertex -56.55 -12.55 0
    endloop
  endfacet
  facet normal -1 -0 0
    outer loop
      vertex -56.55 -12.55 2
      vertex -56.55 -15.45 0
      vertex -56.55 -15.45 2
    endloop
  endfacet
  facet normal 1 -0 0
    outer loop
      vertex -59.45 -15.45 2
      vertex -59.45 -12.55 0
      vertex -59.45 -12.55 2
    endloop
  endfacet
  facet normal 1 0 0
    outer loop
      vertex -59.45 -12.55 0
      vertex -59.45 -15.45 2
      vertex -59.45 -15.45 0
    endloop
  endfacet
  facet normal 0 -1 0
    outer loop
      vertex -59.45 -12.55 0
      vertex -56.55 -12.55 2
      vertex -59.45 -12.55 2
    endloop
  endfacet
  facet normal 0 -1 -0
    outer loop
      vertex -56.55 -12.55 2
      vertex -59.45 -12.55 0
      vertex -56.55 -12.55 0
    endloop
  endfacet
  facet normal 0 1 -0
    outer loop
      vertex -56.55 -15.45 0
      vertex -59.45 -15.45 2
      vertex -56.55 -15.45 2
    endloop
  endfacet
  facet normal 0 1 0
    outer loop
      vertex -59.45 -15.45 2
      vertex -56.55 -15.45 0
      vertex -59.45 -15.45 0
    endloop
  endfacet
  facet normal -1 0 0
    outer loop
      vertex -56.55 -11.45 0
      vertex -56.55 -8.55 2
      vertex -56.55 -8.55 0
    endloop
  endfacet
  facet normal -1 -0 0
    outer loop
      vertex -56.55 -8.55 2
      vertex -56.55 -11.45 0
      vertex -56.55 -11.45 2
    endloop
  endfacet
  facet normal 1 -0 0
    outer loop
      vertex -59.45 -11.45 2
      vertex -59.45 -8.55 0
      vertex -59.45 -8.55 2
    endloop
  endfacet
  facet normal 1 0 0
    outer loop
      vertex -59.45 -8.55 0
      vertex -59.45 -11.45 2
      vertex -59.45 -11.45 0
    endloop
  endfacet
  facet normal 0 -1 0
    outer loop
      vertex -59.45 -8.55 0
      vertex -56.55 -8.55 2
      vertex -59.45 -8.55 2
    endloop
  endfacet
  facet normal 0 -1 -0
    outer loop
      vertex -56.55 -8.55 2
      vertex -59.45 -8.55 0
      vertex -56.55 -8.55 0
    endloop
  endfacet
  facet normal 0 1 -0
    outer loop
      vertex -56.55 -11.45 0
      vertex -59.45 -11.45 2
      vertex -56.55 -11.45 2
    endloop
  endfacet
  facet normal 0 1 0
    outer loop
      vertex -59.45 -11.45 2
      vertex -56.55 -11.45 0
      vertex -59.45 -11.45 0
    endloop
  endfacet
  facet normal -1 0 0
    outer loop
      vertex -56.55 -7.45 0
      vertex -56.55 -4.55 2
      vertex -56.55 -4.55 0
    endloop
  endfacet
  facet normal -1 -0 0
    outer loop
      vertex -56.55 -4.55 2
      vertex -56.55 -7.45 0
      vertex -56.55 -7.45 2
    endloop
  endfacet
  facet normal 1 -0 0
    outer loop
      vertex -59.45 -7.45 2
      vertex -59.45 -4.55 0
      vertex -59.45 -4.55 2
    endloop
  endfacet
  facet normal 1 0 0
    outer loop
      vertex -59.45 -4.55 0
      vertex -59.45 -7.45 2
      vertex -59.45 -7.45 0
    endloop
  endfacet
  facet normal 0 -1 0
    outer loop
      vertex -59.45 -4.55 0
      vertex -56.55 -4.55 2
      vertex -59.45 -4.55 2
    endloop
  endfacet
  facet normal 0 -1 -0
    outer loop
      vertex -56.55 -4.55 2
      vertex -59.45 -4.55 0
      vertex -56.55 -4.55 0
    endloop
  endfacet
  facet normal 0 1 -0
    outer loop
      vertex -56.55 -7.45 0
      vertex -59.45 -7.45 2
      vertex -56.55 -7.45 2
    endloop
  endfacet
  facet normal 0 1 0
    outer loop
      vertex -59.45 -7.45 2
      vertex -56.55 -7.45 0
      vertex -59.45 -7.45 0
    endloop
  endfacet
  facet normal -1 0 0
    outer loop
      vertex -56.55 -3.45 0
      vertex -56.55 -0.549999 2
      vertex -56.55 -0.549999 0
    endloop
  endfacet
  facet normal -1 -0 0
    outer loop
      vertex -56.55 -0.549999 2
      vertex -56.55 -3.45 0
      vertex -56.55 -3.45 2
    endloop
  endfacet
  facet normal 1 -0 0
    outer loop
      vertex -59.45 -3.45 2
      vertex -59.45 -0.549999 0
      vertex -59.45 -0.549999 2
    endloop
  endfacet
  facet normal 1 0 0
    outer loop
      vertex -59.45 -0.549999 0
      vertex -59.45 -3.45 2
      vertex -59.45 -3.45 0
    endloop
  endfacet
  facet normal 0 -1 0
    outer loop
      vertex -59.45 -0.549999 0
      vertex -56.55 -0.549999 2
      vertex -59.45 -0.549999 2
    endloop
  endfacet
  facet normal 0 -1 -0
    outer loop
      vertex -56.55 -0.549999 2
      vertex -59.45 -0.549999 0
      vertex -56.55 -0.549999 0
    endloop
  endfacet
  facet normal 0 1 -0
    outer loop
      vertex -56.55 -3.45 0
      vertex -59.45 -3.45 2
      vertex -56.55 -3.45 2
    endloop
  endfacet
  facet normal 0 1 0
    outer loop
      vertex -59.45 -3.45 2
      vertex -56.55 -3.45 0
      vertex -59.45 -3.45 0
    endloop
  endfacet
  facet normal -1 0 0
    outer loop
      vertex -56.55 0.549999 0
      vertex -56.55 3.45 2
      vertex -56.55 3.45 0
    endloop
  endfacet
  facet normal -1 -0 0
    outer loop
      vertex -56.55 3.45 2
      vertex -56.55 0.549999 0
      vertex -56.55 0.549999 2
    endloop
  endfacet
  facet normal 1 -0 0
    outer loop
      vertex -59.45 0.549999 2
      vertex -59.45 3.45 0
      vertex -59.45 3.45 2
    endloop
  endfacet
  facet normal 1 0 0
    outer loop
      vertex -59.45 3.45 0
      vertex -59.45 0.549999 2
      vertex -59.45 0.549999 0
    endloop
  endfacet
  facet normal 0 -1 0
    outer loop
      vertex -59.45 3.45 0
      vertex -56.55 3.45 2
      vertex -59.45 3.45 2
    endloop
  endfacet
  facet normal 0 -1 -0
    outer loop
      vertex -56.55 3.45 2
      vertex -59.45 3.45 0
      vertex -56.55 3.45 0
    endloop
  endfacet
  facet normal 0 1 -0
    outer loop
      vertex -56.55 0.549999 0
      vertex -59.45 0.549999 2
      vertex -56.55 0.549999 2
    endloop
  endfacet
  facet normal 0 1 0
    outer loop
      vertex -59.45 0.549999 2
      vertex -56.55 0.549999 0
      vertex -59.45 0.549999 0
    endloop
  endfacet
  facet normal -1 0 0
    outer loop
      vertex -56.55 4.55 0
      vertex -56.55 7.45 2
      vertex -56.55 7.45 0
    endloop
  endfacet
  facet normal -1 -0 0
    outer loop
      vertex -56.55 7.45 2
      vertex -56.55 4.55 0
      vertex -56.55 4.55 2
    endloop
  endfacet
  facet normal 1 -0 0
    outer loop
      vertex -59.45 4.55 2
      vertex -59.45 7.45 0
      vertex -59.45 7.45 2
    endloop
  endfacet
  facet normal 1 0 0
    outer loop
      vertex -59.45 7.45 0
      vertex -59.45 4.55 2
      vertex -59.45 4.55 0
    endloop
  endfacet
  facet normal 0 -1 0
    outer loop
      vertex -59.45 7.45 0
      vertex -56.55 7.45 2
      vertex -59.45 7.45 2
    endloop
  endfacet
  facet normal 0 -1 -0
    outer loop
      vertex -56.55 7.45 2
      vertex -59.45 7.45 0
      vertex -56.55 7.45 0
    endloop
  endfacet
  facet normal 0 1 -0
    outer loop
      vertex -56.55 4.55 0
      vertex -59.45 4.55 2
      vertex -56.55 4.55 2
    endloop
  endfacet
  facet normal 0 1 0
    outer loop
      vertex -59.45 4.55 2
      vertex -56.55 4.55 0
      vertex -59.45 4.55 0
    endloop
  endfacet
  facet normal -1 0 0
    outer loop
      vertex -56.55 8.55 0
      vertex -56.55 11.45 2
      vertex -56.55 11.45 0
    endloop
  endfacet
  facet normal -1 -0 0
    outer loop
      vertex -56.55 11.45 2
      vertex -56.55 8.55 0
      vertex -56.55 8.55 2
    endloop
  endfacet
  facet normal 1 -0 0
    outer loop
      vertex -59.45 8.55 2
      vertex -59.45 11.45 0
      vertex -59.45 11.45 2
    endloop
  endfacet
  facet normal 1 0 0
    outer loop
      vertex -59.45 11.45 0
      vertex -59.45 8.55 2
      vertex -59.45 8.55 0
    endloop
  endfacet
  facet normal 0 -1 0
    outer loop
      vertex -59.45 11.45 0
      vertex -56.55 11.45 2
      vertex -59.45 11.45 2
    endloop
  endfacet
  facet normal 0 -1 -0
    outer loop
      vertex -56.55 11.45 2
      vertex -59.45 11.45 0
      vertex -56.55 11.45 0
    endloop
  endfacet
  facet normal 0 1 -0
    outer loop
      vertex -56.55 8.55 0
      vertex -59.45 8.55 2
      vertex -56.55 8.55 2
    endloop
  endfacet
  facet normal 0 1 0
    outer loop
      vertex -59.45 8.55 2
      vertex -56.55 8.55 0
      vertex -59.45 8.55 0
    endloop
  endfacet
  facet normal -1 0 0
    outer loop
      vertex -56.55 12.55 0
      vertex -56.55 15.45 2
      vertex -56.55 15.45 0
    endloop
  endfacet
  facet normal -1 -0 0
    outer loop
      vertex -56.55 15.45 2
      vertex -56.55 12.55 0
      vertex -56.55 12.55 2
    endloop
  endfacet
  facet normal 1 -0 0
    outer loop
      vertex -59.45 12.55 2
      vertex -59.45 15.45 0
      vertex -59.45 15.45 2
    endloop
  endfacet
  facet normal 1 0 0
    outer loop
      vertex -59.45 15.45 0
      vertex -59.45 12.55 2
      vertex -59.45 12.55 0
    endloop
  endfacet
  facet normal 0 -1 0
    outer loop
      vertex -59.45 15.45 0
      vertex -56.55 15.45 2
      vertex -59.45 15.45 2
    endloop
  endfacet
  facet normal 0 -1 -0
    outer loop
      vertex -56.55 15.45 2
      vertex -59.45 15.45 0
      vertex -56.55 15.45 0
    endloop
  endfacet
  facet normal 0 1 -0
    outer loop
      vertex -56.55 12.55 0
      vertex -59.45 12.55 2
      vertex -56.55 12.55 2
    endloop
  endfacet
  facet normal 0 1 0
    outer loop
      vertex -59.45 12.55 2
      vertex -56.55 12.55 0
      vertex -59.45 12.55 0
    endloop
  endfacet
  facet normal -1 0 0
    outer loop
      vertex -52.55 -15.45 0
      vertex -52.55 -12.55 2
      vertex -52.55 -12.55 0
    endloop
  endfacet
  facet normal -1 -0 0
    outer loop
      vertex -52.55 -12.55 2
      vertex -52.55 -15.45 0
      vertex -52.55 -15.45 2
    endloop
  endfacet
  facet normal 1 -0 0
    outer loop
      vertex -55.45 -15.45 2
      vertex -55.45 -12.55 0
      vertex -55.45 -12.55 2
    endloop
  endfacet
  facet normal 1 0 0
    outer loop
      vertex -55.45 -12.55 0
      vertex -55.45 -15.45 2
      vertex -55.45 -15.45 0
    endloop
  endfacet
  facet normal 0 -1 0
    outer loop
      vertex -55.45 -12.55 0
      vertex -52.55 -12.55 2
      vertex -55.45 -12.55 2
    endloop
  endfacet
  facet normal 0 -1 -0
    outer loop
      vertex -52.55 -12.55 2
      vertex -55.45 -12.55 0
      vertex -52.55 -12.55 0
    endloop
  endfacet
  facet normal 0 1 -0
    outer loop
      vertex -52.55 -15.45 0
      vertex -55.45 -15.45 2
      vertex -52.55 -15.45 2
    endloop
  endfacet
  facet normal 0 1 0
    outer loop
      vertex -55.45 -15.45 2
      vertex -52.55 -15.45 0
      vertex -55.45 -15.45 0
    endloop
  endfacet
  facet normal -1 0 0
    outer loop
      vertex -52.55 -11.45 0
      vertex -52.55 -8.55 2
      vertex -52.55 -8.55 0
    endloop
  endfacet
  facet normal -1 -0 0
    outer loop
      vertex -52.55 -8.55 2
      vertex -52.55 -11.45 0
      vertex -52.55 -11.45 2
    endloop
  endfacet
  facet normal 1 -0 0
    outer loop
      vertex -55.45 -11.45 2
      vertex -55.45 -8.55 0
      vertex -55.45 -8.55 2
    endloop
  endfacet
  facet normal 1 0 0
    outer loop
      vertex -55.45 -8.55 0
      vertex -55.45 -11.45 2
      vertex -55.45 -11.45 0
    endloop
  endfacet
  facet normal 0 -1 0
    outer loop
      vertex -55.45 -8.55 0
      vertex -52.55 -8.55 2
      vertex -55.45 -8.55 2
    endloop
  endfacet
  facet normal 0 -1 -0
    outer loop
      vertex -52.55 -8.55 2
      vertex -55.45 -8.55 0
      vertex -52.55 -8.55 0
    endloop
  endfacet
  facet normal 0 1 -0
    outer loop
      vertex -52.55 -11.45 0
      vertex -55.45 -11.45 2
      vertex -52.55 -11.45 2
    endloop
  endfacet
  facet normal 0 1 0
    outer loop
      vertex -55.45 -11.45 2
      vertex -52.55 -11.45 0
      vertex -55.45 -11.45 0
    endloop
  endfacet
  facet normal -1 0 0
    outer loop
      vertex -52.55 -7.45 0
      vertex -52.55 -4.55 2
      vertex -52.55 -4.55 0
    endloop
  endfacet
  facet normal -1 -0 0
    outer loop
      vertex -52.55 -4.55 2
      vertex -52.55 -7.45 0
      vertex -52.55 -7.45 2
    endloop
  endfacet
  facet normal 1 -0 0
    outer loop
      vertex -55.45 -7.45 2
      vertex -55.45 -4.55 0
      vertex -55.45 -4.55 2
    endloop
  endfacet
  facet normal 1 0 0
    outer loop
      vertex -55.45 -4.55 0
      vertex -55.45 -7.45 2
      vertex -55.45 -7.45 0
    endloop
  endfacet
  facet normal 0 -1 0
    outer loop
      vertex -55.45 -4.55 0
      vertex -52.55 -4.55 2
      vertex -55.45 -4.55 2
    endloop
  endfacet
  facet normal 0 -1 -0
    outer loop
      vertex -52.55 -4.55 2
      vertex -55.45 -4.55 0
      vertex -52.55 -4.55 0
    endloop
  endfacet
  facet normal 0 1 -0
    outer loop
      vertex -52.55 -7.45 0
      vertex -55.45 -7.45 2
      vertex -52.55 -7.45 2
    endloop
  endfacet
  facet normal 0 1 0
    outer loop
      vertex -55.45 -7.45 2
      vertex -52.55 -7.45 0
      vertex -55.45 -7.45 0
    endloop
  endfacet
  facet normal -1 0 0
    outer loop
      vertex -52.55 -3.45 0
      vertex -52.55 -0.549999 2
      vertex -52.55 -0.549999 0
    endloop
  endfacet
  facet normal -1 -0 0
    outer loop
      vertex -52.55 -0.549999 2
      vertex -52.55 -3.45 0
      vertex -52.55 -3.45 2
    endloop
  endfacet
  facet normal 1 -0 0
    outer loop
      vertex -55.45 -3.45 2
      vertex -55.45 -0.549999 0
      vertex -55.45 -0.549999 2
    endloop
  endfacet
  facet normal 1 0 0
    outer loop
      vertex -55.45 -0.549999 0
      vertex -55.45 -3.45 2
      vertex -55.45 -3.45 0
    endloop
  endfacet
  facet normal 0 -1 0
    outer loop
      vertex -55.45 -0.549999 0
      vertex -52.55 -0.549999 2
      vertex -55.45 -0.549999 2
    endloop
  endfacet
  facet normal 0 -1 -0
    outer loop
      vertex -52.55 -0.549999 2
      vertex -55.45 -0.549999 0
      vertex -52.55 -0.549999 0
    endloop
  endfacet
  facet normal 0 1 -0
    outer loop
      vertex -52.55 -3.45 0
      vertex -55.45 -3.45 2
      vertex -52.55 -3.45 2
    endloop
  endfacet
  facet normal 0 1 0
    outer loop
      vertex -55.45 -3.45 2
      vertex -52.55 -3.45 0
      vertex -55.45 -3.45 0
    endloop
  endfacet
  facet normal -1 0 0
    outer loop
      vertex -52.55 0.549999 0
      vertex -52.55 3.45 2
      vertex -52.55 3.45 0
    endloop
  endfacet
  facet normal -1 -0 0
    outer loop
      vertex -52.55 3.45 2
      vertex -52.55 0.549999 0
      vertex -52.55 0.549999 2
    endloop
  endfacet
  facet normal 1 -0 0
    outer loop
      vertex -55.45 0.549999 2
      vertex -55.45 3.45 0
      vertex -55.45 3.45 2
    endloop
  endfacet
  facet normal 1 0 0
    outer loop
      vertex -55.45 3.45 0
      vertex -55.45 0.549999 2
      vertex -55.45 0.549999 0
    endloop
  endfacet
  facet normal 0 -1 0
    outer loop
      vertex -55.45 3.45 0
      vertex -52.55 3.45 2
      vertex -55.45 3.45 2
    endloop
  endfacet
  facet normal 0 -1 -0
    outer loop
      vertex -52.55 3.45 2
      vertex -55.45 3.45 0
      vertex -52.55 3.45 0
    endloop
  endfacet
  facet normal 0 1 -0
    outer loop
      vertex -52.55 0.549999 0
      vertex -55.45 0.549999 2
      vertex -52.55 0.549999 2
    endloop
  endfacet
  facet normal 0 1 0
    outer loop
      vertex -55.45 0.549999 2
      vertex -52.55 0.549999 0
      vertex -55.45 0.549999 0
    endloop
  endfacet
  facet normal -1 0 0
    outer loop
      vertex -52.55 4.55 0
      vertex -52.55 7.45 2
      vertex -52.55 7.45 0
    endloop
  endfacet
  facet normal -1 -0 0
    outer loop
      vertex -52.55 7.45 2
      vertex -52.55 4.55 0
      vertex -52.55 4.55 2
    endloop
  endfacet
  facet normal 1 -0 0
    outer loop
      vertex -55.45 4.55 2
      vertex -55.45 7.45 0
      vertex -55.45 7.45 2
    endloop
  endfacet
  facet normal 1 0 0
    outer loop
      vertex -55.45 7.45 0
      vertex -55.45 4.55 2
      vertex -55.45 4.55 0
    endloop
  endfacet
  facet normal 0 -1 0
    outer loop
      vertex -55.45 7.45 0
      vertex -52.55 7.45 2
      vertex -55.45 7.45 2
    endloop
  endfacet
  facet normal 0 -1 -0
    outer loop
      vertex -52.55 7.45 2
      vertex -55.45 7.45 0
      vertex -52.55 7.45 0
    endloop
  endfacet
  facet normal 0 1 -0
    outer loop
      vertex -52.55 4.55 0
      vertex -55.45 4.55 2
      vertex -52.55 4.55 2
    endloop
  endfacet
  facet normal 0 1 0
    outer loop
      vertex -55.45 4.55 2
      vertex -52.55 4.55 0
      vertex -55.45 4.55 0
    endloop
  endfacet
  facet normal -1 0 0
    outer loop
      vertex -52.55 8.55 0
      vertex -52.55 11.45 2
      vertex -52.55 11.45 0
    endloop
  endfacet
  facet normal -1 -0 0
    outer loop
      vertex -52.55 11.45 2
      vertex -52.55 8.55 0
      vertex -52.55 8.55 2
    endloop
  endfacet
  facet normal 1 -0 0
    outer loop
      vertex -55.45 8.55 2
      vertex -55.45 11.45 0
      vertex -55.45 11.45 2
    endloop
  endfacet
  facet normal 1 0 0
    outer loop
      vertex -55.45 11.45 0
      vertex -55.45 8.55 2
      vertex -55.45 8.55 0
    endloop
  endfacet
  facet normal 0 -1 0
    outer loop
      vertex -55.45 11.45 0
      vertex -52.55 11.45 2
      vertex -55.45 11.45 2
    endloop
  endfacet
  facet normal 0 -1 -0
    outer loop
      vertex -52.55 11.45 2
      vertex -55.45 11.45 0
      vertex -52.55 11.45 0
    endloop
  endfacet
  facet normal 0 1 -0
    outer loop
      vertex -52.55 8.55 0
      vertex -55.45 8.55 2
      vertex -52.55 8.55 2
    endloop
  endfacet
  facet normal 0 1 0
    outer loop
      vertex -55.45 8.55 2
      vertex -52.55 8.55 0
      vertex -55.45 8.55 0
    endloop
  endfacet
  facet normal -1 0 0
    outer loop
      vertex -52.55 12.55 0
      vertex -52.55 15.45 2
      vertex -52.55 15.45 0
    endloop
  endfacet
  facet normal -1 -0 0
    outer loop
      vertex -52.55 15.45 2
      vertex -52.55 12.55 0
      vertex -52.55 12.55 2
    endloop
  endfacet
  facet normal 1 -0 0
    outer loop
      vertex -55.45 12.55 2
      vertex -55.45 15.45 0
      vertex -55.45 15.45 2
    endloop
  endfacet
  facet normal 1 0 0
    outer loop
      vertex -55.45 15.45 0
      vertex -55.45 12.55 2
      vertex -55.45 12.55 0
    endloop
  endfacet
  facet normal 0 -1 0
    outer loop
      vertex -55.45 15.45 0
      vertex -52.55 15.45 2
      vertex -55.45 15.45 2
    endloop
  endfacet
  facet normal 0 -1 -0
    outer loop
      vertex -52.55 15.45 2
      vertex -55.45 15.45 0
      vertex -52.55 15.45 0
    endloop
  endfacet
  facet normal 0 1 -0
    outer loop
      vertex -52.55 12.55 0
      vertex -55.45 12.55 2
      vertex -52.55 12.55 2
    endloop
  endfacet
  facet normal 0 1 0
    outer loop
      vertex -55.45 12.55 2
      vertex -52.55 12.55 0
      vertex -55.45 12.55 0
    endloop
  endfacet
  facet normal -1 0 0
    outer loop
      vertex -48.55 -15.45 0
      vertex -48.55 -12.55 2
      vertex -48.55 -12.55 0
    endloop
  endfacet
  facet normal -1 -0 0
    outer loop
      vertex -48.55 -12.55 2
      vertex -48.55 -15.45 0
      vertex -48.55 -15.45 2
    endloop
  endfacet
  facet normal 1 -0 0
    outer loop
      vertex -51.45 -15.45 2
      vertex -51.45 -12.55 0
      vertex -51.45 -12.55 2
    endloop
  endfacet
  facet normal 1 0 0
    outer loop
      vertex -51.45 -12.55 0
      vertex -51.45 -15.45 2
      vertex -51.45 -15.45 0
    endloop
  endfacet
  facet normal 0 -1 0
    outer loop
      vertex -51.45 -12.55 0
      vertex -48.55 -12.55 2
      vertex -51.45 -12.55 2
    endloop
  endfacet
  facet normal 0 -1 -0
    outer loop
      vertex -48.55 -12.55 2
      vertex -51.45 -12.55 0
      vertex -48.55 -12.55 0
    endloop
  endfacet
  facet normal 0 1 -0
    outer loop
      vertex -48.55 -15.45 0
      vertex -51.45 -15.45 2
      vertex -48.55 -15.45 2
    endloop
  endfacet
  facet normal 0 1 0
    outer loop
      vertex -51.45 -15.45 2
      vertex -48.55 -15.45 0
      vertex -51.45 -15.45 0
    endloop
  endfacet
  facet normal -1 0 0
    outer loop
      vertex -48.55 -11.45 0
      vertex -48.55 -8.55 2
      vertex -48.55 -8.55 0
    endloop
  endfacet
  facet normal -1 -0 0
    outer loop
      vertex -48.55 -8.55 2
      vertex -48.55 -11.45 0
      vertex -48.55 -11.45 2
    endloop
  endfacet
  facet normal 1 -0 0
    outer loop
      vertex -51.45 -11.45 2
      vertex -51.45 -8.55 0
      vertex -51.45 -8.55 2
    endloop
  endfacet
  facet normal 1 0 0
    outer loop
      vertex -51.45 -8.55 0
      vertex -51.45 -11.45 2
      vertex -51.45 -11.45 0
    endloop
  endfacet
  facet normal 0 -1 0
    outer loop
      vertex -51.45 -8.55 0
      vertex -48.55 -8.55 2
      vertex -51.45 -8.55 2
    endloop
  endfacet
  facet normal 0 -1 -0
    outer loop
      vertex -48.55 -8.55 2
      vertex -51.45 -8.55 0
      vertex -48.55 -8.55 0
    endloop
  endfacet
  facet normal 0 1 -0
    outer loop
      vertex -48.55 -11.45 0
      vertex -51.45 -11.45 2
      vertex -48.55 -11.45 2
    endloop
  endfacet
  facet normal 0 1 0
    outer loop
      vertex -51.45 -11.45 2
      vertex -48.55 -11.45 0
      vertex -51.45 -11.45 0
    endloop
  endfacet
  facet normal -1 0 0
    outer loop
      vertex -48.55 -7.45 0
      vertex -48.55 -4.55 2
      vertex -48.55 -4.55 0
    endloop
  endfacet
  facet normal -1 -0 0
    outer loop
      vertex -48.55 -4.55 2
      vertex -48.55 -7.45 0
      vertex -48.55 -7.45 2
    endloop
  endfacet
  facet normal 1 -0 0
    outer loop
      vertex -51.45 -7.45 2
      vertex -51.45 -4.55 0
      vertex -51.45 -4.55 2
    endloop
  endfacet
  facet normal 1 0 0
    outer loop
      vertex -51.45 -4.55 0
      vertex -51.45 -7.45 2
      vertex -51.45 -7.45 0
    endloop
  endfacet
  facet normal 0 -1 0
    outer loop
      vertex -51.45 -4.55 0
      vertex -48.55 -4.55 2
      vertex -51.45 -4.55 2
    endloop
  endfacet
  facet normal 0 -1 -0
    outer loop
      vertex -48.55 -4.55 2
      vertex -51.45 -4.55 0
      vertex -48.55 -4.55 0
    endloop
  endfacet
  facet normal 0 1 -0
    outer loop
      vertex -48.55 -7.45 0
      vertex -51.45 -7.45 2
      vertex -48.55 -7.45 2
    endloop
  endfacet
  facet normal 0 1 0
    outer loop
      vertex -51.45 -7.45 2
      vertex -48.55 -7.45 0
      vertex -51.45 -7.45 0
    endloop
  endfacet
  facet normal -1 0 0
    outer loop
      vertex -48.55 -3.45 0
      vertex -48.55 -0.549999 2
      vertex -48.55 -0.549999 0
    endloop
  endfacet
  facet normal -1 -0 0
    outer loop
      vertex -48.55 -0.549999 2
      vertex -48.55 -3.45 0
      vertex -48.55 -3.45 2
    endloop
  endfacet
  facet normal 1 -0 0
    outer loop
      vertex -51.45 -3.45 2
      vertex -51.45 -0.549999 0
      vertex -51.45 -0.549999 2
    endloop
  endfacet
  facet normal 1 0 0
    outer loop
      vertex -51.45 -0.549999 0
      vertex -51.45 -3.45 2
      vertex -51.45 -3.45 0
    endloop
  endfacet
  facet normal 0 -1 0
    outer loop
      vertex -51.45 -0.549999 0
      vertex -48.55 -0.549999 2
      vertex -51.45 -0.549999 2
    endloop
  endfacet
  facet normal 0 -1 -0
    outer loop
      vertex -48.55 -0.549999 2
      vertex -51.45 -0.549999 0
      vertex -48.55 -0.549999 0
    endloop
  endfacet
  facet normal 0 1 -0
    outer loop
      vertex -48.55 -3.45 0
      vertex -51.45 -3.45 2
      vertex -48.55 -3.45 2
    endloop
  endfacet
  facet normal 0 1 0
    outer loop
      vertex -51.45 -3.45 2
      vertex -48.55 -3.45 0
      vertex -51.45 -3.45 0
    endloop
  endfacet
  facet normal -1 0 0
    outer loop
      vertex -48.55 0.549999 0
      vertex -48.55 3.45 2
      vertex -48.55 3.45 0
    endloop
  endfacet
  facet normal -1 -0 0
    outer loop
      vertex -48.55 3.45 2
      vertex -48.55 0.549999 0
      vertex -48.55 0.549999 2
    endloop
  endfacet
  facet normal 1 -0 0
    outer loop
      vertex -51.45 0.549999 2
      vertex -51.45 3.45 0
      vertex -51.45 3.45 2
    endloop
  endfacet
  facet normal 1 0 0
    outer loop
      vertex -51.45 3.45 0
      vertex -51.45 0.549999 2
      vertex -51.45 0.549999 0
    endloop
  endfacet
  facet normal 0 -1 0
    outer loop
      vertex -51.45 3.45 0
      vertex -48.55 3.45 2
      vertex -51.45 3.45 2
    endloop
  endfacet
  facet normal 0 -1 -0
    outer loop
      vertex -48.55 3.45 2
      vertex -51.45 3.45 0
      vertex -48.55 3.45 0
    endloop
  endfacet
  facet normal 0 1 -0
    outer loop
      vertex -48.55 0.549999 0
      vertex -51.45 0.549999 2
      vertex -48.55 0.549999 2
    endloop
  endfacet
  facet normal 0 1 0
    outer loop
      vertex -51.45 0.549999 2
      vertex -48.55 0.549999 0
      vertex -51.45 0.549999 0
    endloop
  endfacet
  facet normal -1 0 0
    outer loop
      vertex -48.55 4.55 0
      vertex -48.55 7.45 2
      vertex -48.55 7.45 0
    endloop
  endfacet
  facet normal -1 -0 0
    outer loop
      vertex -48.55 7.45 2
      vertex -48.55 4.55 0
      vertex -48.55 4.55 2
    endloop
  endfacet
  facet normal 1 -0 0
    outer loop
      vertex -51.45 4.55 2
      vertex -51.45 7.45 0
      vertex -51.45 7.45 2
    endloop
  endfacet
  facet normal 1 0 0
    outer loop
      vertex -51.45 7.45 0
      vertex -51.45 4.55 2
      vertex -51.45 4.55 0
    endloop
  endfacet
  facet normal 0 -1 0
    outer loop
      vertex -51.45 7.45 0
      vertex -48.55 7.45 2
      vertex -51.45 7.45 2
    endloop
  endfacet
  facet normal 0 -1 -0
    outer loop
      vertex -48.55 7.45 2
      vertex -51.45 7.45 0
      vertex -48.55 7.45 0
    endloop
  endfacet
  facet normal 0 1 -0
    outer loop
      vertex -48.55 4.55 0
      vertex -51.45 4.55 2
      vertex -48.55 4.55 2
    endloop
  endfacet
  facet normal 0 1 0
    outer loop
      vertex -51.45 4.55 2
      vertex -48.55 4.55 0
      vertex -51.45 4.55 0
    endloop
  endfacet
  facet normal -1 0 0
    outer loop
      vertex -48.55 8.55 0
      vertex -48.55 11.45 2
      vertex -48.55 11.45 0
    endloop
  endfacet
  facet normal -1 -0 0
    outer loop
      vertex -48.55 11.45 2
      vertex -48.55 8.55 0
      vertex -48.55 8.55 2
    endloop
  endfacet
  facet normal 1 -0 0
    outer loop
      vertex -51.45 8.55 2
      vertex -51.45 11.45 0
      vertex -51.45 11.45 2
    endloop
  endfacet
  facet normal 1 0 0
    outer loop
      vertex -51.45 11.45 0
      vertex -51.45 8.55 2
      vertex -51.45 8.55 0
    endloop
  endfacet
  facet normal 0 -1 0
    outer loop
      vertex -51.45 11.45 0
      vertex -48.55 11.45 2
      vertex -51.45 11.45 2
    endloop
  endfacet
  facet normal 0 -1 -0
    outer loop
      vertex -48.55 11.45 2
      vertex -51.45 11.45 0
      vertex -48.55 11.45 0
    endloop
  endfacet
  facet normal 0 1 -0
    outer loop
      vertex -48.55 8.55 0
      vertex -51.45 8.55 2
      vertex -48.55 8.55 2
    endloop
  endfacet
  facet normal 0 1 0
    outer loop
      vertex -51.45 8.55 2
      vertex -48.55 8.55 0
      vertex -51.45 8.55 0
    endloop
  endfacet
  facet normal -1 0 0
    outer loop
      vertex -48.55 12.55 0
      vertex -48.55 15.45 2
      vertex -48.55 15.45 0
    endloop
  endfacet
  facet normal -1 -0 0
    outer loop
      vertex -48.55 15.45 2
      vertex -48.55 12.55 0
      vertex -48.55 12.55 2
    endloop
  endfacet
  facet normal 1 -0 0
    outer loop
      vertex -51.45 12.55 2
      vertex -51.45 15.45 0
      vertex -51.45 15.45 2
    endloop
  endfacet
  facet normal 1 0 0
    outer loop
      vertex -51.45 15.45 0
      vertex -51.45 12.55 2
      vertex -51.45 12.55 0
    endloop
  endfacet
  facet normal 0 -1 0
    outer loop
      vertex -51.45 15.45 0
      vertex -48.55 15.45 2
      vertex -51.45 15.45 2
    endloop
  endfacet
  facet normal 0 -1 -0
    outer loop
      vertex -48.55 15.45 2
      vertex -51.45 15.45 0
      vertex -48.55 15.45 0
    endloop
  endfacet
  facet normal 0 1 -0
    outer loop
      vertex -48.55 12.55 0
      vertex -51.45 12.55 2
      vertex -48.55 12.55 2
    endloop
  endfacet
  facet normal 0 1 0
    outer loop
      vertex -51.45 12.55 2
      vertex -48.55 12.55 0
      vertex -51.45 12.55 0
    endloop
  endfacet
  facet normal -1 0 0
    outer loop
      vertex -44.55 -15.45 0
      vertex -44.55 -12.55 2
      vertex -44.55 -12.55 0
    endloop
  endfacet
  facet normal -1 -0 0
    outer loop
      vertex -44.55 -12.55 2
      vertex -44.55 -15.45 0
      vertex -44.55 -15.45 2
    endloop
  endfacet
  facet normal 1 -0 0
    outer loop
      vertex -47.45 -15.45 2
      vertex -47.45 -12.55 0
      vertex -47.45 -12.55 2
    endloop
  endfacet
  facet normal 1 0 0
    outer loop
      vertex -47.45 -12.55 0
      vertex -47.45 -15.45 2
      vertex -47.45 -15.45 0
    endloop
  endfacet
  facet normal 0 -1 0
    outer loop
      vertex -47.45 -12.55 0
      vertex -44.55 -12.55 2
      vertex -47.45 -12.55 2
    endloop
  endfacet
  facet normal 0 -1 -0
    outer loop
      vertex -44.55 -12.55 2
      vertex -47.45 -12.55 0
      vertex -44.55 -12.55 0
    endloop
  endfacet
  facet normal 0 1 -0
    outer loop
      vertex -44.55 -15.45 0
      vertex -47.45 -15.45 2
      vertex -44.55 -15.45 2
    endloop
  endfacet
  facet normal 0 1 0
    outer loop
      vertex -47.45 -15.45 2
      vertex -44.55 -15.45 0
      vertex -47.45 -15.45 0
    endloop
  endfacet
  facet normal -1 0 0
    outer loop
      vertex -44.55 -11.45 0
      vertex -44.55 -8.55 2
      vertex -44.55 -8.55 0
    endloop
  endfacet
  facet normal -1 -0 0
    outer loop
      vertex -44.55 -8.55 2
      vertex -44.55 -11.45 0
      vertex -44.55 -11.45 2
    endloop
  endfacet
  facet normal 1 -0 0
    outer loop
      vertex -47.45 -11.45 2
      vertex -47.45 -8.55 0
      vertex -47.45 -8.55 2
    endloop
  endfacet
  facet normal 1 0 0
    outer loop
      vertex -47.45 -8.55 0
      vertex -47.45 -11.45 2
      vertex -47.45 -11.45 0
    endloop
  endfacet
  facet normal 0 -1 0
    outer loop
      vertex -47.45 -8.55 0
      vertex -44.55 -8.55 2
      vertex -47.45 -8.55 2
    endloop
  endfacet
  facet normal 0 -1 -0
    outer loop
      vertex -44.55 -8.55 2
      vertex -47.45 -8.55 0
      vertex -44.55 -8.55 0
    endloop
  endfacet
  facet normal 0 1 -0
    outer loop
      vertex -44.55 -11.45 0
      vertex -47.45 -11.45 2
      vertex -44.55 -11.45 2
    endloop
  endfacet
  facet normal 0 1 0
    outer loop
      vertex -47.45 -11.45 2
      vertex -44.55 -11.45 0
      vertex -47.45 -11.45 0
    endloop
  endfacet
  facet normal -1 0 0
    outer loop
      vertex -44.55 -7.45 0
      vertex -44.55 -4.55 2
      vertex -44.55 -4.55 0
    endloop
  endfacet
  facet normal -1 -0 0
    outer loop
      vertex -44.55 -4.55 2
      vertex -44.55 -7.45 0
      vertex -44.55 -7.45 2
    endloop
  endfacet
  facet normal 1 -0 0
    outer loop
      vertex -47.45 -7.45 2
      vertex -47.45 -4.55 0
      vertex -47.45 -4.55 2
    endloop
  endfacet
  facet normal 1 0 0
    outer loop
      vertex -47.45 -4.55 0
      vertex -47.45 -7.45 2
      vertex -47.45 -7.45 0
    endloop
  endfacet
  facet normal 0 -1 0
    outer loop
      vertex -47.45 -4.55 0
      vertex -44.55 -4.55 2
      vertex -47.45 -4.55 2
    endloop
  endfacet
  facet normal 0 -1 -0
    outer loop
      vertex -44.55 -4.55 2
      vertex -47.45 -4.55 0
      vertex -44.55 -4.55 0
    endloop
  endfacet
  facet normal 0 1 -0
    outer loop
      vertex -44.55 -7.45 0
      vertex -47.45 -7.45 2
      vertex -44.55 -7.45 2
    endloop
  endfacet
  facet normal 0 1 0
    outer loop
      vertex -47.45 -7.45 2
      vertex -44.55 -7.45 0
      vertex -47.45 -7.45 0
    endloop
  endfacet
  facet normal -1 0 0
    outer loop
      vertex -44.55 -3.45 0
      vertex -44.55 -0.549999 2
      vertex -44.55 -0.549999 0
    endloop
  endfacet
  facet normal -1 -0 0
    outer loop
      vertex -44.55 -0.549999 2
      vertex -44.55 -3.45 0
      vertex -44.55 -3.45 2
    endloop
  endfacet
  facet normal 1 -0 0
    outer loop
      vertex -47.45 -3.45 2
      vertex -47.45 -0.549999 0
      vertex -47.45 -0.549999 2
    endloop
  endfacet
  facet normal 1 0 0
    outer loop
      vertex -47.45 -0.549999 0
      vertex -47.45 -3.45 2
      vertex -47.45 -3.45 0
    endloop
  endfacet
  facet normal 0 -1 0
    outer loop
      vertex -47.45 -0.549999 0
      vertex -44.55 -0.549999 2
      vertex -47.45 -0.549999 2
    endloop
  endfacet
  facet normal 0 -1 -0
    outer loop
      vertex -44.55 -0.549999 2
      vertex -47.45 -0.549999 0
      vertex -44.55 -0.549999 0
    endloop
  endfacet
  facet normal 0 1 -0
    outer loop
      vertex -44.55 -3.45 0
      vertex -47.45 -3.45 2
      vertex -44.55 -3.45 2
    endloop
  endfacet
  facet normal 0 1 0
    outer loop
      vertex -47.45 -3.45 2
      vertex -44.55 -3.45 0
      vertex -47.45 -3.45 0
    endloop
  endfacet
  facet normal -1 0 0
    outer loop
      vertex -44.55 0.549999 0
      vertex -44.55 3.45 2
      vertex -44.55 3.45 0
    endloop
  endfacet
  facet normal -1 -0 0
    outer loop
      vertex -44.55 3.45 2
      vertex -44.55 0.549999 0
      vertex -44.55 0.549999 2
    endloop
  endfacet
  facet normal 1 -0 0
    outer loop
      vertex -47.45 0.549999 2
      vertex -47.45 3.45 0
      vertex -47.45 3.45 2
    endloop
  endfacet
  facet normal 1 0 0
    outer loop
      vertex -47.45 3.45 0
      vertex -47.45 0.549999 2
      vertex -47.45 0.549999 0
    endloop
  endfacet
  facet normal 0 -1 0
    outer loop
      vertex -47.45 3.45 0
      vertex -44.55 3.45 2
      vertex -47.45 3.45 2
    endloop
  endfacet
  facet normal 0 -1 -0
    outer loop
      vertex -44.55 3.45 2
      vertex -47.45 3.45 0
      vertex -44.55 3.45 0
    endloop
  endfacet
  facet normal 0 1 -0
    outer loop
      vertex -44.55 0.549999 0
      vertex -47.45 0.549999 2
      vertex -44.55 0.549999 2
    endloop
  endfacet
  facet normal 0 1 0
    outer loop
      vertex -47.45 0.549999 2
      vertex -44.55 0.549999 0
      vertex -47.45 0.549999 0
    endloop
  endfacet
  facet normal -1 0 0
    outer loop
      vertex -44.55 4.55 0
      vertex -44.55 7.45 2
      vertex -44.55 7.45 0
    endloop
  endfacet
  facet normal -1 -0 0
    outer loop
      vertex -44.55 7.45 2
      vertex -44.55 4.55 0
      vertex -44.55 4.55 2
    endloop
  endfacet
  facet normal 1 -0 0
    outer loop
      vertex -47.45 4.55 2
      vertex -47.45 7.45 0
      vertex -47.45 7.45 2
    endloop
  endfacet
  facet normal 1 0 0
    outer loop
      vertex -47.45 7.45 0
      vertex -47.45 4.55 2
      vertex -47.45 4.55 0
    endloop
  endfacet
  facet normal 0 -1 0
    outer loop
      vertex -47.45 7.45 0
      vertex -44.55 7.45 2
      vertex -47.45 7.45 2
    endloop
  endfacet
  facet normal 0 -1 -0
    outer loop
      vertex -44.55 7.45 2
      vertex -47.45 7.45 0
      vertex -44.55 7.45 0
    endloop
  endfacet
  facet normal 0 1 -0
    outer loop
      vertex -44.55 4.55 0
      vertex -47.45 4.55 2
      vertex -44.55 4.55 2
    endloop
  endfacet
  facet normal 0 1 0
    outer loop
      vertex -47.45 4.55 2
      vertex -44.55 4.55 0
      vertex -47.45 4.55 0
    endloop
  endfacet
  facet normal -1 0 0
    outer loop
      vertex -44.55 8.55 0
      vertex -44.55 11.45 2
      vertex -44.55 11.45 0
    endloop
  endfacet
  facet normal -1 -0 0
    outer loop
      vertex -44.55 11.45 2
      vertex -44.55 8.55 0
      vertex -44.55 8.55 2
    endloop
  endfacet
  facet normal 1 -0 0
    outer loop
      vertex -47.45 8.55 2
      vertex -47.45 11.45 0
      vertex -47.45 11.45 2
    endloop
  endfacet
  facet normal 1 0 0
    outer loop
      vertex -47.45 11.45 0
      vertex -47.45 8.55 2
      vertex -47.45 8.55 0
    endloop
  endfacet
  facet normal 0 -1 0
    outer loop
      vertex -47.45 11.45 0
      vertex -44.55 11.45 2
      vertex -47.45 11.45 2
    endloop
  endfacet
  facet normal 0 -1 -0
    outer loop
      vertex -44.55 11.45 2
      vertex -47.45 11.45 0
      vertex -44.55 11.45 0
    endloop
  endfacet
  facet normal 0 1 -0
    outer loop
      vertex -44.55 8.55 0
      vertex -47.45 8.55 2
      vertex -44.55 8.55 2
    endloop
  endfacet
  facet normal 0 1 0
    outer loop
      vertex -47.45 8.55 2
      vertex -44.55 8.55 0
      vertex -47.45 8.55 0
    endloop
  endfacet
  facet normal -1 0 0
    outer loop
      vertex -44.55 12.55 0
      vertex -44.55 15.45 2
      vertex -44.55 15.45 0
    endloop
  endfacet
  facet normal -1 -0 0
    outer loop
      vertex -44.55 15.45 2
      vertex -44.55 12.55 0
      vertex -44.55 12.55 2
    endloop
  endfacet
  facet normal 1 -0 0
    outer loop
      vertex -47.45 12.55 2
      vertex -47.45 15.45 0
      vertex -47.45 15.45 2
    endloop
  endfacet
  facet normal 1 0 0
    outer loop
      vertex -47.45 15.45 0
      vertex -47.45 12.55 2
      vertex -47.45 12.55 0
    endloop
  endfacet
  facet normal 0 -1 0
    outer loop
      vertex -47.45 15.45 0
      vertex -44.55 15.45 2
      vertex -47.45 15.45 2
    endloop
  endfacet
  facet normal 0 -1 -0
    outer loop
      vertex -44.55 15.45 2
      vertex -47.45 15.45 0
      vertex -44.55 15.45 0
    endloop
  endfacet
  facet normal 0 1 -0
    outer loop
      vertex -44.55 12.55 0
      vertex -47.45 12.55 2
      vertex -44.55 12.55 2
    endloop
  endfacet
  facet normal 0 1 0
    outer loop
      vertex -47.45 12.55 2
      vertex -44.55 12.55 0
      vertex -47.45 12.55 0
    endloop
  endfacet
  facet normal -1 0 0
    outer loop
      vertex -40.55 -15.45 0
      vertex -40.55 -12.55 2
      vertex -40.55 -12.55 0
    endloop
  endfacet
  facet normal -1 -0 0
    outer loop
      vertex -40.55 -12.55 2
      vertex -40.55 -15.45 0
      vertex -40.55 -15.45 2
    endloop
  endfacet
  facet normal 1 -0 0
    outer loop
      vertex -43.45 -15.45 2
      vertex -43.45 -12.55 0
      vertex -43.45 -12.55 2
    endloop
  endfacet
  facet normal 1 0 0
    outer loop
      vertex -43.45 -12.55 0
      vertex -43.45 -15.45 2
      vertex -43.45 -15.45 0
    endloop
  endfacet
  facet normal 0 -1 0
    outer loop
      vertex -43.45 -12.55 0
      vertex -40.55 -12.55 2
      vertex -43.45 -12.55 2
    endloop
  endfacet
  facet normal 0 -1 -0
    outer loop
      vertex -40.55 -12.55 2
      vertex -43.45 -12.55 0
      vertex -40.55 -12.55 0
    endloop
  endfacet
  facet normal 0 1 -0
    outer loop
      vertex -40.55 -15.45 0
      vertex -43.45 -15.45 2
      vertex -40.55 -15.45 2
    endloop
  endfacet
  facet normal 0 1 0
    outer loop
      vertex -43.45 -15.45 2
      vertex -40.55 -15.45 0
      vertex -43.45 -15.45 0
    endloop
  endfacet
  facet normal -1 0 0
    outer loop
      vertex -40.55 -11.45 0
      vertex -40.55 -8.55 2
      vertex -40.55 -8.55 0
    endloop
  endfacet
  facet normal -1 -0 0
    outer loop
      vertex -40.55 -8.55 2
      vertex -40.55 -11.45 0
      vertex -40.55 -11.45 2
    endloop
  endfacet
  facet normal 1 -0 0
    outer loop
      vertex -43.45 -11.45 2
      vertex -43.45 -8.55 0
      vertex -43.45 -8.55 2
    endloop
  endfacet
  facet normal 1 0 0
    outer loop
      vertex -43.45 -8.55 0
      vertex -43.45 -11.45 2
      vertex -43.45 -11.45 0
    endloop
  endfacet
  facet normal 0 -1 0
    outer loop
      vertex -43.45 -8.55 0
      vertex -40.55 -8.55 2
      vertex -43.45 -8.55 2
    endloop
  endfacet
  facet normal 0 -1 -0
    outer loop
      vertex -40.55 -8.55 2
      vertex -43.45 -8.55 0
      vertex -40.55 -8.55 0
    endloop
  endfacet
  facet normal 0 1 -0
    outer loop
      vertex -40.55 -11.45 0
      vertex -43.45 -11.45 2
      vertex -40.55 -11.45 2
    endloop
  endfacet
  facet normal 0 1 0
    outer loop
      vertex -43.45 -11.45 2
      vertex -40.55 -11.45 0
      vertex -43.45 -11.45 0
    endloop
  endfacet
  facet normal -1 0 0
    outer loop
      vertex -40.55 -7.45 0
      vertex -40.55 -4.55 2
      vertex -40.55 -4.55 0
    endloop
  endfacet
  facet normal -1 -0 0
    outer loop
      vertex -40.55 -4.55 2
      vertex -40.55 -7.45 0
      vertex -40.55 -7.45 2
    endloop
  endfacet
  facet normal 1 -0 0
    outer loop
      vertex -43.45 -7.45 2
      vertex -43.45 -4.55 0
      vertex -43.45 -4.55 2
    endloop
  endfacet
  facet normal 1 0 0
    outer loop
      vertex -43.45 -4.55 0
      vertex -43.45 -7.45 2
      vertex -43.45 -7.45 0
    endloop
  endfacet
  facet normal 0 -1 0
    outer loop
      vertex -43.45 -4.55 0
      vertex -40.55 -4.55 2
      vertex -43.45 -4.55 2
    endloop
  endfacet
  facet normal 0 -1 -0
    outer loop
      vertex -40.55 -4.55 2
      vertex -43.45 -4.55 0
      vertex -40.55 -4.55 0
    endloop
  endfacet
  facet normal 0 1 -0
    outer loop
      vertex -40.55 -7.45 0
      vertex -43.45 -7.45 2
      vertex -40.55 -7.45 2
    endloop
  endfacet
  facet normal 0 1 0
    outer loop
      vertex -43.45 -7.45 2
      vertex -40.55 -7.45 0
      vertex -43.45 -7.45 0
    endloop
  endfacet
  facet normal -1 0 0
    outer loop
      vertex -40.55 -3.45 0
      vertex -40.55 -0.549999 2
      vertex -40.55 -0.549999 0
    endloop
  endfacet
  facet normal -1 -0 0
    outer loop
      vertex -40.55 -0.549999 2
      vertex -40.55 -3.45 0
      vertex -40.55 -3.45 2
    endloop
  endfacet
  facet normal 1 -0 0
    outer loop
      vertex -43.45 -3.45 2
      vertex -43.45 -0.549999 0
      vertex -43.45 -0.549999 2
    endloop
  endfacet
  facet normal 1 0 0
    outer loop
      vertex -43.45 -0.549999 0
      vertex -43.45 -3.45 2
      vertex -43.45 -3.45 0
    endloop
  endfacet
  facet normal 0 -1 0
    outer loop
      vertex -43.45 -0.549999 0
      vertex -40.55 -0.549999 2
      vertex -43.45 -0.549999 2
    endloop
  endfacet
  facet normal 0 -1 -0
    outer loop
      vertex -40.55 -0.549999 2
      vertex -43.45 -0.549999 0
      vertex -40.55 -0.549999 0
    endloop
  endfacet
  facet normal 0 1 -0
    outer loop
      vertex -40.55 -3.45 0
      vertex -43.45 -3.45 2
      vertex -40.55 -3.45 2
    endloop
  endfacet
  facet normal 0 1 0
    outer loop
      vertex -43.45 -3.45 2
      vertex -40.55 -3.45 0
      vertex -43.45 -3.45 0
    endloop
  endfacet
  facet normal -1 0 0
    outer loop
      vertex -40.55 0.549999 0
      vertex -40.55 3.45 2
      vertex -40.55 3.45 0
    endloop
  endfacet
  facet normal -1 -0 0
    outer loop
      vertex -40.55 3.45 2
      vertex -40.55 0.549999 0
      vertex -40.55 0.549999 2
    endloop
  endfacet
  facet normal 1 -0 0
    outer loop
      vertex -43.45 0.549999 2
      vertex -43.45 3.45 0
      vertex -43.45 3.45 2
    endloop
  endfacet
  facet normal 1 0 0
    outer loop
      vertex -43.45 3.45 0
      vertex -43.45 0.549999 2
      vertex -43.45 0.549999 0
    endloop
  endfacet
  facet normal 0 -1 0
    outer loop
      vertex -43.45 3.45 0
      vertex -40.55 3.45 2
      vertex -43.45 3.45 2
    endloop
  endfacet
  facet normal 0 -1 -0
    outer loop
      vertex -40.55 3.45 2
      vertex -43.45 3.45 0
      vertex -40.55 3.45 0
    endloop
  endfacet
  facet normal 0 1 -0
    outer loop
      vertex -40.55 0.549999 0
      vertex -43.45 0.549999 2
      vertex -40.55 0.549999 2
    endloop
  endfacet
  facet normal 0 1 0
    outer loop
      vertex -43.45 0.549999 2
      vertex -40.55 0.549999 0
      vertex -43.45 0.549999 0
    endloop
  endfacet
  facet normal -1 0 0
    outer loop
      vertex -40.55 4.55 0
      vertex -40.55 7.45 2
      vertex -40.55 7.45 0
    endloop
  endfacet
  facet normal -1 -0 0
    outer loop
      vertex -40.55 7.45 2
      vertex -40.55 4.55 0
      vertex -40.55 4.55 2
    endloop
  endfacet
  facet normal 1 -0 0
    outer loop
      vertex -43.45 4.55 2
      vertex -43.45 7.45 0
      vertex -43.45 7.45 2
    endloop
  endfacet
  facet normal 1 0 0
    outer loop
      vertex -43.45 7.45 0
      vertex -43.45 4.55 2
      vertex -43.45 4.55 0
    endloop
  endfacet
  facet normal 0 -1 0
    outer loop
      vertex -43.45 7.45 0
      vertex -40.55 7.45 2
      vertex -43.45 7.45 2
    endloop
  endfacet
  facet normal 0 -1 -0
    outer loop
      vertex -40.55 7.45 2
      vertex -43.45 7.45 0
      vertex -40.55 7.45 0
    endloop
  endfacet
  facet normal 0 1 -0
    outer loop
      vertex -40.55 4.55 0
      vertex -43.45 4.55 2
      vertex -40.55 4.55 2
    endloop
  endfacet
  facet normal 0 1 0
    outer loop
      vertex -43.45 4.55 2
      vertex -40.55 4.55 0
      vertex -43.45 4.55 0
    endloop
  endfacet
  facet normal -1 0 0
    outer loop
      vertex -40.55 8.55 0
      vertex -40.55 11.45 2
      vertex -40.55 11.45 0
    endloop
  endfacet
  facet normal -1 -0 0
    outer loop
      vertex -40.55 11.45 2
      vertex -40.55 8.55 0
      vertex -40.55 8.55 2
    endloop
  endfacet
  facet normal 1 -0 0
    outer loop
      vertex -43.45 8.55 2
      vertex -43.45 11.45 0
      vertex -43.45 11.45 2
    endloop
  endfacet
  facet normal 1 0 0
    outer loop
      vertex -43.45 11.45 0
      vertex -43.45 8.55 2
      vertex -43.45 8.55 0
    endloop
  endfacet
  facet normal 0 -1 0
    outer loop
      vertex -43.45 11.45 0
      vertex -40.55 11.45 2
      vertex -43.45 11.45 2
    endloop
  endfacet
  facet normal 0 -1 -0
    outer loop
      vertex -40.55 11.45 2
      vertex -43.45 11.45 0
      vertex -40.55 11.45 0
    endloop
  endfacet
  facet normal 0 1 -0
    outer loop
      vertex -40.55 8.55 0
      vertex -43.45 8.55 2
      vertex -40.55 8.55 2
    endloop
  endfacet
  facet normal 0 1 0
    outer loop
      vertex -43.45 8.55 2
      vertex -40.55 8.55 0
      vertex -43.45 8.55 0
    endloop
  endfacet
  facet normal -1 0 0
    outer loop
      vertex -40.55 12.55 0
      vertex -40.55 15.45 2
      vertex -40.55 15.45 0
    endloop
  endfacet
  facet normal -1 -0 0
    outer loop
      vertex -40.55 15.45 2
      vertex -40.55 12.55 0
      vertex -40.55 12.55 2
    endloop
  endfacet
  facet normal 1 -0 0
    outer loop
      vertex -43.45 12.55 2
      vertex -43.45 15.45 0
      vertex -43.45 15.45 2
    endloop
  endfacet
  facet normal 1 0 0
    outer loop
      vertex -43.45 15.45 0
      vertex -43.45 12.55 2
      vertex -43.45 12.55 0
    endloop
  endfacet
  facet normal 0 -1 0
    outer loop
      vertex -43.45 15.45 0
      vertex -40.55 15.45 2
      vertex -43.45 15.45 2
    endloop
  endfacet
  facet normal 0 -1 -0
    outer loop
      vertex -40.55 15.45 2
      vertex -43.45 15.45 0
      vertex -40.55 15.45 0
    endloop
  endfacet
  facet normal 0 1 -0
    outer loop
      vertex -40.55 12.55 0
      vertex -43.45 12.55 2
      vertex -40.55 12.55 2
    endloop
  endfacet
  facet normal 0 1 0
    outer loop
      vertex -43.45 12.55 2
      vertex -40.55 12.55 0
      vertex -43.45 12.55 0
    endloop
  endfacet
  facet normal -1 0 0
    outer loop
      vertex -36.55 -15.45 0
      vertex -36.55 -12.55 2
      vertex -36.55 -12.55 0
    endloop
  endfacet
  facet normal -1 -0 0
    outer loop
      vertex -36.55 -12.55 2
      vertex -36.55 -15.45 0
      vertex -36.55 -15.45 2
    endloop
  endfacet
  facet normal 1 -0 0
    outer loop
      vertex -39.45 -15.45 2
      vertex -39.45 -12.55 0
      vertex -39.45 -12.55 2
    endloop
  endfacet
  facet normal 1 0 0
    outer loop
      vertex -39.45 -12.55 0
      vertex -39.45 -15.45 2
      vertex -39.45 -15.45 0
    endloop
  endfacet
  facet normal 0 -1 0
    outer loop
      vertex -39.45 -12.55 0
      vertex -36.55 -12.55 2
      vertex -39.45 -12.55 2
    endloop
  endfacet
  facet normal 0 -1 -0
    outer loop
      vertex -36.55 -12.55 2
      vertex -39.45 -12.55 0
      vertex -36.55 -12.55 0
    endloop
  endfacet
  facet normal 0 1 -0
    outer loop
      vertex -36.55 -15.45 0
      vertex -39.45 -15.45 2
      vertex -36.55 -15.45 2
    endloop
  endfacet
  facet normal 0 1 0
    outer loop
      vertex -39.45 -15.45 2
      vertex -36.55 -15.45 0
      vertex -39.45 -15.45 0
    endloop
  endfacet
  facet normal -1 0 0
    outer loop
      vertex -36.55 -11.45 0
      vertex -36.55 -8.55 2
      vertex -36.55 -8.55 0
    endloop
  endfacet
  facet normal -1 -0 0
    outer loop
      vertex -36.55 -8.55 2
      vertex -36.55 -11.45 0
      vertex -36.55 -11.45 2
    endloop
  endfacet
  facet normal 1 -0 0
    outer loop
      vertex -39.45 -11.45 2
      vertex -39.45 -8.55 0
      vertex -39.45 -8.55 2
    endloop
  endfacet
  facet normal 1 0 0
    outer loop
      vertex -39.45 -8.55 0
      vertex -39.45 -11.45 2
      vertex -39.45 -11.45 0
    endloop
  endfacet
  facet normal 0 -1 0
    outer loop
      vertex -39.45 -8.55 0
      vertex -36.55 -8.55 2
      vertex -39.45 -8.55 2
    endloop
  endfacet
  facet normal 0 -1 -0
    outer loop
      vertex -36.55 -8.55 2
      vertex -39.45 -8.55 0
      vertex -36.55 -8.55 0
    endloop
  endfacet
  facet normal 0 1 -0
    outer loop
      vertex -36.55 -11.45 0
      vertex -39.45 -11.45 2
      vertex -36.55 -11.45 2
    endloop
  endfacet
  facet normal 0 1 0
    outer loop
      vertex -39.45 -11.45 2
      vertex -36.55 -11.45 0
      vertex -39.45 -11.45 0
    endloop
  endfacet
  facet normal -1 0 0
    outer loop
      vertex -36.55 -7.45 0
      vertex -36.55 -4.55 2
      vertex -36.55 -4.55 0
    endloop
  endfacet
  facet normal -1 -0 0
    outer loop
      vertex -36.55 -4.55 2
      vertex -36.55 -7.45 0
      vertex -36.55 -7.45 2
    endloop
  endfacet
  facet normal 1 -0 0
    outer loop
      vertex -39.45 -7.45 2
      vertex -39.45 -4.55 0
      vertex -39.45 -4.55 2
    endloop
  endfacet
  facet normal 1 0 0
    outer loop
      vertex -39.45 -4.55 0
      vertex -39.45 -7.45 2
      vertex -39.45 -7.45 0
    endloop
  endfacet
  facet normal 0 -1 0
    outer loop
      vertex -39.45 -4.55 0
      vertex -36.55 -4.55 2
      vertex -39.45 -4.55 2
    endloop
  endfacet
  facet normal 0 -1 -0
    outer loop
      vertex -36.55 -4.55 2
      vertex -39.45 -4.55 0
      vertex -36.55 -4.55 0
    endloop
  endfacet
  facet normal 0 1 -0
    outer loop
      vertex -36.55 -7.45 0
      vertex -39.45 -7.45 2
      vertex -36.55 -7.45 2
    endloop
  endfacet
  facet normal 0 1 0
    outer loop
      vertex -39.45 -7.45 2
      vertex -36.55 -7.45 0
      vertex -39.45 -7.45 0
    endloop
  endfacet
  facet normal -1 0 0
    outer loop
      vertex -36.55 -3.45 0
      vertex -36.55 -0.549999 2
      vertex -36.55 -0.549999 0
    endloop
  endfacet
  facet normal -1 -0 0
    outer loop
      vertex -36.55 -0.549999 2
      vertex -36.55 -3.45 0
      vertex -36.55 -3.45 2
    endloop
  endfacet
  facet normal 1 -0 0
    outer loop
      vertex -39.45 -3.45 2
      vertex -39.45 -0.549999 0
      vertex -39.45 -0.549999 2
    endloop
  endfacet
  facet normal 1 0 0
    outer loop
      vertex -39.45 -0.549999 0
      vertex -39.45 -3.45 2
      vertex -39.45 -3.45 0
    endloop
  endfacet
  facet normal 0 -1 0
    outer loop
      vertex -39.45 -0.549999 0
      vertex -36.55 -0.549999 2
      vertex -39.45 -0.549999 2
    endloop
  endfacet
  facet normal 0 -1 -0
    outer loop
      vertex -36.55 -0.549999 2
      vertex -39.45 -0.549999 0
      vertex -36.55 -0.549999 0
    endloop
  endfacet
  facet normal 0 1 -0
    outer loop
      vertex -36.55 -3.45 0
      vertex -39.45 -3.45 2
      vertex -36.55 -3.45 2
    endloop
  endfacet
  facet normal 0 1 0
    outer loop
      vertex -39.45 -3.45 2
      vertex -36.55 -3.45 0
      vertex -39.45 -3.45 0
    endloop
  endfacet
  facet normal -1 0 0
    outer loop
      vertex -36.55 0.549999 0
      vertex -36.55 3.45 2
      vertex -36.55 3.45 0
    endloop
  endfacet
  facet normal -1 -0 0
    outer loop
      vertex -36.55 3.45 2
      vertex -36.55 0.549999 0
      vertex -36.55 0.549999 2
    endloop
  endfacet
  facet normal 1 -0 0
    outer loop
      vertex -39.45 0.549999 2
      vertex -39.45 3.45 0
      vertex -39.45 3.45 2
    endloop
  endfacet
  facet normal 1 0 0
    outer loop
      vertex -39.45 3.45 0
      vertex -39.45 0.549999 2
      vertex -39.45 0.549999 0
    endloop
  endfacet
  facet normal 0 -1 0
    outer loop
      vertex -39.45 3.45 0
      vertex -36.55 3.45 2
      vertex -39.45 3.45 2
    endloop
  endfacet
  facet normal 0 -1 -0
    outer loop
      vertex -36.55 3.45 2
      vertex -39.45 3.45 0
      vertex -36.55 3.45 0
    endloop
  endfacet
  facet normal 0 1 -0
    outer loop
      vertex -36.55 0.549999 0
      vertex -39.45 0.549999 2
      vertex -36.55 0.549999 2
    endloop
  endfacet
  facet normal 0 1 0
    outer loop
      vertex -39.45 0.549999 2
      vertex -36.55 0.549999 0
      vertex -39.45 0.549999 0
    endloop
  endfacet
  facet normal -1 0 0
    outer loop
      vertex -36.55 4.55 0
      vertex -36.55 7.45 2
      vertex -36.55 7.45 0
    endloop
  endfacet
  facet normal -1 -0 0
    outer loop
      vertex -36.55 7.45 2
      vertex -36.55 4.55 0
      vertex -36.55 4.55 2
    endloop
  endfacet
  facet normal 1 -0 0
    outer loop
      vertex -39.45 4.55 2
      vertex -39.45 7.45 0
      vertex -39.45 7.45 2
    endloop
  endfacet
  facet normal 1 0 0
    outer loop
      vertex -39.45 7.45 0
      vertex -39.45 4.55 2
      vertex -39.45 4.55 0
    endloop
  endfacet
  facet normal 0 -1 0
    outer loop
      vertex -39.45 7.45 0
      vertex -36.55 7.45 2
      vertex -39.45 7.45 2
    endloop
  endfacet
  facet normal 0 -1 -0
    outer loop
      vertex -36.55 7.45 2
      vertex -39.45 7.45 0
      vertex -36.55 7.45 0
    endloop
  endfacet
  facet normal 0 1 -0
    outer loop
      vertex -36.55 4.55 0
      vertex -39.45 4.55 2
      vertex -36.55 4.55 2
    endloop
  endfacet
  facet normal 0 1 0
    outer loop
      vertex -39.45 4.55 2
      vertex -36.55 4.55 0
      vertex -39.45 4.55 0
    endloop
  endfacet
  facet normal -1 0 0
    outer loop
      vertex -36.55 8.55 0
      vertex -36.55 11.45 2
      vertex -36.55 11.45 0
    endloop
  endfacet
  facet normal -1 -0 0
    outer loop
      vertex -36.55 11.45 2
      vertex -36.55 8.55 0
      vertex -36.55 8.55 2
    endloop
  endfacet
  facet normal 1 -0 0
    outer loop
      vertex -39.45 8.55 2
      vertex -39.45 11.45 0
      vertex -39.45 11.45 2
    endloop
  endfacet
  facet normal 1 0 0
    outer loop
      vertex -39.45 11.45 0
      vertex -39.45 8.55 2
      vertex -39.45 8.55 0
    endloop
  endfacet
  facet normal 0 -1 0
    outer loop
      vertex -39.45 11.45 0
      vertex -36.55 11.45 2
      vertex -39.45 11.45 2
    endloop
  endfacet
  facet normal 0 -1 -0
    outer loop
      vertex -36.55 11.45 2
      vertex -39.45 11.45 0
      vertex -36.55 11.45 0
    endloop
  endfacet
  facet normal 0 1 -0
    outer loop
      vertex -36.55 8.55 0
      vertex -39.45 8.55 2
      vertex -36.55 8.55 2
    endloop
  endfacet
  facet normal 0 1 0
    outer loop
      vertex -39.45 8.55 2
      vertex -36.55 8.55 0
      vertex -39.45 8.55 0
    endloop
  endfacet
  facet normal -1 0 0
    outer loop
      vertex -36.55 12.55 0
      vertex -36.55 15.45 2
      vertex -36.55 15.45 0
    endloop
  endfacet
  facet normal -1 -0 0
    outer loop
      vertex -36.55 15.45 2
      vertex -36.55 12.55 0
      vertex -36.55 12.55 2
    endloop
  endfacet
  facet normal 1 -0 0
    outer loop
      vertex -39.45 12.55 2
      vertex -39.45 15.45 0
      vertex -39.45 15.45 2
    endloop
  endfacet
  facet normal 1 0 0
    outer loop
      vertex -39.45 15.45 0
      vertex -39.45 12.55 2
      vertex -39.45 12.55 0
    endloop
  endfacet
  facet normal 0 -1 0
    outer loop
      vertex -39.45 15.45 0
      vertex -36.55 15.45 2
      vertex -39.45 15.45 2
    endloop
  endfacet
  facet normal 0 -1 -0
    outer loop
      vertex -36.55 15.45 2
      vertex -39.45 15.45 0
      vertex -36.55 15.45 0
    endloop
  endfacet
  facet normal 0 1 -0
    outer loop
      vertex -36.55 12.55 0
      vertex -39.45 12.55 2
      vertex -36.55 12.55 2
    endloop
  endfacet
  facet normal 0 1 0
    outer loop
      vertex -39.45 12.55 2
      vertex -36.55 12.55 0
      vertex -39.45 12.55 0
    endloop
  endfacet
  facet normal -1 0 0
    outer loop
      vertex -32.55 -15.45 0
      vertex -32.55 -12.55 2
      vertex -32.55 -12.55 0
    endloop
  endfacet
  facet normal -1 -0 0
    outer loop
      vertex -32.55 -12.55 2
      vertex -32.55 -15.45 0
      vertex -32.55 -15.45 2
    endloop
  endfacet
  facet normal 1 -0 0
    outer loop
      vertex -35.45 -15.45 2
      vertex -35.45 -12.55 0
      vertex -35.45 -12.55 2
    endloop
  endfacet
  facet normal 1 0 0
    outer loop
      vertex -35.45 -12.55 0
      vertex -35.45 -15.45 2
      vertex -35.45 -15.45 0
    endloop
  endfacet
  facet normal 0 -1 0
    outer loop
      vertex -35.45 -12.55 0
      vertex -32.55 -12.55 2
      vertex -35.45 -12.55 2
    endloop
  endfacet
  facet normal 0 -1 -0
    outer loop
      vertex -32.55 -12.55 2
      vertex -35.45 -12.55 0
      vertex -32.55 -12.55 0
    endloop
  endfacet
  facet normal 0 1 -0
    outer loop
      vertex -32.55 -15.45 0
      vertex -35.45 -15.45 2
      vertex -32.55 -15.45 2
    endloop
  endfacet
  facet normal 0 1 0
    outer loop
      vertex -35.45 -15.45 2
      vertex -32.55 -15.45 0
      vertex -35.45 -15.45 0
    endloop
  endfacet
  facet normal -1 0 0
    outer loop
      vertex -32.55 -11.45 0
      vertex -32.55 -8.55 2
      vertex -32.55 -8.55 0
    endloop
  endfacet
  facet normal -1 -0 0
    outer loop
      vertex -32.55 -8.55 2
      vertex -32.55 -11.45 0
      vertex -32.55 -11.45 2
    endloop
  endfacet
  facet normal 1 -0 0
    outer loop
      vertex -35.45 -11.45 2
      vertex -35.45 -8.55 0
      vertex -35.45 -8.55 2
    endloop
  endfacet
  facet normal 1 0 0
    outer loop
      vertex -35.45 -8.55 0
      vertex -35.45 -11.45 2
      vertex -35.45 -11.45 0
    endloop
  endfacet
  facet normal 0 -1 0
    outer loop
      vertex -35.45 -8.55 0
      vertex -32.55 -8.55 2
      vertex -35.45 -8.55 2
    endloop
  endfacet
  facet normal 0 -1 -0
    outer loop
      vertex -32.55 -8.55 2
      vertex -35.45 -8.55 0
      vertex -32.55 -8.55 0
    endloop
  endfacet
  facet normal 0 1 -0
    outer loop
      vertex -32.55 -11.45 0
      vertex -35.45 -11.45 2
      vertex -32.55 -11.45 2
    endloop
  endfacet
  facet normal 0 1 0
    outer loop
      vertex -35.45 -11.45 2
      vertex -32.55 -11.45 0
      vertex -35.45 -11.45 0
    endloop
  endfacet
  facet normal -1 0 0
    outer loop
      vertex -32.55 -7.45 0
      vertex -32.55 -4.55 2
      vertex -32.55 -4.55 0
    endloop
  endfacet
  facet normal -1 -0 0
    outer loop
      vertex -32.55 -4.55 2
      vertex -32.55 -7.45 0
      vertex -32.55 -7.45 2
    endloop
  endfacet
  facet normal 1 -0 0
    outer loop
      vertex -35.45 -7.45 2
      vertex -35.45 -4.55 0
      vertex -35.45 -4.55 2
    endloop
  endfacet
  facet normal 1 0 0
    outer loop
      vertex -35.45 -4.55 0
      vertex -35.45 -7.45 2
      vertex -35.45 -7.45 0
    endloop
  endfacet
  facet normal 0 -1 0
    outer loop
      vertex -35.45 -4.55 0
      vertex -32.55 -4.55 2
      vertex -35.45 -4.55 2
    endloop
  endfacet
  facet normal 0 -1 -0
    outer loop
      vertex -32.55 -4.55 2
      vertex -35.45 -4.55 0
      vertex -32.55 -4.55 0
    endloop
  endfacet
  facet normal 0 1 -0
    outer loop
      vertex -32.55 -7.45 0
      vertex -35.45 -7.45 2
      vertex -32.55 -7.45 2
    endloop
  endfacet
  facet normal 0 1 0
    outer loop
      vertex -35.45 -7.45 2
      vertex -32.55 -7.45 0
      vertex -35.45 -7.45 0
    endloop
  endfacet
  facet normal -1 0 0
    outer loop
      vertex -32.55 -3.45 0
      vertex -32.55 -0.549999 2
      vertex -32.55 -0.549999 0
    endloop
  endfacet
  facet normal -1 -0 0
    outer loop
      vertex -32.55 -0.549999 2
      vertex -32.55 -3.45 0
      vertex -32.55 -3.45 2
    endloop
  endfacet
  facet normal 1 -0 0
    outer loop
      vertex -35.45 -3.45 2
      vertex -35.45 -0.549999 0
      vertex -35.45 -0.549999 2
    endloop
  endfacet
  facet normal 1 0 0
    outer loop
      vertex -35.45 -0.549999 0
      vertex -35.45 -3.45 2
      vertex -35.45 -3.45 0
    endloop
  endfacet
  facet normal 0 -1 0
    outer loop
      vertex -35.45 -0.549999 0
      vertex -32.55 -0.549999 2
      vertex -35.45 -0.549999 2
    endloop
  endfacet
  facet normal 0 -1 -0
    outer loop
      vertex -32.55 -0.549999 2
      vertex -35.45 -0.549999 0
      vertex -32.55 -0.549999 0
    endloop
  endfacet
  facet normal 0 1 -0
    outer loop
      vertex -32.55 -3.45 0
      vertex -35.45 -3.45 2
      vertex -32.55 -3.45 2
    endloop
  endfacet
  facet normal 0 1 0
    outer loop
      vertex -35.45 -3.45 2
      vertex -32.55 -3.45 0
      vertex -35.45 -3.45 0
    endloop
  endfacet
  facet normal -1 0 0
    outer loop
      vertex -32.55 0.549999 0
      vertex -32.55 3.45 2
      vertex -32.55 3.45 0
    endloop
  endfacet
  facet normal -1 -0 0
    outer loop
      vertex -32.55 3.45 2
      vertex -32.55 0.549999 0
      vertex -32.55 0.549999 2
    endloop
  endfacet
  facet normal 1 -0 0
    outer loop
      vertex -35.45 0.549999 2
      vertex -35.45 3.45 0
      vertex -35.45 3.45 2
    endloop
  endfacet
  facet normal 1 0 0
    outer loop
      vertex -35.45 3.45 0
      vertex -35.45 0.549999 2
      vertex -35.45 0.549999 0
    endloop
  endfacet
  facet normal 0 -1 0
    outer loop
      vertex -35.45 3.45 0
      vertex -32.55 3.45 2
      vertex -35.45 3.45 2
    endloop
  endfacet
  facet normal 0 -1 -0
    outer loop
      vertex -32.55 3.45 2
      vertex -35.45 3.45 0
      vertex -32.55 3.45 0
    endloop
  endfacet
  facet normal 0 1 -0
    outer loop
      vertex -32.55 0.549999 0
      vertex -35.45 0.549999 2
      vertex -32.55 0.549999 2
    endloop
  endfacet
  facet normal 0 1 0
    outer loop
      vertex -35.45 0.549999 2
      vertex -32.55 0.549999 0
      vertex -35.45 0.549999 0
    endloop
  endfacet
  facet normal -1 0 0
    outer loop
      vertex -32.55 4.55 0
      vertex -32.55 7.45 2
      vertex -32.55 7.45 0
    endloop
  endfacet
  facet normal -1 -0 0
    outer loop
      vertex -32.55 7.45 2
      vertex -32.55 4.55 0
      vertex -32.55 4.55 2
    endloop
  endfacet
  facet normal 1 -0 0
    outer loop
      vertex -35.45 4.55 2
      vertex -35.45 7.45 0
      vertex -35.45 7.45 2
    endloop
  endfacet
  facet normal 1 0 0
    outer loop
      vertex -35.45 7.45 0
      vertex -35.45 4.55 2
      vertex -35.45 4.55 0
    endloop
  endfacet
  facet normal 0 -1 0
    outer loop
      vertex -35.45 7.45 0
      vertex -32.55 7.45 2
      vertex -35.45 7.45 2
    endloop
  endfacet
  facet normal 0 -1 -0
    outer loop
      vertex -32.55 7.45 2
      vertex -35.45 7.45 0
      vertex -32.55 7.45 0
    endloop
  endfacet
  facet normal 0 1 -0
    outer loop
      vertex -32.55 4.55 0
      vertex -35.45 4.55 2
      vertex -32.55 4.55 2
    endloop
  endfacet
  facet normal 0 1 0
    outer loop
      vertex -35.45 4.55 2
      vertex -32.55 4.55 0
      vertex -35.45 4.55 0
    endloop
  endfacet
  facet normal -1 0 0
    outer loop
      vertex -32.55 8.55 0
      vertex -32.55 11.45 2
      vertex -32.55 11.45 0
    endloop
  endfacet
  facet normal -1 -0 0
    outer loop
      vertex -32.55 11.45 2
      vertex -32.55 8.55 0
      vertex -32.55 8.55 2
    endloop
  endfacet
  facet normal 1 -0 0
    outer loop
      vertex -35.45 8.55 2
      vertex -35.45 11.45 0
      vertex -35.45 11.45 2
    endloop
  endfacet
  facet normal 1 0 0
    outer loop
      vertex -35.45 11.45 0
      vertex -35.45 8.55 2
      vertex -35.45 8.55 0
    endloop
  endfacet
  facet normal 0 -1 0
    outer loop
      vertex -35.45 11.45 0
      vertex -32.55 11.45 2
      vertex -35.45 11.45 2
    endloop
  endfacet
  facet normal 0 -1 -0
    outer loop
      vertex -32.55 11.45 2
      vertex -35.45 11.45 0
      vertex -32.55 11.45 0
    endloop
  endfacet
  facet normal 0 1 -0
    outer loop
      vertex -32.55 8.55 0
      vertex -35.45 8.55 2
      vertex -32.55 8.55 2
    endloop
  endfacet
  facet normal 0 1 0
    outer loop
      vertex -35.45 8.55 2
      vertex -32.55 8.55 0
      vertex -35.45 8.55 0
    endloop
  endfacet
  facet normal -1 0 0
    outer loop
      vertex -32.55 12.55 0
      vertex -32.55 15.45 2
      vertex -32.55 15.45 0
    endloop
  endfacet
  facet normal -1 -0 0
    outer loop
      vertex -32.55 15.45 2
      vertex -32.55 12.55 0
      vertex -32.55 12.55 2
    endloop
  endfacet
  facet normal 1 -0 0
    outer loop
      vertex -35.45 12.55 2
      vertex -35.45 15.45 0
      vertex -35.45 15.45 2
    endloop
  endfacet
  facet normal 1 0 0
    outer loop
      vertex -35.45 15.45 0
      vertex -35.45 12.55 2
      vertex -35.45 12.55 0
    endloop
  endfacet
  facet normal 0 -1 0
    outer loop
      vertex -35.45 15.45 0
      vertex -32.55 15.45 2
      vertex -35.45 15.45 2
    endloop
  endfacet
  facet normal 0 -1 -0
    outer loop
      vertex -32.55 15.45 2
      vertex -35.45 15.45 0
      vertex -32.55 15.45 0
    endloop
  endfacet
  facet normal 0 1 -0
    outer loop
      vertex -32.55 12.55 0
      vertex -35.45 12.55 2
      vertex -32.55 12.55 2
    endloop
  endfacet
  facet normal 0 1 0
    outer loop
      vertex -35.45 12.55 2
      vertex -32.55 12.55 0
      vertex -35.45 12.55 0
    endloop
  endfacet
  facet normal -1 0 0
    outer loop
      vertex -28.55 -15.45 0
      vertex -28.55 -12.55 2
      vertex -28.55 -12.55 0
    endloop
  endfacet
  facet normal -1 -0 0
    outer loop
      vertex -28.55 -12.55 2
      vertex -28.55 -15.45 0
      vertex -28.55 -15.45 2
    endloop
  endfacet
  facet normal 1 -0 0
    outer loop
      vertex -31.45 -15.45 2
      vertex -31.45 -12.55 0
      vertex -31.45 -12.55 2
    endloop
  endfacet
  facet normal 1 0 0
    outer loop
      vertex -31.45 -12.55 0
      vertex -31.45 -15.45 2
      vertex -31.45 -15.45 0
    endloop
  endfacet
  facet normal 0 -1 0
    outer loop
      vertex -31.45 -12.55 0
      vertex -28.55 -12.55 2
      vertex -31.45 -12.55 2
    endloop
  endfacet
  facet normal 0 -1 -0
    outer loop
      vertex -28.55 -12.55 2
      vertex -31.45 -12.55 0
      vertex -28.55 -12.55 0
    endloop
  endfacet
  facet normal 0 1 -0
    outer loop
      vertex -28.55 -15.45 0
      vertex -31.45 -15.45 2
      vertex -28.55 -15.45 2
    endloop
  endfacet
  facet normal 0 1 0
    outer loop
      vertex -31.45 -15.45 2
      vertex -28.55 -15.45 0
      vertex -31.45 -15.45 0
    endloop
  endfacet
  facet normal -1 0 0
    outer loop
      vertex -28.55 -11.45 0
      vertex -28.55 -8.55 2
      vertex -28.55 -8.55 0
    endloop
  endfacet
  facet normal -1 -0 0
    outer loop
      vertex -28.55 -8.55 2
      vertex -28.55 -11.45 0
      vertex -28.55 -11.45 2
    endloop
  endfacet
  facet normal 1 -0 0
    outer loop
      vertex -31.45 -11.45 2
      vertex -31.45 -8.55 0
      vertex -31.45 -8.55 2
    endloop
  endfacet
  facet normal 1 0 0
    outer loop
      vertex -31.45 -8.55 0
      vertex -31.45 -11.45 2
      vertex -31.45 -11.45 0
    endloop
  endfacet
  facet normal 0 -1 0
    outer loop
      vertex -31.45 -8.55 0
      vertex -28.55 -8.55 2
      vertex -31.45 -8.55 2
    endloop
  endfacet
  facet normal 0 -1 -0
    outer loop
      vertex -28.55 -8.55 2
      vertex -31.45 -8.55 0
      vertex -28.55 -8.55 0
    endloop
  endfacet
  facet normal 0 1 -0
    outer loop
      vertex -28.55 -11.45 0
      vertex -31.45 -11.45 2
      vertex -28.55 -11.45 2
    endloop
  endfacet
  facet normal 0 1 0
    outer loop
      vertex -31.45 -11.45 2
      vertex -28.55 -11.45 0
      vertex -31.45 -11.45 0
    endloop
  endfacet
  facet normal -1 0 0
    outer loop
      vertex -28.55 -7.45 0
      vertex -28.55 -4.55 2
      vertex -28.55 -4.55 0
    endloop
  endfacet
  facet normal -1 -0 0
    outer loop
      vertex -28.55 -4.55 2
      vertex -28.55 -7.45 0
      vertex -28.55 -7.45 2
    endloop
  endfacet
  facet normal 1 -0 0
    outer loop
      vertex -31.45 -7.45 2
      vertex -31.45 -4.55 0
      vertex -31.45 -4.55 2
    endloop
  endfacet
  facet normal 1 0 0
    outer loop
      vertex -31.45 -4.55 0
      vertex -31.45 -7.45 2
      vertex -31.45 -7.45 0
    endloop
  endfacet
  facet normal 0 -1 0
    outer loop
      vertex -31.45 -4.55 0
      vertex -28.55 -4.55 2
      vertex -31.45 -4.55 2
    endloop
  endfacet
  facet normal 0 -1 -0
    outer loop
      vertex -28.55 -4.55 2
      vertex -31.45 -4.55 0
      vertex -28.55 -4.55 0
    endloop
  endfacet
  facet normal 0 1 -0
    outer loop
      vertex -28.55 -7.45 0
      vertex -31.45 -7.45 2
      vertex -28.55 -7.45 2
    endloop
  endfacet
  facet normal 0 1 0
    outer loop
      vertex -31.45 -7.45 2
      vertex -28.55 -7.45 0
      vertex -31.45 -7.45 0
    endloop
  endfacet
  facet normal -1 0 0
    outer loop
      vertex -28.55 -3.45 0
      vertex -28.55 -0.549999 2
      vertex -28.55 -0.549999 0
    endloop
  endfacet
  facet normal -1 -0 0
    outer loop
      vertex -28.55 -0.549999 2
      vertex -28.55 -3.45 0
      vertex -28.55 -3.45 2
    endloop
  endfacet
  facet normal 1 -0 0
    outer loop
      vertex -31.45 -3.45 2
      vertex -31.45 -0.549999 0
      vertex -31.45 -0.549999 2
    endloop
  endfacet
  facet normal 1 0 0
    outer loop
      vertex -31.45 -0.549999 0
      vertex -31.45 -3.45 2
      vertex -31.45 -3.45 0
    endloop
  endfacet
  facet normal 0 -1 0
    outer loop
      vertex -31.45 -0.549999 0
      vertex -28.55 -0.549999 2
      vertex -31.45 -0.549999 2
    endloop
  endfacet
  facet normal 0 -1 -0
    outer loop
      vertex -28.55 -0.549999 2
      vertex -31.45 -0.549999 0
      vertex -28.55 -0.549999 0
    endloop
  endfacet
  facet normal 0 1 -0
    outer loop
      vertex -28.55 -3.45 0
      vertex -31.45 -3.45 2
      vertex -28.55 -3.45 2
    endloop
  endfacet
  facet normal 0 1 0
    outer loop
      vertex -31.45 -3.45 2
      vertex -28.55 -3.45 0
      vertex -31.45 -3.45 0
    endloop
  endfacet
  facet normal -1 0 0
    outer loop
      vertex -28.55 0.549999 0
      vertex -28.55 3.45 2
      vertex -28.55 3.45 0
    endloop
  endfacet
  facet normal -1 -0 0
    outer loop
      vertex -28.55 3.45 2
      vertex -28.55 0.549999 0
      vertex -28.55 0.549999 2
    endloop
  endfacet
  facet normal 1 -0 0
    outer loop
      vertex -31.45 0.549999 2
      vertex -31.45 3.45 0
      vertex -31.45 3.45 2
    endloop
  endfacet
  facet normal 1 0 0
    outer loop
      vertex -31.45 3.45 0
      vertex -31.45 0.549999 2
      vertex -31.45 0.549999 0
    endloop
  endfacet
  facet normal 0 -1 0
    outer loop
      vertex -31.45 3.45 0
      vertex -28.55 3.45 2
      vertex -31.45 3.45 2
    endloop
  endfacet
  facet normal 0 -1 -0
    outer loop
      vertex -28.55 3.45 2
      vertex -31.45 3.45 0
      vertex -28.55 3.45 0
    endloop
  endfacet
  facet normal 0 1 -0
    outer loop
      vertex -28.55 0.549999 0
      vertex -31.45 0.549999 2
      vertex -28.55 0.549999 2
    endloop
  endfacet
  facet normal 0 1 0
    outer loop
      vertex -31.45 0.549999 2
      vertex -28.55 0.549999 0
      vertex -31.45 0.549999 0
    endloop
  endfacet
  facet normal -1 0 0
    outer loop
      vertex -28.55 4.55 0
      vertex -28.55 7.45 2
      vertex -28.55 7.45 0
    endloop
  endfacet
  facet normal -1 -0 0
    outer loop
      vertex -28.55 7.45 2
      vertex -28.55 4.55 0
      vertex -28.55 4.55 2
    endloop
  endfacet
  facet normal 1 -0 0
    outer loop
      vertex -31.45 4.55 2
      vertex -31.45 7.45 0
      vertex -31.45 7.45 2
    endloop
  endfacet
  facet normal 1 0 0
    outer loop
      vertex -31.45 7.45 0
      vertex -31.45 4.55 2
      vertex -31.45 4.55 0
    endloop
  endfacet
  facet normal 0 -1 0
    outer loop
      vertex -31.45 7.45 0
      vertex -28.55 7.45 2
      vertex -31.45 7.45 2
    endloop
  endfacet
  facet normal 0 -1 -0
    outer loop
      vertex -28.55 7.45 2
      vertex -31.45 7.45 0
      vertex -28.55 7.45 0
    endloop
  endfacet
  facet normal 0 1 -0
    outer loop
      vertex -28.55 4.55 0
      vertex -31.45 4.55 2
      vertex -28.55 4.55 2
    endloop
  endfacet
  facet normal 0 1 0
    outer loop
      vertex -31.45 4.55 2
      vertex -28.55 4.55 0
      vertex -31.45 4.55 0
    endloop
  endfacet
  facet normal -1 0 0
    outer loop
      vertex -28.55 8.55 0
      vertex -28.55 11.45 2
      vertex -28.55 11.45 0
    endloop
  endfacet
  facet normal -1 -0 0
    outer loop
      vertex -28.55 11.45 2
      vertex -28.55 8.55 0
      vertex -28.55 8.55 2
    endloop
  endfacet
  facet normal 1 -0 0
    outer loop
      vertex -31.45 8.55 2
      vertex -31.45 11.45 0
      vertex -31.45 11.45 2
    endloop
  endfacet
  facet normal 1 0 0
    outer loop
      vertex -31.45 11.45 0
      vertex -31.45 8.55 2
      vertex -31.45 8.55 0
    endloop
  endfacet
  facet normal 0 -1 0
    outer loop
      vertex -31.45 11.45 0
      vertex -28.55 11.45 2
      vertex -31.45 11.45 2
    endloop
  endfacet
  facet normal 0 -1 -0
    outer loop
      vertex -28.55 11.45 2
      vertex -31.45 11.45 0
      vertex -28.55 11.45 0
    endloop
  endfacet
  facet normal 0 1 -0
    outer loop
      vertex -28.55 8.55 0
      vertex -31.45 8.55 2
      vertex -28.55 8.55 2
    endloop
  endfacet
  facet normal 0 1 0
    outer loop
      vertex -31.45 8.55 2
      vertex -28.55 8.55 0
      vertex -31.45 8.55 0
    endloop
  endfacet
  facet normal -1 0 0
    outer loop
      vertex -28.55 12.55 0
      vertex -28.55 15.45 2
      vertex -28.55 15.45 0
    endloop
  endfacet
  facet normal -1 -0 0
    outer loop
      vertex -28.55 15.45 2
      vertex -28.55 12.55 0
      vertex -28.55 12.55 2
    endloop
  endfacet
  facet normal 1 -0 0
    outer loop
      vertex -31.45 12.55 2
      vertex -31.45 15.45 0
      vertex -31.45 15.45 2
    endloop
  endfacet
  facet normal 1 0 0
    outer loop
      vertex -31.45 15.45 0
      vertex -31.45 12.55 2
      vertex -31.45 12.55 0
    endloop
  endfacet
  facet normal 0 -1 0
    outer loop
      vertex -31.45 15.45 0
      vertex -28.55 15.45 2
      vertex -31.45 15.45 2
    endloop
  endfacet
  facet normal 0 -1 -0
    outer loop
      vertex -28.55 15.45 2
      vertex -31.45 15.45 0
      vertex -28.55 15.45 0
    endloop
  endfacet
  facet normal 0 1 -0
    outer loop
      vertex -28.55 12.55 0
      vertex -31.45 12.55 2
      vertex -28.55 12.55 2
    endloop
  endfacet
  facet normal 0 1 0
    outer loop
      vertex -31.45 12.55 2
      vertex -28.55 12.55 0
      vertex -31.45 12.55 0
    endloop
  endfacet
  facet normal -1 0 0
    outer loop
      vertex -24.55 -15.45 0
      vertex -24.55 -12.55 2
      vertex -24.55 -12.55 0
    endloop
  endfacet
  facet normal -1 -0 0
    outer loop
      vertex -24.55 -12.55 2
      vertex -24.55 -15.45 0
      vertex -24.55 -15.45 2
    endloop
  endfacet
  facet normal 1 -0 0
    outer loop
      vertex -27.45 -15.45 2
      vertex -27.45 -12.55 0
      vertex -27.45 -12.55 2
    endloop
  endfacet
  facet normal 1 0 0
    outer loop
      vertex -27.45 -12.55 0
      vertex -27.45 -15.45 2
      vertex -27.45 -15.45 0
    endloop
  endfacet
  facet normal 0 -1 0
    outer loop
      vertex -27.45 -12.55 0
      vertex -24.55 -12.55 2
      vertex -27.45 -12.55 2
    endloop
  endfacet
  facet normal 0 -1 -0
    outer loop
      vertex -24.55 -12.55 2
      vertex -27.45 -12.55 0
      vertex -24.55 -12.55 0
    endloop
  endfacet
  facet normal 0 1 -0
    outer loop
      vertex -24.55 -15.45 0
      vertex -27.45 -15.45 2
      vertex -24.55 -15.45 2
    endloop
  endfacet
  facet normal 0 1 0
    outer loop
      vertex -27.45 -15.45 2
      vertex -24.55 -15.45 0
      vertex -27.45 -15.45 0
    endloop
  endfacet
  facet normal -1 0 0
    outer loop
      vertex -24.55 -11.45 0
      vertex -24.55 -8.55 2
      vertex -24.55 -8.55 0
    endloop
  endfacet
  facet normal -1 -0 0
    outer loop
      vertex -24.55 -8.55 2
      vertex -24.55 -11.45 0
      vertex -24.55 -11.45 2
    endloop
  endfacet
  facet normal 1 -0 0
    outer loop
      vertex -27.45 -11.45 2
      vertex -27.45 -8.55 0
      vertex -27.45 -8.55 2
    endloop
  endfacet
  facet normal 1 0 0
    outer loop
      vertex -27.45 -8.55 0
      vertex -27.45 -11.45 2
      vertex -27.45 -11.45 0
    endloop
  endfacet
  facet normal 0 -1 0
    outer loop
      vertex -27.45 -8.55 0
      vertex -24.55 -8.55 2
      vertex -27.45 -8.55 2
    endloop
  endfacet
  facet normal 0 -1 -0
    outer loop
      vertex -24.55 -8.55 2
      vertex -27.45 -8.55 0
      vertex -24.55 -8.55 0
    endloop
  endfacet
  facet normal 0 1 -0
    outer loop
      vertex -24.55 -11.45 0
      vertex -27.45 -11.45 2
      vertex -24.55 -11.45 2
    endloop
  endfacet
  facet normal 0 1 0
    outer loop
      vertex -27.45 -11.45 2
      vertex -24.55 -11.45 0
      vertex -27.45 -11.45 0
    endloop
  endfacet
  facet normal -1 0 0
    outer loop
      vertex -24.55 -7.45 0
      vertex -24.55 -4.55 2
      vertex -24.55 -4.55 0
    endloop
  endfacet
  facet normal -1 -0 0
    outer loop
      vertex -24.55 -4.55 2
      vertex -24.55 -7.45 0
      vertex -24.55 -7.45 2
    endloop
  endfacet
  facet normal 1 -0 0
    outer loop
      vertex -27.45 -7.45 2
      vertex -27.45 -4.55 0
      vertex -27.45 -4.55 2
    endloop
  endfacet
  facet normal 1 0 0
    outer loop
      vertex -27.45 -4.55 0
      vertex -27.45 -7.45 2
      vertex -27.45 -7.45 0
    endloop
  endfacet
  facet normal 0 -1 0
    outer loop
      vertex -27.45 -4.55 0
      vertex -24.55 -4.55 2
      vertex -27.45 -4.55 2
    endloop
  endfacet
  facet normal 0 -1 -0
    outer loop
      vertex -24.55 -4.55 2
      vertex -27.45 -4.55 0
      vertex -24.55 -4.55 0
    endloop
  endfacet
  facet normal 0 1 -0
    outer loop
      vertex -24.55 -7.45 0
      vertex -27.45 -7.45 2
      vertex -24.55 -7.45 2
    endloop
  endfacet
  facet normal 0 1 0
    outer loop
      vertex -27.45 -7.45 2
      vertex -24.55 -7.45 0
      vertex -27.45 -7.45 0
    endloop
  endfacet
  facet normal -1 0 0
    outer loop
      vertex -24.55 -3.45 0
      vertex -24.55 -0.549999 2
      vertex -24.55 -0.549999 0
    endloop
  endfacet
  facet normal -1 -0 0
    outer loop
      vertex -24.55 -0.549999 2
      vertex -24.55 -3.45 0
      vertex -24.55 -3.45 2
    endloop
  endfacet
  facet normal 1 -0 0
    outer loop
      vertex -27.45 -3.45 2
      vertex -27.45 -0.549999 0
      vertex -27.45 -0.549999 2
    endloop
  endfacet
  facet normal 1 0 0
    outer loop
      vertex -27.45 -0.549999 0
      vertex -27.45 -3.45 2
      vertex -27.45 -3.45 0
    endloop
  endfacet
  facet normal 0 -1 0
    outer loop
      vertex -27.45 -0.549999 0
      vertex -24.55 -0.549999 2
      vertex -27.45 -0.549999 2
    endloop
  endfacet
  facet normal 0 -1 -0
    outer loop
      vertex -24.55 -0.549999 2
      vertex -27.45 -0.549999 0
      vertex -24.55 -0.549999 0
    endloop
  endfacet
  facet normal 0 1 -0
    outer loop
      vertex -24.55 -3.45 0
      vertex -27.45 -3.45 2
      vertex -24.55 -3.45 2
    endloop
  endfacet
  facet normal 0 1 0
    outer loop
      vertex -27.45 -3.45 2
      vertex -24.55 -3.45 0
      vertex -27.45 -3.45 0
    endloop
  endfacet
  facet normal -1 0 0
    outer loop
      vertex -24.55 0.549999 0
      vertex -24.55 3.45 2
      vertex -24.55 3.45 0
    endloop
  endfacet
  facet normal -1 -0 0
    outer loop
      vertex -24.55 3.45 2
      vertex -24.55 0.549999 0
      vertex -24.55 0.549999 2
    endloop
  endfacet
  facet normal 1 -0 0
    outer loop
      vertex -27.45 0.549999 2
      vertex -27.45 3.45 0
      vertex -27.45 3.45 2
    endloop
  endfacet
  facet normal 1 0 0
    outer loop
      vertex -27.45 3.45 0
      vertex -27.45 0.549999 2
      vertex -27.45 0.549999 0
    endloop
  endfacet
  facet normal 0 -1 0
    outer loop
      vertex -27.45 3.45 0
      vertex -24.55 3.45 2
      vertex -27.45 3.45 2
    endloop
  endfacet
  facet normal 0 -1 -0
    outer loop
      vertex -24.55 3.45 2
      vertex -27.45 3.45 0
      vertex -24.55 3.45 0
    endloop
  endfacet
  facet normal 0 1 -0
    outer loop
      vertex -24.55 0.549999 0
      vertex -27.45 0.549999 2
      vertex -24.55 0.549999 2
    endloop
  endfacet
  facet normal 0 1 0
    outer loop
      vertex -27.45 0.549999 2
      vertex -24.55 0.549999 0
      vertex -27.45 0.549999 0
    endloop
  endfacet
  facet normal -1 0 0
    outer loop
      vertex -24.55 4.55 0
      vertex -24.55 7.45 2
      vertex -24.55 7.45 0
    endloop
  endfacet
  facet normal -1 -0 0
    outer loop
      vertex -24.55 7.45 2
      vertex -24.55 4.55 0
      vertex -24.55 4.55 2
    endloop
  endfacet
  facet normal 1 -0 0
    outer loop
      vertex -27.45 4.55 2
      vertex -27.45 7.45 0
      vertex -27.45 7.45 2
    endloop
  endfacet
  facet normal 1 0 0
    outer loop
      vertex -27.45 7.45 0
      vertex -27.45 4.55 2
      vertex -27.45 4.55 0
    endloop
  endfacet
  facet normal 0 -1 0
    outer loop
      vertex -27.45 7.45 0
      vertex -24.55 7.45 2
      vertex -27.45 7.45 2
    endloop
  endfacet
  facet normal 0 -1 -0
    outer loop
      vertex -24.55 7.45 2
      vertex -27.45 7.45 0
      vertex -24.55 7.45 0
    endloop
  endfacet
  facet normal 0 1 -0
    outer loop
      vertex -24.55 4.55 0
      vertex -27.45 4.55 2
      vertex -24.55 4.55 2
    endloop
  endfacet
  facet normal 0 1 0
    outer loop
      vertex -27.45 4.55 2
      vertex -24.55 4.55 0
      vertex -27.45 4.55 0
    endloop
  endfacet
  facet normal -1 0 0
    outer loop
      vertex -24.55 8.55 0
      vertex -24.55 11.45 2
      vertex -24.55 11.45 0
    endloop
  endfacet
  facet normal -1 -0 0
    outer loop
      vertex -24.55 11.45 2
      vertex -24.55 8.55 0
      vertex -24.55 8.55 2
    endloop
  endfacet
  facet normal 1 -0 0
    outer loop
      vertex -27.45 8.55 2
      vertex -27.45 11.45 0
      vertex -27.45 11.45 2
    endloop
  endfacet
  facet normal 1 0 0
    outer loop
      vertex -27.45 11.45 0
      vertex -27.45 8.55 2
      vertex -27.45 8.55 0
    endloop
  endfacet
  facet normal 0 -1 0
    outer loop
      vertex -27.45 11.45 0
      vertex -24.55 11.45 2
      vertex -27.45 11.45 2
    endloop
  endfacet
  facet normal 0 -1 -0
    outer loop
      vertex -24.55 11.45 2
      vertex -27.45 11.45 0
      vertex -24.55 11.45 0
    endloop
  endfacet
  facet normal 0 1 -0
    outer loop
      vertex -24.55 8.55 0
      vertex -27.45 8.55 2
      vertex -24.55 8.55 2
    endloop
  endfacet
  facet normal 0 1 0
    outer loop
      vertex -27.45 8.55 2
      vertex -24.55 8.55 0
      vertex -27.45 8.55 0
    endloop
  endfacet
  facet normal -1 0 0
    outer loop
      vertex -24.55 12.55 0
      vertex -24.55 15.45 2
      vertex -24.55 15.45 0
    endloop
  endfacet
  facet normal -1 -0 0
    outer loop
      vertex -24.55 15.45 2
      vertex -24.55 12.55 0
      vertex -24.55 12.55 2
    endloop
  endfacet
  facet normal 1 -0 0
    outer loop
      vertex -27.45 12.55 2
      vertex -27.45 15.45 0
      vertex -27.45 15.45 2
    endloop
  endfacet
  facet normal 1 0 0
    outer loop
      vertex -27.45 15.45 0
      vertex -27.45 12.55 2
      vertex -27.45 12.55 0
    endloop
  endfacet
  facet normal 0 -1 0
    outer loop
      vertex -27.45 15.45 0
      vertex -24.55 15.45 2
      vertex -27.45 15.45 2
    endloop
  endfacet
  facet normal 0 -1 -0
    outer loop
      vertex -24.55 15.45 2
      vertex -27.45 15.45 0
      vertex -24.55 15.45 0
    endloop
  endfacet
  facet normal 0 1 -0
    outer loop
      vertex -24.55 12.55 0
      vertex -27.45 12.55 2
      vertex -24.55 12.55 2
    endloop
  endfacet
  facet normal 0 1 0
    outer loop
      vertex -27.45 12.55 2
      vertex -24.55 12.55 0
      vertex -27.45 12.55 0
    endloop
  endfacet
  facet normal -1 0 0
    outer loop
      vertex -20.55 -15.45 0
      vertex -20.55 -12.55 2
      vertex -20.55 -12.55 0
    endloop
  endfacet
  facet normal -1 -0 0
    outer loop
      vertex -20.55 -12.55 2
      vertex -20.55 -15.45 0
      vertex -20.55 -15.45 2
    endloop
  endfacet
  facet normal 1 -0 0
    outer loop
      vertex -23.45 -15.45 2
      vertex -23.45 -12.55 0
      vertex -23.45 -12.55 2
    endloop
  endfacet
  facet normal 1 0 0
    outer loop
      vertex -23.45 -12.55 0
      vertex -23.45 -15.45 2
      vertex -23.45 -15.45 0
    endloop
  endfacet
  facet normal 0 -1 0
    outer loop
      vertex -23.45 -12.55 0
      vertex -20.55 -12.55 2
      vertex -23.45 -12.55 2
    endloop
  endfacet
  facet normal 0 -1 -0
    outer loop
      vertex -20.55 -12.55 2
      vertex -23.45 -12.55 0
      vertex -20.55 -12.55 0
    endloop
  endfacet
  facet normal 0 1 -0
    outer loop
      vertex -20.55 -15.45 0
      vertex -23.45 -15.45 2
      vertex -20.55 -15.45 2
    endloop
  endfacet
  facet normal 0 1 0
    outer loop
      vertex -23.45 -15.45 2
      vertex -20.55 -15.45 0
      vertex -23.45 -15.45 0
    endloop
  endfacet
  facet normal -1 0 0
    outer loop
      vertex -20.55 -11.45 0
      vertex -20.55 -8.55 2
      vertex -20.55 -8.55 0
    endloop
  endfacet
  facet normal -1 -0 0
    outer loop
      vertex -20.55 -8.55 2
      vertex -20.55 -11.45 0
      vertex -20.55 -11.45 2
    endloop
  endfacet
  facet normal 1 -0 0
    outer loop
      vertex -23.45 -11.45 2
      vertex -23.45 -8.55 0
      vertex -23.45 -8.55 2
    endloop
  endfacet
  facet normal 1 0 0
    outer loop
      vertex -23.45 -8.55 0
      vertex -23.45 -11.45 2
      vertex -23.45 -11.45 0
    endloop
  endfacet
  facet normal 0 -1 0
    outer loop
      vertex -23.45 -8.55 0
      vertex -20.55 -8.55 2
      vertex -23.45 -8.55 2
    endloop
  endfacet
  facet normal 0 -1 -0
    outer loop
      vertex -20.55 -8.55 2
      vertex -23.45 -8.55 0
      vertex -20.55 -8.55 0
    endloop
  endfacet
  facet normal 0 1 -0
    outer loop
      vertex -20.55 -11.45 0
      vertex -23.45 -11.45 2
      vertex -20.55 -11.45 2
    endloop
  endfacet
  facet normal 0 1 0
    outer loop
      vertex -23.45 -11.45 2
      vertex -20.55 -11.45 0
      vertex -23.45 -11.45 0
    endloop
  endfacet
  facet normal -1 0 0
    outer loop
      vertex -20.55 -7.45 0
      vertex -20.55 -4.55 2
      vertex -20.55 -4.55 0
    endloop
  endfacet
  facet normal -1 -0 0
    outer loop
      vertex -20.55 -4.55 2
      vertex -20.55 -7.45 0
      vertex -20.55 -7.45 2
    endloop
  endfacet
  facet normal 1 -0 0
    outer loop
      vertex -23.45 -7.45 2
      vertex -23.45 -4.55 0
      vertex -23.45 -4.55 2
    endloop
  endfacet
  facet normal 1 0 0
    outer loop
      vertex -23.45 -4.55 0
      vertex -23.45 -7.45 2
      vertex -23.45 -7.45 0
    endloop
  endfacet
  facet normal 0 -1 0
    outer loop
      vertex -23.45 -4.55 0
      vertex -20.55 -4.55 2
      vertex -23.45 -4.55 2
    endloop
  endfacet
  facet normal 0 -1 -0
    outer loop
      vertex -20.55 -4.55 2
      vertex -23.45 -4.55 0
      vertex -20.55 -4.55 0
    endloop
  endfacet
  facet normal 0 1 -0
    outer loop
      vertex -20.55 -7.45 0
      vertex -23.45 -7.45 2
      vertex -20.55 -7.45 2
    endloop
  endfacet
  facet normal 0 1 0
    outer loop
      vertex -23.45 -7.45 2
      vertex -20.55 -7.45 0
      vertex -23.45 -7.45 0
    endloop
  endfacet
  facet normal -1 0 0
    outer loop
      vertex -20.55 -3.45 0
      vertex -20.55 -0.549999 2
      vertex -20.55 -0.549999 0
    endloop
  endfacet
  facet normal -1 -0 0
    outer loop
      vertex -20.55 -0.549999 2
      vertex -20.55 -3.45 0
      vertex -20.55 -3.45 2
    endloop
  endfacet
  facet normal 1 -0 0
    outer loop
      vertex -23.45 -3.45 2
      vertex -23.45 -0.549999 0
      vertex -23.45 -0.549999 2
    endloop
  endfacet
  facet normal 1 0 0
    outer loop
      vertex -23.45 -0.549999 0
      vertex -23.45 -3.45 2
      vertex -23.45 -3.45 0
    endloop
  endfacet
  facet normal 0 -1 0
    outer loop
      vertex -23.45 -0.549999 0
      vertex -20.55 -0.549999 2
      vertex -23.45 -0.549999 2
    endloop
  endfacet
  facet normal 0 -1 -0
    outer loop
      vertex -20.55 -0.549999 2
      vertex -23.45 -0.549999 0
      vertex -20.55 -0.549999 0
    endloop
  endfacet
  facet normal 0 1 -0
    outer loop
      vertex -20.55 -3.45 0
      vertex -23.45 -3.45 2
      vertex -20.55 -3.45 2
    endloop
  endfacet
  facet normal 0 1 0
    outer loop
      vertex -23.45 -3.45 2
      vertex -20.55 -3.45 0
      vertex -23.45 -3.45 0
    endloop
  endfacet
  facet normal -1 0 0
    outer loop
      vertex -20.55 0.549999 0
      vertex -20.55 3.45 2
      vertex -20.55 3.45 0
    endloop
  endfacet
  facet normal -1 -0 0
    outer loop
      vertex -20.55 3.45 2
      vertex -20.55 0.549999 0
      vertex -20.55 0.549999 2
    endloop
  endfacet
  facet normal 1 -0 0
    outer loop
      vertex -23.45 0.549999 2
      vertex -23.45 3.45 0
      vertex -23.45 3.45 2
    endloop
  endfacet
  facet normal 1 0 0
    outer loop
      vertex -23.45 3.45 0
      vertex -23.45 0.549999 2
      vertex -23.45 0.549999 0
    endloop
  endfacet
  facet normal 0 -1 0
    outer loop
      vertex -23.45 3.45 0
      vertex -20.55 3.45 2
      vertex -23.45 3.45 2
    endloop
  endfacet
  facet normal 0 -1 -0
    outer loop
      vertex -20.55 3.45 2
      vertex -23.45 3.45 0
      vertex -20.55 3.45 0
    endloop
  endfacet
  facet normal 0 1 -0
    outer loop
      vertex -20.55 0.549999 0
      vertex -23.45 0.549999 2
      vertex -20.55 0.549999 2
    endloop
  endfacet
  facet normal 0 1 0
    outer loop
      vertex -23.45 0.549999 2
      vertex -20.55 0.549999 0
      vertex -23.45 0.549999 0
    endloop
  endfacet
  facet normal -1 0 0
    outer loop
      vertex -20.55 4.55 0
      vertex -20.55 7.45 2
      vertex -20.55 7.45 0
    endloop
  endfacet
  facet normal -1 -0 0
    outer loop
      vertex -20.55 7.45 2
      vertex -20.55 4.55 0
      vertex -20.55 4.55 2
    endloop
  endfacet
  facet normal 1 -0 0
    outer loop
      vertex -23.45 4.55 2
      vertex -23.45 7.45 0
      vertex -23.45 7.45 2
    endloop
  endfacet
  facet normal 1 0 0
    outer loop
      vertex -23.45 7.45 0
      vertex -23.45 4.55 2
      vertex -23.45 4.55 0
    endloop
  endfacet
  facet normal 0 -1 0
    outer loop
      vertex -23.45 7.45 0
      vertex -20.55 7.45 2
      vertex -23.45 7.45 2
    endloop
  endfacet
  facet normal 0 -1 -0
    outer loop
      vertex -20.55 7.45 2
      vertex -23.45 7.45 0
      vertex -20.55 7.45 0
    endloop
  endfacet
  facet normal 0 1 -0
    outer loop
      vertex -20.55 4.55 0
      vertex -23.45 4.55 2
      vertex -20.55 4.55 2
    endloop
  endfacet
  facet normal 0 1 0
    outer loop
      vertex -23.45 4.55 2
      vertex -20.55 4.55 0
      vertex -23.45 4.55 0
    endloop
  endfacet
  facet normal -1 0 0
    outer loop
      vertex -20.55 8.55 0
      vertex -20.55 11.45 2
      vertex -20.55 11.45 0
    endloop
  endfacet
  facet normal -1 -0 0
    outer loop
      vertex -20.55 11.45 2
      vertex -20.55 8.55 0
      vertex -20.55 8.55 2
    endloop
  endfacet
  facet normal 1 -0 0
    outer loop
      vertex -23.45 8.55 2
      vertex -23.45 11.45 0
      vertex -23.45 11.45 2
    endloop
  endfacet
  facet normal 1 0 0
    outer loop
      vertex -23.45 11.45 0
      vertex -23.45 8.55 2
      vertex -23.45 8.55 0
    endloop
  endfacet
  facet normal 0 -1 0
    outer loop
      vertex -23.45 11.45 0
      vertex -20.55 11.45 2
      vertex -23.45 11.45 2
    endloop
  endfacet
  facet normal 0 -1 -0
    outer loop
      vertex -20.55 11.45 2
      vertex -23.45 11.45 0
      vertex -20.55 11.45 0
    endloop
  endfacet
  facet normal 0 1 -0
    outer loop
      vertex -20.55 8.55 0
      vertex -23.45 8.55 2
      vertex -20.55 8.55 2
    endloop
  endfacet
  facet normal 0 1 0
    outer loop
      vertex -23.45 8.55 2
      vertex -20.55 8.55 0
      vertex -23.45 8.55 0
    endloop
  endfacet
  facet normal -1 0 0
    outer loop
      vertex -20.55 12.55 0
      vertex -20.55 15.45 2
      vertex -20.55 15.45 0
    endloop
  endfacet
  facet normal -1 -0 0
    outer loop
      vertex -20.55 15.45 2
      vertex -20.55 12.55 0
      vertex -20.55 12.55 2
    endloop
  endfacet
  facet normal 1 -0 0
    outer loop
      vertex -23.45 12.55 2
      vertex -23.45 15.45 0
      vertex -23.45 15.45 2
    endloop
  endfacet
  facet normal 1 0 0
    outer loop
      vertex -23.45 15.45 0
      vertex -23.45 12.55 2
      vertex -23.45 12.55 0
    endloop
  endfacet
  facet normal 0 -1 0
    outer loop
      vertex -23.45 15.45 0
      vertex -20.55 15.45 2
      vertex -23.45 15.45 2
    endloop
  endfacet
  facet normal 0 -1 -0
    outer loop
      vertex -20.55 15.45 2
      vertex -23.45 15.45 0
      vertex -20.55 15.45 0
    endloop
  endfacet
  facet normal 0 1 -0
    outer loop
      vertex -20.55 12.55 0
      vertex -23.45 12.55 2
      vertex -20.55 12.55 2
    endloop
  endfacet
  facet normal 0 1 0
    outer loop
      vertex -23.45 12.55 2
      vertex -20.55 12.55 0
      vertex -23.45 12.55 0
    endloop
  endfacet
  facet normal -1 0 0
    outer loop
      vertex -16.55 -15.45 0
      vertex -16.55 -12.55 2
      vertex -16.55 -12.55 0
    endloop
  endfacet
  facet normal -1 -0 0
    outer loop
      vertex -16.55 -12.55 2
      vertex -16.55 -15.45 0
      vertex -16.55 -15.45 2
    endloop
  endfacet
  facet normal 1 -0 0
    outer loop
      vertex -19.45 -15.45 2
      vertex -19.45 -12.55 0
      vertex -19.45 -12.55 2
    endloop
  endfacet
  facet normal 1 0 0
    outer loop
      vertex -19.45 -12.55 0
      vertex -19.45 -15.45 2
      vertex -19.45 -15.45 0
    endloop
  endfacet
  facet normal 0 -1 0
    outer loop
      vertex -19.45 -12.55 0
      vertex -16.55 -12.55 2
      vertex -19.45 -12.55 2
    endloop
  endfacet
  facet normal 0 -1 -0
    outer loop
      vertex -16.55 -12.55 2
      vertex -19.45 -12.55 0
      vertex -16.55 -12.55 0
    endloop
  endfacet
  facet normal 0 1 -0
    outer loop
      vertex -16.55 -15.45 0
      vertex -19.45 -15.45 2
      vertex -16.55 -15.45 2
    endloop
  endfacet
  facet normal 0 1 0
    outer loop
      vertex -19.45 -15.45 2
      vertex -16.55 -15.45 0
      vertex -19.45 -15.45 0
    endloop
  endfacet
  facet normal -1 0 0
    outer loop
      vertex -16.55 -11.45 0
      vertex -16.55 -8.55 2
      vertex -16.55 -8.55 0
    endloop
  endfacet
  facet normal -1 -0 0
    outer loop
      vertex -16.55 -8.55 2
      vertex -16.55 -11.45 0
      vertex -16.55 -11.45 2
    endloop
  endfacet
  facet normal 1 -0 0
    outer loop
      vertex -19.45 -11.45 2
      vertex -19.45 -8.55 0
      vertex -19.45 -8.55 2
    endloop
  endfacet
  facet normal 1 0 0
    outer loop
      vertex -19.45 -8.55 0
      vertex -19.45 -11.45 2
      vertex -19.45 -11.45 0
    endloop
  endfacet
  facet normal 0 -1 0
    outer loop
      vertex -19.45 -8.55 0
      vertex -16.55 -8.55 2
      vertex -19.45 -8.55 2
    endloop
  endfacet
  facet normal 0 -1 -0
    outer loop
      vertex -16.55 -8.55 2
      vertex -19.45 -8.55 0
      vertex -16.55 -8.55 0
    endloop
  endfacet
  facet normal 0 1 -0
    outer loop
      vertex -16.55 -11.45 0
      vertex -19.45 -11.45 2
      vertex -16.55 -11.45 2
    endloop
  endfacet
  facet normal 0 1 0
    outer loop
      vertex -19.45 -11.45 2
      vertex -16.55 -11.45 0
      vertex -19.45 -11.45 0
    endloop
  endfacet
  facet normal -1 0 0
    outer loop
      vertex -16.55 -7.45 0
      vertex -16.55 -4.55 2
      vertex -16.55 -4.55 0
    endloop
  endfacet
  facet normal -1 -0 0
    outer loop
      vertex -16.55 -4.55 2
      vertex -16.55 -7.45 0
      vertex -16.55 -7.45 2
    endloop
  endfacet
  facet normal 1 -0 0
    outer loop
      vertex -19.45 -7.45 2
      vertex -19.45 -4.55 0
      vertex -19.45 -4.55 2
    endloop
  endfacet
  facet normal 1 0 0
    outer loop
      vertex -19.45 -4.55 0
      vertex -19.45 -7.45 2
      vertex -19.45 -7.45 0
    endloop
  endfacet
  facet normal 0 -1 0
    outer loop
      vertex -19.45 -4.55 0
      vertex -16.55 -4.55 2
      vertex -19.45 -4.55 2
    endloop
  endfacet
  facet normal 0 -1 -0
    outer loop
      vertex -16.55 -4.55 2
      vertex -19.45 -4.55 0
      vertex -16.55 -4.55 0
    endloop
  endfacet
  facet normal 0 1 -0
    outer loop
      vertex -16.55 -7.45 0
      vertex -19.45 -7.45 2
      vertex -16.55 -7.45 2
    endloop
  endfacet
  facet normal 0 1 0
    outer loop
      vertex -19.45 -7.45 2
      vertex -16.55 -7.45 0
      vertex -19.45 -7.45 0
    endloop
  endfacet
  facet normal -1 0 0
    outer loop
      vertex -16.55 -3.45 0
      vertex -16.55 -0.549999 2
      vertex -16.55 -0.549999 0
    endloop
  endfacet
  facet normal -1 -0 0
    outer loop
      vertex -16.55 -0.549999 2
      vertex -16.55 -3.45 0
      vertex -16.55 -3.45 2
    endloop
  endfacet
  facet normal 1 -0 0
    outer loop
      vertex -19.45 -3.45 2
      vertex -19.45 -0.549999 0
      vertex -19.45 -0.549999 2
    endloop
  endfacet
  facet normal 1 0 0
    outer loop
      vertex -19.45 -0.549999 0
      vertex -19.45 -3.45 2
      vertex -19.45 -3.45 0
    endloop
  endfacet
  facet normal 0 -1 0
    outer loop
      vertex -19.45 -0.549999 0
      vertex -16.55 -0.549999 2
      vertex -19.45 -0.549999 2
    endloop
  endfacet
  facet normal 0 -1 -0
    outer loop
      vertex -16.55 -0.549999 2
      vertex -19.45 -0.549999 0
      vertex -16.55 -0.549999 0
    endloop
  endfacet
  facet normal 0 1 -0
    outer loop
      vertex -16.55 -3.45 0
      vertex -19.45 -3.45 2
      vertex -16.55 -3.45 2
    endloop
  endfacet
  facet normal 0 1 0
    outer loop
      vertex -19.45 -3.45 2
      vertex -16.55 -3.45 0
      vertex -19.45 -3.45 0
    endloop
  endfacet
  facet normal -1 0 0
    outer loop
      vertex -16.55 0.549999 0
      vertex -16.55 3.45 2
      vertex -16.55 3.45 0
    endloop
  endfacet
  facet normal -1 -0 0
    outer loop
      vertex -16.55 3.45 2
      vertex -16.55 0.549999 0
      vertex -16.55 0.549999 2
    endloop
  endfacet
  facet normal 1 -0 0
    outer loop
      vertex -19.45 0.549999 2
      vertex -19.45 3.45 0
      vertex -19.45 3.45 2
    endloop
  endfacet
  facet normal 1 0 0
    outer loop
      vertex -19.45 3.45 0
      vertex -19.45 0.549999 2
      vertex -19.45 0.549999 0
    endloop
  endfacet
  facet normal 0 -1 0
    outer loop
      vertex -19.45 3.45 0
      vertex -16.55 3.45 2
      vertex -19.45 3.45 2
    endloop
  endfacet
  facet normal 0 -1 -0
    outer loop
      vertex -16.55 3.45 2
      vertex -19.45 3.45 0
      vertex -16.55 3.45 0
    endloop
  endfacet
  facet normal 0 1 -0
    outer loop
      vertex -16.55 0.549999 0
      vertex -19.45 0.549999 2
      vertex -16.55 0.549999 2
    endloop
  endfacet
  facet normal 0 1 0
    outer loop
      vertex -19.45 0.549999 2
      vertex -16.55 0.549999 0
      vertex -19.45 0.549999 0
    endloop
  endfacet
  facet normal -1 0 0
    outer loop
      vertex -16.55 4.55 0
      vertex -16.55 7.45 2
      vertex -16.55 7.45 0
    endloop
  endfacet
  facet normal -1 -0 0
    outer loop
      vertex -16.55 7.45 2
      vertex -16.55 4.55 0
      vertex -16.55 4.55 2
    endloop
  endfacet
  facet normal 1 -0 0
    outer loop
      vertex -19.45 4.55 2
      vertex -19.45 7.45 0
      vertex -19.45 7.45 2
    endloop
  endfacet
  facet normal 1 0 0
    outer loop
      vertex -19.45 7.45 0
      vertex -19.45 4.55 2
      vertex -19.45 4.55 0
    endloop
  endfacet
  facet normal 0 -1 0
    outer loop
      vertex -19.45 7.45 0
      vertex -16.55 7.45 2
      vertex -19.45 7.45 2
    endloop
  endfacet
  facet normal 0 -1 -0
    outer loop
      vertex -16.55 7.45 2
      vertex -19.45 7.45 0
      vertex -16.55 7.45 0
    endloop
  endfacet
  facet normal 0 1 -0
    outer loop
      vertex -16.55 4.55 0
      vertex -19.45 4.55 2
      vertex -16.55 4.55 2
    endloop
  endfacet
  facet normal 0 1 0
    outer loop
      vertex -19.45 4.55 2
      vertex -16.55 4.55 0
      vertex -19.45 4.55 0
    endloop
  endfacet
  facet normal -1 0 0
    outer loop
      vertex -16.55 8.55 0
      vertex -16.55 11.45 2
      vertex -16.55 11.45 0
    endloop
  endfacet
  facet normal -1 -0 0
    outer loop
      vertex -16.55 11.45 2
      vertex -16.55 8.55 0
      vertex -16.55 8.55 2
    endloop
  endfacet
  facet normal 1 -0 0
    outer loop
      vertex -19.45 8.55 2
      vertex -19.45 11.45 0
      vertex -19.45 11.45 2
    endloop
  endfacet
  facet normal 1 0 0
    outer loop
      vertex -19.45 11.45 0
      vertex -19.45 8.55 2
      vertex -19.45 8.55 0
    endloop
  endfacet
  facet normal 0 -1 0
    outer loop
      vertex -19.45 11.45 0
      vertex -16.55 11.45 2
      vertex -19.45 11.45 2
    endloop
  endfacet
  facet normal 0 -1 -0
    outer loop
      vertex -16.55 11.45 2
      vertex -19.45 11.45 0
      vertex -16.55 11.45 0
    endloop
  endfacet
  facet normal 0 1 -0
    outer loop
      vertex -16.55 8.55 0
      vertex -19.45 8.55 2
      vertex -16.55 8.55 2
    endloop
  endfacet
  facet normal 0 1 0
    outer loop
      vertex -19.45 8.55 2
      vertex -16.55 8.55 0
      vertex -19.45 8.55 0
    endloop
  endfacet
  facet normal -1 0 0
    outer loop
      vertex -16.55 12.55 0
      vertex -16.55 15.45 2
      vertex -16.55 15.45 0
    endloop
  endfacet
  facet normal -1 -0 0
    outer loop
      vertex -16.55 15.45 2
      vertex -16.55 12.55 0
      vertex -16.55 12.55 2
    endloop
  endfacet
  facet normal 1 -0 0
    outer loop
      vertex -19.45 12.55 2
      vertex -19.45 15.45 0
      vertex -19.45 15.45 2
    endloop
  endfacet
  facet normal 1 0 0
    outer loop
      vertex -19.45 15.45 0
      vertex -19.45 12.55 2
      vertex -19.45 12.55 0
    endloop
  endfacet
  facet normal 0 -1 0
    outer loop
      vertex -19.45 15.45 0
      vertex -16.55 15.45 2
      vertex -19.45 15.45 2
    endloop
  endfacet
  facet normal 0 -1 -0
    outer loop
      vertex -16.55 15.45 2
      vertex -19.45 15.45 0
      vertex -16.55 15.45 0
    endloop
  endfacet
  facet normal 0 1 -0
    outer loop
      vertex -16.55 12.55 0
      vertex -19.45 12.55 2
      vertex -16.55 12.55 2
    endloop
  endfacet
  facet normal 0 1 0
    outer loop
      vertex -19.45 12.55 2
      vertex -16.55 12.55 0
      vertex -19.45 12.55 0
    endloop
  endfacet
  facet normal -1 0 0
    outer loop
      vertex -12.55 -15.45 0
      vertex -12.55 -12.55 2
      vertex -12.55 -12.55 0
    endloop
  endfacet
  facet normal -1 -0 0
    outer loop
      vertex -12.55 -12.55 2
      vertex -12.55 -15.45 0
      vertex -12.55 -15.45 2
    endloop
  endfacet
  facet normal 1 -0 0
    outer loop
      vertex -15.45 -15.45 2
      vertex -15.45 -12.55 0
      vertex -15.45 -12.55 2
    endloop
  endfacet
  facet normal 1 0 0
    outer loop
      vertex -15.45 -12.55 0
      vertex -15.45 -15.45 2
      vertex -15.45 -15.45 0
    endloop
  endfacet
  facet normal 0 -1 0
    outer loop
      vertex -15.45 -12.55 0
      vertex -12.55 -12.55 2
      vertex -15.45 -12.55 2
    endloop
  endfacet
  facet normal 0 -1 -0
    outer loop
      vertex -12.55 -12.55 2
      vertex -15.45 -12.55 0
      vertex -12.55 -12.55 0
    endloop
  endfacet
  facet normal 0 1 -0
    outer loop
      vertex -12.55 -15.45 0
      vertex -15.45 -15.45 2
      vertex -12.55 -15.45 2
    endloop
  endfacet
  facet normal 0 1 0
    outer loop
      vertex -15.45 -15.45 2
      vertex -12.55 -15.45 0
      vertex -15.45 -15.45 0
    endloop
  endfacet
  facet normal -1 0 0
    outer loop
      vertex -12.55 -11.45 0
      vertex -12.55 -8.55 2
      vertex -12.55 -8.55 0
    endloop
  endfacet
  facet normal -1 -0 0
    outer loop
      vertex -12.55 -8.55 2
      vertex -12.55 -11.45 0
      vertex -12.55 -11.45 2
    endloop
  endfacet
  facet normal 1 -0 0
    outer loop
      vertex -15.45 -11.45 2
      vertex -15.45 -8.55 0
      vertex -15.45 -8.55 2
    endloop
  endfacet
  facet normal 1 0 0
    outer loop
      vertex -15.45 -8.55 0
      vertex -15.45 -11.45 2
      vertex -15.45 -11.45 0
    endloop
  endfacet
  facet normal 0 -1 0
    outer loop
      vertex -15.45 -8.55 0
      vertex -12.55 -8.55 2
      vertex -15.45 -8.55 2
    endloop
  endfacet
  facet normal 0 -1 -0
    outer loop
      vertex -12.55 -8.55 2
      vertex -15.45 -8.55 0
      vertex -12.55 -8.55 0
    endloop
  endfacet
  facet normal 0 1 -0
    outer loop
      vertex -12.55 -11.45 0
      vertex -15.45 -11.45 2
      vertex -12.55 -11.45 2
    endloop
  endfacet
  facet normal 0 1 0
    outer loop
      vertex -15.45 -11.45 2
      vertex -12.55 -11.45 0
      vertex -15.45 -11.45 0
    endloop
  endfacet
  facet normal -1 0 0
    outer loop
      vertex -12.55 -7.45 0
      vertex -12.55 -4.55 2
      vertex -12.55 -4.55 0
    endloop
  endfacet
  facet normal -1 -0 0
    outer loop
      vertex -12.55 -4.55 2
      vertex -12.55 -7.45 0
      vertex -12.55 -7.45 2
    endloop
  endfacet
  facet normal 1 -0 0
    outer loop
      vertex -15.45 -7.45 2
      vertex -15.45 -4.55 0
      vertex -15.45 -4.55 2
    endloop
  endfacet
  facet normal 1 0 0
    outer loop
      vertex -15.45 -4.55 0
      vertex -15.45 -7.45 2
      vertex -15.45 -7.45 0
    endloop
  endfacet
  facet normal 0 -1 0
    outer loop
      vertex -15.45 -4.55 0
      vertex -12.55 -4.55 2
      vertex -15.45 -4.55 2
    endloop
  endfacet
  facet normal 0 -1 -0
    outer loop
      vertex -12.55 -4.55 2
      vertex -15.45 -4.55 0
      vertex -12.55 -4.55 0
    endloop
  endfacet
  facet normal 0 1 -0
    outer loop
      vertex -12.55 -7.45 0
      vertex -15.45 -7.45 2
      vertex -12.55 -7.45 2
    endloop
  endfacet
  facet normal 0 1 0
    outer loop
      vertex -15.45 -7.45 2
      vertex -12.55 -7.45 0
      vertex -15.45 -7.45 0
    endloop
  endfacet
  facet normal -1 0 0
    outer loop
      vertex -12.55 -3.45 0
      vertex -12.55 -0.549999 2
      vertex -12.55 -0.549999 0
    endloop
  endfacet
  facet normal -1 -0 0
    outer loop
      vertex -12.55 -0.549999 2
      vertex -12.55 -3.45 0
      vertex -12.55 -3.45 2
    endloop
  endfacet
  facet normal 1 -0 0
    outer loop
      vertex -15.45 -3.45 2
      vertex -15.45 -0.549999 0
      vertex -15.45 -0.549999 2
    endloop
  endfacet
  facet normal 1 0 0
    outer loop
      vertex -15.45 -0.549999 0
      vertex -15.45 -3.45 2
      vertex -15.45 -3.45 0
    endloop
  endfacet
  facet normal 0 -1 0
    outer loop
      vertex -15.45 -0.549999 0
      vertex -12.55 -0.549999 2
      vertex -15.45 -0.549999 2
    endloop
  endfacet
  facet normal 0 -1 -0
    outer loop
      vertex -12.55 -0.549999 2
      vertex -15.45 -0.549999 0
      vertex -12.55 -0.549999 0
    endloop
  endfacet
  facet normal 0 1 -0
    outer loop
      vertex -12.55 -3.45 0
      vertex -15.45 -3.45 2
      vertex -12.55 -3.45 2
    endloop
  endfacet
  facet normal 0 1 0
    outer loop
      vertex -15.45 -3.45 2
      vertex -12.55 -3.45 0
      vertex -15.45 -3.45 0
    endloop
  endfacet
  facet normal -1 0 0
    outer loop
      vertex -12.55 0.549999 0
      vertex -12.55 3.45 2
      vertex -12.55 3.45 0
    endloop
  endfacet
  facet normal -1 -0 0
    outer loop
      vertex -12.55 3.45 2
      vertex -12.55 0.549999 0
      vertex -12.55 0.549999 2
    endloop
  endfacet
  facet normal 1 -0 0
    outer loop
      vertex -15.45 0.549999 2
      vertex -15.45 3.45 0
      vertex -15.45 3.45 2
    endloop
  endfacet
  facet normal 1 0 0
    outer loop
      vertex -15.45 3.45 0
      vertex -15.45 0.549999 2
      vertex -15.45 0.549999 0
    endloop
  endfacet
  facet normal 0 -1 0
    outer loop
      vertex -15.45 3.45 0
      vertex -12.55 3.45 2
      vertex -15.45 3.45 2
    endloop
  endfacet
  facet normal 0 -1 -0
    outer loop
      vertex -12.55 3.45 2
      vertex -15.45 3.45 0
      vertex -12.55 3.45 0
    endloop
  endfacet
  facet normal 0 1 -0
    outer loop
      vertex -12.55 0.549999 0
      vertex -15.45 0.549999 2
      vertex -12.55 0.549999 2
    endloop
  endfacet
  facet normal 0 1 0
    outer loop
      vertex -15.45 0.549999 2
      vertex -12.55 0.549999 0
      vertex -15.45 0.549999 0
    endloop
  endfacet
  facet normal -1 0 0
    outer loop
      vertex -12.55 4.55 0
      vertex -12.55 7.45 2
      vertex -12.55 7.45 0
    endloop
  endfacet
  facet normal -1 -0 0
    outer loop
      vertex -12.55 7.45 2
      vertex -12.55 4.55 0
      vertex -12.55 4.55 2
    endloop
  endfacet
  facet normal 1 -0 0
    outer loop
      vertex -15.45 4.55 2
      vertex -15.45 7.45 0
      vertex -15.45 7.45 2
    endloop
  endfacet
  facet normal 1 0 0
    outer loop
      vertex -15.45 7.45 0
      vertex -15.45 4.55 2
      vertex -15.45 4.55 0
    endloop
  endfacet
  facet normal 0 -1 0
    outer loop
      vertex -15.45 7.45 0
      vertex -12.55 7.45 2
      vertex -15.45 7.45 2
    endloop
  endfacet
  facet normal 0 -1 -0
    outer loop
      vertex -12.55 7.45 2
      vertex -15.45 7.45 0
      vertex -12.55 7.45 0
    endloop
  endfacet
  facet normal 0 1 -0
    outer loop
      vertex -12.55 4.55 0
      vertex -15.45 4.55 2
      vertex -12.55 4.55 2
    endloop
  endfacet
  facet normal 0 1 0
    outer loop
      vertex -15.45 4.55 2
      vertex -12.55 4.55 0
      vertex -15.45 4.55 0
    endloop
  endfacet
  facet normal -1 0 0
    outer loop
      vertex -12.55 8.55 0
      vertex -12.55 11.45 2
      vertex -12.55 11.45 0
    endloop
  endfacet
  facet normal -1 -0 0
    outer loop
      vertex -12.55 11.45 2
      vertex -12.55 8.55 0
      vertex -12.55 8.55 2
    endloop
  endfacet
  facet normal 1 -0 0
    outer loop
      vertex -15.45 8.55 2
      vertex -15.45 11.45 0
      vertex -15.45 11.45 2
    endloop
  endfacet
  facet normal 1 0 0
    outer loop
      vertex -15.45 11.45 0
      vertex -15.45 8.55 2
      vertex -15.45 8.55 0
    endloop
  endfacet
  facet normal 0 -1 0
    outer loop
      vertex -15.45 11.45 0
      vertex -12.55 11.45 2
      vertex -15.45 11.45 2
    endloop
  endfacet
  facet normal 0 -1 -0
    outer loop
      vertex -12.55 11.45 2
      vertex -15.45 11.45 0
      vertex -12.55 11.45 0
    endloop
  endfacet
  facet normal 0 1 -0
    outer loop
      vertex -12.55 8.55 0
      vertex -15.45 8.55 2
      vertex -12.55 8.55 2
    endloop
  endfacet
  facet normal 0 1 0
    outer loop
      vertex -15.45 8.55 2
      vertex -12.55 8.55 0
      vertex -15.45 8.55 0
    endloop
  endfacet
  facet normal -1 0 0
    outer loop
      vertex -12.55 12.55 0
      vertex -12.55 15.45 2
      vertex -12.55 15.45 0
    endloop
  endfacet
  facet normal -1 -0 0
    outer loop
      vertex -12.55 15.45 2
      vertex -12.55 12.55 0
      vertex -12.55 12.55 2
    endloop
  endfacet
  facet normal 1 -0 0
    outer loop
      vertex -15.45 12.55 2
      vertex -15.45 15.45 0
      vertex -15.45 15.45 2
    endloop
  endfacet
  facet normal 1 0 0
    outer loop
      vertex -15.45 15.45 0
      vertex -15.45 12.55 2
      vertex -15.45 12.55 0
    endloop
  endfacet
  facet normal 0 -1 0
    outer loop
      vertex -15.45 15.45 0
      vertex -12.55 15.45 2
      vertex -15.45 15.45 2
    endloop
  endfacet
  facet normal 0 -1 -0
    outer loop
      vertex -12.55 15.45 2
      vertex -15.45 15.45 0
      vertex -12.55 15.45 0
    endloop
  endfacet
  facet normal 0 1 -0
    outer loop
      vertex -12.55 12.55 0
      vertex -15.45 12.55 2
      vertex -12.55 12.55 2
    endloop
  endfacet
  facet normal 0 1 0
    outer loop
      vertex -15.45 12.55 2
      vertex -12.55 12.55 0
      vertex -15.45 12.55 0
    endloop
  endfacet
  facet normal -1 0 0
    outer loop
      vertex -8.55 -15.45 0
      vertex -8.55 -12.55 2
      vertex -8.55 -12.55 0
    endloop
  endfacet
  facet normal -1 -0 0
    outer loop
      vertex -8.55 -12.55 2
      vertex -8.55 -15.45 0
      vertex -8.55 -15.45 2
    endloop
  endfacet
  facet normal 1 -0 0
    outer loop
      vertex -11.45 -15.45 2
      vertex -11.45 -12.55 0
      vertex -11.45 -12.55 2
    endloop
  endfacet
  facet normal 1 0 0
    outer loop
      vertex -11.45 -12.55 0
      vertex -11.45 -15.45 2
      vertex -11.45 -15.45 0
    endloop
  endfacet
  facet normal 0 -1 0
    outer loop
      vertex -11.45 -12.55 0
      vertex -8.55 -12.55 2
      vertex -11.45 -12.55 2
    endloop
  endfacet
  facet normal 0 -1 -0
    outer loop
      vertex -8.55 -12.55 2
      vertex -11.45 -12.55 0
      vertex -8.55 -12.55 0
    endloop
  endfacet
  facet normal 0 1 -0
    outer loop
      vertex -8.55 -15.45 0
      vertex -11.45 -15.45 2
      vertex -8.55 -15.45 2
    endloop
  endfacet
  facet normal 0 1 0
    outer loop
      vertex -11.45 -15.45 2
      vertex -8.55 -15.45 0
      vertex -11.45 -15.45 0
    endloop
  endfacet
  facet normal -1 0 0
    outer loop
      vertex -8.55 -11.45 0
      vertex -8.55 -8.55 2
      vertex -8.55 -8.55 0
    endloop
  endfacet
  facet normal -1 -0 0
    outer loop
      vertex -8.55 -8.55 2
      vertex -8.55 -11.45 0
      vertex -8.55 -11.45 2
    endloop
  endfacet
  facet normal 1 -0 0
    outer loop
      vertex -11.45 -11.45 2
      vertex -11.45 -8.55 0
      vertex -11.45 -8.55 2
    endloop
  endfacet
  facet normal 1 0 0
    outer loop
      vertex -11.45 -8.55 0
      vertex -11.45 -11.45 2
      vertex -11.45 -11.45 0
    endloop
  endfacet
  facet normal 0 -1 0
    outer loop
      vertex -11.45 -8.55 0
      vertex -8.55 -8.55 2
      vertex -11.45 -8.55 2
    endloop
  endfacet
  facet normal 0 -1 -0
    outer loop
      vertex -8.55 -8.55 2
      vertex -11.45 -8.55 0
      vertex -8.55 -8.55 0
    endloop
  endfacet
  facet normal 0 1 -0
    outer loop
      vertex -8.55 -11.45 0
      vertex -11.45 -11.45 2
      vertex -8.55 -11.45 2
    endloop
  endfacet
  facet normal 0 1 0
    outer loop
      vertex -11.45 -11.45 2
      vertex -8.55 -11.45 0
      vertex -11.45 -11.45 0
    endloop
  endfacet
  facet normal -1 0 0
    outer loop
      vertex -8.55 -7.45 0
      vertex -8.55 -4.55 2
      vertex -8.55 -4.55 0
    endloop
  endfacet
  facet normal -1 -0 0
    outer loop
      vertex -8.55 -4.55 2
      vertex -8.55 -7.45 0
      vertex -8.55 -7.45 2
    endloop
  endfacet
  facet normal 1 -0 0
    outer loop
      vertex -11.45 -7.45 2
      vertex -11.45 -4.55 0
      vertex -11.45 -4.55 2
    endloop
  endfacet
  facet normal 1 0 0
    outer loop
      vertex -11.45 -4.55 0
      vertex -11.45 -7.45 2
      vertex -11.45 -7.45 0
    endloop
  endfacet
  facet normal 0 -1 0
    outer loop
      vertex -11.45 -4.55 0
      vertex -8.55 -4.55 2
      vertex -11.45 -4.55 2
    endloop
  endfacet
  facet normal 0 -1 -0
    outer loop
      vertex -8.55 -4.55 2
      vertex -11.45 -4.55 0
      vertex -8.55 -4.55 0
    endloop
  endfacet
  facet normal 0 1 -0
    outer loop
      vertex -8.55 -7.45 0
      vertex -11.45 -7.45 2
      vertex -8.55 -7.45 2
    endloop
  endfacet
  facet normal 0 1 0
    outer loop
      vertex -11.45 -7.45 2
      vertex -8.55 -7.45 0
      vertex -11.45 -7.45 0
    endloop
  endfacet
  facet normal -1 0 0
    outer loop
      vertex -8.55 -3.45 0
      vertex -8.55 -0.549999 2
      vertex -8.55 -0.549999 0
    endloop
  endfacet
  facet normal -1 -0 0
    outer loop
      vertex -8.55 -0.549999 2
      vertex -8.55 -3.45 0
      vertex -8.55 -3.45 2
    endloop
  endfacet
  facet normal 1 -0 0
    outer loop
      vertex -11.45 -3.45 2
      vertex -11.45 -0.549999 0
      vertex -11.45 -0.549999 2
    endloop
  endfacet
  facet normal 1 0 0
    outer loop
      vertex -11.45 -0.549999 0
      vertex -11.45 -3.45 2
      vertex -11.45 -3.45 0
    endloop
  endfacet
  facet normal 0 -1 0
    outer loop
      vertex -11.45 -0.549999 0
      vertex -8.55 -0.549999 2
      vertex -11.45 -0.549999 2
    endloop
  endfacet
  facet normal 0 -1 -0
    outer loop
      vertex -8.55 -0.549999 2
      vertex -11.45 -0.549999 0
      vertex -8.55 -0.549999 0
    endloop
  endfacet
  facet normal 0 1 -0
    outer loop
      vertex -8.55 -3.45 0
      vertex -11.45 -3.45 2
      vertex -8.55 -3.45 2
    endloop
  endfacet
  facet normal 0 1 0
    outer loop
      vertex -11.45 -3.45 2
      vertex -8.55 -3.45 0
      vertex -11.45 -3.45 0
    endloop
  endfacet
  facet normal -1 0 0
    outer loop
      vertex -8.55 0.549999 0
      vertex -8.55 3.45 2
      vertex -8.55 3.45 0
    endloop
  endfacet
  facet normal -1 -0 0
    outer loop
      vertex -8.55 3.45 2
      vertex -8.55 0.549999 0
      vertex -8.55 0.549999 2
    endloop
  endfacet
  facet normal 1 -0 0
    outer loop
      vertex -11.45 0.549999 2
      vertex -11.45 3.45 0
      vertex -11.45 3.45 2
    endloop
  endfacet
  facet normal 1 0 0
    outer loop
      vertex -11.45 3.45 0
      vertex -11.45 0.549999 2
      vertex -11.45 0.549999 0
    endloop
  endfacet
  facet normal 0 -1 0
    outer loop
      vertex -11.45 3.45 0
      vertex -8.55 3.45 2
      vertex -11.45 3.45 2
    endloop
  endfacet
  facet normal 0 -1 -0
    outer loop
      vertex -8.55 3.45 2
      vertex -11.45 3.45 0
      vertex -8.55 3.45 0
    endloop
  endfacet
  facet normal 0 1 -0
    outer loop
      vertex -8.55 0.549999 0
      vertex -11.45 0.549999 2
      vertex -8.55 0.549999 2
    endloop
  endfacet
  facet normal 0 1 0
    outer loop
      vertex -11.45 0.549999 2
      vertex -8.55 0.549999 0
      vertex -11.45 0.549999 0
    endloop
  endfacet
  facet normal -1 0 0
    outer loop
      vertex -8.55 4.55 0
      vertex -8.55 7.45 2
      vertex -8.55 7.45 0
    endloop
  endfacet
  facet normal -1 -0 0
    outer loop
      vertex -8.55 7.45 2
      vertex -8.55 4.55 0
      vertex -8.55 4.55 2
    endloop
  endfacet
  facet normal 1 -0 0
    outer loop
      vertex -11.45 4.55 2
      vertex -11.45 7.45 0
      vertex -11.45 7.45 2
    endloop
  endfacet
  facet normal 1 0 0
    outer loop
      vertex -11.45 7.45 0
      vertex -11.45 4.55 2
      vertex -11.45 4.55 0
    endloop
  endfacet
  facet normal 0 -1 0
    outer loop
      vertex -11.45 7.45 0
      vertex -8.55 7.45 2
      vertex -11.45 7.45 2
    endloop
  endfacet
  facet normal 0 -1 -0
    outer loop
      vertex -8.55 7.45 2
      vertex -11.45 7.45 0
      vertex -8.55 7.45 0
    endloop
  endfacet
  facet normal 0 1 -0
    outer loop
      vertex -8.55 4.55 0
      vertex -11.45 4.55 2
      vertex -8.55 4.55 2
    endloop
  endfacet
  facet normal 0 1 0
    outer loop
      vertex -11.45 4.55 2
      vertex -8.55 4.55 0
      vertex -11.45 4.55 0
    endloop
  endfacet
  facet normal -1 0 0
    outer loop
      vertex -8.55 8.55 0
      vertex -8.55 11.45 2
      vertex -8.55 11.45 0
    endloop
  endfacet
  facet normal -1 -0 0
    outer loop
      vertex -8.55 11.45 2
      vertex -8.55 8.55 0
      vertex -8.55 8.55 2
    endloop
  endfacet
  facet normal 1 -0 0
    outer loop
      vertex -11.45 8.55 2
      vertex -11.45 11.45 0
      vertex -11.45 11.45 2
    endloop
  endfacet
  facet normal 1 0 0
    outer loop
      vertex -11.45 11.45 0
      vertex -11.45 8.55 2
      vertex -11.45 8.55 0
    endloop
  endfacet
  facet normal 0 -1 0
    outer loop
      vertex -11.45 11.45 0
      vertex -8.55 11.45 2
      vertex -11.45 11.45 2
    endloop
  endfacet
  facet normal 0 -1 -0
    outer loop
      vertex -8.55 11.45 2
      vertex -11.45 11.45 0
      vertex -8.55 11.45 0
    endloop
  endfacet
  facet normal 0 1 -0
    outer loop
      vertex -8.55 8.55 0
      vertex -11.45 8.55 2
      vertex -8.55 8.55 2
    endloop
  endfacet
  facet normal 0 1 0
    outer loop
      vertex -11.45 8.55 2
      vertex -8.55 8.55 0
      vertex -11.45 8.55 0
    endloop
  endfacet
  facet normal -1 0 0
    outer loop
      vertex -8.55 12.55 0
      vertex -8.55 15.45 2
      vertex -8.55 15.45 0
    endloop
  endfacet
  facet normal -1 -0 0
    outer loop
      vertex -8.55 15.45 2
      vertex -8.55 12.55 0
      vertex -8.55 12.55 2
    endloop
  endfacet
  facet normal 1 -0 0
    outer loop
      vertex -11.45 12.55 2
      vertex -11.45 15.45 0
      vertex -11.45 15.45 2
    endloop
  endfacet
  facet normal 1 0 0
    outer loop
      vertex -11.45 15.45 0
      vertex -11.45 12.55 2
      vertex -11.45 12.55 0
    endloop
  endfacet
  facet normal 0 -1 0
    outer loop
      vertex -11.45 15.45 0
      vertex -8.55 15.45 2
      vertex -11.45 15.45 2
    endloop
  endfacet
  facet normal 0 -1 -0
    outer loop
      vertex -8.55 15.45 2
      vertex -11.45 15.45 0
      vertex -8.55 15.45 0
    endloop
  endfacet
  facet normal 0 1 -0
    outer loop
      vertex -8.55 12.55 0
      vertex -11.45 12.55 2
      vertex -8.55 12.55 2
    endloop
  endfacet
  facet normal 0 1 0
    outer loop
      vertex -11.45 12.55 2
      vertex -8.55 12.55 0
      vertex -11.45 12.55 0
    endloop
  endfacet
  facet normal -1 0 0
    outer loop
      vertex -4.55 -15.45 0
      vertex -4.55 -12.55 2
      vertex -4.55 -12.55 0
    endloop
  endfacet
  facet normal -1 -0 0
    outer loop
      vertex -4.55 -12.55 2
      vertex -4.55 -15.45 0
      vertex -4.55 -15.45 2
    endloop
  endfacet
  facet normal 1 -0 0
    outer loop
      vertex -7.45 -15.45 2
      vertex -7.45 -12.55 0
      vertex -7.45 -12.55 2
    endloop
  endfacet
  facet normal 1 0 0
    outer loop
      vertex -7.45 -12.55 0
      vertex -7.45 -15.45 2
      vertex -7.45 -15.45 0
    endloop
  endfacet
  facet normal 0 -1 0
    outer loop
      vertex -7.45 -12.55 0
      vertex -4.55 -12.55 2
      vertex -7.45 -12.55 2
    endloop
  endfacet
  facet normal 0 -1 -0
    outer loop
      vertex -4.55 -12.55 2
      vertex -7.45 -12.55 0
      vertex -4.55 -12.55 0
    endloop
  endfacet
  facet normal 0 1 -0
    outer loop
      vertex -4.55 -15.45 0
      vertex -7.45 -15.45 2
      vertex -4.55 -15.45 2
    endloop
  endfacet
  facet normal 0 1 0
    outer loop
      vertex -7.45 -15.45 2
      vertex -4.55 -15.45 0
      vertex -7.45 -15.45 0
    endloop
  endfacet
  facet normal -1 0 0
    outer loop
      vertex -4.55 -11.45 0
      vertex -4.55 -8.55 2
      vertex -4.55 -8.55 0
    endloop
  endfacet
  facet normal -1 -0 0
    outer loop
      vertex -4.55 -8.55 2
      vertex -4.55 -11.45 0
      vertex -4.55 -11.45 2
    endloop
  endfacet
  facet normal 1 -0 0
    outer loop
      vertex -7.45 -11.45 2
      vertex -7.45 -8.55 0
      vertex -7.45 -8.55 2
    endloop
  endfacet
  facet normal 1 0 0
    outer loop
      vertex -7.45 -8.55 0
      vertex -7.45 -11.45 2
      vertex -7.45 -11.45 0
    endloop
  endfacet
  facet normal 0 -1 0
    outer loop
      vertex -7.45 -8.55 0
      vertex -4.55 -8.55 2
      vertex -7.45 -8.55 2
    endloop
  endfacet
  facet normal 0 -1 -0
    outer loop
      vertex -4.55 -8.55 2
      vertex -7.45 -8.55 0
      vertex -4.55 -8.55 0
    endloop
  endfacet
  facet normal 0 1 -0
    outer loop
      vertex -4.55 -11.45 0
      vertex -7.45 -11.45 2
      vertex -4.55 -11.45 2
    endloop
  endfacet
  facet normal 0 1 0
    outer loop
      vertex -7.45 -11.45 2
      vertex -4.55 -11.45 0
      vertex -7.45 -11.45 0
    endloop
  endfacet
  facet normal -1 0 0
    outer loop
      vertex -4.55 -7.45 0
      vertex -4.55 -4.55 2
      vertex -4.55 -4.55 0
    endloop
  endfacet
  facet normal -1 -0 0
    outer loop
      vertex -4.55 -4.55 2
      vertex -4.55 -7.45 0
      vertex -4.55 -7.45 2
    endloop
  endfacet
  facet normal 1 -0 0
    outer loop
      vertex -7.45 -7.45 2
      vertex -7.45 -4.55 0
      vertex -7.45 -4.55 2
    endloop
  endfacet
  facet normal 1 0 0
    outer loop
      vertex -7.45 -4.55 0
      vertex -7.45 -7.45 2
      vertex -7.45 -7.45 0
    endloop
  endfacet
  facet normal 0 -1 0
    outer loop
      vertex -7.45 -4.55 0
      vertex -4.55 -4.55 2
      vertex -7.45 -4.55 2
    endloop
  endfacet
  facet normal 0 -1 -0
    outer loop
      vertex -4.55 -4.55 2
      vertex -7.45 -4.55 0
      vertex -4.55 -4.55 0
    endloop
  endfacet
  facet normal 0 1 -0
    outer loop
      vertex -4.55 -7.45 0
      vertex -7.45 -7.45 2
      vertex -4.55 -7.45 2
    endloop
  endfacet
  facet normal 0 1 0
    outer loop
      vertex -7.45 -7.45 2
      vertex -4.55 -7.45 0
      vertex -7.45 -7.45 0
    endloop
  endfacet
  facet normal -1 0 0
    outer loop
      vertex -4.55 -3.45 0
      vertex -4.55 -0.549999 2
      vertex -4.55 -0.549999 0
    endloop
  endfacet
  facet normal -1 -0 0
    outer loop
      vertex -4.55 -0.549999 2
      vertex -4.55 -3.45 0
      vertex -4.55 -3.45 2
    endloop
  endfacet
  facet normal 1 -0 0
    outer loop
      vertex -7.45 -3.45 2
      vertex -7.45 -0.549999 0
      vertex -7.45 -0.549999 2
    endloop
  endfacet
  facet normal 1 0 0
    outer loop
      vertex -7.45 -0.549999 0
      vertex -7.45 -3.45 2
      vertex -7.45 -3.45 0
    endloop
  endfacet
  facet normal 0 -1 0
    outer loop
      vertex -7.45 -0.549999 0
      vertex -4.55 -0.549999 2
      vertex -7.45 -0.549999 2
    endloop
  endfacet
  facet normal 0 -1 -0
    outer loop
      vertex -4.55 -0.549999 2
      vertex -7.45 -0.549999 0
      vertex -4.55 -0.549999 0
    endloop
  endfacet
  facet normal 0 1 -0
    outer loop
      vertex -4.55 -3.45 0
      vertex -7.45 -3.45 2
      vertex -4.55 -3.45 2
    endloop
  endfacet
  facet normal 0 1 0
    outer loop
      vertex -7.45 -3.45 2
      vertex -4.55 -3.45 0
      vertex -7.45 -3.45 0
    endloop
  endfacet
  facet normal -1 0 0
    outer loop
      vertex -4.55 0.549999 0
      vertex -4.55 3.45 2
      vertex -4.55 3.45 0
    endloop
  endfacet
  facet normal -1 -0 0
    outer loop
      vertex -4.55 3.45 2
      vertex -4.55 0.549999 0
      vertex -4.55 0.549999 2
    endloop
  endfacet
  facet normal 1 -0 0
    outer loop
      vertex -7.45 0.549999 2
      vertex -7.45 3.45 0
      vertex -7.45 3.45 2
    endloop
  endfacet
  facet normal 1 0 0
    outer loop
      vertex -7.45 3.45 0
      vertex -7.45 0.549999 2
      vertex -7.45 0.549999 0
    endloop
  endfacet
  facet normal 0 -1 0
    outer loop
      vertex -7.45 3.45 0
      vertex -4.55 3.45 2
      vertex -7.45 3.45 2
    endloop
  endfacet
  facet normal 0 -1 -0
    outer loop
      vertex -4.55 3.45 2
      vertex -7.45 3.45 0
      vertex -4.55 3.45 0
    endloop
  endfacet
  facet normal 0 1 -0
    outer loop
      vertex -4.55 0.549999 0
      vertex -7.45 0.549999 2
      vertex -4.55 0.549999 2
    endloop
  endfacet
  facet normal 0 1 0
    outer loop
      vertex -7.45 0.549999 2
      vertex -4.55 0.549999 0
      vertex -7.45 0.549999 0
    endloop
  endfacet
  facet normal -1 0 0
    outer loop
      vertex -4.55 4.55 0
      vertex -4.55 7.45 2
      vertex -4.55 7.45 0
    endloop
  endfacet
  facet normal -1 -0 0
    outer loop
      vertex -4.55 7.45 2
      vertex -4.55 4.55 0
      vertex -4.55 4.55 2
    endloop
  endfacet
  facet normal 1 -0 0
    outer loop
      vertex -7.45 4.55 2
      vertex -7.45 7.45 0
      vertex -7.45 7.45 2
    endloop
  endfacet
  facet normal 1 0 0
    outer loop
      vertex -7.45 7.45 0
      vertex -7.45 4.55 2
      vertex -7.45 4.55 0
    endloop
  endfacet
  facet normal 0 -1 0
    outer loop
      vertex -7.45 7.45 0
      vertex -4.55 7.45 2
      vertex -7.45 7.45 2
    endloop
  endfacet
  facet normal 0 -1 -0
    outer loop
      vertex -4.55 7.45 2
      vertex -7.45 7.45 0
      vertex -4.55 7.45 0
    endloop
  endfacet
  facet normal 0 1 -0
    outer loop
      vertex -4.55 4.55 0
      vertex -7.45 4.55 2
      vertex -4.55 4.55 2
    endloop
  endfacet
  facet normal 0 1 0
    outer loop
      vertex -7.45 4.55 2
      vertex -4.55 4.55 0
      vertex -7.45 4.55 0
    endloop
  endfacet
  facet normal -1 0 0
    outer loop
      vertex -4.55 8.55 0
      vertex -4.55 11.45 2
      vertex -4.55 11.45 0
    endloop
  endfacet
  facet normal -1 -0 0
    outer loop
      vertex -4.55 11.45 2
      vertex -4.55 8.55 0
      vertex -4.55 8.55 2
    endloop
  endfacet
  facet normal 1 -0 0
    outer loop
      vertex -7.45 8.55 2
      vertex -7.45 11.45 0
      vertex -7.45 11.45 2
    endloop
  endfacet
  facet normal 1 0 0
    outer loop
      vertex -7.45 11.45 0
      vertex -7.45 8.55 2
      vertex -7.45 8.55 0
    endloop
  endfacet
  facet normal 0 -1 0
    outer loop
      vertex -7.45 11.45 0
      vertex -4.55 11.45 2
      vertex -7.45 11.45 2
    endloop
  endfacet
  facet normal 0 -1 -0
    outer loop
      vertex -4.55 11.45 2
      vertex -7.45 11.45 0
      vertex -4.55 11.45 0
    endloop
  endfacet
  facet normal 0 1 -0
    outer loop
      vertex -4.55 8.55 0
      vertex -7.45 8.55 2
      vertex -4.55 8.55 2
    endloop
  endfacet
  facet normal 0 1 0
    outer loop
      vertex -7.45 8.55 2
      vertex -4.55 8.55 0
      vertex -7.45 8.55 0
    endloop
  endfacet
  facet normal -1 0 0
    outer loop
      vertex -4.55 12.55 0
      vertex -4.55 15.45 2
      vertex -4.55 15.45 0
    endloop
  endfacet
  facet normal -1 -0 0
    outer loop
      vertex -4.55 15.45 2
      vertex -4.55 12.55 0
      vertex -4.55 12.55 2
    endloop
  endfacet
  facet normal 1 -0 0
    outer loop
      vertex -7.45 12.55 2
      vertex -7.45 15.45 0
      vertex -7.45 15.45 2
    endloop
  endfacet
  facet normal 1 0 0
    outer loop
      vertex -7.45 15.45 0
      vertex -7.45 12.55 2
      vertex -7.45 12.55 0
    endloop
  endfacet
  facet normal 0 -1 0
    outer loop
      vertex -7.45 15.45 0
      vertex -4.55 15.45 2
      vertex -7.45 15.45 2
    endloop
  endfacet
  facet normal 0 -1 -0
    outer loop
      vertex -4.55 15.45 2
      vertex -7.45 15.45 0
      vertex -4.55 15.45 0
    endloop
  endfacet
  facet normal 0 1 -0
    outer loop
      vertex -4.55 12.55 0
      vertex -7.45 12.55 2
      vertex -4.55 12.55 2
    endloop
  endfacet
  facet normal 0 1 0
    outer loop
      vertex -7.45 12.55 2
      vertex -4.55 12.55 0
      vertex -7.45 12.55 0
    endloop
  endfacet
  facet normal -1 0 0
    outer loop
      vertex -0.549999 -15.45 0
      vertex -0.549999 -12.55 2
      vertex -0.549999 -12.55 0
    endloop
  endfacet
  facet normal -1 -0 0
    outer loop
      vertex -0.549999 -12.55 2
      vertex -0.549999 -15.45 0
      vertex -0.549999 -15.45 2
    endloop
  endfacet
  facet normal 1 -0 0
    outer loop
      vertex -3.45 -15.45 2
      vertex -3.45 -12.55 0
      vertex -3.45 -12.55 2
    endloop
  endfacet
  facet normal 1 0 0
    outer loop
      vertex -3.45 -12.55 0
      vertex -3.45 -15.45 2
      vertex -3.45 -15.45 0
    endloop
  endfacet
  facet normal 0 -1 0
    outer loop
      vertex -3.45 -12.55 0
      vertex -0.549999 -12.55 2
      vertex -3.45 -12.55 2
    endloop
  endfacet
  facet normal 0 -1 -0
    outer loop
      vertex -0.549999 -12.55 2
      vertex -3.45 -12.55 0
      vertex -0.549999 -12.55 0
    endloop
  endfacet
  facet normal 0 1 -0
    outer loop
      vertex -0.549999 -15.45 0
      vertex -3.45 -15.45 2
      vertex -0.549999 -15.45 2
    endloop
  endfacet
  facet normal 0 1 0
    outer loop
      vertex -3.45 -15.45 2
      vertex -0.549999 -15.45 0
      vertex -3.45 -15.45 0
    endloop
  endfacet
  facet normal -1 0 0
    outer loop
      vertex -0.549999 -11.45 0
      vertex -0.549999 -8.55 2
      vertex -0.549999 -8.55 0
    endloop
  endfacet
  facet normal -1 -0 0
    outer loop
      vertex -0.549999 -8.55 2
      vertex -0.549999 -11.45 0
      vertex -0.549999 -11.45 2
    endloop
  endfacet
  facet normal 1 -0 0
    outer loop
      vertex -3.45 -11.45 2
      vertex -3.45 -8.55 0
      vertex -3.45 -8.55 2
    endloop
  endfacet
  facet normal 1 0 0
    outer loop
      vertex -3.45 -8.55 0
      vertex -3.45 -11.45 2
      vertex -3.45 -11.45 0
    endloop
  endfacet
  facet normal 0 -1 0
    outer loop
      vertex -3.45 -8.55 0
      vertex -0.549999 -8.55 2
      vertex -3.45 -8.55 2
    endloop
  endfacet
  facet normal 0 -1 -0
    outer loop
      vertex -0.549999 -8.55 2
      vertex -3.45 -8.55 0
      vertex -0.549999 -8.55 0
    endloop
  endfacet
  facet normal 0 1 -0
    outer loop
      vertex -0.549999 -11.45 0
      vertex -3.45 -11.45 2
      vertex -0.549999 -11.45 2
    endloop
  endfacet
  facet normal 0 1 0
    outer loop
      vertex -3.45 -11.45 2
      vertex -0.549999 -11.45 0
      vertex -3.45 -11.45 0
    endloop
  endfacet
  facet normal -1 0 0
    outer loop
      vertex -0.549999 -7.45 0
      vertex -0.549999 -4.55 2
      vertex -0.549999 -4.55 0
    endloop
  endfacet
  facet normal -1 -0 0
    outer loop
      vertex -0.549999 -4.55 2
      vertex -0.549999 -7.45 0
      vertex -0.549999 -7.45 2
    endloop
  endfacet
  facet normal 1 -0 0
    outer loop
      vertex -3.45 -7.45 2
      vertex -3.45 -4.55 0
      vertex -3.45 -4.55 2
    endloop
  endfacet
  facet normal 1 0 0
    outer loop
      vertex -3.45 -4.55 0
      vertex -3.45 -7.45 2
      vertex -3.45 -7.45 0
    endloop
  endfacet
  facet normal 0 -1 0
    outer loop
      vertex -3.45 -4.55 0
      vertex -0.549999 -4.55 2
      vertex -3.45 -4.55 2
    endloop
  endfacet
  facet normal 0 -1 -0
    outer loop
      vertex -0.549999 -4.55 2
      vertex -3.45 -4.55 0
      vertex -0.549999 -4.55 0
    endloop
  endfacet
  facet normal 0 1 -0
    outer loop
      vertex -0.549999 -7.45 0
      vertex -3.45 -7.45 2
      vertex -0.549999 -7.45 2
    endloop
  endfacet
  facet normal 0 1 0
    outer loop
      vertex -3.45 -7.45 2
      vertex -0.549999 -7.45 0
      vertex -3.45 -7.45 0
    endloop
  endfacet
  facet normal -1 0 0
    outer loop
      vertex -0.549999 -3.45 0
      vertex -0.549999 -0.549999 2
      vertex -0.549999 -0.549999 0
    endloop
  endfacet
  facet normal -1 -0 0
    outer loop
      vertex -0.549999 -0.549999 2
      vertex -0.549999 -3.45 0
      vertex -0.549999 -3.45 2
    endloop
  endfacet
  facet normal 1 -0 0
    outer loop
      vertex -3.45 -3.45 2
      vertex -3.45 -0.549999 0
      vertex -3.45 -0.549999 2
    endloop
  endfacet
  facet normal 1 0 0
    outer loop
      vertex -3.45 -0.549999 0
      vertex -3.45 -3.45 2
      vertex -3.45 -3.45 0
    endloop
  endfacet
  facet normal 0 -1 0
    outer loop
      vertex -3.45 -0.549999 0
      vertex -0.549999 -0.549999 2
      vertex -3.45 -0.549999 2
    endloop
  endfacet
  facet normal 0 -1 -0
    outer loop
      vertex -0.549999 -0.549999 2
      vertex -3.45 -0.549999 0
      vertex -0.549999 -0.549999 0
    endloop
  endfacet
  facet normal 0 1 -0
    outer loop
      vertex -0.549999 -3.45 0
      vertex -3.45 -3.45 2
      vertex -0.549999 -3.45 2
    endloop
  endfacet
  facet normal 0 1 0
    outer loop
      vertex -3.45 -3.45 2
      vertex -0.549999 -3.45 0
      vertex -3.45 -3.45 0
    endloop
  endfacet
  facet normal -1 0 0
    outer loop
      vertex -0.549999 0.549999 0
      vertex -0.549999 3.45 2
      vertex -0.549999 3.45 0
    endloop
  endfacet
  facet normal -1 -0 0
    outer loop
      vertex -0.549999 3.45 2
      vertex -0.549999 0.549999 0
      vertex -0.549999 0.549999 2
    endloop
  endfacet
  facet normal 1 -0 0
    outer loop
      vertex -3.45 0.549999 2
      vertex -3.45 3.45 0
      vertex -3.45 3.45 2
    endloop
  endfacet
  facet normal 1 0 0
    outer loop
      vertex -3.45 3.45 0
      vertex -3.45 0.549999 2
      vertex -3.45 0.549999 0
    endloop
  endfacet
  facet normal 0 -1 0
    outer loop
      vertex -3.45 3.45 0
      vertex -0.549999 3.45 2
      vertex -3.45 3.45 2
    endloop
  endfacet
  facet normal 0 -1 -0
    outer loop
      vertex -0.549999 3.45 2
      vertex -3.45 3.45 0
      vertex -0.549999 3.45 0
    endloop
  endfacet
  facet normal 0 1 -0
    outer loop
      vertex -0.549999 0.549999 0
      vertex -3.45 0.549999 2
      vertex -0.549999 0.549999 2
    endloop
  endfacet
  facet normal 0 1 0
    outer loop
      vertex -3.45 0.549999 2
      vertex -0.549999 0.549999 0
      vertex -3.45 0.549999 0
    endloop
  endfacet
  facet normal -1 0 0
    outer loop
      vertex -0.549999 4.55 0
      vertex -0.549999 7.45 2
      vertex -0.549999 7.45 0
    endloop
  endfacet
  facet normal -1 -0 0
    outer loop
      vertex -0.549999 7.45 2
      vertex -0.549999 4.55 0
      vertex -0.549999 4.55 2
    endloop
  endfacet
  facet normal 1 -0 0
    outer loop
      vertex -3.45 4.55 2
      vertex -3.45 7.45 0
      vertex -3.45 7.45 2
    endloop
  endfacet
  facet normal 1 0 0
    outer loop
      vertex -3.45 7.45 0
      vertex -3.45 4.55 2
      vertex -3.45 4.55 0
    endloop
  endfacet
  facet normal 0 -1 0
    outer loop
      vertex -3.45 7.45 0
      vertex -0.549999 7.45 2
      vertex -3.45 7.45 2
    endloop
  endfacet
  facet normal 0 -1 -0
    outer loop
      vertex -0.549999 7.45 2
      vertex -3.45 7.45 0
      vertex -0.549999 7.45 0
    endloop
  endfacet
  facet normal 0 1 -0
    outer loop
      vertex -0.549999 4.55 0
      vertex -3.45 4.55 2
      vertex -0.549999 4.55 2
    endloop
  endfacet
  facet normal 0 1 0
    outer loop
      vertex -3.45 4.55 2
      vertex -0.549999 4.55 0
      vertex -3.45 4.55 0
    endloop
  endfacet
  facet normal -1 0 0
    outer loop
      vertex -0.549999 8.55 0
      vertex -0.549999 11.45 2
      vertex -0.549999 11.45 0
    endloop
  endfacet
  facet normal -1 -0 0
    outer loop
      vertex -0.549999 11.45 2
      vertex -0.549999 8.55 0
      vertex -0.549999 8.55 2
    endloop
  endfacet
  facet normal 1 -0 0
    outer loop
      vertex -3.45 8.55 2
      vertex -3.45 11.45 0
      vertex -3.45 11.45 2
    endloop
  endfacet
  facet normal 1 0 0
    outer loop
      vertex -3.45 11.45 0
      vertex -3.45 8.55 2
      vertex -3.45 8.55 0
    endloop
  endfacet
  facet normal 0 -1 0
    outer loop
      vertex -3.45 11.45 0
      vertex -0.549999 11.45 2
      vertex -3.45 11.45 2
    endloop
  endfacet
  facet normal 0 -1 -0
    outer loop
      vertex -0.549999 11.45 2
      vertex -3.45 11.45 0
      vertex -0.549999 11.45 0
    endloop
  endfacet
  facet normal 0 1 -0
    outer loop
      vertex -0.549999 8.55 0
      vertex -3.45 8.55 2
      vertex -0.549999 8.55 2
    endloop
  endfacet
  facet normal 0 1 0
    outer loop
      vertex -3.45 8.55 2
      vertex -0.549999 8.55 0
      vertex -3.45 8.55 0
    endloop
  endfacet
  facet normal -1 0 0
    outer loop
      vertex -0.549999 12.55 0
      vertex -0.549999 15.45 2
      vertex -0.549999 15.45 0
    endloop
  endfacet
  facet normal -1 -0 0
    outer loop
      vertex -0.549999 15.45 2
      vertex -0.549999 12.55 0
      vertex -0.549999 12.55 2
    endloop
  endfacet
  facet normal 1 -0 0
    outer loop
      vertex -3.45 12.55 2
      vertex -3.45 15.45 0
      vertex -3.45 15.45 2
    endloop
  endfacet
  facet normal 1 0 0
    outer loop
      vertex -3.45 15.45 0
      vertex -3.45 12.55 2
      vertex -3.45 12.55 0
    endloop
  endfacet
  facet normal 0 -1 0
    outer loop
      vertex -3.45 15.45 0
      vertex -0.549999 15.45 2
      vertex -3.45 15.45 2
    endloop
  endfacet
  facet normal 0 -1 -0
    outer loop
      vertex -0.549999 15.45 2
      vertex -3.45 15.45 0
      vertex -0.549999 15.45 0
    endloop
  endfacet
  facet normal 0 1 -0
    outer loop
      vertex -0.549999 12.55 0
      vertex -3.45 12.55 2
      vertex -0.549999 12.55 2
    endloop
  endfacet
  facet normal 0 1 0
    outer loop
      vertex -3.45 12.55 2
      vertex -0.549999 12.55 0
      vertex -3.45 12.55 0
    endloop
  endfacet
  facet normal -1 0 0
    outer loop
      vertex 3.45 -15.45 0
      vertex 3.45 -12.55 2
      vertex 3.45 -12.55 0
    endloop
  endfacet
  facet normal -1 -0 0
    outer loop
      vertex 3.45 -12.55 2
      vertex 3.45 -15.45 0
      vertex 3.45 -15.45 2
    endloop
  endfacet
  facet normal 1 -0 0
    outer loop
      vertex 0.549999 -15.45 2
      vertex 0.549999 -12.55 0
      vertex 0.549999 -12.55 2
    endloop
  endfacet
  facet normal 1 0 0
    outer loop
      vertex 0.549999 -12.55 0
      vertex 0.549999 -15.45 2
      vertex 0.549999 -15.45 0
    endloop
  endfacet
  facet normal 0 -1 0
    outer loop
      vertex 0.549999 -12.55 0
      vertex 3.45 -12.55 2
      vertex 0.549999 -12.55 2
    endloop
  endfacet
  facet normal 0 -1 -0
    outer loop
      vertex 3.45 -12.55 2
      vertex 0.549999 -12.55 0
      vertex 3.45 -12.55 0
    endloop
  endfacet
  facet normal 0 1 -0
    outer loop
      vertex 3.45 -15.45 0
      vertex 0.549999 -15.45 2
      vertex 3.45 -15.45 2
    endloop
  endfacet
  facet normal 0 1 0
    outer loop
      vertex 0.549999 -15.45 2
      vertex 3.45 -15.45 0
      vertex 0.549999 -15.45 0
    endloop
  endfacet
  facet normal -1 0 0
    outer loop
      vertex 3.45 -11.45 0
      vertex 3.45 -8.55 2
      vertex 3.45 -8.55 0
    endloop
  endfacet
  facet normal -1 -0 0
    outer loop
      vertex 3.45 -8.55 2
      vertex 3.45 -11.45 0
      vertex 3.45 -11.45 2
    endloop
  endfacet
  facet normal 1 -0 0
    outer loop
      vertex 0.549999 -11.45 2
      vertex 0.549999 -8.55 0
      vertex 0.549999 -8.55 2
    endloop
  endfacet
  facet normal 1 0 0
    outer loop
      vertex 0.549999 -8.55 0
      vertex 0.549999 -11.45 2
      vertex 0.549999 -11.45 0
    endloop
  endfacet
  facet normal 0 -1 0
    outer loop
      vertex 0.549999 -8.55 0
      vertex 3.45 -8.55 2
      vertex 0.549999 -8.55 2
    endloop
  endfacet
  facet normal 0 -1 -0
    outer loop
      vertex 3.45 -8.55 2
      vertex 0.549999 -8.55 0
      vertex 3.45 -8.55 0
    endloop
  endfacet
  facet normal 0 1 -0
    outer loop
      vertex 3.45 -11.45 0
      vertex 0.549999 -11.45 2
      vertex 3.45 -11.45 2
    endloop
  endfacet
  facet normal 0 1 0
    outer loop
      vertex 0.549999 -11.45 2
      vertex 3.45 -11.45 0
      vertex 0.549999 -11.45 0
    endloop
  endfacet
  facet normal -1 0 0
    outer loop
      vertex 3.45 -7.45 0
      vertex 3.45 -4.55 2
      vertex 3.45 -4.55 0
    endloop
  endfacet
  facet normal -1 -0 0
    outer loop
      vertex 3.45 -4.55 2
      vertex 3.45 -7.45 0
      vertex 3.45 -7.45 2
    endloop
  endfacet
  facet normal 1 -0 0
    outer loop
      vertex 0.549999 -7.45 2
      vertex 0.549999 -4.55 0
      vertex 0.549999 -4.55 2
    endloop
  endfacet
  facet normal 1 0 0
    outer loop
      vertex 0.549999 -4.55 0
      vertex 0.549999 -7.45 2
      vertex 0.549999 -7.45 0
    endloop
  endfacet
  facet normal 0 -1 0
    outer loop
      vertex 0.549999 -4.55 0
      vertex 3.45 -4.55 2
      vertex 0.549999 -4.55 2
    endloop
  endfacet
  facet normal 0 -1 -0
    outer loop
      vertex 3.45 -4.55 2
      vertex 0.549999 -4.55 0
      vertex 3.45 -4.55 0
    endloop
  endfacet
  facet normal 0 1 -0
    outer loop
      vertex 3.45 -7.45 0
      vertex 0.549999 -7.45 2
      vertex 3.45 -7.45 2
    endloop
  endfacet
  facet normal 0 1 0
    outer loop
      vertex 0.549999 -7.45 2
      vertex 3.45 -7.45 0
      vertex 0.549999 -7.45 0
    endloop
  endfacet
  facet normal -1 0 0
    outer loop
      vertex 3.45 -3.45 0
      vertex 3.45 -0.549999 2
      vertex 3.45 -0.549999 0
    endloop
  endfacet
  facet normal -1 -0 0
    outer loop
      vertex 3.45 -0.549999 2
      vertex 3.45 -3.45 0
      vertex 3.45 -3.45 2
    endloop
  endfacet
  facet normal 1 -0 0
    outer loop
      vertex 0.549999 -3.45 2
      vertex 0.549999 -0.549999 0
      vertex 0.549999 -0.549999 2
    endloop
  endfacet
  facet normal 1 0 0
    outer loop
      vertex 0.549999 -0.549999 0
      vertex 0.549999 -3.45 2
      vertex 0.549999 -3.45 0
    endloop
  endfacet
  facet normal 0 -1 0
    outer loop
      vertex 0.549999 -0.549999 0
      vertex 3.45 -0.549999 2
      vertex 0.549999 -0.549999 2
    endloop
  endfacet
  facet normal 0 -1 -0
    outer loop
      vertex 3.45 -0.549999 2
      vertex 0.549999 -0.549999 0
      vertex 3.45 -0.549999 0
    endloop
  endfacet
  facet normal 0 1 -0
    outer loop
      vertex 3.45 -3.45 0
      vertex 0.549999 -3.45 2
      vertex 3.45 -3.45 2
    endloop
  endfacet
  facet normal 0 1 0
    outer loop
      vertex 0.549999 -3.45 2
      vertex 3.45 -3.45 0
      vertex 0.549999 -3.45 0
    endloop
  endfacet
  facet normal -1 0 0
    outer loop
      vertex 3.45 0.549999 0
      vertex 3.45 3.45 2
      vertex 3.45 3.45 0
    endloop
  endfacet
  facet normal -1 -0 0
    outer loop
      vertex 3.45 3.45 2
      vertex 3.45 0.549999 0
      vertex 3.45 0.549999 2
    endloop
  endfacet
  facet normal 1 -0 0
    outer loop
      vertex 0.549999 0.549999 2
      vertex 0.549999 3.45 0
      vertex 0.549999 3.45 2
    endloop
  endfacet
  facet normal 1 0 0
    outer loop
      vertex 0.549999 3.45 0
      vertex 0.549999 0.549999 2
      vertex 0.549999 0.549999 0
    endloop
  endfacet
  facet normal 0 -1 0
    outer loop
      vertex 0.549999 3.45 0
      vertex 3.45 3.45 2
      vertex 0.549999 3.45 2
    endloop
  endfacet
  facet normal 0 -1 -0
    outer loop
      vertex 3.45 3.45 2
      vertex 0.549999 3.45 0
      vertex 3.45 3.45 0
    endloop
  endfacet
  facet normal 0 1 -0
    outer loop
      vertex 3.45 0.549999 0
      vertex 0.549999 0.549999 2
      vertex 3.45 0.549999 2
    endloop
  endfacet
  facet normal 0 1 0
    outer loop
      vertex 0.549999 0.549999 2
      vertex 3.45 0.549999 0
      vertex 0.549999 0.549999 0
    endloop
  endfacet
  facet normal -1 0 0
    outer loop
      vertex 3.45 4.55 0
      vertex 3.45 7.45 2
      vertex 3.45 7.45 0
    endloop
  endfacet
  facet normal -1 -0 0
    outer loop
      vertex 3.45 7.45 2
      vertex 3.45 4.55 0
      vertex 3.45 4.55 2
    endloop
  endfacet
  facet normal 1 -0 0
    outer loop
      vertex 0.549999 4.55 2
      vertex 0.549999 7.45 0
      vertex 0.549999 7.45 2
    endloop
  endfacet
  facet normal 1 0 0
    outer loop
      vertex 0.549999 7.45 0
      vertex 0.549999 4.55 2
      vertex 0.549999 4.55 0
    endloop
  endfacet
  facet normal 0 -1 0
    outer loop
      vertex 0.549999 7.45 0
      vertex 3.45 7.45 2
      vertex 0.549999 7.45 2
    endloop
  endfacet
  facet normal 0 -1 -0
    outer loop
      vertex 3.45 7.45 2
      vertex 0.549999 7.45 0
      vertex 3.45 7.45 0
    endloop
  endfacet
  facet normal 0 1 -0
    outer loop
      vertex 3.45 4.55 0
      vertex 0.549999 4.55 2
      vertex 3.45 4.55 2
    endloop
  endfacet
  facet normal 0 1 0
    outer loop
      vertex 0.549999 4.55 2
      vertex 3.45 4.55 0
      vertex 0.549999 4.55 0
    endloop
  endfacet
  facet normal -1 0 0
    outer loop
      vertex 3.45 8.55 0
      vertex 3.45 11.45 2
      vertex 3.45 11.45 0
    endloop
  endfacet
  facet normal -1 -0 0
    outer loop
      vertex 3.45 11.45 2
      vertex 3.45 8.55 0
      vertex 3.45 8.55 2
    endloop
  endfacet
  facet normal 1 -0 0
    outer loop
      vertex 0.549999 8.55 2
      vertex 0.549999 11.45 0
      vertex 0.549999 11.45 2
    endloop
  endfacet
  facet normal 1 0 0
    outer loop
      vertex 0.549999 11.45 0
      vertex 0.549999 8.55 2
      vertex 0.549999 8.55 0
    endloop
  endfacet
  facet normal 0 -1 0
    outer loop
      vertex 0.549999 11.45 0
      vertex 3.45 11.45 2
      vertex 0.549999 11.45 2
    endloop
  endfacet
  facet normal 0 -1 -0
    outer loop
      vertex 3.45 11.45 2
      vertex 0.549999 11.45 0
      vertex 3.45 11.45 0
    endloop
  endfacet
  facet normal 0 1 -0
    outer loop
      vertex 3.45 8.55 0
      vertex 0.549999 8.55 2
      vertex 3.45 8.55 2
    endloop
  endfacet
  facet normal 0 1 0
    outer loop
      vertex 0.549999 8.55 2
      vertex 3.45 8.55 0
      vertex 0.549999 8.55 0
    endloop
  endfacet
  facet normal -1 0 0
    outer loop
      vertex 3.45 12.55 0
      vertex 3.45 15.45 2
      vertex 3.45 15.45 0
    endloop
  endfacet
  facet normal -1 -0 0
    outer loop
      vertex 3.45 15.45 2
      vertex 3.45 12.55 0
      vertex 3.45 12.55 2
    endloop
  endfacet
  facet normal 1 -0 0
    outer loop
      vertex 0.549999 12.55 2
      vertex 0.549999 15.45 0
      vertex 0.549999 15.45 2
    endloop
  endfacet
  facet normal 1 0 0
    outer loop
      vertex 0.549999 15.45 0
      vertex 0.549999 12.55 2
      vertex 0.549999 12.55 0
    endloop
  endfacet
  facet normal 0 -1 0
    outer loop
      vertex 0.549999 15.45 0
      vertex 3.45 15.45 2
      vertex 0.549999 15.45 2
    endloop
  endfacet
  facet normal 0 -1 -0
    outer loop
      vertex 3.45 15.45 2
      vertex 0.549999 15.45 0
      vertex 3.45 15.45 0
    endloop
  endfacet
  facet normal 0 1 -0
    outer loop
      vertex 3.45 12.55 0
      vertex 0.549999 12.55 2
      vertex 3.45 12.55 2
    endloop
  endfacet
  facet normal 0 1 0
    outer loop
      vertex 0.549999 12.55 2
      vertex 3.45 12.55 0
      vertex 0.549999 12.55 0
    endloop
  endfacet
  facet normal -1 0 0
    outer loop
      vertex 7.45 -15.45 0
      vertex 7.45 -12.55 2
      vertex 7.45 -12.55 0
    endloop
  endfacet
  facet normal -1 -0 0
    outer loop
      vertex 7.45 -12.55 2
      vertex 7.45 -15.45 0
      vertex 7.45 -15.45 2
    endloop
  endfacet
  facet normal 1 -0 0
    outer loop
      vertex 4.55 -15.45 2
      vertex 4.55 -12.55 0
      vertex 4.55 -12.55 2
    endloop
  endfacet
  facet normal 1 0 0
    outer loop
      vertex 4.55 -12.55 0
      vertex 4.55 -15.45 2
      vertex 4.55 -15.45 0
    endloop
  endfacet
  facet normal 0 -1 0
    outer loop
      vertex 4.55 -12.55 0
      vertex 7.45 -12.55 2
      vertex 4.55 -12.55 2
    endloop
  endfacet
  facet normal 0 -1 -0
    outer loop
      vertex 7.45 -12.55 2
      vertex 4.55 -12.55 0
      vertex 7.45 -12.55 0
    endloop
  endfacet
  facet normal 0 1 -0
    outer loop
      vertex 7.45 -15.45 0
      vertex 4.55 -15.45 2
      vertex 7.45 -15.45 2
    endloop
  endfacet
  facet normal 0 1 0
    outer loop
      vertex 4.55 -15.45 2
      vertex 7.45 -15.45 0
      vertex 4.55 -15.45 0
    endloop
  endfacet
  facet normal -1 0 0
    outer loop
      vertex 7.45 -11.45 0
      vertex 7.45 -8.55 2
      vertex 7.45 -8.55 0
    endloop
  endfacet
  facet normal -1 -0 0
    outer loop
      vertex 7.45 -8.55 2
      vertex 7.45 -11.45 0
      vertex 7.45 -11.45 2
    endloop
  endfacet
  facet normal 1 -0 0
    outer loop
      vertex 4.55 -11.45 2
      vertex 4.55 -8.55 0
      vertex 4.55 -8.55 2
    endloop
  endfacet
  facet normal 1 0 0
    outer loop
      vertex 4.55 -8.55 0
      vertex 4.55 -11.45 2
      vertex 4.55 -11.45 0
    endloop
  endfacet
  facet normal 0 -1 0
    outer loop
      vertex 4.55 -8.55 0
      vertex 7.45 -8.55 2
      vertex 4.55 -8.55 2
    endloop
  endfacet
  facet normal 0 -1 -0
    outer loop
      vertex 7.45 -8.55 2
      vertex 4.55 -8.55 0
      vertex 7.45 -8.55 0
    endloop
  endfacet
  facet normal 0 1 -0
    outer loop
      vertex 7.45 -11.45 0
      vertex 4.55 -11.45 2
      vertex 7.45 -11.45 2
    endloop
  endfacet
  facet normal 0 1 0
    outer loop
      vertex 4.55 -11.45 2
      vertex 7.45 -11.45 0
      vertex 4.55 -11.45 0
    endloop
  endfacet
  facet normal -1 0 0
    outer loop
      vertex 7.45 -7.45 0
      vertex 7.45 -4.55 2
      vertex 7.45 -4.55 0
    endloop
  endfacet
  facet normal -1 -0 0
    outer loop
      vertex 7.45 -4.55 2
      vertex 7.45 -7.45 0
      vertex 7.45 -7.45 2
    endloop
  endfacet
  facet normal 1 -0 0
    outer loop
      vertex 4.55 -7.45 2
      vertex 4.55 -4.55 0
      vertex 4.55 -4.55 2
    endloop
  endfacet
  facet normal 1 0 0
    outer loop
      vertex 4.55 -4.55 0
      vertex 4.55 -7.45 2
      vertex 4.55 -7.45 0
    endloop
  endfacet
  facet normal 0 -1 0
    outer loop
      vertex 4.55 -4.55 0
      vertex 7.45 -4.55 2
      vertex 4.55 -4.55 2
    endloop
  endfacet
  facet normal 0 -1 -0
    outer loop
      vertex 7.45 -4.55 2
      vertex 4.55 -4.55 0
      vertex 7.45 -4.55 0
    endloop
  endfacet
  facet normal 0 1 -0
    outer loop
      vertex 7.45 -7.45 0
      vertex 4.55 -7.45 2
      vertex 7.45 -7.45 2
    endloop
  endfacet
  facet normal 0 1 0
    outer loop
      vertex 4.55 -7.45 2
      vertex 7.45 -7.45 0
      vertex 4.55 -7.45 0
    endloop
  endfacet
  facet normal -1 0 0
    outer loop
      vertex 7.45 -3.45 0
      vertex 7.45 -0.549999 2
      vertex 7.45 -0.549999 0
    endloop
  endfacet
  facet normal -1 -0 0
    outer loop
      vertex 7.45 -0.549999 2
      vertex 7.45 -3.45 0
      vertex 7.45 -3.45 2
    endloop
  endfacet
  facet normal 1 -0 0
    outer loop
      vertex 4.55 -3.45 2
      vertex 4.55 -0.549999 0
      vertex 4.55 -0.549999 2
    endloop
  endfacet
  facet normal 1 0 0
    outer loop
      vertex 4.55 -0.549999 0
      vertex 4.55 -3.45 2
      vertex 4.55 -3.45 0
    endloop
  endfacet
  facet normal 0 -1 0
    outer loop
      vertex 4.55 -0.549999 0
      vertex 7.45 -0.549999 2
      vertex 4.55 -0.549999 2
    endloop
  endfacet
  facet normal 0 -1 -0
    outer loop
      vertex 7.45 -0.549999 2
      vertex 4.55 -0.549999 0
      vertex 7.45 -0.549999 0
    endloop
  endfacet
  facet normal 0 1 -0
    outer loop
      vertex 7.45 -3.45 0
      vertex 4.55 -3.45 2
      vertex 7.45 -3.45 2
    endloop
  endfacet
  facet normal 0 1 0
    outer loop
      vertex 4.55 -3.45 2
      vertex 7.45 -3.45 0
      vertex 4.55 -3.45 0
    endloop
  endfacet
  facet normal -1 0 0
    outer loop
      vertex 7.45 0.549999 0
      vertex 7.45 3.45 2
      vertex 7.45 3.45 0
    endloop
  endfacet
  facet normal -1 -0 0
    outer loop
      vertex 7.45 3.45 2
      vertex 7.45 0.549999 0
      vertex 7.45 0.549999 2
    endloop
  endfacet
  facet normal 1 -0 0
    outer loop
      vertex 4.55 0.549999 2
      vertex 4.55 3.45 0
      vertex 4.55 3.45 2
    endloop
  endfacet
  facet normal 1 0 0
    outer loop
      vertex 4.55 3.45 0
      vertex 4.55 0.549999 2
      vertex 4.55 0.549999 0
    endloop
  endfacet
  facet normal 0 -1 0
    outer loop
      vertex 4.55 3.45 0
      vertex 7.45 3.45 2
      vertex 4.55 3.45 2
    endloop
  endfacet
  facet normal 0 -1 -0
    outer loop
      vertex 7.45 3.45 2
      vertex 4.55 3.45 0
      vertex 7.45 3.45 0
    endloop
  endfacet
  facet normal 0 1 -0
    outer loop
      vertex 7.45 0.549999 0
      vertex 4.55 0.549999 2
      vertex 7.45 0.549999 2
    endloop
  endfacet
  facet normal 0 1 0
    outer loop
      vertex 4.55 0.549999 2
      vertex 7.45 0.549999 0
      vertex 4.55 0.549999 0
    endloop
  endfacet
  facet normal -1 0 0
    outer loop
      vertex 7.45 4.55 0
      vertex 7.45 7.45 2
      vertex 7.45 7.45 0
    endloop
  endfacet
  facet normal -1 -0 0
    outer loop
      vertex 7.45 7.45 2
      vertex 7.45 4.55 0
      vertex 7.45 4.55 2
    endloop
  endfacet
  facet normal 1 -0 0
    outer loop
      vertex 4.55 4.55 2
      vertex 4.55 7.45 0
      vertex 4.55 7.45 2
    endloop
  endfacet
  facet normal 1 0 0
    outer loop
      vertex 4.55 7.45 0
      vertex 4.55 4.55 2
      vertex 4.55 4.55 0
    endloop
  endfacet
  facet normal 0 -1 0
    outer loop
      vertex 4.55 7.45 0
      vertex 7.45 7.45 2
      vertex 4.55 7.45 2
    endloop
  endfacet
  facet normal 0 -1 -0
    outer loop
      vertex 7.45 7.45 2
      vertex 4.55 7.45 0
      vertex 7.45 7.45 0
    endloop
  endfacet
  facet normal 0 1 -0
    outer loop
      vertex 7.45 4.55 0
      vertex 4.55 4.55 2
      vertex 7.45 4.55 2
    endloop
  endfacet
  facet normal 0 1 0
    outer loop
      vertex 4.55 4.55 2
      vertex 7.45 4.55 0
      vertex 4.55 4.55 0
    endloop
  endfacet
  facet normal -1 0 0
    outer loop
      vertex 7.45 8.55 0
      vertex 7.45 11.45 2
      vertex 7.45 11.45 0
    endloop
  endfacet
  facet normal -1 -0 0
    outer loop
      vertex 7.45 11.45 2
      vertex 7.45 8.55 0
      vertex 7.45 8.55 2
    endloop
  endfacet
  facet normal 1 -0 0
    outer loop
      vertex 4.55 8.55 2
      vertex 4.55 11.45 0
      vertex 4.55 11.45 2
    endloop
  endfacet
  facet normal 1 0 0
    outer loop
      vertex 4.55 11.45 0
      vertex 4.55 8.55 2
      vertex 4.55 8.55 0
    endloop
  endfacet
  facet normal 0 -1 0
    outer loop
      vertex 4.55 11.45 0
      vertex 7.45 11.45 2
      vertex 4.55 11.45 2
    endloop
  endfacet
  facet normal 0 -1 -0
    outer loop
      vertex 7.45 11.45 2
      vertex 4.55 11.45 0
      vertex 7.45 11.45 0
    endloop
  endfacet
  facet normal 0 1 -0
    outer loop
      vertex 7.45 8.55 0
      vertex 4.55 8.55 2
      vertex 7.45 8.55 2
    endloop
  endfacet
  facet normal 0 1 0
    outer loop
      vertex 4.55 8.55 2
      vertex 7.45 8.55 0
      vertex 4.55 8.55 0
    endloop
  endfacet
  facet normal -1 0 0
    outer loop
      vertex 7.45 12.55 0
      vertex 7.45 15.45 2
      vertex 7.45 15.45 0
    endloop
  endfacet
  facet normal -1 -0 0
    outer loop
      vertex 7.45 15.45 2
      vertex 7.45 12.55 0
      vertex 7.45 12.55 2
    endloop
  endfacet
  facet normal 1 -0 0
    outer loop
      vertex 4.55 12.55 2
      vertex 4.55 15.45 0
      vertex 4.55 15.45 2
    endloop
  endfacet
  facet normal 1 0 0
    outer loop
      vertex 4.55 15.45 0
      vertex 4.55 12.55 2
      vertex 4.55 12.55 0
    endloop
  endfacet
  facet normal 0 -1 0
    outer loop
      vertex 4.55 15.45 0
      vertex 7.45 15.45 2
      vertex 4.55 15.45 2
    endloop
  endfacet
  facet normal 0 -1 -0
    outer loop
      vertex 7.45 15.45 2
      vertex 4.55 15.45 0
      vertex 7.45 15.45 0
    endloop
  endfacet
  facet normal 0 1 -0
    outer loop
      vertex 7.45 12.55 0
      vertex 4.55 12.55 2
      vertex 7.45 12.55 2
    endloop
  endfacet
  facet normal 0 1 0
    outer loop
      vertex 4.55 12.55 2
      vertex 7.45 12.55 0
      vertex 4.55 12.55 0
    endloop
  endfacet
  facet normal -1 0 0
    outer loop
      vertex 11.45 -15.45 0
      vertex 11.45 -12.55 2
      vertex 11.45 -12.55 0
    endloop
  endfacet
  facet normal -1 -0 0
    outer loop
      vertex 11.45 -12.55 2
      vertex 11.45 -15.45 0
      vertex 11.45 -15.45 2
    endloop
  endfacet
  facet normal 1 -0 0
    outer loop
      vertex 8.55 -15.45 2
      vertex 8.55 -12.55 0
      vertex 8.55 -12.55 2
    endloop
  endfacet
  facet normal 1 0 0
    outer loop
      vertex 8.55 -12.55 0
      vertex 8.55 -15.45 2
      vertex 8.55 -15.45 0
    endloop
  endfacet
  facet normal 0 -1 0
    outer loop
      vertex 8.55 -12.55 0
      vertex 11.45 -12.55 2
      vertex 8.55 -12.55 2
    endloop
  endfacet
  facet normal 0 -1 -0
    outer loop
      vertex 11.45 -12.55 2
      vertex 8.55 -12.55 0
      vertex 11.45 -12.55 0
    endloop
  endfacet
  facet normal 0 1 -0
    outer loop
      vertex 11.45 -15.45 0
      vertex 8.55 -15.45 2
      vertex 11.45 -15.45 2
    endloop
  endfacet
  facet normal 0 1 0
    outer loop
      vertex 8.55 -15.45 2
      vertex 11.45 -15.45 0
      vertex 8.55 -15.45 0
    endloop
  endfacet
  facet normal -1 0 0
    outer loop
      vertex 11.45 -11.45 0
      vertex 11.45 -8.55 2
      vertex 11.45 -8.55 0
    endloop
  endfacet
  facet normal -1 -0 0
    outer loop
      vertex 11.45 -8.55 2
      vertex 11.45 -11.45 0
      vertex 11.45 -11.45 2
    endloop
  endfacet
  facet normal 1 -0 0
    outer loop
      vertex 8.55 -11.45 2
      vertex 8.55 -8.55 0
      vertex 8.55 -8.55 2
    endloop
  endfacet
  facet normal 1 0 0
    outer loop
      vertex 8.55 -8.55 0
      vertex 8.55 -11.45 2
      vertex 8.55 -11.45 0
    endloop
  endfacet
  facet normal 0 -1 0
    outer loop
      vertex 8.55 -8.55 0
      vertex 11.45 -8.55 2
      vertex 8.55 -8.55 2
    endloop
  endfacet
  facet normal 0 -1 -0
    outer loop
      vertex 11.45 -8.55 2
      vertex 8.55 -8.55 0
      vertex 11.45 -8.55 0
    endloop
  endfacet
  facet normal 0 1 -0
    outer loop
      vertex 11.45 -11.45 0
      vertex 8.55 -11.45 2
      vertex 11.45 -11.45 2
    endloop
  endfacet
  facet normal 0 1 0
    outer loop
      vertex 8.55 -11.45 2
      vertex 11.45 -11.45 0
      vertex 8.55 -11.45 0
    endloop
  endfacet
  facet normal -1 0 0
    outer loop
      vertex 11.45 -7.45 0
      vertex 11.45 -4.55 2
      vertex 11.45 -4.55 0
    endloop
  endfacet
  facet normal -1 -0 0
    outer loop
      vertex 11.45 -4.55 2
      vertex 11.45 -7.45 0
      vertex 11.45 -7.45 2
    endloop
  endfacet
  facet normal 1 -0 0
    outer loop
      vertex 8.55 -7.45 2
      vertex 8.55 -4.55 0
      vertex 8.55 -4.55 2
    endloop
  endfacet
  facet normal 1 0 0
    outer loop
      vertex 8.55 -4.55 0
      vertex 8.55 -7.45 2
      vertex 8.55 -7.45 0
    endloop
  endfacet
  facet normal 0 -1 0
    outer loop
      vertex 8.55 -4.55 0
      vertex 11.45 -4.55 2
      vertex 8.55 -4.55 2
    endloop
  endfacet
  facet normal 0 -1 -0
    outer loop
      vertex 11.45 -4.55 2
      vertex 8.55 -4.55 0
      vertex 11.45 -4.55 0
    endloop
  endfacet
  facet normal 0 1 -0
    outer loop
      vertex 11.45 -7.45 0
      vertex 8.55 -7.45 2
      vertex 11.45 -7.45 2
    endloop
  endfacet
  facet normal 0 1 0
    outer loop
      vertex 8.55 -7.45 2
      vertex 11.45 -7.45 0
      vertex 8.55 -7.45 0
    endloop
  endfacet
  facet normal -1 0 0
    outer loop
      vertex 11.45 -3.45 0
      vertex 11.45 -0.549999 2
      vertex 11.45 -0.549999 0
    endloop
  endfacet
  facet normal -1 -0 0
    outer loop
      vertex 11.45 -0.549999 2
      vertex 11.45 -3.45 0
      vertex 11.45 -3.45 2
    endloop
  endfacet
  facet normal 1 -0 0
    outer loop
      vertex 8.55 -3.45 2
      vertex 8.55 -0.549999 0
      vertex 8.55 -0.549999 2
    endloop
  endfacet
  facet normal 1 0 0
    outer loop
      vertex 8.55 -0.549999 0
      vertex 8.55 -3.45 2
      vertex 8.55 -3.45 0
    endloop
  endfacet
  facet normal 0 -1 0
    outer loop
      vertex 8.55 -0.549999 0
      vertex 11.45 -0.549999 2
      vertex 8.55 -0.549999 2
    endloop
  endfacet
  facet normal 0 -1 -0
    outer loop
      vertex 11.45 -0.549999 2
      vertex 8.55 -0.549999 0
      vertex 11.45 -0.549999 0
    endloop
  endfacet
  facet normal 0 1 -0
    outer loop
      vertex 11.45 -3.45 0
      vertex 8.55 -3.45 2
      vertex 11.45 -3.45 2
    endloop
  endfacet
  facet normal 0 1 0
    outer loop
      vertex 8.55 -3.45 2
      vertex 11.45 -3.45 0
      vertex 8.55 -3.45 0
    endloop
  endfacet
  facet normal -1 0 0
    outer loop
      vertex 11.45 0.549999 0
      vertex 11.45 3.45 2
      vertex 11.45 3.45 0
    endloop
  endfacet
  facet normal -1 -0 0
    outer loop
      vertex 11.45 3.45 2
      vertex 11.45 0.549999 0
      vertex 11.45 0.549999 2
    endloop
  endfacet
  facet normal 1 -0 0
    outer loop
      vertex 8.55 0.549999 2
      vertex 8.55 3.45 0
      vertex 8.55 3.45 2
    endloop
  endfacet
  facet normal 1 0 0
    outer loop
      vertex 8.55 3.45 0
      vertex 8.55 0.549999 2
      vertex 8.55 0.549999 0
    endloop
  endfacet
  facet normal 0 -1 0
    outer loop
      vertex 8.55 3.45 0
      vertex 11.45 3.45 2
      vertex 8.55 3.45 2
    endloop
  endfacet
  facet normal 0 -1 -0
    outer loop
      vertex 11.45 3.45 2
      vertex 8.55 3.45 0
      vertex 11.45 3.45 0
    endloop
  endfacet
  facet normal 0 1 -0
    outer loop
      vertex 11.45 0.549999 0
      vertex 8.55 0.549999 2
      vertex 11.45 0.549999 2
    endloop
  endfacet
  facet normal 0 1 0
    outer loop
      vertex 8.55 0.549999 2
      vertex 11.45 0.549999 0
      vertex 8.55 0.549999 0
    endloop
  endfacet
  facet normal -1 0 0
    outer loop
      vertex 11.45 4.55 0
      vertex 11.45 7.45 2
      vertex 11.45 7.45 0
    endloop
  endfacet
  facet normal -1 -0 0
    outer loop
      vertex 11.45 7.45 2
      vertex 11.45 4.55 0
      vertex 11.45 4.55 2
    endloop
  endfacet
  facet normal 1 -0 0
    outer loop
      vertex 8.55 4.55 2
      vertex 8.55 7.45 0
      vertex 8.55 7.45 2
    endloop
  endfacet
  facet normal 1 0 0
    outer loop
      vertex 8.55 7.45 0
      vertex 8.55 4.55 2
      vertex 8.55 4.55 0
    endloop
  endfacet
  facet normal 0 -1 0
    outer loop
      vertex 8.55 7.45 0
      vertex 11.45 7.45 2
      vertex 8.55 7.45 2
    endloop
  endfacet
  facet normal 0 -1 -0
    outer loop
      vertex 11.45 7.45 2
      vertex 8.55 7.45 0
      vertex 11.45 7.45 0
    endloop
  endfacet
  facet normal 0 1 -0
    outer loop
      vertex 11.45 4.55 0
      vertex 8.55 4.55 2
      vertex 11.45 4.55 2
    endloop
  endfacet
  facet normal 0 1 0
    outer loop
      vertex 8.55 4.55 2
      vertex 11.45 4.55 0
      vertex 8.55 4.55 0
    endloop
  endfacet
  facet normal -1 0 0
    outer loop
      vertex 11.45 8.55 0
      vertex 11.45 11.45 2
      vertex 11.45 11.45 0
    endloop
  endfacet
  facet normal -1 -0 0
    outer loop
      vertex 11.45 11.45 2
      vertex 11.45 8.55 0
      vertex 11.45 8.55 2
    endloop
  endfacet
  facet normal 1 -0 0
    outer loop
      vertex 8.55 8.55 2
      vertex 8.55 11.45 0
      vertex 8.55 11.45 2
    endloop
  endfacet
  facet normal 1 0 0
    outer loop
      vertex 8.55 11.45 0
      vertex 8.55 8.55 2
      vertex 8.55 8.55 0
    endloop
  endfacet
  facet normal 0 -1 0
    outer loop
      vertex 8.55 11.45 0
      vertex 11.45 11.45 2
      vertex 8.55 11.45 2
    endloop
  endfacet
  facet normal 0 -1 -0
    outer loop
      vertex 11.45 11.45 2
      vertex 8.55 11.45 0
      vertex 11.45 11.45 0
    endloop
  endfacet
  facet normal 0 1 -0
    outer loop
      vertex 11.45 8.55 0
      vertex 8.55 8.55 2
      vertex 11.45 8.55 2
    endloop
  endfacet
  facet normal 0 1 0
    outer loop
      vertex 8.55 8.55 2
      vertex 11.45 8.55 0
      vertex 8.55 8.55 0
    endloop
  endfacet
  facet normal -1 0 0
    outer loop
      vertex 11.45 12.55 0
      vertex 11.45 15.45 2
      vertex 11.45 15.45 0
    endloop
  endfacet
  facet normal -1 -0 0
    outer loop
      vertex 11.45 15.45 2
      vertex 11.45 12.55 0
      vertex 11.45 12.55 2
    endloop
  endfacet
  facet normal 1 -0 0
    outer loop
      vertex 8.55 12.55 2
      vertex 8.55 15.45 0
      vertex 8.55 15.45 2
    endloop
  endfacet
  facet normal 1 0 0
    outer loop
      vertex 8.55 15.45 0
      vertex 8.55 12.55 2
      vertex 8.55 12.55 0
    endloop
  endfacet
  facet normal 0 -1 0
    outer loop
      vertex 8.55 15.45 0
      vertex 11.45 15.45 2
      vertex 8.55 15.45 2
    endloop
  endfacet
  facet normal 0 -1 -0
    outer loop
      vertex 11.45 15.45 2
      vertex 8.55 15.45 0
      vertex 11.45 15.45 0
    endloop
  endfacet
  facet normal 0 1 -0
    outer loop
      vertex 11.45 12.55 0
      vertex 8.55 12.55 2
      vertex 11.45 12.55 2
    endloop
  endfacet
  facet normal 0 1 0
    outer loop
      vertex 8.55 12.55 2
      vertex 11.45 12.55 0
      vertex 8.55 12.55 0
    endloop
  endfacet
  facet normal -1 0 0
    outer loop
      vertex 15.45 -15.45 0
      vertex 15.45 -12.55 2
      vertex 15.45 -12.55 0
    endloop
  endfacet
  facet normal -1 -0 0
    outer loop
      vertex 15.45 -12.55 2
      vertex 15.45 -15.45 0
      vertex 15.45 -15.45 2
    endloop
  endfacet
  facet normal 1 -0 0
    outer loop
      vertex 12.55 -15.45 2
      vertex 12.55 -12.55 0
      vertex 12.55 -12.55 2
    endloop
  endfacet
  facet normal 1 0 0
    outer loop
      vertex 12.55 -12.55 0
      vertex 12.55 -15.45 2
      vertex 12.55 -15.45 0
    endloop
  endfacet
  facet normal 0 -1 0
    outer loop
      vertex 12.55 -12.55 0
      vertex 15.45 -12.55 2
      vertex 12.55 -12.55 2
    endloop
  endfacet
  facet normal 0 -1 -0
    outer loop
      vertex 15.45 -12.55 2
      vertex 12.55 -12.55 0
      vertex 15.45 -12.55 0
    endloop
  endfacet
  facet normal 0 1 -0
    outer loop
      vertex 15.45 -15.45 0
      vertex 12.55 -15.45 2
      vertex 15.45 -15.45 2
    endloop
  endfacet
  facet normal 0 1 0
    outer loop
      vertex 12.55 -15.45 2
      vertex 15.45 -15.45 0
      vertex 12.55 -15.45 0
    endloop
  endfacet
  facet normal -1 0 0
    outer loop
      vertex 15.45 -11.45 0
      vertex 15.45 -8.55 2
      vertex 15.45 -8.55 0
    endloop
  endfacet
  facet normal -1 -0 0
    outer loop
      vertex 15.45 -8.55 2
      vertex 15.45 -11.45 0
      vertex 15.45 -11.45 2
    endloop
  endfacet
  facet normal 1 -0 0
    outer loop
      vertex 12.55 -11.45 2
      vertex 12.55 -8.55 0
      vertex 12.55 -8.55 2
    endloop
  endfacet
  facet normal 1 0 0
    outer loop
      vertex 12.55 -8.55 0
      vertex 12.55 -11.45 2
      vertex 12.55 -11.45 0
    endloop
  endfacet
  facet normal 0 -1 0
    outer loop
      vertex 12.55 -8.55 0
      vertex 15.45 -8.55 2
      vertex 12.55 -8.55 2
    endloop
  endfacet
  facet normal 0 -1 -0
    outer loop
      vertex 15.45 -8.55 2
      vertex 12.55 -8.55 0
      vertex 15.45 -8.55 0
    endloop
  endfacet
  facet normal 0 1 -0
    outer loop
      vertex 15.45 -11.45 0
      vertex 12.55 -11.45 2
      vertex 15.45 -11.45 2
    endloop
  endfacet
  facet normal 0 1 0
    outer loop
      vertex 12.55 -11.45 2
      vertex 15.45 -11.45 0
      vertex 12.55 -11.45 0
    endloop
  endfacet
  facet normal -1 0 0
    outer loop
      vertex 15.45 -7.45 0
      vertex 15.45 -4.55 2
      vertex 15.45 -4.55 0
    endloop
  endfacet
  facet normal -1 -0 0
    outer loop
      vertex 15.45 -4.55 2
      vertex 15.45 -7.45 0
      vertex 15.45 -7.45 2
    endloop
  endfacet
  facet normal 1 -0 0
    outer loop
      vertex 12.55 -7.45 2
      vertex 12.55 -4.55 0
      vertex 12.55 -4.55 2
    endloop
  endfacet
  facet normal 1 0 0
    outer loop
      vertex 12.55 -4.55 0
      vertex 12.55 -7.45 2
      vertex 12.55 -7.45 0
    endloop
  endfacet
  facet normal 0 -1 0
    outer loop
      vertex 12.55 -4.55 0
      vertex 15.45 -4.55 2
      vertex 12.55 -4.55 2
    endloop
  endfacet
  facet normal 0 -1 -0
    outer loop
      vertex 15.45 -4.55 2
      vertex 12.55 -4.55 0
      vertex 15.45 -4.55 0
    endloop
  endfacet
  facet normal 0 1 -0
    outer loop
      vertex 15.45 -7.45 0
      vertex 12.55 -7.45 2
      vertex 15.45 -7.45 2
    endloop
  endfacet
  facet normal 0 1 0
    outer loop
      vertex 12.55 -7.45 2
      vertex 15.45 -7.45 0
      vertex 12.55 -7.45 0
    endloop
  endfacet
  facet normal -1 0 0
    outer loop
      vertex 15.45 -3.45 0
      vertex 15.45 -0.549999 2
      vertex 15.45 -0.549999 0
    endloop
  endfacet
  facet normal -1 -0 0
    outer loop
      vertex 15.45 -0.549999 2
      vertex 15.45 -3.45 0
      vertex 15.45 -3.45 2
    endloop
  endfacet
  facet normal 1 -0 0
    outer loop
      vertex 12.55 -3.45 2
      vertex 12.55 -0.549999 0
      vertex 12.55 -0.549999 2
    endloop
  endfacet
  facet normal 1 0 0
    outer loop
      vertex 12.55 -0.549999 0
      vertex 12.55 -3.45 2
      vertex 12.55 -3.45 0
    endloop
  endfacet
  facet normal 0 -1 0
    outer loop
      vertex 12.55 -0.549999 0
      vertex 15.45 -0.549999 2
      vertex 12.55 -0.549999 2
    endloop
  endfacet
  facet normal 0 -1 -0
    outer loop
      vertex 15.45 -0.549999 2
      vertex 12.55 -0.549999 0
      vertex 15.45 -0.549999 0
    endloop
  endfacet
  facet normal 0 1 -0
    outer loop
      vertex 15.45 -3.45 0
      vertex 12.55 -3.45 2
      vertex 15.45 -3.45 2
    endloop
  endfacet
  facet normal 0 1 0
    outer loop
      vertex 12.55 -3.45 2
      vertex 15.45 -3.45 0
      vertex 12.55 -3.45 0
    endloop
  endfacet
  facet normal -1 0 0
    outer loop
      vertex 15.45 0.549999 0
      vertex 15.45 3.45 2
      vertex 15.45 3.45 0
    endloop
  endfacet
  facet normal -1 -0 0
    outer loop
      vertex 15.45 3.45 2
      vertex 15.45 0.549999 0
      vertex 15.45 0.549999 2
    endloop
  endfacet
  facet normal 1 -0 0
    outer loop
      vertex 12.55 0.549999 2
      vertex 12.55 3.45 0
      vertex 12.55 3.45 2
    endloop
  endfacet
  facet normal 1 0 0
    outer loop
      vertex 12.55 3.45 0
      vertex 12.55 0.549999 2
      vertex 12.55 0.549999 0
    endloop
  endfacet
  facet normal 0 -1 0
    outer loop
      vertex 12.55 3.45 0
      vertex 15.45 3.45 2
      vertex 12.55 3.45 2
    endloop
  endfacet
  facet normal 0 -1 -0
    outer loop
      vertex 15.45 3.45 2
      vertex 12.55 3.45 0
      vertex 15.45 3.45 0
    endloop
  endfacet
  facet normal 0 1 -0
    outer loop
      vertex 15.45 0.549999 0
      vertex 12.55 0.549999 2
      vertex 15.45 0.549999 2
    endloop
  endfacet
  facet normal 0 1 0
    outer loop
      vertex 12.55 0.549999 2
      vertex 15.45 0.549999 0
      vertex 12.55 0.549999 0
    endloop
  endfacet
  facet normal -1 0 0
    outer loop
      vertex 15.45 4.55 0
      vertex 15.45 7.45 2
      vertex 15.45 7.45 0
    endloop
  endfacet
  facet normal -1 -0 0
    outer loop
      vertex 15.45 7.45 2
      vertex 15.45 4.55 0
      vertex 15.45 4.55 2
    endloop
  endfacet
  facet normal 1 -0 0
    outer loop
      vertex 12.55 4.55 2
      vertex 12.55 7.45 0
      vertex 12.55 7.45 2
    endloop
  endfacet
  facet normal 1 0 0
    outer loop
      vertex 12.55 7.45 0
      vertex 12.55 4.55 2
      vertex 12.55 4.55 0
    endloop
  endfacet
  facet normal 0 -1 0
    outer loop
      vertex 12.55 7.45 0
      vertex 15.45 7.45 2
      vertex 12.55 7.45 2
    endloop
  endfacet
  facet normal 0 -1 -0
    outer loop
      vertex 15.45 7.45 2
      vertex 12.55 7.45 0
      vertex 15.45 7.45 0
    endloop
  endfacet
  facet normal 0 1 -0
    outer loop
      vertex 15.45 4.55 0
      vertex 12.55 4.55 2
      vertex 15.45 4.55 2
    endloop
  endfacet
  facet normal 0 1 0
    outer loop
      vertex 12.55 4.55 2
      vertex 15.45 4.55 0
      vertex 12.55 4.55 0
    endloop
  endfacet
  facet normal -1 0 0
    outer loop
      vertex 15.45 8.55 0
      vertex 15.45 11.45 2
      vertex 15.45 11.45 0
    endloop
  endfacet
  facet normal -1 -0 0
    outer loop
      vertex 15.45 11.45 2
      vertex 15.45 8.55 0
      vertex 15.45 8.55 2
    endloop
  endfacet
  facet normal 1 -0 0
    outer loop
      vertex 12.55 8.55 2
      vertex 12.55 11.45 0
      vertex 12.55 11.45 2
    endloop
  endfacet
  facet normal 1 0 0
    outer loop
      vertex 12.55 11.45 0
      vertex 12.55 8.55 2
      vertex 12.55 8.55 0
    endloop
  endfacet
  facet normal 0 -1 0
    outer loop
      vertex 12.55 11.45 0
      vertex 15.45 11.45 2
      vertex 12.55 11.45 2
    endloop
  endfacet
  facet normal 0 -1 -0
    outer loop
      vertex 15.45 11.45 2
      vertex 12.55 11.45 0
      vertex 15.45 11.45 0
    endloop
  endfacet
  facet normal 0 1 -0
    outer loop
      vertex 15.45 8.55 0
      vertex 12.55 8.55 2
      vertex 15.45 8.55 2
    endloop
  endfacet
  facet normal 0 1 0
    outer loop
      vertex 12.55 8.55 2
      vertex 15.45 8.55 0
      vertex 12.55 8.55 0
    endloop
  endfacet
  facet normal -1 0 0
    outer loop
      vertex 15.45 12.55 0
      vertex 15.45 15.45 2
      vertex 15.45 15.45 0
    endloop
  endfacet
  facet normal -1 -0 0
    outer loop
      vertex 15.45 15.45 2
      vertex 15.45 12.55 0
      vertex 15.45 12.55 2
    endloop
  endfacet
  facet normal 1 -0 0
    outer loop
      vertex 12.55 12.55 2
      vertex 12.55 15.45 0
      vertex 12.55 15.45 2
    endloop
  endfacet
  facet normal 1 0 0
    outer loop
      vertex 12.55 15.45 0
      vertex 12.55 12.55 2
      vertex 12.55 12.55 0
    endloop
  endfacet
  facet normal 0 -1 0
    outer loop
      vertex 12.55 15.45 0
      vertex 15.45 15.45 2
      vertex 12.55 15.45 2
    endloop
  endfacet
  facet normal 0 -1 -0
    outer loop
      vertex 15.45 15.45 2
      vertex 12.55 15.45 0
      vertex 15.45 15.45 0
    endloop
  endfacet
  facet normal 0 1 -0
    outer loop
      vertex 15.45 12.55 0
      vertex 12.55 12.55 2
      vertex 15.45 12.55 2
    endloop
  endfacet
  facet normal 0 1 0
    outer loop
      vertex 12.55 12.55 2
      vertex 15.45 12.55 0
      vertex 12.55 12.55 0
    endloop
  endfacet
  facet normal -1 0 0
    outer loop
      vertex 19.45 -15.45 0
      vertex 19.45 -12.55 2
      vertex 19.45 -12.55 0
    endloop
  endfacet
  facet normal -1 -0 0
    outer loop
      vertex 19.45 -12.55 2
      vertex 19.45 -15.45 0
      vertex 19.45 -15.45 2
    endloop
  endfacet
  facet normal 1 -0 0
    outer loop
      vertex 16.55 -15.45 2
      vertex 16.55 -12.55 0
      vertex 16.55 -12.55 2
    endloop
  endfacet
  facet normal 1 0 0
    outer loop
      vertex 16.55 -12.55 0
      vertex 16.55 -15.45 2
      vertex 16.55 -15.45 0
    endloop
  endfacet
  facet normal 0 -1 0
    outer loop
      vertex 16.55 -12.55 0
      vertex 19.45 -12.55 2
      vertex 16.55 -12.55 2
    endloop
  endfacet
  facet normal 0 -1 -0
    outer loop
      vertex 19.45 -12.55 2
      vertex 16.55 -12.55 0
      vertex 19.45 -12.55 0
    endloop
  endfacet
  facet normal 0 1 -0
    outer loop
      vertex 19.45 -15.45 0
      vertex 16.55 -15.45 2
      vertex 19.45 -15.45 2
    endloop
  endfacet
  facet normal 0 1 0
    outer loop
      vertex 16.55 -15.45 2
      vertex 19.45 -15.45 0
      vertex 16.55 -15.45 0
    endloop
  endfacet
  facet normal -1 0 0
    outer loop
      vertex 19.45 -11.45 0
      vertex 19.45 -8.55 2
      vertex 19.45 -8.55 0
    endloop
  endfacet
  facet normal -1 -0 0
    outer loop
      vertex 19.45 -8.55 2
      vertex 19.45 -11.45 0
      vertex 19.45 -11.45 2
    endloop
  endfacet
  facet normal 1 -0 0
    outer loop
      vertex 16.55 -11.45 2
      vertex 16.55 -8.55 0
      vertex 16.55 -8.55 2
    endloop
  endfacet
  facet normal 1 0 0
    outer loop
      vertex 16.55 -8.55 0
      vertex 16.55 -11.45 2
      vertex 16.55 -11.45 0
    endloop
  endfacet
  facet normal 0 -1 0
    outer loop
      vertex 16.55 -8.55 0
      vertex 19.45 -8.55 2
      vertex 16.55 -8.55 2
    endloop
  endfacet
  facet normal 0 -1 -0
    outer loop
      vertex 19.45 -8.55 2
      vertex 16.55 -8.55 0
      vertex 19.45 -8.55 0
    endloop
  endfacet
  facet normal 0 1 -0
    outer loop
      vertex 19.45 -11.45 0
      vertex 16.55 -11.45 2
      vertex 19.45 -11.45 2
    endloop
  endfacet
  facet normal 0 1 0
    outer loop
      vertex 16.55 -11.45 2
      vertex 19.45 -11.45 0
      vertex 16.55 -11.45 0
    endloop
  endfacet
  facet normal -1 0 0
    outer loop
      vertex 19.45 -7.45 0
      vertex 19.45 -4.55 2
      vertex 19.45 -4.55 0
    endloop
  endfacet
  facet normal -1 -0 0
    outer loop
      vertex 19.45 -4.55 2
      vertex 19.45 -7.45 0
      vertex 19.45 -7.45 2
    endloop
  endfacet
  facet normal 1 -0 0
    outer loop
      vertex 16.55 -7.45 2
      vertex 16.55 -4.55 0
      vertex 16.55 -4.55 2
    endloop
  endfacet
  facet normal 1 0 0
    outer loop
      vertex 16.55 -4.55 0
      vertex 16.55 -7.45 2
      vertex 16.55 -7.45 0
    endloop
  endfacet
  facet normal 0 -1 0
    outer loop
      vertex 16.55 -4.55 0
      vertex 19.45 -4.55 2
      vertex 16.55 -4.55 2
    endloop
  endfacet
  facet normal 0 -1 -0
    outer loop
      vertex 19.45 -4.55 2
      vertex 16.55 -4.55 0
      vertex 19.45 -4.55 0
    endloop
  endfacet
  facet normal 0 1 -0
    outer loop
      vertex 19.45 -7.45 0
      vertex 16.55 -7.45 2
      vertex 19.45 -7.45 2
    endloop
  endfacet
  facet normal 0 1 0
    outer loop
      vertex 16.55 -7.45 2
      vertex 19.45 -7.45 0
      vertex 16.55 -7.45 0
    endloop
  endfacet
  facet normal -1 0 0
    outer loop
      vertex 19.45 -3.45 0
      vertex 19.45 -0.549999 2
      vertex 19.45 -0.549999 0
    endloop
  endfacet
  facet normal -1 -0 0
    outer loop
      vertex 19.45 -0.549999 2
      vertex 19.45 -3.45 0
      vertex 19.45 -3.45 2
    endloop
  endfacet
  facet normal 1 -0 0
    outer loop
      vertex 16.55 -3.45 2
      vertex 16.55 -0.549999 0
      vertex 16.55 -0.549999 2
    endloop
  endfacet
  facet normal 1 0 0
    outer loop
      vertex 16.55 -0.549999 0
      vertex 16.55 -3.45 2
      vertex 16.55 -3.45 0
    endloop
  endfacet
  facet normal 0 -1 0
    outer loop
      vertex 16.55 -0.549999 0
      vertex 19.45 -0.549999 2
      vertex 16.55 -0.549999 2
    endloop
  endfacet
  facet normal 0 -1 -0
    outer loop
      vertex 19.45 -0.549999 2
      vertex 16.55 -0.549999 0
      vertex 19.45 -0.549999 0
    endloop
  endfacet
  facet normal 0 1 -0
    outer loop
      vertex 19.45 -3.45 0
      vertex 16.55 -3.45 2
      vertex 19.45 -3.45 2
    endloop
  endfacet
  facet normal 0 1 0
    outer loop
      vertex 16.55 -3.45 2
      vertex 19.45 -3.45 0
      vertex 16.55 -3.45 0
    endloop
  endfacet
  facet normal -1 0 0
    outer loop
      vertex 19.45 0.549999 0
      vertex 19.45 3.45 2
      vertex 19.45 3.45 0
    endloop
  endfacet
  facet normal -1 -0 0
    outer loop
      vertex 19.45 3.45 2
      vertex 19.45 0.549999 0
      vertex 19.45 0.549999 2
    endloop
  endfacet
  facet normal 1 -0 0
    outer loop
      vertex 16.55 0.549999 2
      vertex 16.55 3.45 0
      vertex 16.55 3.45 2
    endloop
  endfacet
  facet normal 1 0 0
    outer loop
      vertex 16.55 3.45 0
      vertex 16.55 0.549999 2
      vertex 16.55 0.549999 0
    endloop
  endfacet
  facet normal 0 -1 0
    outer loop
      vertex 16.55 3.45 0
      vertex 19.45 3.45 2
      vertex 16.55 3.45 2
    endloop
  endfacet
  facet normal 0 -1 -0
    outer loop
      vertex 19.45 3.45 2
      vertex 16.55 3.45 0
      vertex 19.45 3.45 0
    endloop
  endfacet
  facet normal 0 1 -0
    outer loop
      vertex 19.45 0.549999 0
      vertex 16.55 0.549999 2
      vertex 19.45 0.549999 2
    endloop
  endfacet
  facet normal 0 1 0
    outer loop
      vertex 16.55 0.549999 2
      vertex 19.45 0.549999 0
      vertex 16.55 0.549999 0
    endloop
  endfacet
  facet normal -1 0 0
    outer loop
      vertex 19.45 4.55 0
      vertex 19.45 7.45 2
      vertex 19.45 7.45 0
    endloop
  endfacet
  facet normal -1 -0 0
    outer loop
      vertex 19.45 7.45 2
      vertex 19.45 4.55 0
      vertex 19.45 4.55 2
    endloop
  endfacet
  facet normal 1 -0 0
    outer loop
      vertex 16.55 4.55 2
      vertex 16.55 7.45 0
      vertex 16.55 7.45 2
    endloop
  endfacet
  facet normal 1 0 0
    outer loop
      vertex 16.55 7.45 0
      vertex 16.55 4.55 2
      vertex 16.55 4.55 0
    endloop
  endfacet
  facet normal 0 -1 0
    outer loop
      vertex 16.55 7.45 0
      vertex 19.45 7.45 2
      vertex 16.55 7.45 2
    endloop
  endfacet
  facet normal 0 -1 -0
    outer loop
      vertex 19.45 7.45 2
      vertex 16.55 7.45 0
      vertex 19.45 7.45 0
    endloop
  endfacet
  facet normal 0 1 -0
    outer loop
      vertex 19.45 4.55 0
      vertex 16.55 4.55 2
      vertex 19.45 4.55 2
    endloop
  endfacet
  facet normal 0 1 0
    outer loop
      vertex 16.55 4.55 2
      vertex 19.45 4.55 0
      vertex 16.55 4.55 0
    endloop
  endfacet
  facet normal -1 0 0
    outer loop
      vertex 19.45 8.55 0
      vertex 19.45 11.45 2
      vertex 19.45 11.45 0
    endloop
  endfacet
  facet normal -1 -0 0
    outer loop
      vertex 19.45 11.45 2
      vertex 19.45 8.55 0
      vertex 19.45 8.55 2
    endloop
  endfacet
  facet normal 1 -0 0
    outer loop
      vertex 16.55 8.55 2
      vertex 16.55 11.45 0
      vertex 16.55 11.45 2
    endloop
  endfacet
  facet normal 1 0 0
    outer loop
      vertex 16.55 11.45 0
      vertex 16.55 8.55 2
      vertex 16.55 8.55 0
    endloop
  endfacet
  facet normal 0 -1 0
    outer loop
      vertex 16.55 11.45 0
      vertex 19.45 11.45 2
      vertex 16.55 11.45 2
    endloop
  endfacet
  facet normal 0 -1 -0
    outer loop
      vertex 19.45 11.45 2
      vertex 16.55 11.45 0
      vertex 19.45 11.45 0
    endloop
  endfacet
  facet normal 0 1 -0
    outer loop
      vertex 19.45 8.55 0
      vertex 16.55 8.55 2
      vertex 19.45 8.55 2
    endloop
  endfacet
  facet normal 0 1 0
    outer loop
      vertex 16.55 8.55 2
      vertex 19.45 8.55 0
      vertex 16.55 8.55 0
    endloop
  endfacet
  facet normal -1 0 0
    outer loop
      vertex 19.45 12.55 0
      vertex 19.45 15.45 2
      vertex 19.45 15.45 0
    endloop
  endfacet
  facet normal -1 -0 0
    outer loop
      vertex 19.45 15.45 2
      vertex 19.45 12.55 0
      vertex 19.45 12.55 2
    endloop
  endfacet
  facet normal 1 -0 0
    outer loop
      vertex 16.55 12.55 2
      vertex 16.55 15.45 0
      vertex 16.55 15.45 2
    endloop
  endfacet
  facet normal 1 0 0
    outer loop
      vertex 16.55 15.45 0
      vertex 16.55 12.55 2
      vertex 16.55 12.55 0
    endloop
  endfacet
  facet normal 0 -1 0
    outer loop
      vertex 16.55 15.45 0
      vertex 19.45 15.45 2
      vertex 16.55 15.45 2
    endloop
  endfacet
  facet normal 0 -1 -0
    outer loop
      vertex 19.45 15.45 2
      vertex 16.55 15.45 0
      vertex 19.45 15.45 0
    endloop
  endfacet
  facet normal 0 1 -0
    outer loop
      vertex 19.45 12.55 0
      vertex 16.55 12.55 2
      vertex 19.45 12.55 2
    endloop
  endfacet
  facet normal 0 1 0
    outer loop
      vertex 16.55 12.55 2
      vertex 19.45 12.55 0
      vertex 16.55 12.55 0
    endloop
  endfacet
  facet normal -1 0 0
    outer loop
      vertex 23.45 -15.45 0
      vertex 23.45 -12.55 2
      vertex 23.45 -12.55 0
    endloop
  endfacet
  facet normal -1 -0 0
    outer loop
      vertex 23.45 -12.55 2
      vertex 23.45 -15.45 0
      vertex 23.45 -15.45 2
    endloop
  endfacet
  facet normal 1 -0 0
    outer loop
      vertex 20.55 -15.45 2
      vertex 20.55 -12.55 0
      vertex 20.55 -12.55 2
    endloop
  endfacet
  facet normal 1 0 0
    outer loop
      vertex 20.55 -12.55 0
      vertex 20.55 -15.45 2
      vertex 20.55 -15.45 0
    endloop
  endfacet
  facet normal 0 -1 0
    outer loop
      vertex 20.55 -12.55 0
      vertex 23.45 -12.55 2
      vertex 20.55 -12.55 2
    endloop
  endfacet
  facet normal 0 -1 -0
    outer loop
      vertex 23.45 -12.55 2
      vertex 20.55 -12.55 0
      vertex 23.45 -12.55 0
    endloop
  endfacet
  facet normal 0 1 -0
    outer loop
      vertex 23.45 -15.45 0
      vertex 20.55 -15.45 2
      vertex 23.45 -15.45 2
    endloop
  endfacet
  facet normal 0 1 0
    outer loop
      vertex 20.55 -15.45 2
      vertex 23.45 -15.45 0
      vertex 20.55 -15.45 0
    endloop
  endfacet
  facet normal -1 0 0
    outer loop
      vertex 23.45 -11.45 0
      vertex 23.45 -8.55 2
      vertex 23.45 -8.55 0
    endloop
  endfacet
  facet normal -1 -0 0
    outer loop
      vertex 23.45 -8.55 2
      vertex 23.45 -11.45 0
      vertex 23.45 -11.45 2
    endloop
  endfacet
  facet normal 1 -0 0
    outer loop
      vertex 20.55 -11.45 2
      vertex 20.55 -8.55 0
      vertex 20.55 -8.55 2
    endloop
  endfacet
  facet normal 1 0 0
    outer loop
      vertex 20.55 -8.55 0
      vertex 20.55 -11.45 2
      vertex 20.55 -11.45 0
    endloop
  endfacet
  facet normal 0 -1 0
    outer loop
      vertex 20.55 -8.55 0
      vertex 23.45 -8.55 2
      vertex 20.55 -8.55 2
    endloop
  endfacet
  facet normal 0 -1 -0
    outer loop
      vertex 23.45 -8.55 2
      vertex 20.55 -8.55 0
      vertex 23.45 -8.55 0
    endloop
  endfacet
  facet normal 0 1 -0
    outer loop
      vertex 23.45 -11.45 0
      vertex 20.55 -11.45 2
      vertex 23.45 -11.45 2
    endloop
  endfacet
  facet normal 0 1 0
    outer loop
      vertex 20.55 -11.45 2
      vertex 23.45 -11.45 0
      vertex 20.55 -11.45 0
    endloop
  endfacet
  facet normal -1 0 0
    outer loop
      vertex 23.45 -7.45 0
      vertex 23.45 -4.55 2
      vertex 23.45 -4.55 0
    endloop
  endfacet
  facet normal -1 -0 0
    outer loop
      vertex 23.45 -4.55 2
      vertex 23.45 -7.45 0
      vertex 23.45 -7.45 2
    endloop
  endfacet
  facet normal 1 -0 0
    outer loop
      vertex 20.55 -7.45 2
      vertex 20.55 -4.55 0
      vertex 20.55 -4.55 2
    endloop
  endfacet
  facet normal 1 0 0
    outer loop
      vertex 20.55 -4.55 0
      vertex 20.55 -7.45 2
      vertex 20.55 -7.45 0
    endloop
  endfacet
  facet normal 0 -1 0
    outer loop
      vertex 20.55 -4.55 0
      vertex 23.45 -4.55 2
      vertex 20.55 -4.55 2
    endloop
  endfacet
  facet normal 0 -1 -0
    outer loop
      vertex 23.45 -4.55 2
      vertex 20.55 -4.55 0
      vertex 23.45 -4.55 0
    endloop
  endfacet
  facet normal 0 1 -0
    outer loop
      vertex 23.45 -7.45 0
      vertex 20.55 -7.45 2
      vertex 23.45 -7.45 2
    endloop
  endfacet
  facet normal 0 1 0
    outer loop
      vertex 20.55 -7.45 2
      vertex 23.45 -7.45 0
      vertex 20.55 -7.45 0
    endloop
  endfacet
  facet normal -1 0 0
    outer loop
      vertex 23.45 -3.45 0
      vertex 23.45 -0.549999 2
      vertex 23.45 -0.549999 0
    endloop
  endfacet
  facet normal -1 -0 0
    outer loop
      vertex 23.45 -0.549999 2
      vertex 23.45 -3.45 0
      vertex 23.45 -3.45 2
    endloop
  endfacet
  facet normal 1 -0 0
    outer loop
      vertex 20.55 -3.45 2
      vertex 20.55 -0.549999 0
      vertex 20.55 -0.549999 2
    endloop
  endfacet
  facet normal 1 0 0
    outer loop
      vertex 20.55 -0.549999 0
      vertex 20.55 -3.45 2
      vertex 20.55 -3.45 0
    endloop
  endfacet
  facet normal 0 -1 0
    outer loop
      vertex 20.55 -0.549999 0
      vertex 23.45 -0.549999 2
      vertex 20.55 -0.549999 2
    endloop
  endfacet
  facet normal 0 -1 -0
    outer loop
      vertex 23.45 -0.549999 2
      vertex 20.55 -0.549999 0
      vertex 23.45 -0.549999 0
    endloop
  endfacet
  facet normal 0 1 -0
    outer loop
      vertex 23.45 -3.45 0
      vertex 20.55 -3.45 2
      vertex 23.45 -3.45 2
    endloop
  endfacet
  facet normal 0 1 0
    outer loop
      vertex 20.55 -3.45 2
      vertex 23.45 -3.45 0
      vertex 20.55 -3.45 0
    endloop
  endfacet
  facet normal -1 0 0
    outer loop
      vertex 23.45 0.549999 0
      vertex 23.45 3.45 2
      vertex 23.45 3.45 0
    endloop
  endfacet
  facet normal -1 -0 0
    outer loop
      vertex 23.45 3.45 2
      vertex 23.45 0.549999 0
      vertex 23.45 0.549999 2
    endloop
  endfacet
  facet normal 1 -0 0
    outer loop
      vertex 20.55 0.549999 2
      vertex 20.55 3.45 0
      vertex 20.55 3.45 2
    endloop
  endfacet
  facet normal 1 0 0
    outer loop
      vertex 20.55 3.45 0
      vertex 20.55 0.549999 2
      vertex 20.55 0.549999 0
    endloop
  endfacet
  facet normal 0 -1 0
    outer loop
      vertex 20.55 3.45 0
      vertex 23.45 3.45 2
      vertex 20.55 3.45 2
    endloop
  endfacet
  facet normal 0 -1 -0
    outer loop
      vertex 23.45 3.45 2
      vertex 20.55 3.45 0
      vertex 23.45 3.45 0
    endloop
  endfacet
  facet normal 0 1 -0
    outer loop
      vertex 23.45 0.549999 0
      vertex 20.55 0.549999 2
      vertex 23.45 0.549999 2
    endloop
  endfacet
  facet normal 0 1 0
    outer loop
      vertex 20.55 0.549999 2
      vertex 23.45 0.549999 0
      vertex 20.55 0.549999 0
    endloop
  endfacet
  facet normal -1 0 0
    outer loop
      vertex 23.45 4.55 0
      vertex 23.45 7.45 2
      vertex 23.45 7.45 0
    endloop
  endfacet
  facet normal -1 -0 0
    outer loop
      vertex 23.45 7.45 2
      vertex 23.45 4.55 0
      vertex 23.45 4.55 2
    endloop
  endfacet
  facet normal 1 -0 0
    outer loop
      vertex 20.55 4.55 2
      vertex 20.55 7.45 0
      vertex 20.55 7.45 2
    endloop
  endfacet
  facet normal 1 0 0
    outer loop
      vertex 20.55 7.45 0
      vertex 20.55 4.55 2
      vertex 20.55 4.55 0
    endloop
  endfacet
  facet normal 0 -1 0
    outer loop
      vertex 20.55 7.45 0
      vertex 23.45 7.45 2
      vertex 20.55 7.45 2
    endloop
  endfacet
  facet normal 0 -1 -0
    outer loop
      vertex 23.45 7.45 2
      vertex 20.55 7.45 0
      vertex 23.45 7.45 0
    endloop
  endfacet
  facet normal 0 1 -0
    outer loop
      vertex 23.45 4.55 0
      vertex 20.55 4.55 2
      vertex 23.45 4.55 2
    endloop
  endfacet
  facet normal 0 1 0
    outer loop
      vertex 20.55 4.55 2
      vertex 23.45 4.55 0
      vertex 20.55 4.55 0
    endloop
  endfacet
  facet normal -1 0 0
    outer loop
      vertex 23.45 8.55 0
      vertex 23.45 11.45 2
      vertex 23.45 11.45 0
    endloop
  endfacet
  facet normal -1 -0 0
    outer loop
      vertex 23.45 11.45 2
      vertex 23.45 8.55 0
      vertex 23.45 8.55 2
    endloop
  endfacet
  facet normal 1 -0 0
    outer loop
      vertex 20.55 8.55 2
      vertex 20.55 11.45 0
      vertex 20.55 11.45 2
    endloop
  endfacet
  facet normal 1 0 0
    outer loop
      vertex 20.55 11.45 0
      vertex 20.55 8.55 2
      vertex 20.55 8.55 0
    endloop
  endfacet
  facet normal 0 -1 0
    outer loop
      vertex 20.55 11.45 0
      vertex 23.45 11.45 2
      vertex 20.55 11.45 2
    endloop
  endfacet
  facet normal 0 -1 -0
    outer loop
      vertex 23.45 11.45 2
      vertex 20.55 11.45 0
      vertex 23.45 11.45 0
    endloop
  endfacet
  facet normal 0 1 -0
    outer loop
      vertex 23.45 8.55 0
      vertex 20.55 8.55 2
      vertex 23.45 8.55 2
    endloop
  endfacet
  facet normal 0 1 0
    outer loop
      vertex 20.55 8.55 2
      vertex 23.45 8.55 0
      vertex 20.55 8.55 0
    endloop
  endfacet
  facet normal -1 0 0
    outer loop
      vertex 23.45 12.55 0
      vertex 23.45 15.45 2
      vertex 23.45 15.45 0
    endloop
  endfacet
  facet normal -1 -0 0
    outer loop
      vertex 23.45 15.45 2
      vertex 23.45 12.55 0
      vertex 23.45 12.55 2
    endloop
  endfacet
  facet normal 1 -0 0
    outer loop
      vertex 20.55 12.55 2
      vertex 20.55 15.45 0
      vertex 20.55 15.45 2
    endloop
  endfacet
  facet normal 1 0 0
    outer loop
      vertex 20.55 15.45 0
      vertex 20.55 12.55 2
      vertex 20.55 12.55 0
    endloop
  endfacet
  facet normal 0 -1 0
    outer loop
      vertex 20.55 15.45 0
      vertex 23.45 15.45 2
      vertex 20.55 15.45 2
    endloop
  endfacet
  facet normal 0 -1 -0
    outer loop
      vertex 23.45 15.45 2
      vertex 20.55 15.45 0
      vertex 23.45 15.45 0
    endloop
  endfacet
  facet normal 0 1 -0
    outer loop
      vertex 23.45 12.55 0
      vertex 20.55 12.55 2
      vertex 23.45 12.55 2
    endloop
  endfacet
  facet normal 0 1 0
    outer loop
      vertex 20.55 12.55 2
      vertex 23.45 12.55 0
      vertex 20.55 12.55 0
    endloop
  endfacet
  facet normal -1 0 0
    outer loop
      vertex 27.45 -15.45 0
      vertex 27.45 -12.55 2
      vertex 27.45 -12.55 0
    endloop
  endfacet
  facet normal -1 -0 0
    outer loop
      vertex 27.45 -12.55 2
      vertex 27.45 -15.45 0
      vertex 27.45 -15.45 2
    endloop
  endfacet
  facet normal 1 -0 0
    outer loop
      vertex 24.55 -15.45 2
      vertex 24.55 -12.55 0
      vertex 24.55 -12.55 2
    endloop
  endfacet
  facet normal 1 0 0
    outer loop
      vertex 24.55 -12.55 0
      vertex 24.55 -15.45 2
      vertex 24.55 -15.45 0
    endloop
  endfacet
  facet normal 0 -1 0
    outer loop
      vertex 24.55 -12.55 0
      vertex 27.45 -12.55 2
      vertex 24.55 -12.55 2
    endloop
  endfacet
  facet normal 0 -1 -0
    outer loop
      vertex 27.45 -12.55 2
      vertex 24.55 -12.55 0
      vertex 27.45 -12.55 0
    endloop
  endfacet
  facet normal 0 1 -0
    outer loop
      vertex 27.45 -15.45 0
      vertex 24.55 -15.45 2
      vertex 27.45 -15.45 2
    endloop
  endfacet
  facet normal 0 1 0
    outer loop
      vertex 24.55 -15.45 2
      vertex 27.45 -15.45 0
      vertex 24.55 -15.45 0
    endloop
  endfacet
  facet normal -1 0 0
    outer loop
      vertex 27.45 -11.45 0
      vertex 27.45 -8.55 2
      vertex 27.45 -8.55 0
    endloop
  endfacet
  facet normal -1 -0 0
    outer loop
      vertex 27.45 -8.55 2
      vertex 27.45 -11.45 0
      vertex 27.45 -11.45 2
    endloop
  endfacet
  facet normal 1 -0 0
    outer loop
      vertex 24.55 -11.45 2
      vertex 24.55 -8.55 0
      vertex 24.55 -8.55 2
    endloop
  endfacet
  facet normal 1 0 0
    outer loop
      vertex 24.55 -8.55 0
      vertex 24.55 -11.45 2
      vertex 24.55 -11.45 0
    endloop
  endfacet
  facet normal 0 -1 0
    outer loop
      vertex 24.55 -8.55 0
      vertex 27.45 -8.55 2
      vertex 24.55 -8.55 2
    endloop
  endfacet
  facet normal 0 -1 -0
    outer loop
      vertex 27.45 -8.55 2
      vertex 24.55 -8.55 0
      vertex 27.45 -8.55 0
    endloop
  endfacet
  facet normal 0 1 -0
    outer loop
      vertex 27.45 -11.45 0
      vertex 24.55 -11.45 2
      vertex 27.45 -11.45 2
    endloop
  endfacet
  facet normal 0 1 0
    outer loop
      vertex 24.55 -11.45 2
      vertex 27.45 -11.45 0
      vertex 24.55 -11.45 0
    endloop
  endfacet
  facet normal -1 0 0
    outer loop
      vertex 27.45 -7.45 0
      vertex 27.45 -4.55 2
      vertex 27.45 -4.55 0
    endloop
  endfacet
  facet normal -1 -0 0
    outer loop
      vertex 27.45 -4.55 2
      vertex 27.45 -7.45 0
      vertex 27.45 -7.45 2
    endloop
  endfacet
  facet normal 1 -0 0
    outer loop
      vertex 24.55 -7.45 2
      vertex 24.55 -4.55 0
      vertex 24.55 -4.55 2
    endloop
  endfacet
  facet normal 1 0 0
    outer loop
      vertex 24.55 -4.55 0
      vertex 24.55 -7.45 2
      vertex 24.55 -7.45 0
    endloop
  endfacet
  facet normal 0 -1 0
    outer loop
      vertex 24.55 -4.55 0
      vertex 27.45 -4.55 2
      vertex 24.55 -4.55 2
    endloop
  endfacet
  facet normal 0 -1 -0
    outer loop
      vertex 27.45 -4.55 2
      vertex 24.55 -4.55 0
      vertex 27.45 -4.55 0
    endloop
  endfacet
  facet normal 0 1 -0
    outer loop
      vertex 27.45 -7.45 0
      vertex 24.55 -7.45 2
      vertex 27.45 -7.45 2
    endloop
  endfacet
  facet normal 0 1 0
    outer loop
      vertex 24.55 -7.45 2
      vertex 27.45 -7.45 0
      vertex 24.55 -7.45 0
    endloop
  endfacet
  facet normal -1 0 0
    outer loop
      vertex 27.45 -3.45 0
      vertex 27.45 -0.549999 2
      vertex 27.45 -0.549999 0
    endloop
  endfacet
  facet normal -1 -0 0
    outer loop
      vertex 27.45 -0.549999 2
      vertex 27.45 -3.45 0
      vertex 27.45 -3.45 2
    endloop
  endfacet
  facet normal 1 -0 0
    outer loop
      vertex 24.55 -3.45 2
      vertex 24.55 -0.549999 0
      vertex 24.55 -0.549999 2
    endloop
  endfacet
  facet normal 1 0 0
    outer loop
      vertex 24.55 -0.549999 0
      vertex 24.55 -3.45 2
      vertex 24.55 -3.45 0
    endloop
  endfacet
  facet normal 0 -1 0
    outer loop
      vertex 24.55 -0.549999 0
      vertex 27.45 -0.549999 2
      vertex 24.55 -0.549999 2
    endloop
  endfacet
  facet normal 0 -1 -0
    outer loop
      vertex 27.45 -0.549999 2
      vertex 24.55 -0.549999 0
      vertex 27.45 -0.549999 0
    endloop
  endfacet
  facet normal 0 1 -0
    outer loop
      vertex 27.45 -3.45 0
      vertex 24.55 -3.45 2
      vertex 27.45 -3.45 2
    endloop
  endfacet
  facet normal 0 1 0
    outer loop
      vertex 24.55 -3.45 2
      vertex 27.45 -3.45 0
      vertex 24.55 -3.45 0
    endloop
  endfacet
  facet normal -1 0 0
    outer loop
      vertex 27.45 0.549999 0
      vertex 27.45 3.45 2
      vertex 27.45 3.45 0
    endloop
  endfacet
  facet normal -1 -0 0
    outer loop
      vertex 27.45 3.45 2
      vertex 27.45 0.549999 0
      vertex 27.45 0.549999 2
    endloop
  endfacet
  facet normal 1 -0 0
    outer loop
      vertex 24.55 0.549999 2
      vertex 24.55 3.45 0
      vertex 24.55 3.45 2
    endloop
  endfacet
  facet normal 1 0 0
    outer loop
      vertex 24.55 3.45 0
      vertex 24.55 0.549999 2
      vertex 24.55 0.549999 0
    endloop
  endfacet
  facet normal 0 -1 0
    outer loop
      vertex 24.55 3.45 0
      vertex 27.45 3.45 2
      vertex 24.55 3.45 2
    endloop
  endfacet
  facet normal 0 -1 -0
    outer loop
      vertex 27.45 3.45 2
      vertex 24.55 3.45 0
      vertex 27.45 3.45 0
    endloop
  endfacet
  facet normal 0 1 -0
    outer loop
      vertex 27.45 0.549999 0
      vertex 24.55 0.549999 2
      vertex 27.45 0.549999 2
    endloop
  endfacet
  facet normal 0 1 0
    outer loop
      vertex 24.55 0.549999 2
      vertex 27.45 0.549999 0
      vertex 24.55 0.549999 0
    endloop
  endfacet
  facet normal -1 0 0
    outer loop
      vertex 27.45 4.55 0
      vertex 27.45 7.45 2
      vertex 27.45 7.45 0
    endloop
  endfacet
  facet normal -1 -0 0
    outer loop
      vertex 27.45 7.45 2
      vertex 27.45 4.55 0
      vertex 27.45 4.55 2
    endloop
  endfacet
  facet normal 1 -0 0
    outer loop
      vertex 24.55 4.55 2
      vertex 24.55 7.45 0
      vertex 24.55 7.45 2
    endloop
  endfacet
  facet normal 1 0 0
    outer loop
      vertex 24.55 7.45 0
      vertex 24.55 4.55 2
      vertex 24.55 4.55 0
    endloop
  endfacet
  facet normal 0 -1 0
    outer loop
      vertex 24.55 7.45 0
      vertex 27.45 7.45 2
      vertex 24.55 7.45 2
    endloop
  endfacet
  facet normal 0 -1 -0
    outer loop
      vertex 27.45 7.45 2
      vertex 24.55 7.45 0
      vertex 27.45 7.45 0
    endloop
  endfacet
  facet normal 0 1 -0
    outer loop
      vertex 27.45 4.55 0
      vertex 24.55 4.55 2
      vertex 27.45 4.55 2
    endloop
  endfacet
  facet normal 0 1 0
    outer loop
      vertex 24.55 4.55 2
      vertex 27.45 4.55 0
      vertex 24.55 4.55 0
    endloop
  endfacet
  facet normal -1 0 0
    outer loop
      vertex 27.45 8.55 0
      vertex 27.45 11.45 2
      vertex 27.45 11.45 0
    endloop
  endfacet
  facet normal -1 -0 0
    outer loop
      vertex 27.45 11.45 2
      vertex 27.45 8.55 0
      vertex 27.45 8.55 2
    endloop
  endfacet
  facet normal 1 -0 0
    outer loop
      vertex 24.55 8.55 2
      vertex 24.55 11.45 0
      vertex 24.55 11.45 2
    endloop
  endfacet
  facet normal 1 0 0
    outer loop
      vertex 24.55 11.45 0
      vertex 24.55 8.55 2
      vertex 24.55 8.55 0
    endloop
  endfacet
  facet normal 0 -1 0
    outer loop
      vertex 24.55 11.45 0
      vertex 27.45 11.45 2
      vertex 24.55 11.45 2
    endloop
  endfacet
  facet normal 0 -1 -0
    outer loop
      vertex 27.45 11.45 2
      vertex 24.55 11.45 0
      vertex 27.45 11.45 0
    endloop
  endfacet
  facet normal 0 1 -0
    outer loop
      vertex 27.45 8.55 0
      vertex 24.55 8.55 2
      vertex 27.45 8.55 2
    endloop
  endfacet
  facet normal 0 1 0
    outer loop
      vertex 24.55 8.55 2
      vertex 27.45 8.55 0
      vertex 24.55 8.55 0
    endloop
  endfacet
  facet normal -1 0 0
    outer loop
      vertex 27.45 12.55 0
      vertex 27.45 15.45 2
      vertex 27.45 15.45 0
    endloop
  endfacet
  facet normal -1 -0 0
    outer loop
      vertex 27.45 15.45 2
      vertex 27.45 12.55 0
      vertex 27.45 12.55 2
    endloop
  endfacet
  facet normal 1 -0 0
    outer loop
      vertex 24.55 12.55 2
      vertex 24.55 15.45 0
      vertex 24.55 15.45 2
    endloop
  endfacet
  facet normal 1 0 0
    outer loop
      vertex 24.55 15.45 0
      vertex 24.55 12.55 2
      vertex 24.55 12.55 0
    endloop
  endfacet
  facet normal 0 -1 0
    outer loop
      vertex 24.55 15.45 0
      vertex 27.45 15.45 2
      vertex 24.55 15.45 2
    endloop
  endfacet
  facet normal 0 -1 -0
    outer loop
      vertex 27.45 15.45 2
      vertex 24.55 15.45 0
      vertex 27.45 15.45 0
    endloop
  endfacet
  facet normal 0 1 -0
    outer loop
      vertex 27.45 12.55 0
      vertex 24.55 12.55 2
      vertex 27.45 12.55 2
    endloop
  endfacet
  facet normal 0 1 0
    outer loop
      vertex 24.55 12.55 2
      vertex 27.45 12.55 0
      vertex 24.55 12.55 0
    endloop
  endfacet
  facet normal -1 0 0
    outer loop
      vertex 31.45 -15.45 0
      vertex 31.45 -12.55 2
      vertex 31.45 -12.55 0
    endloop
  endfacet
  facet normal -1 -0 0
    outer loop
      vertex 31.45 -12.55 2
      vertex 31.45 -15.45 0
      vertex 31.45 -15.45 2
    endloop
  endfacet
  facet normal 1 -0 0
    outer loop
      vertex 28.55 -15.45 2
      vertex 28.55 -12.55 0
      vertex 28.55 -12.55 2
    endloop
  endfacet
  facet normal 1 0 0
    outer loop
      vertex 28.55 -12.55 0
      vertex 28.55 -15.45 2
      vertex 28.55 -15.45 0
    endloop
  endfacet
  facet normal 0 -1 0
    outer loop
      vertex 28.55 -12.55 0
      vertex 31.45 -12.55 2
      vertex 28.55 -12.55 2
    endloop
  endfacet
  facet normal 0 -1 -0
    outer loop
      vertex 31.45 -12.55 2
      vertex 28.55 -12.55 0
      vertex 31.45 -12.55 0
    endloop
  endfacet
  facet normal 0 1 -0
    outer loop
      vertex 31.45 -15.45 0
      vertex 28.55 -15.45 2
      vertex 31.45 -15.45 2
    endloop
  endfacet
  facet normal 0 1 0
    outer loop
      vertex 28.55 -15.45 2
      vertex 31.45 -15.45 0
      vertex 28.55 -15.45 0
    endloop
  endfacet
  facet normal -1 0 0
    outer loop
      vertex 31.45 -11.45 0
      vertex 31.45 -8.55 2
      vertex 31.45 -8.55 0
    endloop
  endfacet
  facet normal -1 -0 0
    outer loop
      vertex 31.45 -8.55 2
      vertex 31.45 -11.45 0
      vertex 31.45 -11.45 2
    endloop
  endfacet
  facet normal 1 -0 0
    outer loop
      vertex 28.55 -11.45 2
      vertex 28.55 -8.55 0
      vertex 28.55 -8.55 2
    endloop
  endfacet
  facet normal 1 0 0
    outer loop
      vertex 28.55 -8.55 0
      vertex 28.55 -11.45 2
      vertex 28.55 -11.45 0
    endloop
  endfacet
  facet normal 0 -1 0
    outer loop
      vertex 28.55 -8.55 0
      vertex 31.45 -8.55 2
      vertex 28.55 -8.55 2
    endloop
  endfacet
  facet normal 0 -1 -0
    outer loop
      vertex 31.45 -8.55 2
      vertex 28.55 -8.55 0
      vertex 31.45 -8.55 0
    endloop
  endfacet
  facet normal 0 1 -0
    outer loop
      vertex 31.45 -11.45 0
      vertex 28.55 -11.45 2
      vertex 31.45 -11.45 2
    endloop
  endfacet
  facet normal 0 1 0
    outer loop
      vertex 28.55 -11.45 2
      vertex 31.45 -11.45 0
      vertex 28.55 -11.45 0
    endloop
  endfacet
  facet normal -1 0 0
    outer loop
      vertex 31.45 -7.45 0
      vertex 31.45 -4.55 2
      vertex 31.45 -4.55 0
    endloop
  endfacet
  facet normal -1 -0 0
    outer loop
      vertex 31.45 -4.55 2
      vertex 31.45 -7.45 0
      vertex 31.45 -7.45 2
    endloop
  endfacet
  facet normal 1 -0 0
    outer loop
      vertex 28.55 -7.45 2
      vertex 28.55 -4.55 0
      vertex 28.55 -4.55 2
    endloop
  endfacet
  facet normal 1 0 0
    outer loop
      vertex 28.55 -4.55 0
      vertex 28.55 -7.45 2
      vertex 28.55 -7.45 0
    endloop
  endfacet
  facet normal 0 -1 0
    outer loop
      vertex 28.55 -4.55 0
      vertex 31.45 -4.55 2
      vertex 28.55 -4.55 2
    endloop
  endfacet
  facet normal 0 -1 -0
    outer loop
      vertex 31.45 -4.55 2
      vertex 28.55 -4.55 0
      vertex 31.45 -4.55 0
    endloop
  endfacet
  facet normal 0 1 -0
    outer loop
      vertex 31.45 -7.45 0
      vertex 28.55 -7.45 2
      vertex 31.45 -7.45 2
    endloop
  endfacet
  facet normal 0 1 0
    outer loop
      vertex 28.55 -7.45 2
      vertex 31.45 -7.45 0
      vertex 28.55 -7.45 0
    endloop
  endfacet
  facet normal -1 0 0
    outer loop
      vertex 31.45 -3.45 0
      vertex 31.45 -0.549999 2
      vertex 31.45 -0.549999 0
    endloop
  endfacet
  facet normal -1 -0 0
    outer loop
      vertex 31.45 -0.549999 2
      vertex 31.45 -3.45 0
      vertex 31.45 -3.45 2
    endloop
  endfacet
  facet normal 1 -0 0
    outer loop
      vertex 28.55 -3.45 2
      vertex 28.55 -0.549999 0
      vertex 28.55 -0.549999 2
    endloop
  endfacet
  facet normal 1 0 0
    outer loop
      vertex 28.55 -0.549999 0
      vertex 28.55 -3.45 2
      vertex 28.55 -3.45 0
    endloop
  endfacet
  facet normal 0 -1 0
    outer loop
      vertex 28.55 -0.549999 0
      vertex 31.45 -0.549999 2
      vertex 28.55 -0.549999 2
    endloop
  endfacet
  facet normal 0 -1 -0
    outer loop
      vertex 31.45 -0.549999 2
      vertex 28.55 -0.549999 0
      vertex 31.45 -0.549999 0
    endloop
  endfacet
  facet normal 0 1 -0
    outer loop
      vertex 31.45 -3.45 0
      vertex 28.55 -3.45 2
      vertex 31.45 -3.45 2
    endloop
  endfacet
  facet normal 0 1 0
    outer loop
      vertex 28.55 -3.45 2
      vertex 31.45 -3.45 0
      vertex 28.55 -3.45 0
    endloop
  endfacet
  facet normal -1 0 0
    outer loop
      vertex 31.45 0.549999 0
      vertex 31.45 3.45 2
      vertex 31.45 3.45 0
    endloop
  endfacet
  facet normal -1 -0 0
    outer loop
      vertex 31.45 3.45 2
      vertex 31.45 0.549999 0
      vertex 31.45 0.549999 2
    endloop
  endfacet
  facet normal 1 -0 0
    outer loop
      vertex 28.55 0.549999 2
      vertex 28.55 3.45 0
      vertex 28.55 3.45 2
    endloop
  endfacet
  facet normal 1 0 0
    outer loop
      vertex 28.55 3.45 0
      vertex 28.55 0.549999 2
      vertex 28.55 0.549999 0
    endloop
  endfacet
  facet normal 0 -1 0
    outer loop
      vertex 28.55 3.45 0
      vertex 31.45 3.45 2
      vertex 28.55 3.45 2
    endloop
  endfacet
  facet normal 0 -1 -0
    outer loop
      vertex 31.45 3.45 2
      vertex 28.55 3.45 0
      vertex 31.45 3.45 0
    endloop
  endfacet
  facet normal 0 1 -0
    outer loop
      vertex 31.45 0.549999 0
      vertex 28.55 0.549999 2
      vertex 31.45 0.549999 2
    endloop
  endfacet
  facet normal 0 1 0
    outer loop
      vertex 28.55 0.549999 2
      vertex 31.45 0.549999 0
      vertex 28.55 0.549999 0
    endloop
  endfacet
  facet normal -1 0 0
    outer loop
      vertex 31.45 4.55 0
      vertex 31.45 7.45 2
      vertex 31.45 7.45 0
    endloop
  endfacet
  facet normal -1 -0 0
    outer loop
      vertex 31.45 7.45 2
      vertex 31.45 4.55 0
      vertex 31.45 4.55 2
    endloop
  endfacet
  facet normal 1 -0 0
    outer loop
      vertex 28.55 4.55 2
      vertex 28.55 7.45 0
      vertex 28.55 7.45 2
    endloop
  endfacet
  facet normal 1 0 0
    outer loop
      vertex 28.55 7.45 0
      vertex 28.55 4.55 2
      vertex 28.55 4.55 0
    endloop
  endfacet
  facet normal 0 -1 0
    outer loop
      vertex 28.55 7.45 0
      vertex 31.45 7.45 2
      vertex 28.55 7.45 2
    endloop
  endfacet
  facet normal 0 -1 -0
    outer loop
      vertex 31.45 7.45 2
      vertex 28.55 7.45 0
      vertex 31.45 7.45 0
    endloop
  endfacet
  facet normal 0 1 -0
    outer loop
      vertex 31.45 4.55 0
      vertex 28.55 4.55 2
      vertex 31.45 4.55 2
    endloop
  endfacet
  facet normal 0 1 0
    outer loop
      vertex 28.55 4.55 2
      vertex 31.45 4.55 0
      vertex 28.55 4.55 0
    endloop
  endfacet
  facet normal -1 0 0
    outer loop
      vertex 31.45 8.55 0
      vertex 31.45 11.45 2
      vertex 31.45 11.45 0
    endloop
  endfacet
  facet normal -1 -0 0
    outer loop
      vertex 31.45 11.45 2
      vertex 31.45 8.55 0
      vertex 31.45 8.55 2
    endloop
  endfacet
  facet normal 1 -0 0
    outer loop
      vertex 28.55 8.55 2
      vertex 28.55 11.45 0
      vertex 28.55 11.45 2
    endloop
  endfacet
  facet normal 1 0 0
    outer loop
      vertex 28.55 11.45 0
      vertex 28.55 8.55 2
      vertex 28.55 8.55 0
    endloop
  endfacet
  facet normal 0 -1 0
    outer loop
      vertex 28.55 11.45 0
      vertex 31.45 11.45 2
      vertex 28.55 11.45 2
    endloop
  endfacet
  facet normal 0 -1 -0
    outer loop
      vertex 31.45 11.45 2
      vertex 28.55 11.45 0
      vertex 31.45 11.45 0
    endloop
  endfacet
  facet normal 0 1 -0
    outer loop
      vertex 31.45 8.55 0
      vertex 28.55 8.55 2
      vertex 31.45 8.55 2
    endloop
  endfacet
  facet normal 0 1 0
    outer loop
      vertex 28.55 8.55 2
      vertex 31.45 8.55 0
      vertex 28.55 8.55 0
    endloop
  endfacet
  facet normal -1 0 0
    outer loop
      vertex 31.45 12.55 0
      vertex 31.45 15.45 2
      vertex 31.45 15.45 0
    endloop
  endfacet
  facet normal -1 -0 0
    outer loop
      vertex 31.45 15.45 2
      vertex 31.45 12.55 0
      vertex 31.45 12.55 2
    endloop
  endfacet
  facet normal 1 -0 0
    outer loop
      vertex 28.55 12.55 2
      vertex 28.55 15.45 0
      vertex 28.55 15.45 2
    endloop
  endfacet
  facet normal 1 0 0
    outer loop
      vertex 28.55 15.45 0
      vertex 28.55 12.55 2
      vertex 28.55 12.55 0
    endloop
  endfacet
  facet normal 0 -1 0
    outer loop
      vertex 28.55 15.45 0
      vertex 31.45 15.45 2
      vertex 28.55 15.45 2
    endloop
  endfacet
  facet normal 0 -1 -0
    outer loop
      vertex 31.45 15.45 2
      vertex 28.55 15.45 0
      vertex 31.45 15.45 0
    endloop
  endfacet
  facet normal 0 1 -0
    outer loop
      vertex 31.45 12.55 0
      vertex 28.55 12.55 2
      vertex 31.45 12.55 2
    endloop
  endfacet
  facet normal 0 1 0
    outer loop
      vertex 28.55 12.55 2
      vertex 31.45 12.55 0
      vertex 28.55 12.55 0
    endloop
  endfacet
  facet normal -1 0 0
    outer loop
      vertex 35.45 -15.45 0
      vertex 35.45 -12.55 2
      vertex 35.45 -12.55 0
    endloop
  endfacet
  facet normal -1 -0 0
    outer loop
      vertex 35.45 -12.55 2
      vertex 35.45 -15.45 0
      vertex 35.45 -15.45 2
    endloop
  endfacet
  facet normal 1 -0 0
    outer loop
      vertex 32.55 -15.45 2
      vertex 32.55 -12.55 0
      vertex 32.55 -12.55 2
    endloop
  endfacet
  facet normal 1 0 0
    outer loop
      vertex 32.55 -12.55 0
      vertex 32.55 -15.45 2
      vertex 32.55 -15.45 0
    endloop
  endfacet
  facet normal 0 -1 0
    outer loop
      vertex 32.55 -12.55 0
      vertex 35.45 -12.55 2
      vertex 32.55 -12.55 2
    endloop
  endfacet
  facet normal 0 -1 -0
    outer loop
      vertex 35.45 -12.55 2
      vertex 32.55 -12.55 0
      vertex 35.45 -12.55 0
    endloop
  endfacet
  facet normal 0 1 -0
    outer loop
      vertex 35.45 -15.45 0
      vertex 32.55 -15.45 2
      vertex 35.45 -15.45 2
    endloop
  endfacet
  facet normal 0 1 0
    outer loop
      vertex 32.55 -15.45 2
      vertex 35.45 -15.45 0
      vertex 32.55 -15.45 0
    endloop
  endfacet
  facet normal -1 0 0
    outer loop
      vertex 35.45 -11.45 0
      vertex 35.45 -8.55 2
      vertex 35.45 -8.55 0
    endloop
  endfacet
  facet normal -1 -0 0
    outer loop
      vertex 35.45 -8.55 2
      vertex 35.45 -11.45 0
      vertex 35.45 -11.45 2
    endloop
  endfacet
  facet normal 1 -0 0
    outer loop
      vertex 32.55 -11.45 2
      vertex 32.55 -8.55 0
      vertex 32.55 -8.55 2
    endloop
  endfacet
  facet normal 1 0 0
    outer loop
      vertex 32.55 -8.55 0
      vertex 32.55 -11.45 2
      vertex 32.55 -11.45 0
    endloop
  endfacet
  facet normal 0 -1 0
    outer loop
      vertex 32.55 -8.55 0
      vertex 35.45 -8.55 2
      vertex 32.55 -8.55 2
    endloop
  endfacet
  facet normal 0 -1 -0
    outer loop
      vertex 35.45 -8.55 2
      vertex 32.55 -8.55 0
      vertex 35.45 -8.55 0
    endloop
  endfacet
  facet normal 0 1 -0
    outer loop
      vertex 35.45 -11.45 0
      vertex 32.55 -11.45 2
      vertex 35.45 -11.45 2
    endloop
  endfacet
  facet normal 0 1 0
    outer loop
      vertex 32.55 -11.45 2
      vertex 35.45 -11.45 0
      vertex 32.55 -11.45 0
    endloop
  endfacet
  facet normal -1 0 0
    outer loop
      vertex 35.45 -7.45 0
      vertex 35.45 -4.55 2
      vertex 35.45 -4.55 0
    endloop
  endfacet
  facet normal -1 -0 0
    outer loop
      vertex 35.45 -4.55 2
      vertex 35.45 -7.45 0
      vertex 35.45 -7.45 2
    endloop
  endfacet
  facet normal 1 -0 0
    outer loop
      vertex 32.55 -7.45 2
      vertex 32.55 -4.55 0
      vertex 32.55 -4.55 2
    endloop
  endfacet
  facet normal 1 0 0
    outer loop
      vertex 32.55 -4.55 0
      vertex 32.55 -7.45 2
      vertex 32.55 -7.45 0
    endloop
  endfacet
  facet normal 0 -1 0
    outer loop
      vertex 32.55 -4.55 0
      vertex 35.45 -4.55 2
      vertex 32.55 -4.55 2
    endloop
  endfacet
  facet normal 0 -1 -0
    outer loop
      vertex 35.45 -4.55 2
      vertex 32.55 -4.55 0
      vertex 35.45 -4.55 0
    endloop
  endfacet
  facet normal 0 1 -0
    outer loop
      vertex 35.45 -7.45 0
      vertex 32.55 -7.45 2
      vertex 35.45 -7.45 2
    endloop
  endfacet
  facet normal 0 1 0
    outer loop
      vertex 32.55 -7.45 2
      vertex 35.45 -7.45 0
      vertex 32.55 -7.45 0
    endloop
  endfacet
  facet normal -1 0 0
    outer loop
      vertex 35.45 -3.45 0
      vertex 35.45 -0.549999 2
      vertex 35.45 -0.549999 0
    endloop
  endfacet
  facet normal -1 -0 0
    outer loop
      vertex 35.45 -0.549999 2
      vertex 35.45 -3.45 0
      vertex 35.45 -3.45 2
    endloop
  endfacet
  facet normal 1 -0 0
    outer loop
      vertex 32.55 -3.45 2
      vertex 32.55 -0.549999 0
      vertex 32.55 -0.549999 2
    endloop
  endfacet
  facet normal 1 0 0
    outer loop
      vertex 32.55 -0.549999 0
      vertex 32.55 -3.45 2
      vertex 32.55 -3.45 0
    endloop
  endfacet
  facet normal 0 -1 0
    outer loop
      vertex 32.55 -0.549999 0
      vertex 35.45 -0.549999 2
      vertex 32.55 -0.549999 2
    endloop
  endfacet
  facet normal 0 -1 -0
    outer loop
      vertex 35.45 -0.549999 2
      vertex 32.55 -0.549999 0
      vertex 35.45 -0.549999 0
    endloop
  endfacet
  facet normal 0 1 -0
    outer loop
      vertex 35.45 -3.45 0
      vertex 32.55 -3.45 2
      vertex 35.45 -3.45 2
    endloop
  endfacet
  facet normal 0 1 0
    outer loop
      vertex 32.55 -3.45 2
      vertex 35.45 -3.45 0
      vertex 32.55 -3.45 0
    endloop
  endfacet
  facet normal -1 0 0
    outer loop
      vertex 35.45 0.549999 0
      vertex 35.45 3.45 2
      vertex 35.45 3.45 0
    endloop
  endfacet
  facet normal -1 -0 0
    outer loop
      vertex 35.45 3.45 2
      vertex 35.45 0.549999 0
      vertex 35.45 0.549999 2
    endloop
  endfacet
  facet normal 1 -0 0
    outer loop
      vertex 32.55 0.549999 2
      vertex 32.55 3.45 0
      vertex 32.55 3.45 2
    endloop
  endfacet
  facet normal 1 0 0
    outer loop
      vertex 32.55 3.45 0
      vertex 32.55 0.549999 2
      vertex 32.55 0.549999 0
    endloop
  endfacet
  facet normal 0 -1 0
    outer loop
      vertex 32.55 3.45 0
      vertex 35.45 3.45 2
      vertex 32.55 3.45 2
    endloop
  endfacet
  facet normal 0 -1 -0
    outer loop
      vertex 35.45 3.45 2
      vertex 32.55 3.45 0
      vertex 35.45 3.45 0
    endloop
  endfacet
  facet normal 0 1 -0
    outer loop
      vertex 35.45 0.549999 0
      vertex 32.55 0.549999 2
      vertex 35.45 0.549999 2
    endloop
  endfacet
  facet normal 0 1 0
    outer loop
      vertex 32.55 0.549999 2
      vertex 35.45 0.549999 0
      vertex 32.55 0.549999 0
    endloop
  endfacet
  facet normal -1 0 0
    outer loop
      vertex 35.45 4.55 0
      vertex 35.45 7.45 2
      vertex 35.45 7.45 0
    endloop
  endfacet
  facet normal -1 -0 0
    outer loop
      vertex 35.45 7.45 2
      vertex 35.45 4.55 0
      vertex 35.45 4.55 2
    endloop
  endfacet
  facet normal 1 -0 0
    outer loop
      vertex 32.55 4.55 2
      vertex 32.55 7.45 0
      vertex 32.55 7.45 2
    endloop
  endfacet
  facet normal 1 0 0
    outer loop
      vertex 32.55 7.45 0
      vertex 32.55 4.55 2
      vertex 32.55 4.55 0
    endloop
  endfacet
  facet normal 0 -1 0
    outer loop
      vertex 32.55 7.45 0
      vertex 35.45 7.45 2
      vertex 32.55 7.45 2
    endloop
  endfacet
  facet normal 0 -1 -0
    outer loop
      vertex 35.45 7.45 2
      vertex 32.55 7.45 0
      vertex 35.45 7.45 0
    endloop
  endfacet
  facet normal 0 1 -0
    outer loop
      vertex 35.45 4.55 0
      vertex 32.55 4.55 2
      vertex 35.45 4.55 2
    endloop
  endfacet
  facet normal 0 1 0
    outer loop
      vertex 32.55 4.55 2
      vertex 35.45 4.55 0
      vertex 32.55 4.55 0
    endloop
  endfacet
  facet normal -1 0 0
    outer loop
      vertex 35.45 8.55 0
      vertex 35.45 11.45 2
      vertex 35.45 11.45 0
    endloop
  endfacet
  facet normal -1 -0 0
    outer loop
      vertex 35.45 11.45 2
      vertex 35.45 8.55 0
      vertex 35.45 8.55 2
    endloop
  endfacet
  facet normal 1 -0 0
    outer loop
      vertex 32.55 8.55 2
      vertex 32.55 11.45 0
      vertex 32.55 11.45 2
    endloop
  endfacet
  facet normal 1 0 0
    outer loop
      vertex 32.55 11.45 0
      vertex 32.55 8.55 2
      vertex 32.55 8.55 0
    endloop
  endfacet
  facet normal 0 -1 0
    outer loop
      vertex 32.55 11.45 0
      vertex 35.45 11.45 2
      vertex 32.55 11.45 2
    endloop
  endfacet
  facet normal 0 -1 -0
    outer loop
      vertex 35.45 11.45 2
      vertex 32.55 11.45 0
      vertex 35.45 11.45 0
    endloop
  endfacet
  facet normal 0 1 -0
    outer loop
      vertex 35.45 8.55 0
      vertex 32.55 8.55 2
      vertex 35.45 8.55 2
    endloop
  endfacet
  facet normal 0 1 0
    outer loop
      vertex 32.55 8.55 2
      vertex 35.45 8.55 0
      vertex 32.55 8.55 0
    endloop
  endfacet
  facet normal -1 0 0
    outer loop
      vertex 35.45 12.55 0
      vertex 35.45 15.45 2
      vertex 35.45 15.45 0
    endloop
  endfacet
  facet normal -1 -0 0
    outer loop
      vertex 35.45 15.45 2
      vertex 35.45 12.55 0
      vertex 35.45 12.55 2
    endloop
  endfacet
  facet normal 1 -0 0
    outer loop
      vertex 32.55 12.55 2
      vertex 32.55 15.45 0
      vertex 32.55 15.45 2
    endloop
  endfacet
  facet normal 1 0 0
    outer loop
      vertex 32.55 15.45 0
      vertex 32.55 12.55 2
      vertex 32.55 12.55 0
    endloop
  endfacet
  facet normal 0 -1 0
    outer loop
      vertex 32.55 15.45 0
      vertex 35.45 15.45 2
      vertex 32.55 15.45 2
    endloop
  endfacet
  facet normal 0 -1 -0
    outer loop
      vertex 35.45 15.45 2
      vertex 32.55 15.45 0
      vertex 35.45 15.45 0
    endloop
  endfacet
  facet normal 0 1 -0
    outer loop
      vertex 35.45 12.55 0
      vertex 32.55 12.55 2
      vertex 35.45 12.55 2
    endloop
  endfacet
  facet normal 0 1 0
    outer loop
      vertex 32.55 12.55 2
      vertex 35.45 12.55 0
      vertex 32.55 12.55 0
    endloop
  endfacet
  facet normal -1 0 0
    outer loop
      vertex 39.45 -15.45 0
      vertex 39.45 -12.55 2
      vertex 39.45 -12.55 0
    endloop
  endfacet
  facet normal -1 -0 0
    outer loop
      vertex 39.45 -12.55 2
      vertex 39.45 -15.45 0
      vertex 39.45 -15.45 2
    endloop
  endfacet
  facet normal 1 -0 0
    outer loop
      vertex 36.55 -15.45 2
      vertex 36.55 -12.55 0
      vertex 36.55 -12.55 2
    endloop
  endfacet
  facet normal 1 0 0
    outer loop
      vertex 36.55 -12.55 0
      vertex 36.55 -15.45 2
      vertex 36.55 -15.45 0
    endloop
  endfacet
  facet normal 0 -1 0
    outer loop
      vertex 36.55 -12.55 0
      vertex 39.45 -12.55 2
      vertex 36.55 -12.55 2
    endloop
  endfacet
  facet normal 0 -1 -0
    outer loop
      vertex 39.45 -12.55 2
      vertex 36.55 -12.55 0
      vertex 39.45 -12.55 0
    endloop
  endfacet
  facet normal 0 1 -0
    outer loop
      vertex 39.45 -15.45 0
      vertex 36.55 -15.45 2
      vertex 39.45 -15.45 2
    endloop
  endfacet
  facet normal 0 1 0
    outer loop
      vertex 36.55 -15.45 2
      vertex 39.45 -15.45 0
      vertex 36.55 -15.45 0
    endloop
  endfacet
  facet normal -1 0 0
    outer loop
      vertex 39.45 -11.45 0
      vertex 39.45 -8.55 2
      vertex 39.45 -8.55 0
    endloop
  endfacet
  facet normal -1 -0 0
    outer loop
      vertex 39.45 -8.55 2
      vertex 39.45 -11.45 0
      vertex 39.45 -11.45 2
    endloop
  endfacet
  facet normal 1 -0 0
    outer loop
      vertex 36.55 -11.45 2
      vertex 36.55 -8.55 0
      vertex 36.55 -8.55 2
    endloop
  endfacet
  facet normal 1 0 0
    outer loop
      vertex 36.55 -8.55 0
      vertex 36.55 -11.45 2
      vertex 36.55 -11.45 0
    endloop
  endfacet
  facet normal 0 -1 0
    outer loop
      vertex 36.55 -8.55 0
      vertex 39.45 -8.55 2
      vertex 36.55 -8.55 2
    endloop
  endfacet
  facet normal 0 -1 -0
    outer loop
      vertex 39.45 -8.55 2
      vertex 36.55 -8.55 0
      vertex 39.45 -8.55 0
    endloop
  endfacet
  facet normal 0 1 -0
    outer loop
      vertex 39.45 -11.45 0
      vertex 36.55 -11.45 2
      vertex 39.45 -11.45 2
    endloop
  endfacet
  facet normal 0 1 0
    outer loop
      vertex 36.55 -11.45 2
      vertex 39.45 -11.45 0
      vertex 36.55 -11.45 0
    endloop
  endfacet
  facet normal -1 0 0
    outer loop
      vertex 39.45 -7.45 0
      vertex 39.45 -4.55 2
      vertex 39.45 -4.55 0
    endloop
  endfacet
  facet normal -1 -0 0
    outer loop
      vertex 39.45 -4.55 2
      vertex 39.45 -7.45 0
      vertex 39.45 -7.45 2
    endloop
  endfacet
  facet normal 1 -0 0
    outer loop
      vertex 36.55 -7.45 2
      vertex 36.55 -4.55 0
      vertex 36.55 -4.55 2
    endloop
  endfacet
  facet normal 1 0 0
    outer loop
      vertex 36.55 -4.55 0
      vertex 36.55 -7.45 2
      vertex 36.55 -7.45 0
    endloop
  endfacet
  facet normal 0 -1 0
    outer loop
      vertex 36.55 -4.55 0
      vertex 39.45 -4.55 2
      vertex 36.55 -4.55 2
    endloop
  endfacet
  facet normal 0 -1 -0
    outer loop
      vertex 39.45 -4.55 2
      vertex 36.55 -4.55 0
      vertex 39.45 -4.55 0
    endloop
  endfacet
  facet normal 0 1 -0
    outer loop
      vertex 39.45 -7.45 0
      vertex 36.55 -7.45 2
      vertex 39.45 -7.45 2
    endloop
  endfacet
  facet normal 0 1 0
    outer loop
      vertex 36.55 -7.45 2
      vertex 39.45 -7.45 0
      vertex 36.55 -7.45 0
    endloop
  endfacet
  facet normal -1 0 0
    outer loop
      vertex 39.45 -3.45 0
      vertex 39.45 -0.549999 2
      vertex 39.45 -0.549999 0
    endloop
  endfacet
  facet normal -1 -0 0
    outer loop
      vertex 39.45 -0.549999 2
      vertex 39.45 -3.45 0
      vertex 39.45 -3.45 2
    endloop
  endfacet
  facet normal 1 -0 0
    outer loop
      vertex 36.55 -3.45 2
      vertex 36.55 -0.549999 0
      vertex 36.55 -0.549999 2
    endloop
  endfacet
  facet normal 1 0 0
    outer loop
      vertex 36.55 -0.549999 0
      vertex 36.55 -3.45 2
      vertex 36.55 -3.45 0
    endloop
  endfacet
  facet normal 0 -1 0
    outer loop
      vertex 36.55 -0.549999 0
      vertex 39.45 -0.549999 2
      vertex 36.55 -0.549999 2
    endloop
  endfacet
  facet normal 0 -1 -0
    outer loop
      vertex 39.45 -0.549999 2
      vertex 36.55 -0.549999 0
      vertex 39.45 -0.549999 0
    endloop
  endfacet
  facet normal 0 1 -0
    outer loop
      vertex 39.45 -3.45 0
      vertex 36.55 -3.45 2
      vertex 39.45 -3.45 2
    endloop
  endfacet
  facet normal 0 1 0
    outer loop
      vertex 36.55 -3.45 2
      vertex 39.45 -3.45 0
      vertex 36.55 -3.45 0
    endloop
  endfacet
  facet normal -1 0 0
    outer loop
      vertex 39.45 0.549999 0
      vertex 39.45 3.45 2
      vertex 39.45 3.45 0
    endloop
  endfacet
  facet normal -1 -0 0
    outer loop
      vertex 39.45 3.45 2
      vertex 39.45 0.549999 0
      vertex 39.45 0.549999 2
    endloop
  endfacet
  facet normal 1 -0 0
    outer loop
      vertex 36.55 0.549999 2
      vertex 36.55 3.45 0
      vertex 36.55 3.45 2
    endloop
  endfacet
  facet normal 1 0 0
    outer loop
      vertex 36.55 3.45 0
      vertex 36.55 0.549999 2
      vertex 36.55 0.549999 0
    endloop
  endfacet
  facet normal 0 -1 0
    outer loop
      vertex 36.55 3.45 0
      vertex 39.45 3.45 2
      vertex 36.55 3.45 2
    endloop
  endfacet
  facet normal 0 -1 -0
    outer loop
      vertex 39.45 3.45 2
      vertex 36.55 3.45 0
      vertex 39.45 3.45 0
    endloop
  endfacet
  facet normal 0 1 -0
    outer loop
      vertex 39.45 0.549999 0
      vertex 36.55 0.549999 2
      vertex 39.45 0.549999 2
    endloop
  endfacet
  facet normal 0 1 0
    outer loop
      vertex 36.55 0.549999 2
      vertex 39.45 0.549999 0
      vertex 36.55 0.549999 0
    endloop
  endfacet
  facet normal -1 0 0
    outer loop
      vertex 39.45 4.55 0
      vertex 39.45 7.45 2
      vertex 39.45 7.45 0
    endloop
  endfacet
  facet normal -1 -0 0
    outer loop
      vertex 39.45 7.45 2
      vertex 39.45 4.55 0
      vertex 39.45 4.55 2
    endloop
  endfacet
  facet normal 1 -0 0
    outer loop
      vertex 36.55 4.55 2
      vertex 36.55 7.45 0
      vertex 36.55 7.45 2
    endloop
  endfacet
  facet normal 1 0 0
    outer loop
      vertex 36.55 7.45 0
      vertex 36.55 4.55 2
      vertex 36.55 4.55 0
    endloop
  endfacet
  facet normal 0 -1 0
    outer loop
      vertex 36.55 7.45 0
      vertex 39.45 7.45 2
      vertex 36.55 7.45 2
    endloop
  endfacet
  facet normal 0 -1 -0
    outer loop
      vertex 39.45 7.45 2
      vertex 36.55 7.45 0
      vertex 39.45 7.45 0
    endloop
  endfacet
  facet normal 0 1 -0
    outer loop
      vertex 39.45 4.55 0
      vertex 36.55 4.55 2
      vertex 39.45 4.55 2
    endloop
  endfacet
  facet normal 0 1 0
    outer loop
      vertex 36.55 4.55 2
      vertex 39.45 4.55 0
      vertex 36.55 4.55 0
    endloop
  endfacet
  facet normal -1 0 0
    outer loop
      vertex 39.45 8.55 0
      vertex 39.45 11.45 2
      vertex 39.45 11.45 0
    endloop
  endfacet
  facet normal -1 -0 0
    outer loop
      vertex 39.45 11.45 2
      vertex 39.45 8.55 0
      vertex 39.45 8.55 2
    endloop
  endfacet
  facet normal 1 -0 0
    outer loop
      vertex 36.55 8.55 2
      vertex 36.55 11.45 0
      vertex 36.55 11.45 2
    endloop
  endfacet
  facet normal 1 0 0
    outer loop
      vertex 36.55 11.45 0
      vertex 36.55 8.55 2
      vertex 36.55 8.55 0
    endloop
  endfacet
  facet normal 0 -1 0
    outer loop
      vertex 36.55 11.45 0
      vertex 39.45 11.45 2
      vertex 36.55 11.45 2
    endloop
  endfacet
  facet normal 0 -1 -0
    outer loop
      vertex 39.45 11.45 2
      vertex 36.55 11.45 0
      vertex 39.45 11.45 0
    endloop
  endfacet
  facet normal 0 1 -0
    outer loop
      vertex 39.45 8.55 0
      vertex 36.55 8.55 2
      vertex 39.45 8.55 2
    endloop
  endfacet
  facet normal 0 1 0
    outer loop
      vertex 36.55 8.55 2
      vertex 39.45 8.55 0
      vertex 36.55 8.55 0
    endloop
  endfacet
  facet normal -1 0 0
    outer loop
      vertex 39.45 12.55 0
      vertex 39.45 15.45 2
      vertex 39.45 15.45 0
    endloop
  endfacet
  facet normal -1 -0 0
    outer loop
      vertex 39.45 15.45 2
      vertex 39.45 12.55 0
      vertex 39.45 12.55 2
    endloop
  endfacet
  facet normal 1 -0 0
    outer loop
      vertex 36.55 12.55 2
      vertex 36.55 15.45 0
      vertex 36.55 15.45 2
    endloop
  endfacet
  facet normal 1 0 0
    outer loop
      vertex 36.55 15.45 0
      vertex 36.55 12.55 2
      vertex 36.55 12.55 0
    endloop
  endfacet
  facet normal 0 -1 0
    outer loop
      vertex 36.55 15.45 0
      vertex 39.45 15.45 2
      vertex 36.55 15.45 2
    endloop
  endfacet
  facet normal 0 -1 -0
    outer loop
      vertex 39.45 15.45 2
      vertex 36.55 15.45 0
      vertex 39.45 15.45 0
    endloop
  endfacet
  facet normal 0 1 -0
    outer loop
      vertex 39.45 12.55 0
      vertex 36.55 12.55 2
      vertex 39.45 12.55 2
    endloop
  endfacet
  facet normal 0 1 0
    outer loop
      vertex 36.55 12.55 2
      vertex 39.45 12.55 0
      vertex 36.55 12.55 0
    endloop
  endfacet
  facet normal -1 0 0
    outer loop
      vertex 43.45 -15.45 0
      vertex 43.45 -12.55 2
      vertex 43.45 -12.55 0
    endloop
  endfacet
  facet normal -1 -0 0
    outer loop
      vertex 43.45 -12.55 2
      vertex 43.45 -15.45 0
      vertex 43.45 -15.45 2
    endloop
  endfacet
  facet normal 1 -0 0
    outer loop
      vertex 40.55 -15.45 2
      vertex 40.55 -12.55 0
      vertex 40.55 -12.55 2
    endloop
  endfacet
  facet normal 1 0 0
    outer loop
      vertex 40.55 -12.55 0
      vertex 40.55 -15.45 2
      vertex 40.55 -15.45 0
    endloop
  endfacet
  facet normal 0 -1 0
    outer loop
      vertex 40.55 -12.55 0
      vertex 43.45 -12.55 2
      vertex 40.55 -12.55 2
    endloop
  endfacet
  facet normal 0 -1 -0
    outer loop
      vertex 43.45 -12.55 2
      vertex 40.55 -12.55 0
      vertex 43.45 -12.55 0
    endloop
  endfacet
  facet normal 0 1 -0
    outer loop
      vertex 43.45 -15.45 0
      vertex 40.55 -15.45 2
      vertex 43.45 -15.45 2
    endloop
  endfacet
  facet normal 0 1 0
    outer loop
      vertex 40.55 -15.45 2
      vertex 43.45 -15.45 0
      vertex 40.55 -15.45 0
    endloop
  endfacet
  facet normal -1 0 0
    outer loop
      vertex 43.45 -11.45 0
      vertex 43.45 -8.55 2
      vertex 43.45 -8.55 0
    endloop
  endfacet
  facet normal -1 -0 0
    outer loop
      vertex 43.45 -8.55 2
      vertex 43.45 -11.45 0
      vertex 43.45 -11.45 2
    endloop
  endfacet
  facet normal 1 -0 0
    outer loop
      vertex 40.55 -11.45 2
      vertex 40.55 -8.55 0
      vertex 40.55 -8.55 2
    endloop
  endfacet
  facet normal 1 0 0
    outer loop
      vertex 40.55 -8.55 0
      vertex 40.55 -11.45 2
      vertex 40.55 -11.45 0
    endloop
  endfacet
  facet normal 0 -1 0
    outer loop
      vertex 40.55 -8.55 0
      vertex 43.45 -8.55 2
      vertex 40.55 -8.55 2
    endloop
  endfacet
  facet normal 0 -1 -0
    outer loop
      vertex 43.45 -8.55 2
      vertex 40.55 -8.55 0
      vertex 43.45 -8.55 0
    endloop
  endfacet
  facet normal 0 1 -0
    outer loop
      vertex 43.45 -11.45 0
      vertex 40.55 -11.45 2
      vertex 43.45 -11.45 2
    endloop
  endfacet
  facet normal 0 1 0
    outer loop
      vertex 40.55 -11.45 2
      vertex 43.45 -11.45 0
      vertex 40.55 -11.45 0
    endloop
  endfacet
  facet normal -1 0 0
    outer loop
      vertex 43.45 -7.45 0
      vertex 43.45 -4.55 2
      vertex 43.45 -4.55 0
    endloop
  endfacet
  facet normal -1 -0 0
    outer loop
      vertex 43.45 -4.55 2
      vertex 43.45 -7.45 0
      vertex 43.45 -7.45 2
    endloop
  endfacet
  facet normal 1 -0 0
    outer loop
      vertex 40.55 -7.45 2
      vertex 40.55 -4.55 0
      vertex 40.55 -4.55 2
    endloop
  endfacet
  facet normal 1 0 0
    outer loop
      vertex 40.55 -4.55 0
      vertex 40.55 -7.45 2
      vertex 40.55 -7.45 0
    endloop
  endfacet
  facet normal 0 -1 0
    outer loop
      vertex 40.55 -4.55 0
      vertex 43.45 -4.55 2
      vertex 40.55 -4.55 2
    endloop
  endfacet
  facet normal 0 -1 -0
    outer loop
      vertex 43.45 -4.55 2
      vertex 40.55 -4.55 0
      vertex 43.45 -4.55 0
    endloop
  endfacet
  facet normal 0 1 -0
    outer loop
      vertex 43.45 -7.45 0
      vertex 40.55 -7.45 2
      vertex 43.45 -7.45 2
    endloop
  endfacet
  facet normal 0 1 0
    outer loop
      vertex 40.55 -7.45 2
      vertex 43.45 -7.45 0
      vertex 40.55 -7.45 0
    endloop
  endfacet
  facet normal -1 0 0
    outer loop
      vertex 43.45 -3.45 0
      vertex 43.45 -0.549999 2
      vertex 43.45 -0.549999 0
    endloop
  endfacet
  facet normal -1 -0 0
    outer loop
      vertex 43.45 -0.549999 2
      vertex 43.45 -3.45 0
      vertex 43.45 -3.45 2
    endloop
  endfacet
  facet normal 1 -0 0
    outer loop
      vertex 40.55 -3.45 2
      vertex 40.55 -0.549999 0
      vertex 40.55 -0.549999 2
    endloop
  endfacet
  facet normal 1 0 0
    outer loop
      vertex 40.55 -0.549999 0
      vertex 40.55 -3.45 2
      vertex 40.55 -3.45 0
    endloop
  endfacet
  facet normal 0 -1 0
    outer loop
      vertex 40.55 -0.549999 0
      vertex 43.45 -0.549999 2
      vertex 40.55 -0.549999 2
    endloop
  endfacet
  facet normal 0 -1 -0
    outer loop
      vertex 43.45 -0.549999 2
      vertex 40.55 -0.549999 0
      vertex 43.45 -0.549999 0
    endloop
  endfacet
  facet normal 0 1 -0
    outer loop
      vertex 43.45 -3.45 0
      vertex 40.55 -3.45 2
      vertex 43.45 -3.45 2
    endloop
  endfacet
  facet normal 0 1 0
    outer loop
      vertex 40.55 -3.45 2
      vertex 43.45 -3.45 0
      vertex 40.55 -3.45 0
    endloop
  endfacet
  facet normal -1 0 0
    outer loop
      vertex 43.45 0.549999 0
      vertex 43.45 3.45 2
      vertex 43.45 3.45 0
    endloop
  endfacet
  facet normal -1 -0 0
    outer loop
      vertex 43.45 3.45 2
      vertex 43.45 0.549999 0
      vertex 43.45 0.549999 2
    endloop
  endfacet
  facet normal 1 -0 0
    outer loop
      vertex 40.55 0.549999 2
      vertex 40.55 3.45 0
      vertex 40.55 3.45 2
    endloop
  endfacet
  facet normal 1 0 0
    outer loop
      vertex 40.55 3.45 0
      vertex 40.55 0.549999 2
      vertex 40.55 0.549999 0
    endloop
  endfacet
  facet normal 0 -1 0
    outer loop
      vertex 40.55 3.45 0
      vertex 43.45 3.45 2
      vertex 40.55 3.45 2
    endloop
  endfacet
  facet normal 0 -1 -0
    outer loop
      vertex 43.45 3.45 2
      vertex 40.55 3.45 0
      vertex 43.45 3.45 0
    endloop
  endfacet
  facet normal 0 1 -0
    outer loop
      vertex 43.45 0.549999 0
      vertex 40.55 0.549999 2
      vertex 43.45 0.549999 2
    endloop
  endfacet
  facet normal 0 1 0
    outer loop
      vertex 40.55 0.549999 2
      vertex 43.45 0.549999 0
      vertex 40.55 0.549999 0
    endloop
  endfacet
  facet normal -1 0 0
    outer loop
      vertex 43.45 4.55 0
      vertex 43.45 7.45 2
      vertex 43.45 7.45 0
    endloop
  endfacet
  facet normal -1 -0 0
    outer loop
      vertex 43.45 7.45 2
      vertex 43.45 4.55 0
      vertex 43.45 4.55 2
    endloop
  endfacet
  facet normal 1 -0 0
    outer loop
      vertex 40.55 4.55 2
      vertex 40.55 7.45 0
      vertex 40.55 7.45 2
    endloop
  endfacet
  facet normal 1 0 0
    outer loop
      vertex 40.55 7.45 0
      vertex 40.55 4.55 2
      vertex 40.55 4.55 0
    endloop
  endfacet
  facet normal 0 -1 0
    outer loop
      vertex 40.55 7.45 0
      vertex 43.45 7.45 2
      vertex 40.55 7.45 2
    endloop
  endfacet
  facet normal 0 -1 -0
    outer loop
      vertex 43.45 7.45 2
      vertex 40.55 7.45 0
      vertex 43.45 7.45 0
    endloop
  endfacet
  facet normal 0 1 -0
    outer loop
      vertex 43.45 4.55 0
      vertex 40.55 4.55 2
      vertex 43.45 4.55 2
    endloop
  endfacet
  facet normal 0 1 0
    outer loop
      vertex 40.55 4.55 2
      vertex 43.45 4.55 0
      vertex 40.55 4.55 0
    endloop
  endfacet
  facet normal -1 0 0
    outer loop
      vertex 43.45 8.55 0
      vertex 43.45 11.45 2
      vertex 43.45 11.45 0
    endloop
  endfacet
  facet normal -1 -0 0
    outer loop
      vertex 43.45 11.45 2
      vertex 43.45 8.55 0
      vertex 43.45 8.55 2
    endloop
  endfacet
  facet normal 1 -0 0
    outer loop
      vertex 40.55 8.55 2
      vertex 40.55 11.45 0
      vertex 40.55 11.45 2
    endloop
  endfacet
  facet normal 1 0 0
    outer loop
      vertex 40.55 11.45 0
      vertex 40.55 8.55 2
      vertex 40.55 8.55 0
    endloop
  endfacet
  facet normal 0 -1 0
    outer loop
      vertex 40.55 11.45 0
      vertex 43.45 11.45 2
      vertex 40.55 11.45 2
    endloop
  endfacet
  facet normal 0 -1 -0
    outer loop
      vertex 43.45 11.45 2
      vertex 40.55 11.45 0
      vertex 43.45 11.45 0
    endloop
  endfacet
  facet normal 0 1 -0
    outer loop
      vertex 43.45 8.55 0
      vertex 40.55 8.55 2
      vertex 43.45 8.55 2
    endloop
  endfacet
  facet normal 0 1 0
    outer loop
      vertex 40.55 8.55 2
      vertex 43.45 8.55 0
      vertex 40.55 8.55 0
    endloop
  endfacet
  facet normal -1 0 0
    outer loop
      vertex 43.45 12.55 0
      vertex 43.45 15.45 2
      vertex 43.45 15.45 0
    endloop
  endfacet
  facet normal -1 -0 0
    outer loop
      vertex 43.45 15.45 2
      vertex 43.45 12.55 0
      vertex 43.45 12.55 2
    endloop
  endfacet
  facet normal 1 -0 0
    outer loop
      vertex 40.55 12.55 2
      vertex 40.55 15.45 0
      vertex 40.55 15.45 2
    endloop
  endfacet
  facet normal 1 0 0
    outer loop
      vertex 40.55 15.45 0
      vertex 40.55 12.55 2
      vertex 40.55 12.55 0
    endloop
  endfacet
  facet normal 0 -1 0
    outer loop
      vertex 40.55 15.45 0
      vertex 43.45 15.45 2
      vertex 40.55 15.45 2
    endloop
  endfacet
  facet normal 0 -1 -0
    outer loop
      vertex 43.45 15.45 2
      vertex 40.55 15.45 0
      vertex 43.45 15.45 0
    endloop
  endfacet
  facet normal 0 1 -0
    outer loop
      vertex 43.45 12.55 0
      vertex 40.55 12.55 2
      vertex 43.45 12.55 2
    endloop
  endfacet
  facet normal 0 1 0
    outer loop
      vertex 40.55 12.55 2
      vertex 43.45 12.55 0
      vertex 40.55 12.55 0
    endloop
  endfacet
  facet normal -1 0 0
    outer loop
      vertex 47.45 -15.45 0
      vertex 47.45 -12.55 2
      vertex 47.45 -12.55 0
    endloop
  endfacet
  facet normal -1 -0 0
    outer loop
      vertex 47.45 -12.55 2
      vertex 47.45 -15.45 0
      vertex 47.45 -15.45 2
    endloop
  endfacet
  facet normal 1 -0 0
    outer loop
      vertex 44.55 -15.45 2
      vertex 44.55 -12.55 0
      vertex 44.55 -12.55 2
    endloop
  endfacet
  facet normal 1 0 0
    outer loop
      vertex 44.55 -12.55 0
      vertex 44.55 -15.45 2
      vertex 44.55 -15.45 0
    endloop
  endfacet
  facet normal 0 -1 0
    outer loop
      vertex 44.55 -12.55 0
      vertex 47.45 -12.55 2
      vertex 44.55 -12.55 2
    endloop
  endfacet
  facet normal 0 -1 -0
    outer loop
      vertex 47.45 -12.55 2
      vertex 44.55 -12.55 0
      vertex 47.45 -12.55 0
    endloop
  endfacet
  facet normal 0 1 -0
    outer loop
      vertex 47.45 -15.45 0
      vertex 44.55 -15.45 2
      vertex 47.45 -15.45 2
    endloop
  endfacet
  facet normal 0 1 0
    outer loop
      vertex 44.55 -15.45 2
      vertex 47.45 -15.45 0
      vertex 44.55 -15.45 0
    endloop
  endfacet
  facet normal -1 0 0
    outer loop
      vertex 47.45 -11.45 0
      vertex 47.45 -8.55 2
      vertex 47.45 -8.55 0
    endloop
  endfacet
  facet normal -1 -0 0
    outer loop
      vertex 47.45 -8.55 2
      vertex 47.45 -11.45 0
      vertex 47.45 -11.45 2
    endloop
  endfacet
  facet normal 1 -0 0
    outer loop
      vertex 44.55 -11.45 2
      vertex 44.55 -8.55 0
      vertex 44.55 -8.55 2
    endloop
  endfacet
  facet normal 1 0 0
    outer loop
      vertex 44.55 -8.55 0
      vertex 44.55 -11.45 2
      vertex 44.55 -11.45 0
    endloop
  endfacet
  facet normal 0 -1 0
    outer loop
      vertex 44.55 -8.55 0
      vertex 47.45 -8.55 2
      vertex 44.55 -8.55 2
    endloop
  endfacet
  facet normal 0 -1 -0
    outer loop
      vertex 47.45 -8.55 2
      vertex 44.55 -8.55 0
      vertex 47.45 -8.55 0
    endloop
  endfacet
  facet normal 0 1 -0
    outer loop
      vertex 47.45 -11.45 0
      vertex 44.55 -11.45 2
      vertex 47.45 -11.45 2
    endloop
  endfacet
  facet normal 0 1 0
    outer loop
      vertex 44.55 -11.45 2
      vertex 47.45 -11.45 0
      vertex 44.55 -11.45 0
    endloop
  endfacet
  facet normal -1 0 0
    outer loop
      vertex 47.45 -7.45 0
      vertex 47.45 -4.55 2
      vertex 47.45 -4.55 0
    endloop
  endfacet
  facet normal -1 -0 0
    outer loop
      vertex 47.45 -4.55 2
      vertex 47.45 -7.45 0
      vertex 47.45 -7.45 2
    endloop
  endfacet
  facet normal 1 -0 0
    outer loop
      vertex 44.55 -7.45 2
      vertex 44.55 -4.55 0
      vertex 44.55 -4.55 2
    endloop
  endfacet
  facet normal 1 0 0
    outer loop
      vertex 44.55 -4.55 0
      vertex 44.55 -7.45 2
      vertex 44.55 -7.45 0
    endloop
  endfacet
  facet normal 0 -1 0
    outer loop
      vertex 44.55 -4.55 0
      vertex 47.45 -4.55 2
      vertex 44.55 -4.55 2
    endloop
  endfacet
  facet normal 0 -1 -0
    outer loop
      vertex 47.45 -4.55 2
      vertex 44.55 -4.55 0
      vertex 47.45 -4.55 0
    endloop
  endfacet
  facet normal 0 1 -0
    outer loop
      vertex 47.45 -7.45 0
      vertex 44.55 -7.45 2
      vertex 47.45 -7.45 2
    endloop
  endfacet
  facet normal 0 1 0
    outer loop
      vertex 44.55 -7.45 2
      vertex 47.45 -7.45 0
      vertex 44.55 -7.45 0
    endloop
  endfacet
  facet normal -1 0 0
    outer loop
      vertex 47.45 -3.45 0
      vertex 47.45 -0.549999 2
      vertex 47.45 -0.549999 0
    endloop
  endfacet
  facet normal -1 -0 0
    outer loop
      vertex 47.45 -0.549999 2
      vertex 47.45 -3.45 0
      vertex 47.45 -3.45 2
    endloop
  endfacet
  facet normal 1 -0 0
    outer loop
      vertex 44.55 -3.45 2
      vertex 44.55 -0.549999 0
      vertex 44.55 -0.549999 2
    endloop
  endfacet
  facet normal 1 0 0
    outer loop
      vertex 44.55 -0.549999 0
      vertex 44.55 -3.45 2
      vertex 44.55 -3.45 0
    endloop
  endfacet
  facet normal 0 -1 0
    outer loop
      vertex 44.55 -0.549999 0
      vertex 47.45 -0.549999 2
      vertex 44.55 -0.549999 2
    endloop
  endfacet
  facet normal 0 -1 -0
    outer loop
      vertex 47.45 -0.549999 2
      vertex 44.55 -0.549999 0
      vertex 47.45 -0.549999 0
    endloop
  endfacet
  facet normal 0 1 -0
    outer loop
      vertex 47.45 -3.45 0
      vertex 44.55 -3.45 2
      vertex 47.45 -3.45 2
    endloop
  endfacet
  facet normal 0 1 0
    outer loop
      vertex 44.55 -3.45 2
      vertex 47.45 -3.45 0
      vertex 44.55 -3.45 0
    endloop
  endfacet
  facet normal -1 0 0
    outer loop
      vertex 47.45 0.549999 0
      vertex 47.45 3.45 2
      vertex 47.45 3.45 0
    endloop
  endfacet
  facet normal -1 -0 0
    outer loop
      vertex 47.45 3.45 2
      vertex 47.45 0.549999 0
      vertex 47.45 0.549999 2
    endloop
  endfacet
  facet normal 1 -0 0
    outer loop
      vertex 44.55 0.549999 2
      vertex 44.55 3.45 0
      vertex 44.55 3.45 2
    endloop
  endfacet
  facet normal 1 0 0
    outer loop
      vertex 44.55 3.45 0
      vertex 44.55 0.549999 2
      vertex 44.55 0.549999 0
    endloop
  endfacet
  facet normal 0 -1 0
    outer loop
      vertex 44.55 3.45 0
      vertex 47.45 3.45 2
      vertex 44.55 3.45 2
    endloop
  endfacet
  facet normal 0 -1 -0
    outer loop
      vertex 47.45 3.45 2
      vertex 44.55 3.45 0
      vertex 47.45 3.45 0
    endloop
  endfacet
  facet normal 0 1 -0
    outer loop
      vertex 47.45 0.549999 0
      vertex 44.55 0.549999 2
      vertex 47.45 0.549999 2
    endloop
  endfacet
  facet normal 0 1 0
    outer loop
      vertex 44.55 0.549999 2
      vertex 47.45 0.549999 0
      vertex 44.55 0.549999 0
    endloop
  endfacet
  facet normal -1 0 0
    outer loop
      vertex 47.45 4.55 0
      vertex 47.45 7.45 2
      vertex 47.45 7.45 0
    endloop
  endfacet
  facet normal -1 -0 0
    outer loop
      vertex 47.45 7.45 2
      vertex 47.45 4.55 0
      vertex 47.45 4.55 2
    endloop
  endfacet
  facet normal 1 -0 0
    outer loop
      vertex 44.55 4.55 2
      vertex 44.55 7.45 0
      vertex 44.55 7.45 2
    endloop
  endfacet
  facet normal 1 0 0
    outer loop
      vertex 44.55 7.45 0
      vertex 44.55 4.55 2
      vertex 44.55 4.55 0
    endloop
  endfacet
  facet normal 0 -1 0
    outer loop
      vertex 44.55 7.45 0
      vertex 47.45 7.45 2
      vertex 44.55 7.45 2
    endloop
  endfacet
  facet normal 0 -1 -0
    outer loop
      vertex 47.45 7.45 2
      vertex 44.55 7.45 0
      vertex 47.45 7.45 0
    endloop
  endfacet
  facet normal 0 1 -0
    outer loop
      vertex 47.45 4.55 0
      vertex 44.55 4.55 2
      vertex 47.45 4.55 2
    endloop
  endfacet
  facet normal 0 1 0
    outer loop
      vertex 44.55 4.55 2
      vertex 47.45 4.55 0
      vertex 44.55 4.55 0
    endloop
  endfacet
  facet normal -1 0 0
    outer loop
      vertex 47.45 8.55 0
      vertex 47.45 11.45 2
      vertex 47.45 11.45 0
    endloop
  endfacet
  facet normal -1 -0 0
    outer loop
      vertex 47.45 11.45 2
      vertex 47.45 8.55 0
      vertex 47.45 8.55 2
    endloop
  endfacet
  facet normal 1 -0 0
    outer loop
      vertex 44.55 8.55 2
      vertex 44.55 11.45 0
      vertex 44.55 11.45 2
    endloop
  endfacet
  facet normal 1 0 0
    outer loop
      vertex 44.55 11.45 0
      vertex 44.55 8.55 2
      vertex 44.55 8.55 0
    endloop
  endfacet
  facet normal 0 -1 0
    outer loop
      vertex 44.55 11.45 0
      vertex 47.45 11.45 2
      vertex 44.55 11.45 2
    endloop
  endfacet
  facet normal 0 -1 -0
    outer loop
      vertex 47.45 11.45 2
      vertex 44.55 11.45 0
      vertex 47.45 11.45 0
    endloop
  endfacet
  facet normal 0 1 -0
    outer loop
      vertex 47.45 8.55 0
      vertex 44.55 8.55 2
      vertex 47.45 8.55 2
    endloop
  endfacet
  facet normal 0 1 0
    outer loop
      vertex 44.55 8.55 2
      vertex 47.45 8.55 0
      vertex 44.55 8.55 0
    endloop
  endfacet
  facet normal -1 0 0
    outer loop
      vertex 47.45 12.55 0
      vertex 47.45 15.45 2
      vertex 47.45 15.45 0
    endloop
  endfacet
  facet normal -1 -0 0
    outer loop
      vertex 47.45 15.45 2
      vertex 47.45 12.55 0
      vertex 47.45 12.55 2
    endloop
  endfacet
  facet normal 1 -0 0
    outer loop
      vertex 44.55 12.55 2
      vertex 44.55 15.45 0
      vertex 44.55 15.45 2
    endloop
  endfacet
  facet normal 1 0 0
    outer loop
      vertex 44.55 15.45 0
      vertex 44.55 12.55 2
      vertex 44.55 12.55 0
    endloop
  endfacet
  facet normal 0 -1 0
    outer loop
      vertex 44.55 15.45 0
      vertex 47.45 15.45 2
      vertex 44.55 15.45 2
    endloop
  endfacet
  facet normal 0 -1 -0
    outer loop
      vertex 47.45 15.45 2
      vertex 44.55 15.45 0
      vertex 47.45 15.45 0
    endloop
  endfacet
  facet normal 0 1 -0
    outer loop
      vertex 47.45 12.55 0
      vertex 44.55 12.55 2
      vertex 47.45 12.55 2
    endloop
  endfacet
  facet normal 0 1 0
    outer loop
      vertex 44.55 12.55 2
      vertex 47.45 12.55 0
      vertex 44.55 12.55 0
    endloop
  endfacet
  facet normal -1 0 0
    outer loop
      vertex 51.45 -15.45 0
      vertex 51.45 -12.55 2
      vertex 51.45 -12.55 0
    endloop
  endfacet
  facet normal -1 -0 0
    outer loop
      vertex 51.45 -12.55 2
      vertex 51.45 -15.45 0
      vertex 51.45 -15.45 2
    endloop
  endfacet
  facet normal 1 -0 0
    outer loop
      vertex 48.55 -15.45 2
      vertex 48.55 -12.55 0
      vertex 48.55 -12.55 2
    endloop
  endfacet
  facet normal 1 0 0
    outer loop
      vertex 48.55 -12.55 0
      vertex 48.55 -15.45 2
      vertex 48.55 -15.45 0
    endloop
  endfacet
  facet normal 0 -1 0
    outer loop
      vertex 48.55 -12.55 0
      vertex 51.45 -12.55 2
      vertex 48.55 -12.55 2
    endloop
  endfacet
  facet normal 0 -1 -0
    outer loop
      vertex 51.45 -12.55 2
      vertex 48.55 -12.55 0
      vertex 51.45 -12.55 0
    endloop
  endfacet
  facet normal 0 1 -0
    outer loop
      vertex 51.45 -15.45 0
      vertex 48.55 -15.45 2
      vertex 51.45 -15.45 2
    endloop
  endfacet
  facet normal 0 1 0
    outer loop
      vertex 48.55 -15.45 2
      vertex 51.45 -15.45 0
      vertex 48.55 -15.45 0
    endloop
  endfacet
  facet normal -1 0 0
    outer loop
      vertex 51.45 -11.45 0
      vertex 51.45 -8.55 2
      vertex 51.45 -8.55 0
    endloop
  endfacet
  facet normal -1 -0 0
    outer loop
      vertex 51.45 -8.55 2
      vertex 51.45 -11.45 0
      vertex 51.45 -11.45 2
    endloop
  endfacet
  facet normal 1 -0 0
    outer loop
      vertex 48.55 -11.45 2
      vertex 48.55 -8.55 0
      vertex 48.55 -8.55 2
    endloop
  endfacet
  facet normal 1 0 0
    outer loop
      vertex 48.55 -8.55 0
      vertex 48.55 -11.45 2
      vertex 48.55 -11.45 0
    endloop
  endfacet
  facet normal 0 -1 0
    outer loop
      vertex 48.55 -8.55 0
      vertex 51.45 -8.55 2
      vertex 48.55 -8.55 2
    endloop
  endfacet
  facet normal 0 -1 -0
    outer loop
      vertex 51.45 -8.55 2
      vertex 48.55 -8.55 0
      vertex 51.45 -8.55 0
    endloop
  endfacet
  facet normal 0 1 -0
    outer loop
      vertex 51.45 -11.45 0
      vertex 48.55 -11.45 2
      vertex 51.45 -11.45 2
    endloop
  endfacet
  facet normal 0 1 0
    outer loop
      vertex 48.55 -11.45 2
      vertex 51.45 -11.45 0
      vertex 48.55 -11.45 0
    endloop
  endfacet
  facet normal -1 0 0
    outer loop
      vertex 51.45 -7.45 0
      vertex 51.45 -4.55 2
      vertex 51.45 -4.55 0
    endloop
  endfacet
  facet normal -1 -0 0
    outer loop
      vertex 51.45 -4.55 2
      vertex 51.45 -7.45 0
      vertex 51.45 -7.45 2
    endloop
  endfacet
  facet normal 1 -0 0
    outer loop
      vertex 48.55 -7.45 2
      vertex 48.55 -4.55 0
      vertex 48.55 -4.55 2
    endloop
  endfacet
  facet normal 1 0 0
    outer loop
      vertex 48.55 -4.55 0
      vertex 48.55 -7.45 2
      vertex 48.55 -7.45 0
    endloop
  endfacet
  facet normal 0 -1 0
    outer loop
      vertex 48.55 -4.55 0
      vertex 51.45 -4.55 2
      vertex 48.55 -4.55 2
    endloop
  endfacet
  facet normal 0 -1 -0
    outer loop
      vertex 51.45 -4.55 2
      vertex 48.55 -4.55 0
      vertex 51.45 -4.55 0
    endloop
  endfacet
  facet normal 0 1 -0
    outer loop
      vertex 51.45 -7.45 0
      vertex 48.55 -7.45 2
      vertex 51.45 -7.45 2
    endloop
  endfacet
  facet normal 0 1 0
    outer loop
      vertex 48.55 -7.45 2
      vertex 51.45 -7.45 0
      vertex 48.55 -7.45 0
    endloop
  endfacet
  facet normal -1 0 0
    outer loop
      vertex 51.45 -3.45 0
      vertex 51.45 -0.549999 2
      vertex 51.45 -0.549999 0
    endloop
  endfacet
  facet normal -1 -0 0
    outer loop
      vertex 51.45 -0.549999 2
      vertex 51.45 -3.45 0
      vertex 51.45 -3.45 2
    endloop
  endfacet
  facet normal 1 -0 0
    outer loop
      vertex 48.55 -3.45 2
      vertex 48.55 -0.549999 0
      vertex 48.55 -0.549999 2
    endloop
  endfacet
  facet normal 1 0 0
    outer loop
      vertex 48.55 -0.549999 0
      vertex 48.55 -3.45 2
      vertex 48.55 -3.45 0
    endloop
  endfacet
  facet normal 0 -1 0
    outer loop
      vertex 48.55 -0.549999 0
      vertex 51.45 -0.549999 2
      vertex 48.55 -0.549999 2
    endloop
  endfacet
  facet normal 0 -1 -0
    outer loop
      vertex 51.45 -0.549999 2
      vertex 48.55 -0.549999 0
      vertex 51.45 -0.549999 0
    endloop
  endfacet
  facet normal 0 1 -0
    outer loop
      vertex 51.45 -3.45 0
      vertex 48.55 -3.45 2
      vertex 51.45 -3.45 2
    endloop
  endfacet
  facet normal 0 1 0
    outer loop
      vertex 48.55 -3.45 2
      vertex 51.45 -3.45 0
      vertex 48.55 -3.45 0
    endloop
  endfacet
  facet normal -1 0 0
    outer loop
      vertex 51.45 0.549999 0
      vertex 51.45 3.45 2
      vertex 51.45 3.45 0
    endloop
  endfacet
  facet normal -1 -0 0
    outer loop
      vertex 51.45 3.45 2
      vertex 51.45 0.549999 0
      vertex 51.45 0.549999 2
    endloop
  endfacet
  facet normal 1 -0 0
    outer loop
      vertex 48.55 0.549999 2
      vertex 48.55 3.45 0
      vertex 48.55 3.45 2
    endloop
  endfacet
  facet normal 1 0 0
    outer loop
      vertex 48.55 3.45 0
      vertex 48.55 0.549999 2
      vertex 48.55 0.549999 0
    endloop
  endfacet
  facet normal 0 -1 0
    outer loop
      vertex 48.55 3.45 0
      vertex 51.45 3.45 2
      vertex 48.55 3.45 2
    endloop
  endfacet
  facet normal 0 -1 -0
    outer loop
      vertex 51.45 3.45 2
      vertex 48.55 3.45 0
      vertex 51.45 3.45 0
    endloop
  endfacet
  facet normal 0 1 -0
    outer loop
      vertex 51.45 0.549999 0
      vertex 48.55 0.549999 2
      vertex 51.45 0.549999 2
    endloop
  endfacet
  facet normal 0 1 0
    outer loop
      vertex 48.55 0.549999 2
      vertex 51.45 0.549999 0
      vertex 48.55 0.549999 0
    endloop
  endfacet
  facet normal -1 0 0
    outer loop
      vertex 51.45 4.55 0
      vertex 51.45 7.45 2
      vertex 51.45 7.45 0
    endloop
  endfacet
  facet normal -1 -0 0
    outer loop
      vertex 51.45 7.45 2
      vertex 51.45 4.55 0
      vertex 51.45 4.55 2
    endloop
  endfacet
  facet normal 1 -0 0
    outer loop
      vertex 48.55 4.55 2
      vertex 48.55 7.45 0
      vertex 48.55 7.45 2
    endloop
  endfacet
  facet normal 1 0 0
    outer loop
      vertex 48.55 7.45 0
      vertex 48.55 4.55 2
      vertex 48.55 4.55 0
    endloop
  endfacet
  facet normal 0 -1 0
    outer loop
      vertex 48.55 7.45 0
      vertex 51.45 7.45 2
      vertex 48.55 7.45 2
    endloop
  endfacet
  facet normal 0 -1 -0
    outer loop
      vertex 51.45 7.45 2
      vertex 48.55 7.45 0
      vertex 51.45 7.45 0
    endloop
  endfacet
  facet normal 0 1 -0
    outer loop
      vertex 51.45 4.55 0
      vertex 48.55 4.55 2
      vertex 51.45 4.55 2
    endloop
  endfacet
  facet normal 0 1 0
    outer loop
      vertex 48.55 4.55 2
      vertex 51.45 4.55 0
      vertex 48.55 4.55 0
    endloop
  endfacet
  facet normal -1 0 0
    outer loop
      vertex 51.45 8.55 0
      vertex 51.45 11.45 2
      vertex 51.45 11.45 0
    endloop
  endfacet
  facet normal -1 -0 0
    outer loop
      vertex 51.45 11.45 2
      vertex 51.45 8.55 0
      vertex 51.45 8.55 2
    endloop
  endfacet
  facet normal 1 -0 0
    outer loop
      vertex 48.55 8.55 2
      vertex 48.55 11.45 0
      vertex 48.55 11.45 2
    endloop
  endfacet
  facet normal 1 0 0
    outer loop
      vertex 48.55 11.45 0
      vertex 48.55 8.55 2
      vertex 48.55 8.55 0
    endloop
  endfacet
  facet normal 0 -1 0
    outer loop
      vertex 48.55 11.45 0
      vertex 51.45 11.45 2
      vertex 48.55 11.45 2
    endloop
  endfacet
  facet normal 0 -1 -0
    outer loop
      vertex 51.45 11.45 2
      vertex 48.55 11.45 0
      vertex 51.45 11.45 0
    endloop
  endfacet
  facet normal 0 1 -0
    outer loop
      vertex 51.45 8.55 0
      vertex 48.55 8.55 2
      vertex 51.45 8.55 2
    endloop
  endfacet
  facet normal 0 1 0
    outer loop
      vertex 48.55 8.55 2
      vertex 51.45 8.55 0
      vertex 48.55 8.55 0
    endloop
  endfacet
  facet normal -1 0 0
    outer loop
      vertex 51.45 12.55 0
      vertex 51.45 15.45 2
      vertex 51.45 15.45 0
    endloop
  endfacet
  facet normal -1 -0 0
    outer loop
      vertex 51.45 15.45 2
      vertex 51.45 12.55 0
      vertex 51.45 12.55 2
    endloop
  endfacet
  facet normal 1 -0 0
    outer loop
      vertex 48.55 12.55 2
      vertex 48.55 15.45 0
      vertex 48.55 15.45 2
    endloop
  endfacet
  facet normal 1 0 0
    outer loop
      vertex 48.55 15.45 0
      vertex 48.55 12.55 2
      vertex 48.55 12.55 0
    endloop
  endfacet
  facet normal 0 -1 0
    outer loop
      vertex 48.55 15.45 0
      vertex 51.45 15.45 2
      vertex 48.55 15.45 2
    endloop
  endfacet
  facet normal 0 -1 -0
    outer loop
      vertex 51.45 15.45 2
      vertex 48.55 15.45 0
      vertex 51.45 15.45 0
    endloop
  endfacet
  facet normal 0 1 -0
    outer loop
      vertex 51.45 12.55 0
      vertex 48.55 12.55 2
      vertex 51.45 12.55 2
    endloop
  endfacet
  facet normal 0 1 0
    outer loop
      vertex 48.55 12.55 2
      vertex 51.45 12.55 0
      vertex 48.55 12.55 0
    endloop
  endfacet
  facet normal -1 0 0
    outer loop
      vertex 55.45 -15.45 0
      vertex 55.45 -12.55 2
      vertex 55.45 -12.55 0
    endloop
  endfacet
  facet normal -1 -0 0
    outer loop
      vertex 55.45 -12.55 2
      vertex 55.45 -15.45 0
      vertex 55.45 -15.45 2
    endloop
  endfacet
  facet normal 1 -0 0
    outer loop
      vertex 52.55 -15.45 2
      vertex 52.55 -12.55 0
      vertex 52.55 -12.55 2
    endloop
  endfacet
  facet normal 1 0 0
    outer loop
      vertex 52.55 -12.55 0
      vertex 52.55 -15.45 2
      vertex 52.55 -15.45 0
    endloop
  endfacet
  facet normal 0 -1 0
    outer loop
      vertex 52.55 -12.55 0
      vertex 55.45 -12.55 2
      vertex 52.55 -12.55 2
    endloop
  endfacet
  facet normal 0 -1 -0
    outer loop
      vertex 55.45 -12.55 2
      vertex 52.55 -12.55 0
      vertex 55.45 -12.55 0
    endloop
  endfacet
  facet normal 0 1 -0
    outer loop
      vertex 55.45 -15.45 0
      vertex 52.55 -15.45 2
      vertex 55.45 -15.45 2
    endloop
  endfacet
  facet normal 0 1 0
    outer loop
      vertex 52.55 -15.45 2
      vertex 55.45 -15.45 0
      vertex 52.55 -15.45 0
    endloop
  endfacet
  facet normal -1 0 0
    outer loop
      vertex 55.45 -11.45 0
      vertex 55.45 -8.55 2
      vertex 55.45 -8.55 0
    endloop
  endfacet
  facet normal -1 -0 0
    outer loop
      vertex 55.45 -8.55 2
      vertex 55.45 -11.45 0
      vertex 55.45 -11.45 2
    endloop
  endfacet
  facet normal 1 -0 0
    outer loop
      vertex 52.55 -11.45 2
      vertex 52.55 -8.55 0
      vertex 52.55 -8.55 2
    endloop
  endfacet
  facet normal 1 0 0
    outer loop
      vertex 52.55 -8.55 0
      vertex 52.55 -11.45 2
      vertex 52.55 -11.45 0
    endloop
  endfacet
  facet normal 0 -1 0
    outer loop
      vertex 52.55 -8.55 0
      vertex 55.45 -8.55 2
      vertex 52.55 -8.55 2
    endloop
  endfacet
  facet normal 0 -1 -0
    outer loop
      vertex 55.45 -8.55 2
      vertex 52.55 -8.55 0
      vertex 55.45 -8.55 0
    endloop
  endfacet
  facet normal 0 1 -0
    outer loop
      vertex 55.45 -11.45 0
      vertex 52.55 -11.45 2
      vertex 55.45 -11.45 2
    endloop
  endfacet
  facet normal 0 1 0
    outer loop
      vertex 52.55 -11.45 2
      vertex 55.45 -11.45 0
      vertex 52.55 -11.45 0
    endloop
  endfacet
  facet normal -1 0 0
    outer loop
      vertex 55.45 -7.45 0
      vertex 55.45 -4.55 2
      vertex 55.45 -4.55 0
    endloop
  endfacet
  facet normal -1 -0 0
    outer loop
      vertex 55.45 -4.55 2
      vertex 55.45 -7.45 0
      vertex 55.45 -7.45 2
    endloop
  endfacet
  facet normal 1 -0 0
    outer loop
      vertex 52.55 -7.45 2
      vertex 52.55 -4.55 0
      vertex 52.55 -4.55 2
    endloop
  endfacet
  facet normal 1 0 0
    outer loop
      vertex 52.55 -4.55 0
      vertex 52.55 -7.45 2
      vertex 52.55 -7.45 0
    endloop
  endfacet
  facet normal 0 -1 0
    outer loop
      vertex 52.55 -4.55 0
      vertex 55.45 -4.55 2
      vertex 52.55 -4.55 2
    endloop
  endfacet
  facet normal 0 -1 -0
    outer loop
      vertex 55.45 -4.55 2
      vertex 52.55 -4.55 0
      vertex 55.45 -4.55 0
    endloop
  endfacet
  facet normal 0 1 -0
    outer loop
      vertex 55.45 -7.45 0
      vertex 52.55 -7.45 2
      vertex 55.45 -7.45 2
    endloop
  endfacet
  facet normal 0 1 0
    outer loop
      vertex 52.55 -7.45 2
      vertex 55.45 -7.45 0
      vertex 52.55 -7.45 0
    endloop
  endfacet
  facet normal -1 0 0
    outer loop
      vertex 55.45 -3.45 0
      vertex 55.45 -0.549999 2
      vertex 55.45 -0.549999 0
    endloop
  endfacet
  facet normal -1 -0 0
    outer loop
      vertex 55.45 -0.549999 2
      vertex 55.45 -3.45 0
      vertex 55.45 -3.45 2
    endloop
  endfacet
  facet normal 1 -0 0
    outer loop
      vertex 52.55 -3.45 2
      vertex 52.55 -0.549999 0
      vertex 52.55 -0.549999 2
    endloop
  endfacet
  facet normal 1 0 0
    outer loop
      vertex 52.55 -0.549999 0
      vertex 52.55 -3.45 2
      vertex 52.55 -3.45 0
    endloop
  endfacet
  facet normal 0 -1 0
    outer loop
      vertex 52.55 -0.549999 0
      vertex 55.45 -0.549999 2
      vertex 52.55 -0.549999 2
    endloop
  endfacet
  facet normal 0 -1 -0
    outer loop
      vertex 55.45 -0.549999 2
      vertex 52.55 -0.549999 0
      vertex 55.45 -0.549999 0
    endloop
  endfacet
  facet normal 0 1 -0
    outer loop
      vertex 55.45 -3.45 0
      vertex 52.55 -3.45 2
      vertex 55.45 -3.45 2
    endloop
  endfacet
  facet normal 0 1 0
    outer loop
      vertex 52.55 -3.45 2
      vertex 55.45 -3.45 0
      vertex 52.55 -3.45 0
    endloop
  endfacet
  facet normal -1 0 0
    outer loop
      vertex 55.45 0.549999 0
      vertex 55.45 3.45 2
      vertex 55.45 3.45 0
    endloop
  endfacet
  facet normal -1 -0 0
    outer loop
      vertex 55.45 3.45 2
      vertex 55.45 0.549999 0
      vertex 55.45 0.549999 2
    endloop
  endfacet
  facet normal 1 -0 0
    outer loop
      vertex 52.55 0.549999 2
      vertex 52.55 3.45 0
      vertex 52.55 3.45 2
    endloop
  endfacet
  facet normal 1 0 0
    outer loop
      vertex 52.55 3.45 0
      vertex 52.55 0.549999 2
      vertex 52.55 0.549999 0
    endloop
  endfacet
  facet normal 0 -1 0
    outer loop
      vertex 52.55 3.45 0
      vertex 55.45 3.45 2
      vertex 52.55 3.45 2
    endloop
  endfacet
  facet normal 0 -1 -0
    outer loop
      vertex 55.45 3.45 2
      vertex 52.55 3.45 0
      vertex 55.45 3.45 0
    endloop
  endfacet
  facet normal 0 1 -0
    outer loop
      vertex 55.45 0.549999 0
      vertex 52.55 0.549999 2
      vertex 55.45 0.549999 2
    endloop
  endfacet
  facet normal 0 1 0
    outer loop
      vertex 52.55 0.549999 2
      vertex 55.45 0.549999 0
      vertex 52.55 0.549999 0
    endloop
  endfacet
  facet normal -1 0 0
    outer loop
      vertex 55.45 4.55 0
      vertex 55.45 7.45 2
      vertex 55.45 7.45 0
    endloop
  endfacet
  facet normal -1 -0 0
    outer loop
      vertex 55.45 7.45 2
      vertex 55.45 4.55 0
      vertex 55.45 4.55 2
    endloop
  endfacet
  facet normal 1 -0 0
    outer loop
      vertex 52.55 4.55 2
      vertex 52.55 7.45 0
      vertex 52.55 7.45 2
    endloop
  endfacet
  facet normal 1 0 0
    outer loop
      vertex 52.55 7.45 0
      vertex 52.55 4.55 2
      vertex 52.55 4.55 0
    endloop
  endfacet
  facet normal 0 -1 0
    outer loop
      vertex 52.55 7.45 0
      vertex 55.45 7.45 2
      vertex 52.55 7.45 2
    endloop
  endfacet
  facet normal 0 -1 -0
    outer loop
      vertex 55.45 7.45 2
      vertex 52.55 7.45 0
      vertex 55.45 7.45 0
    endloop
  endfacet
  facet normal 0 1 -0
    outer loop
      vertex 55.45 4.55 0
      vertex 52.55 4.55 2
      vertex 55.45 4.55 2
    endloop
  endfacet
  facet normal 0 1 0
    outer loop
      vertex 52.55 4.55 2
      vertex 55.45 4.55 0
      vertex 52.55 4.55 0
    endloop
  endfacet
  facet normal -1 0 0
    outer loop
      vertex 55.45 8.55 0
      vertex 55.45 11.45 2
      vertex 55.45 11.45 0
    endloop
  endfacet
  facet normal -1 -0 0
    outer loop
      vertex 55.45 11.45 2
      vertex 55.45 8.55 0
      vertex 55.45 8.55 2
    endloop
  endfacet
  facet normal 1 -0 0
    outer loop
      vertex 52.55 8.55 2
      vertex 52.55 11.45 0
      vertex 52.55 11.45 2
    endloop
  endfacet
  facet normal 1 0 0
    outer loop
      vertex 52.55 11.45 0
      vertex 52.55 8.55 2
      vertex 52.55 8.55 0
    endloop
  endfacet
  facet normal 0 -1 0
    outer loop
      vertex 52.55 11.45 0
      vertex 55.45 11.45 2
      vertex 52.55 11.45 2
    endloop
  endfacet
  facet normal 0 -1 -0
    outer loop
      vertex 55.45 11.45 2
      vertex 52.55 11.45 0
      vertex 55.45 11.45 0
    endloop
  endfacet
  facet normal 0 1 -0
    outer loop
      vertex 55.45 8.55 0
      vertex 52.55 8.55 2
      vertex 55.45 8.55 2
    endloop
  endfacet
  facet normal 0 1 0
    outer loop
      vertex 52.55 8.55 2
      vertex 55.45 8.55 0
      vertex 52.55 8.55 0
    endloop
  endfacet
  facet normal -1 0 0
    outer loop
      vertex 55.45 12.55 0
      vertex 55.45 15.45 2
      vertex 55.45 15.45 0
    endloop
  endfacet
  facet normal -1 -0 0
    outer loop
      vertex 55.45 15.45 2
      vertex 55.45 12.55 0
      vertex 55.45 12.55 2
    endloop
  endfacet
  facet normal 1 -0 0
    outer loop
      vertex 52.55 12.55 2
      vertex 52.55 15.45 0
      vertex 52.55 15.45 2
    endloop
  endfacet
  facet normal 1 0 0
    outer loop
      vertex 52.55 15.45 0
      vertex 52.55 12.55 2
      vertex 52.55 12.55 0
    endloop
  endfacet
  facet normal 0 -1 0
    outer loop
      vertex 52.55 15.45 0
      vertex 55.45 15.45 2
      vertex 52.55 15.45 2
    endloop
  endfacet
  facet normal 0 -1 -0
    outer loop
      vertex 55.45 15.45 2
      vertex 52.55 15.45 0
      vertex 55.45 15.45 0
    endloop
  endfacet
  facet normal 0 1 -0
    outer loop
      vertex 55.45 12.55 0
      vertex 52.55 12.55 2
      vertex 55.45 12.55 2
    endloop
  endfacet
  facet normal 0 1 0
    outer loop
      vertex 52.55 12.55 2
      vertex 55.45 12.55 0
      vertex 52.55 12.55 0
    endloop
  endfacet
  facet normal -1 0 0
    outer loop
      vertex 59.45 -15.45 0
      vertex 59.45 -12.55 2
      vertex 59.45 -12.55 0
    endloop
  endfacet
  facet normal -1 -0 0
    outer loop
      vertex 59.45 -12.55 2
      vertex 59.45 -15.45 0
      vertex 59.45 -15.45 2
    endloop
  endfacet
  facet normal 1 -0 0
    outer loop
      vertex 56.55 -15.45 2
      vertex 56.55 -12.55 0
      vertex 56.55 -12.55 2
    endloop
  endfacet
  facet normal 1 0 0
    outer loop
      vertex 56.55 -12.55 0
      vertex 56.55 -15.45 2
      vertex 56.55 -15.45 0
    endloop
  endfacet
  facet normal 0 -1 0
    outer loop
      vertex 56.55 -12.55 0
      vertex 59.45 -12.55 2
      vertex 56.55 -12.55 2
    endloop
  endfacet
  facet normal 0 -1 -0
    outer loop
      vertex 59.45 -12.55 2
      vertex 56.55 -12.55 0
      vertex 59.45 -12.55 0
    endloop
  endfacet
  facet normal 0 1 -0
    outer loop
      vertex 59.45 -15.45 0
      vertex 56.55 -15.45 2
      vertex 59.45 -15.45 2
    endloop
  endfacet
  facet normal 0 1 0
    outer loop
      vertex 56.55 -15.45 2
      vertex 59.45 -15.45 0
      vertex 56.55 -15.45 0
    endloop
  endfacet
  facet normal -1 0 0
    outer loop
      vertex 59.45 -11.45 0
      vertex 59.45 -8.55 2
      vertex 59.45 -8.55 0
    endloop
  endfacet
  facet normal -1 -0 0
    outer loop
      vertex 59.45 -8.55 2
      vertex 59.45 -11.45 0
      vertex 59.45 -11.45 2
    endloop
  endfacet
  facet normal 1 -0 0
    outer loop
      vertex 56.55 -11.45 2
      vertex 56.55 -8.55 0
      vertex 56.55 -8.55 2
    endloop
  endfacet
  facet normal 1 0 0
    outer loop
      vertex 56.55 -8.55 0
      vertex 56.55 -11.45 2
      vertex 56.55 -11.45 0
    endloop
  endfacet
  facet normal 0 -1 0
    outer loop
      vertex 56.55 -8.55 0
      vertex 59.45 -8.55 2
      vertex 56.55 -8.55 2
    endloop
  endfacet
  facet normal 0 -1 -0
    outer loop
      vertex 59.45 -8.55 2
      vertex 56.55 -8.55 0
      vertex 59.45 -8.55 0
    endloop
  endfacet
  facet normal 0 1 -0
    outer loop
      vertex 59.45 -11.45 0
      vertex 56.55 -11.45 2
      vertex 59.45 -11.45 2
    endloop
  endfacet
  facet normal 0 1 0
    outer loop
      vertex 56.55 -11.45 2
      vertex 59.45 -11.45 0
      vertex 56.55 -11.45 0
    endloop
  endfacet
  facet normal -1 0 0
    outer loop
      vertex 59.45 -7.45 0
      vertex 59.45 -4.55 2
      vertex 59.45 -4.55 0
    endloop
  endfacet
  facet normal -1 -0 0
    outer loop
      vertex 59.45 -4.55 2
      vertex 59.45 -7.45 0
      vertex 59.45 -7.45 2
    endloop
  endfacet
  facet normal 1 -0 0
    outer loop
      vertex 56.55 -7.45 2
      vertex 56.55 -4.55 0
      vertex 56.55 -4.55 2
    endloop
  endfacet
  facet normal 1 0 0
    outer loop
      vertex 56.55 -4.55 0
      vertex 56.55 -7.45 2
      vertex 56.55 -7.45 0
    endloop
  endfacet
  facet normal 0 -1 0
    outer loop
      vertex 56.55 -4.55 0
      vertex 59.45 -4.55 2
      vertex 56.55 -4.55 2
    endloop
  endfacet
  facet normal 0 -1 -0
    outer loop
      vertex 59.45 -4.55 2
      vertex 56.55 -4.55 0
      vertex 59.45 -4.55 0
    endloop
  endfacet
  facet normal 0 1 -0
    outer loop
      vertex 59.45 -7.45 0
      vertex 56.55 -7.45 2
      vertex 59.45 -7.45 2
    endloop
  endfacet
  facet normal 0 1 0
    outer loop
      vertex 56.55 -7.45 2
      vertex 59.45 -7.45 0
      vertex 56.55 -7.45 0
    endloop
  endfacet
  facet normal -1 0 0
    outer loop
      vertex 59.45 -3.45 0
      vertex 59.45 -0.549999 2
      vertex 59.45 -0.549999 0
    endloop
  endfacet
  facet normal -1 -0 0
    outer loop
      vertex 59.45 -0.549999 2
      vertex 59.45 -3.45 0
      vertex 59.45 -3.45 2
    endloop
  endfacet
  facet normal 1 -0 0
    outer loop
      vertex 56.55 -3.45 2
      vertex 56.55 -0.549999 0
      vertex 56.55 -0.549999 2
    endloop
  endfacet
  facet normal 1 0 0
    outer loop
      vertex 56.55 -0.549999 0
      vertex 56.55 -3.45 2
      vertex 56.55 -3.45 0
    endloop
  endfacet
  facet normal 0 -1 0
    outer loop
      vertex 56.55 -0.549999 0
      vertex 59.45 -0.549999 2
      vertex 56.55 -0.549999 2
    endloop
  endfacet
  facet normal 0 -1 -0
    outer loop
      vertex 59.45 -0.549999 2
      vertex 56.55 -0.549999 0
      vertex 59.45 -0.549999 0
    endloop
  endfacet
  facet normal 0 1 -0
    outer loop
      vertex 59.45 -3.45 0
      vertex 56.55 -3.45 2
      vertex 59.45 -3.45 2
    endloop
  endfacet
  facet normal 0 1 0
    outer loop
      vertex 56.55 -3.45 2
      vertex 59.45 -3.45 0
      vertex 56.55 -3.45 0
    endloop
  endfacet
  facet normal -1 0 0
    outer loop
      vertex 59.45 0.549999 0
      vertex 59.45 3.45 2
      vertex 59.45 3.45 0
    endloop
  endfacet
  facet normal -1 -0 0
    outer loop
      vertex 59.45 3.45 2
      vertex 59.45 0.549999 0
      vertex 59.45 0.549999 2
    endloop
  endfacet
  facet normal 1 -0 0
    outer loop
      vertex 56.55 0.549999 2
      vertex 56.55 3.45 0
      vertex 56.55 3.45 2
    endloop
  endfacet
  facet normal 1 0 0
    outer loop
      vertex 56.55 3.45 0
      vertex 56.55 0.549999 2
      vertex 56.55 0.549999 0
    endloop
  endfacet
  facet normal 0 -1 0
    outer loop
      vertex 56.55 3.45 0
      vertex 59.45 3.45 2
      vertex 56.55 3.45 2
    endloop
  endfacet
  facet normal 0 -1 -0
    outer loop
      vertex 59.45 3.45 2
      vertex 56.55 3.45 0
      vertex 59.45 3.45 0
    endloop
  endfacet
  facet normal 0 1 -0
    outer loop
      vertex 59.45 0.549999 0
      vertex 56.55 0.549999 2
      vertex 59.45 0.549999 2
    endloop
  endfacet
  facet normal 0 1 0
    outer loop
      vertex 56.55 0.549999 2
      vertex 59.45 0.549999 0
      vertex 56.55 0.549999 0
    endloop
  endfacet
  facet normal -1 0 0
    outer loop
      vertex 59.45 4.55 0
      vertex 59.45 7.45 2
      vertex 59.45 7.45 0
    endloop
  endfacet
  facet normal -1 -0 0
    outer loop
      vertex 59.45 7.45 2
      vertex 59.45 4.55 0
      vertex 59.45 4.55 2
    endloop
  endfacet
  facet normal 1 -0 0
    outer loop
      vertex 56.55 4.55 2
      vertex 56.55 7.45 0
      vertex 56.55 7.45 2
    endloop
  endfacet
  facet normal 1 0 0
    outer loop
      vertex 56.55 7.45 0
      vertex 56.55 4.55 2
      vertex 56.55 4.55 0
    endloop
  endfacet
  facet normal 0 -1 0
    outer loop
      vertex 56.55 7.45 0
      vertex 59.45 7.45 2
      vertex 56.55 7.45 2
    endloop
  endfacet
  facet normal 0 -1 -0
    outer loop
      vertex 59.45 7.45 2
      vertex 56.55 7.45 0
      vertex 59.45 7.45 0
    endloop
  endfacet
  facet normal 0 1 -0
    outer loop
      vertex 59.45 4.55 0
      vertex 56.55 4.55 2
      vertex 59.45 4.55 2
    endloop
  endfacet
  facet normal 0 1 0
    outer loop
      vertex 56.55 4.55 2
      vertex 59.45 4.55 0
      vertex 56.55 4.55 0
    endloop
  endfacet
  facet normal -1 0 0
    outer loop
      vertex 59.45 8.55 0
      vertex 59.45 11.45 2
      vertex 59.45 11.45 0
    endloop
  endfacet
  facet normal -1 -0 0
    outer loop
      vertex 59.45 11.45 2
      vertex 59.45 8.55 0
      vertex 59.45 8.55 2
    endloop
  endfacet
  facet normal 1 -0 0
    outer loop
      vertex 56.55 8.55 2
      vertex 56.55 11.45 0
      vertex 56.55 11.45 2
    endloop
  endfacet
  facet normal 1 0 0
    outer loop
      vertex 56.55 11.45 0
      vertex 56.55 8.55 2
      vertex 56.55 8.55 0
    endloop
  endfacet
  facet normal 0 -1 0
    outer loop
      vertex 56.55 11.45 0
      vertex 59.45 11.45 2
      vertex 56.55 11.45 2
    endloop
  endfacet
  facet normal 0 -1 -0
    outer loop
      vertex 59.45 11.45 2
      vertex 56.55 11.45 0
      vertex 59.45 11.45 0
    endloop
  endfacet
  facet normal 0 1 -0
    outer loop
      vertex 59.45 8.55 0
      vertex 56.55 8.55 2
      vertex 59.45 8.55 2
    endloop
  endfacet
  facet normal 0 1 0
    outer loop
      vertex 56.55 8.55 2
      vertex 59.45 8.55 0
      vertex 56.55 8.55 0
    endloop
  endfacet
  facet normal -1 0 0
    outer loop
      vertex 59.45 12.55 0
      vertex 59.45 15.45 2
      vertex 59.45 15.45 0
    endloop
  endfacet
  facet normal -1 -0 0
    outer loop
      vertex 59.45 15.45 2
      vertex 59.45 12.55 0
      vertex 59.45 12.55 2
    endloop
  endfacet
  facet normal 1 -0 0
    outer loop
      vertex 56.55 12.55 2
      vertex 56.55 15.45 0
      vertex 56.55 15.45 2
    endloop
  endfacet
  facet normal 1 0 0
    outer loop
      vertex 56.55 15.45 0
      vertex 56.55 12.55 2
      vertex 56.55 12.55 0
    endloop
  endfacet
  facet normal 0 -1 0
    outer loop
      vertex 56.55 15.45 0
      vertex 59.45 15.45 2
      vertex 56.55 15.45 2
    endloop
  endfacet
  facet normal 0 -1 -0
    outer loop
      vertex 59.45 15.45 2
      vertex 56.55 15.45 0
      vertex 59.45 15.45 0
    endloop
  endfacet
  facet normal 0 1 -0
    outer loop
      vertex 59.45 12.55 0
      vertex 56.55 12.55 2
      vertex 59.45 12.55 2
    endloop
  endfacet
  facet normal 0 1 0
    outer loop
      vertex 56.55 12.55 2
      vertex 59.45 12.55 0
      vertex 56.55 12.55 0
    endloop
  endfacet
  facet normal -1 0 0
    outer loop
      vertex 63.45 -15.45 0
      vertex 63.45 -12.55 2
      vertex 63.45 -12.55 0
    endloop
  endfacet
  facet normal -1 -0 0
    outer loop
      vertex 63.45 -12.55 2
      vertex 63.45 -15.45 0
      vertex 63.45 -15.45 2
    endloop
  endfacet
  facet normal 1 -0 0
    outer loop
      vertex 60.55 -15.45 2
      vertex 60.55 -12.55 0
      vertex 60.55 -12.55 2
    endloop
  endfacet
  facet normal 1 0 0
    outer loop
      vertex 60.55 -12.55 0
      vertex 60.55 -15.45 2
      vertex 60.55 -15.45 0
    endloop
  endfacet
  facet normal 0 -1 0
    outer loop
      vertex 60.55 -12.55 0
      vertex 63.45 -12.55 2
      vertex 60.55 -12.55 2
    endloop
  endfacet
  facet normal 0 -1 -0
    outer loop
      vertex 63.45 -12.55 2
      vertex 60.55 -12.55 0
      vertex 63.45 -12.55 0
    endloop
  endfacet
  facet normal 0 1 -0
    outer loop
      vertex 63.45 -15.45 0
      vertex 60.55 -15.45 2
      vertex 63.45 -15.45 2
    endloop
  endfacet
  facet normal 0 1 0
    outer loop
      vertex 60.55 -15.45 2
      vertex 63.45 -15.45 0
      vertex 60.55 -15.45 0
    endloop
  endfacet
  facet normal -1 0 0
    outer loop
      vertex 63.45 -11.45 0
      vertex 63.45 -8.55 2
      vertex 63.45 -8.55 0
    endloop
  endfacet
  facet normal -1 -0 0
    outer loop
      vertex 63.45 -8.55 2
      vertex 63.45 -11.45 0
      vertex 63.45 -11.45 2
    endloop
  endfacet
  facet normal 1 -0 0
    outer loop
      vertex 60.55 -11.45 2
      vertex 60.55 -8.55 0
      vertex 60.55 -8.55 2
    endloop
  endfacet
  facet normal 1 0 0
    outer loop
      vertex 60.55 -8.55 0
      vertex 60.55 -11.45 2
      vertex 60.55 -11.45 0
    endloop
  endfacet
  facet normal 0 -1 0
    outer loop
      vertex 60.55 -8.55 0
      vertex 63.45 -8.55 2
      vertex 60.55 -8.55 2
    endloop
  endfacet
  facet normal 0 -1 -0
    outer loop
      vertex 63.45 -8.55 2
      vertex 60.55 -8.55 0
      vertex 63.45 -8.55 0
    endloop
  endfacet
  facet normal 0 1 -0
    outer loop
      vertex 63.45 -11.45 0
      vertex 60.55 -11.45 2
      vertex 63.45 -11.45 2
    endloop
  endfacet
  facet normal 0 1 0
    outer loop
      vertex 60.55 -11.45 2
      vertex 63.45 -11.45 0
      vertex 60.55 -11.45 0
    endloop
  endfacet
  facet normal -1 0 0
    outer loop
      vertex 63.45 -7.45 0
      vertex 63.45 -4.55 2
      vertex 63.45 -4.55 0
    endloop
  endfacet
  facet normal -1 -0 0
    outer loop
      vertex 63.45 -4.55 2
      vertex 63.45 -7.45 0
      vertex 63.45 -7.45 2
    endloop
  endfacet
  facet normal 1 -0 0
    outer loop
      vertex 60.55 -7.45 2
      vertex 60.55 -4.55 0
      vertex 60.55 -4.55 2
    endloop
  endfacet
  facet normal 1 0 0
    outer loop
      vertex 60.55 -4.55 0
      vertex 60.55 -7.45 2
      vertex 60.55 -7.45 0
    endloop
  endfacet
  facet normal 0 -1 0
    outer loop
      vertex 60.55 -4.55 0
      vertex 63.45 -4.55 2
      vertex 60.55 -4.55 2
    endloop
  endfacet
  facet normal 0 -1 -0
    outer loop
      vertex 63.45 -4.55 2
      vertex 60.55 -4.55 0
      vertex 63.45 -4.55 0
    endloop
  endfacet
  facet normal 0 1 -0
    outer loop
      vertex 63.45 -7.45 0
      vertex 60.55 -7.45 2
      vertex 63.45 -7.45 2
    endloop
  endfacet
  facet normal 0 1 0
    outer loop
      vertex 60.55 -7.45 2
      vertex 63.45 -7.45 0
      vertex 60.55 -7.45 0
    endloop
  endfacet
  facet normal -1 0 0
    outer loop
      vertex 63.45 -3.45 0
      vertex 63.45 -0.549999 2
      vertex 63.45 -0.549999 0
    endloop
  endfacet
  facet normal -1 -0 0
    outer loop
      vertex 63.45 -0.549999 2
      vertex 63.45 -3.45 0
      vertex 63.45 -3.45 2
    endloop
  endfacet
  facet normal 1 -0 0
    outer loop
      vertex 60.55 -3.45 2
      vertex 60.55 -0.549999 0
      vertex 60.55 -0.549999 2
    endloop
  endfacet
  facet normal 1 0 0
    outer loop
      vertex 60.55 -0.549999 0
      vertex 60.55 -3.45 2
      vertex 60.55 -3.45 0
    endloop
  endfacet
  facet normal 0 -1 0
    outer loop
      vertex 60.55 -0.549999 0
      vertex 63.45 -0.549999 2
      vertex 60.55 -0.549999 2
    endloop
  endfacet
  facet normal 0 -1 -0
    outer loop
      vertex 63.45 -0.549999 2
      vertex 60.55 -0.549999 0
      vertex 63.45 -0.549999 0
    endloop
  endfacet
  facet normal 0 1 -0
    outer loop
      vertex 63.45 -3.45 0
      vertex 60.55 -3.45 2
      vertex 63.45 -3.45 2
    endloop
  endfacet
  facet normal 0 1 0
    outer loop
      vertex 60.55 -3.45 2
      vertex 63.45 -3.45 0
      vertex 60.55 -3.45 0
    endloop
  endfacet
  facet normal -1 0 0
    outer loop
      vertex 63.45 0.549999 0
      vertex 63.45 3.45 2
      vertex 63.45 3.45 0
    endloop
  endfacet
  facet normal -1 -0 0
    outer loop
      vertex 63.45 3.45 2
      vertex 63.45 0.549999 0
      vertex 63.45 0.549999 2
    endloop
  endfacet
  facet normal 1 -0 0
    outer loop
      vertex 60.55 0.549999 2
      vertex 60.55 3.45 0
      vertex 60.55 3.45 2
    endloop
  endfacet
  facet normal 1 0 0
    outer loop
      vertex 60.55 3.45 0
      vertex 60.55 0.549999 2
      vertex 60.55 0.549999 0
    endloop
  endfacet
  facet normal 0 -1 0
    outer loop
      vertex 60.55 3.45 0
      vertex 63.45 3.45 2
      vertex 60.55 3.45 2
    endloop
  endfacet
  facet normal 0 -1 -0
    outer loop
      vertex 63.45 3.45 2
      vertex 60.55 3.45 0
      vertex 63.45 3.45 0
    endloop
  endfacet
  facet normal 0 1 -0
    outer loop
      vertex 63.45 0.549999 0
      vertex 60.55 0.549999 2
      vertex 63.45 0.549999 2
    endloop
  endfacet
  facet normal 0 1 0
    outer loop
      vertex 60.55 0.549999 2
      vertex 63.45 0.549999 0
      vertex 60.55 0.549999 0
    endloop
  endfacet
  facet normal -1 0 0
    outer loop
      vertex 63.45 4.55 0
      vertex 63.45 7.45 2
      vertex 63.45 7.45 0
    endloop
  endfacet
  facet normal -1 -0 0
    outer loop
      vertex 63.45 7.45 2
      vertex 63.45 4.55 0
      vertex 63.45 4.55 2
    endloop
  endfacet
  facet normal 1 -0 0
    outer loop
      vertex 60.55 4.55 2
      vertex 60.55 7.45 0
      vertex 60.55 7.45 2
    endloop
  endfacet
  facet normal 1 0 0
    outer loop
      vertex 60.55 7.45 0
      vertex 60.55 4.55 2
      vertex 60.55 4.55 0
    endloop
  endfacet
  facet normal 0 -1 0
    outer loop
      vertex 60.55 7.45 0
      vertex 63.45 7.45 2
      vertex 60.55 7.45 2
    endloop
  endfacet
  facet normal 0 -1 -0
    outer loop
      vertex 63.45 7.45 2
      vertex 60.55 7.45 0
      vertex 63.45 7.45 0
    endloop
  endfacet
  facet normal 0 1 -0
    outer loop
      vertex 63.45 4.55 0
      vertex 60.55 4.55 2
      vertex 63.45 4.55 2
    endloop
  endfacet
  facet normal 0 1 0
    outer loop
      vertex 60.55 4.55 2
      vertex 63.45 4.55 0
      vertex 60.55 4.55 0
    endloop
  endfacet
  facet normal -1 0 0
    outer loop
      vertex 63.45 8.55 0
      vertex 63.45 11.45 2
      vertex 63.45 11.45 0
    endloop
  endfacet
  facet normal -1 -0 0
    outer loop
      vertex 63.45 11.45 2
      vertex 63.45 8.55 0
      vertex 63.45 8.55 2
    endloop
  endfacet
  facet normal 1 -0 0
    outer loop
      vertex 60.55 8.55 2
      vertex 60.55 11.45 0
      vertex 60.55 11.45 2
    endloop
  endfacet
  facet normal 1 0 0
    outer loop
      vertex 60.55 11.45 0
      vertex 60.55 8.55 2
      vertex 60.55 8.55 0
    endloop
  endfacet
  facet normal 0 -1 0
    outer loop
      vertex 60.55 11.45 0
      vertex 63.45 11.45 2
      vertex 60.55 11.45 2
    endloop
  endfacet
  facet normal 0 -1 -0
    outer loop
      vertex 63.45 11.45 2
      vertex 60.55 11.45 0
      vertex 63.45 11.45 0
    endloop
  endfacet
  facet normal 0 1 -0
    outer loop
      vertex 63.45 8.55 0
      vertex 60.55 8.55 2
      vertex 63.45 8.55 2
    endloop
  endfacet
  facet normal 0 1 0
    outer loop
      vertex 60.55 8.55 2
      vertex 63.45 8.55 0
      vertex 60.55 8.55 0
    endloop
  endfacet
  facet normal -1 0 0
    outer loop
      vertex 63.45 12.55 0
      vertex 63.45 15.45 2
      vertex 63.45 15.45 0
    endloop
  endfacet
  facet normal -1 -0 0
    outer loop
      vertex 63.45 15.45 2
      vertex 63.45 12.55 0
      vertex 63.45 12.55 2
    endloop
  endfacet
  facet normal 1 -0 0
    outer loop
      vertex 60.55 12.55 2
      vertex 60.55 15.45 0
      vertex 60.55 15.45 2
    endloop
  endfacet
  facet normal 1 0 0
    outer loop
      vertex 60.55 15.45 0
      vertex 60.55 12.55 2
      vertex 60.55 12.55 0
    endloop
  endfacet
  facet normal 0 -1 0
    outer loop
      vertex 60.55 15.45 0
      vertex 63.45 15.45 2
      vertex 60.55 15.45 2
    endloop
  endfacet
  facet normal 0 -1 -0
    outer loop
      vertex 63.45 15.45 2
      vertex 60.55 15.45 0
      vertex 63.45 15.45 0
    endloop
  endfacet
  facet normal 0 1 -0
    outer loop
      vertex 63.45 12.55 0
      vertex 60.55 12.55 2
      vertex 63.45 12.55 2
    endloop
  endfacet
  facet normal 0 1 0
    outer loop
      vertex 60.55 12.55 2
      vertex 63.45 12.55 0
      vertex 60.55 12.55 0
    endloop
  endfacet
  facet normal 0.980733 0.195354 0
    outer loop
      vertex 69.096 13.4506 44
      vertex 69.0615 13.6238 1.95
      vertex 69.0615 13.6238 44
    endloop
  endfacet
  facet normal 0.980733 0.195354 0
    outer loop
      vertex 69.0615 13.6238 1.95
      vertex 69.096 13.4506 44
      vertex 69.096 13.4506 1.95
    endloop
  endfacet
  facet normal -0.980841 -0.194809 0
    outer loop
      vertex 71.7384 13.9762 1.95
      vertex 71.704 14.1494 44
      vertex 71.704 14.1494 1.95
    endloop
  endfacet
  facet normal -0.980841 -0.194809 0
    outer loop
      vertex 71.704 14.1494 44
      vertex 71.7384 13.9762 1.95
      vertex 71.7384 13.9762 44
    endloop
  endfacet
  facet normal -0.99784 -0.0656921 0
    outer loop
      vertex 71.75 13.8 1.95
      vertex 71.7384 13.9762 44
      vertex 71.7384 13.9762 1.95
    endloop
  endfacet
  facet normal -0.99784 -0.0656921 0
    outer loop
      vertex 71.7384 13.9762 44
      vertex 71.75 13.8 1.95
      vertex 71.75 13.8 44
    endloop
  endfacet
  facet normal -0.555615 -0.83144 0
    outer loop
      vertex 71.075 14.9691 1.95
      vertex 71.2218 14.871 44
      vertex 71.075 14.9691 44
    endloop
  endfacet
  facet normal -0.555615 -0.83144 -0
    outer loop
      vertex 71.2218 14.871 44
      vertex 71.075 14.9691 1.95
      vertex 71.2218 14.871 1.95
    endloop
  endfacet
  facet normal 0.997877 -0.0651282 0
    outer loop
      vertex 69.05 13.8 44
      vertex 69.0615 13.9762 1.95
      vertex 69.0615 13.9762 44
    endloop
  endfacet
  facet normal 0.997877 -0.0651282 0
    outer loop
      vertex 69.0615 13.9762 1.95
      vertex 69.05 13.8 44
      vertex 69.05 13.8 1.95
    endloop
  endfacet
  facet normal 0.442224 0.896905 -0
    outer loop
      vertex 69.8834 12.5528 1.95
      vertex 69.725 12.6309 44
      vertex 69.8834 12.5528 44
    endloop
  endfacet
  facet normal 0.442224 0.896905 0
    outer loop
      vertex 69.725 12.6309 44
      vertex 69.8834 12.5528 1.95
      vertex 69.725 12.6309 1.95
    endloop
  endfacet
  facet normal 0.195354 0.980733 -0
    outer loop
      vertex 70.2238 12.4615 1.95
      vertex 70.0506 12.496 44
      vertex 70.2238 12.4615 44
    endloop
  endfacet
  facet normal 0.195354 0.980733 0
    outer loop
      vertex 70.0506 12.496 44
      vertex 70.2238 12.4615 1.95
      vertex 70.0506 12.496 1.95
    endloop
  endfacet
  facet normal -0.321659 -0.946856 0
    outer loop
      vertex 70.7494 15.104 1.95
      vertex 70.9166 15.0472 44
      vertex 70.7494 15.104 44
    endloop
  endfacet
  facet normal -0.321659 -0.946856 -0
    outer loop
      vertex 70.9166 15.0472 44
      vertex 70.7494 15.104 1.95
      vertex 70.9166 15.0472 1.95
    endloop
  endfacet
  facet normal -0.195354 0.980733 0
    outer loop
      vertex 70.7494 12.496 1.95
      vertex 70.5762 12.4615 44
      vertex 70.7494 12.496 44
    endloop
  endfacet
  facet normal -0.195354 0.980733 0
    outer loop
      vertex 70.5762 12.4615 44
      vertex 70.7494 12.496 1.95
      vertex 70.5762 12.4615 1.95
    endloop
  endfacet
  facet normal -0.946856 0.321659 0
    outer loop
      vertex 71.6472 13.2834 1.95
      vertex 71.704 13.4506 44
      vertex 71.704 13.4506 1.95
    endloop
  endfacet
  facet normal -0.946856 0.321659 0
    outer loop
      vertex 71.704 13.4506 44
      vertex 71.6472 13.2834 1.95
      vertex 71.6472 13.2834 44
    endloop
  endfacet
  facet normal -0.0656921 -0.99784 0
    outer loop
      vertex 70.4 15.15 1.95
      vertex 70.5762 15.1384 44
      vertex 70.4 15.15 44
    endloop
  endfacet
  facet normal -0.0656921 -0.99784 -0
    outer loop
      vertex 70.5762 15.1384 44
      vertex 70.4 15.15 1.95
      vertex 70.5762 15.1384 1.95
    endloop
  endfacet
  facet normal -0.555615 0.83144 0
    outer loop
      vertex 71.2218 12.729 1.95
      vertex 71.075 12.6309 44
      vertex 71.2218 12.729 44
    endloop
  endfacet
  facet normal -0.555615 0.83144 0
    outer loop
      vertex 71.075 12.6309 44
      vertex 71.2218 12.729 1.95
      vertex 71.075 12.6309 1.95
    endloop
  endfacet
  facet normal -0.442224 -0.896905 0
    outer loop
      vertex 70.9166 15.0472 1.95
      vertex 71.075 14.9691 44
      vertex 70.9166 15.0472 44
    endloop
  endfacet
  facet normal -0.442224 -0.896905 -0
    outer loop
      vertex 71.075 14.9691 44
      vertex 70.9166 15.0472 1.95
      vertex 71.075 14.9691 1.95
    endloop
  endfacet
  facet normal -0.321659 0.946856 0
    outer loop
      vertex 70.9166 12.5528 1.95
      vertex 70.7494 12.496 44
      vertex 70.9166 12.5528 44
    endloop
  endfacet
  facet normal -0.321659 0.946856 0
    outer loop
      vertex 70.7494 12.496 44
      vertex 70.9166 12.5528 1.95
      vertex 70.7494 12.496 1.95
    endloop
  endfacet
  facet normal 0.946856 0.321659 0
    outer loop
      vertex 69.1528 13.2834 44
      vertex 69.096 13.4506 1.95
      vertex 69.096 13.4506 44
    endloop
  endfacet
  facet normal 0.946856 0.321659 0
    outer loop
      vertex 69.096 13.4506 1.95
      vertex 69.1528 13.2834 44
      vertex 69.1528 13.2834 1.95
    endloop
  endfacet
  facet normal 0.321659 0.946856 -0
    outer loop
      vertex 70.0506 12.496 1.95
      vertex 69.8834 12.5528 44
      vertex 70.0506 12.496 44
    endloop
  endfacet
  facet normal 0.321659 0.946856 0
    outer loop
      vertex 69.8834 12.5528 44
      vertex 70.0506 12.496 1.95
      vertex 69.8834 12.5528 1.95
    endloop
  endfacet
  facet normal 0.83144 0.555615 0
    outer loop
      vertex 69.329 12.9782 44
      vertex 69.2309 13.125 1.95
      vertex 69.2309 13.125 44
    endloop
  endfacet
  facet normal 0.83144 0.555615 0
    outer loop
      vertex 69.2309 13.125 1.95
      vertex 69.329 12.9782 44
      vertex 69.329 12.9782 1.95
    endloop
  endfacet
  facet normal 0.659146 -0.752015 0
    outer loop
      vertex 69.4454 14.7546 1.95
      vertex 69.5782 14.871 44
      vertex 69.4454 14.7546 44
    endloop
  endfacet
  facet normal 0.659146 -0.752015 0
    outer loop
      vertex 69.5782 14.871 44
      vertex 69.4454 14.7546 1.95
      vertex 69.5782 14.871 1.95
    endloop
  endfacet
  facet normal -0.83144 -0.555615 0
    outer loop
      vertex 71.5691 14.475 1.95
      vertex 71.471 14.6218 44
      vertex 71.471 14.6218 1.95
    endloop
  endfacet
  facet normal -0.83144 -0.555615 0
    outer loop
      vertex 71.471 14.6218 44
      vertex 71.5691 14.475 1.95
      vertex 71.5691 14.475 44
    endloop
  endfacet
  facet normal -0.83144 0.555615 0
    outer loop
      vertex 71.471 12.9782 1.95
      vertex 71.5691 13.125 44
      vertex 71.5691 13.125 1.95
    endloop
  endfacet
  facet normal -0.83144 0.555615 0
    outer loop
      vertex 71.5691 13.125 44
      vertex 71.471 12.9782 1.95
      vertex 71.471 12.9782 44
    endloop
  endfacet
  facet normal 0.997877 0.0651282 0
    outer loop
      vertex 69.0615 13.6238 44
      vertex 69.05 13.8 1.95
      vertex 69.05 13.8 44
    endloop
  endfacet
  facet normal 0.997877 0.0651282 0
    outer loop
      vertex 69.05 13.8 1.95
      vertex 69.0615 13.6238 44
      vertex 69.0615 13.6238 1.95
    endloop
  endfacet
  facet normal -0.896905 -0.442224 0
    outer loop
      vertex 71.6472 14.3166 1.95
      vertex 71.5691 14.475 44
      vertex 71.5691 14.475 1.95
    endloop
  endfacet
  facet normal -0.896905 -0.442224 0
    outer loop
      vertex 71.5691 14.475 44
      vertex 71.6472 14.3166 1.95
      vertex 71.6472 14.3166 44
    endloop
  endfacet
  facet normal 0 0 1
    outer loop
      vertex 71.7384 13.9762 1.95
      vertex 71.7384 13.6238 1.95
      vertex 71.75 13.8 1.95
    endloop
  endfacet
  facet normal 0 0 1
    outer loop
      vertex 71.704 14.1494 1.95
      vertex 71.7384 13.6238 1.95
      vertex 71.7384 13.9762 1.95
    endloop
  endfacet
  facet normal 0 0 1
    outer loop
      vertex 71.704 14.1494 1.95
      vertex 71.704 13.4506 1.95
      vertex 71.7384 13.6238 1.95
    endloop
  endfacet
  facet normal 0 0 1
    outer loop
      vertex 71.6472 14.3166 1.95
      vertex 71.704 13.4506 1.95
      vertex 71.704 14.1494 1.95
    endloop
  endfacet
  facet normal 0 0 1
    outer loop
      vertex 71.6472 14.3166 1.95
      vertex 71.6472 13.2834 1.95
      vertex 71.704 13.4506 1.95
    endloop
  endfacet
  facet normal 0 0 1
    outer loop
      vertex 71.5691 14.475 1.95
      vertex 71.6472 13.2834 1.95
      vertex 71.6472 14.3166 1.95
    endloop
  endfacet
  facet normal 0 0 1
    outer loop
      vertex 71.5691 14.475 1.95
      vertex 71.5691 13.125 1.95
      vertex 71.6472 13.2834 1.95
    endloop
  endfacet
  facet normal 0 0 1
    outer loop
      vertex 71.471 14.6218 1.95
      vertex 71.5691 13.125 1.95
      vertex 71.5691 14.475 1.95
    endloop
  endfacet
  facet normal 0 0 1
    outer loop
      vertex 71.471 14.6218 1.95
      vertex 71.471 12.9782 1.95
      vertex 71.5691 13.125 1.95
    endloop
  endfacet
  facet normal 0 0 1
    outer loop
      vertex 71.3546 14.7546 1.95
      vertex 71.471 12.9782 1.95
      vertex 71.471 14.6218 1.95
    endloop
  endfacet
  facet normal 0 0 1
    outer loop
      vertex 71.3546 14.7546 1.95
      vertex 71.3546 12.8454 1.95
      vertex 71.471 12.9782 1.95
    endloop
  endfacet
  facet normal 0 0 1
    outer loop
      vertex 71.2218 14.871 1.95
      vertex 71.3546 12.8454 1.95
      vertex 71.3546 14.7546 1.95
    endloop
  endfacet
  facet normal 0 0 1
    outer loop
      vertex 71.2218 14.871 1.95
      vertex 71.2218 12.729 1.95
      vertex 71.3546 12.8454 1.95
    endloop
  endfacet
  facet normal 0 0 1
    outer loop
      vertex 71.075 14.9691 1.95
      vertex 71.2218 12.729 1.95
      vertex 71.2218 14.871 1.95
    endloop
  endfacet
  facet normal 0 0 1
    outer loop
      vertex 71.075 14.9691 1.95
      vertex 71.075 12.6309 1.95
      vertex 71.2218 12.729 1.95
    endloop
  endfacet
  facet normal 0 0 1
    outer loop
      vertex 70.9166 15.0472 1.95
      vertex 71.075 12.6309 1.95
      vertex 71.075 14.9691 1.95
    endloop
  endfacet
  facet normal 0 0 1
    outer loop
      vertex 70.9166 15.0472 1.95
      vertex 70.9166 12.5528 1.95
      vertex 71.075 12.6309 1.95
    endloop
  endfacet
  facet normal 0 0 1
    outer loop
      vertex 70.7494 15.104 1.95
      vertex 70.9166 12.5528 1.95
      vertex 70.9166 15.0472 1.95
    endloop
  endfacet
  facet normal 0 0 1
    outer loop
      vertex 70.7494 15.104 1.95
      vertex 70.7494 12.496 1.95
      vertex 70.9166 12.5528 1.95
    endloop
  endfacet
  facet normal 0 0 1
    outer loop
      vertex 70.5762 15.1384 1.95
      vertex 70.7494 12.496 1.95
      vertex 70.7494 15.104 1.95
    endloop
  endfacet
  facet normal 0 0 1
    outer loop
      vertex 70.5762 15.1384 1.95
      vertex 70.5762 12.4615 1.95
      vertex 70.7494 12.496 1.95
    endloop
  endfacet
  facet normal 0 0 1
    outer loop
      vertex 70.4 15.15 1.95
      vertex 70.5762 12.4615 1.95
      vertex 70.5762 15.1384 1.95
    endloop
  endfacet
  facet normal 0 0 1
    outer loop
      vertex 70.4 15.15 1.95
      vertex 70.4 12.45 1.95
      vertex 70.5762 12.4615 1.95
    endloop
  endfacet
  facet normal -0 0 1
    outer loop
      vertex 70.2238 15.1384 1.95
      vertex 70.4 12.45 1.95
      vertex 70.4 15.15 1.95
    endloop
  endfacet
  facet normal 0 0 1
    outer loop
      vertex 70.2238 15.1384 1.95
      vertex 70.2238 12.4615 1.95
      vertex 70.4 12.45 1.95
    endloop
  endfacet
  facet normal -0 0 1
    outer loop
      vertex 70.0506 15.104 1.95
      vertex 70.2238 12.4615 1.95
      vertex 70.2238 15.1384 1.95
    endloop
  endfacet
  facet normal 0 0 1
    outer loop
      vertex 70.0506 15.104 1.95
      vertex 70.0506 12.496 1.95
      vertex 70.2238 12.4615 1.95
    endloop
  endfacet
  facet normal -0 0 1
    outer loop
      vertex 69.8834 15.0472 1.95
      vertex 70.0506 12.496 1.95
      vertex 70.0506 15.104 1.95
    endloop
  endfacet
  facet normal 0 0 1
    outer loop
      vertex 69.8834 15.0472 1.95
      vertex 69.8834 12.5528 1.95
      vertex 70.0506 12.496 1.95
    endloop
  endfacet
  facet normal -0 0 1
    outer loop
      vertex 69.725 14.9691 1.95
      vertex 69.8834 12.5528 1.95
      vertex 69.8834 15.0472 1.95
    endloop
  endfacet
  facet normal 0 0 1
    outer loop
      vertex 69.725 14.9691 1.95
      vertex 69.725 12.6309 1.95
      vertex 69.8834 12.5528 1.95
    endloop
  endfacet
  facet normal -0 0 1
    outer loop
      vertex 69.5782 14.871 1.95
      vertex 69.725 12.6309 1.95
      vertex 69.725 14.9691 1.95
    endloop
  endfacet
  facet normal 0 0 1
    outer loop
      vertex 69.5782 14.871 1.95
      vertex 69.5782 12.729 1.95
      vertex 69.725 12.6309 1.95
    endloop
  endfacet
  facet normal -0 0 1
    outer loop
      vertex 69.4454 14.7546 1.95
      vertex 69.5782 12.729 1.95
      vertex 69.5782 14.871 1.95
    endloop
  endfacet
  facet normal 0 0 1
    outer loop
      vertex 69.4454 14.7546 1.95
      vertex 69.4454 12.8454 1.95
      vertex 69.5782 12.729 1.95
    endloop
  endfacet
  facet normal -0 0 1
    outer loop
      vertex 69.329 14.6218 1.95
      vertex 69.4454 12.8454 1.95
      vertex 69.4454 14.7546 1.95
    endloop
  endfacet
  facet normal 0 0 1
    outer loop
      vertex 69.329 14.6218 1.95
      vertex 69.329 12.9782 1.95
      vertex 69.4454 12.8454 1.95
    endloop
  endfacet
  facet normal -0 0 1
    outer loop
      vertex 69.2309 14.475 1.95
      vertex 69.329 12.9782 1.95
      vertex 69.329 14.6218 1.95
    endloop
  endfacet
  facet normal 0 0 1
    outer loop
      vertex 69.2309 14.475 1.95
      vertex 69.2309 13.125 1.95
      vertex 69.329 12.9782 1.95
    endloop
  endfacet
  facet normal -0 0 1
    outer loop
      vertex 69.1528 14.3166 1.95
      vertex 69.2309 13.125 1.95
      vertex 69.2309 14.475 1.95
    endloop
  endfacet
  facet normal 0 0 1
    outer loop
      vertex 69.1528 14.3166 1.95
      vertex 69.1528 13.2834 1.95
      vertex 69.2309 13.125 1.95
    endloop
  endfacet
  facet normal -0 0 1
    outer loop
      vertex 69.096 14.1494 1.95
      vertex 69.1528 13.2834 1.95
      vertex 69.1528 14.3166 1.95
    endloop
  endfacet
  facet normal 0 0 1
    outer loop
      vertex 69.096 14.1494 1.95
      vertex 69.096 13.4506 1.95
      vertex 69.1528 13.2834 1.95
    endloop
  endfacet
  facet normal -0 0 1
    outer loop
      vertex 69.0615 13.9762 1.95
      vertex 69.096 13.4506 1.95
      vertex 69.096 14.1494 1.95
    endloop
  endfacet
  facet normal 0 0 1
    outer loop
      vertex 69.0615 13.9762 1.95
      vertex 69.0615 13.6238 1.95
      vertex 69.096 13.4506 1.95
    endloop
  endfacet
  facet normal 0 -0 1
    outer loop
      vertex 69.0615 13.6238 1.95
      vertex 69.0615 13.9762 1.95
      vertex 69.05 13.8 1.95
    endloop
  endfacet
  facet normal -0.896905 0.442224 0
    outer loop
      vertex 71.5691 13.125 1.95
      vertex 71.6472 13.2834 44
      vertex 71.6472 13.2834 1.95
    endloop
  endfacet
  facet normal -0.896905 0.442224 0
    outer loop
      vertex 71.6472 13.2834 44
      vertex 71.5691 13.125 1.95
      vertex 71.5691 13.125 44
    endloop
  endfacet
  facet normal -0.752015 0.659146 0
    outer loop
      vertex 71.3546 12.8454 1.95
      vertex 71.471 12.9782 44
      vertex 71.471 12.9782 1.95
    endloop
  endfacet
  facet normal -0.752015 0.659146 0
    outer loop
      vertex 71.471 12.9782 44
      vertex 71.3546 12.8454 1.95
      vertex 71.3546 12.8454 44
    endloop
  endfacet
  facet normal 0.321659 -0.946856 0
    outer loop
      vertex 69.8834 15.0472 1.95
      vertex 70.0506 15.104 44
      vertex 69.8834 15.0472 44
    endloop
  endfacet
  facet normal 0.321659 -0.946856 0
    outer loop
      vertex 70.0506 15.104 44
      vertex 69.8834 15.0472 1.95
      vertex 70.0506 15.104 1.95
    endloop
  endfacet
  facet normal 0.659146 0.752015 -0
    outer loop
      vertex 69.5782 12.729 1.95
      vertex 69.4454 12.8454 44
      vertex 69.5782 12.729 44
    endloop
  endfacet
  facet normal 0.659146 0.752015 0
    outer loop
      vertex 69.4454 12.8454 44
      vertex 69.5782 12.729 1.95
      vertex 69.4454 12.8454 1.95
    endloop
  endfacet
  facet normal -0.99784 0.0656921 0
    outer loop
      vertex 71.7384 13.6238 1.95
      vertex 71.75 13.8 44
      vertex 71.75 13.8 1.95
    endloop
  endfacet
  facet normal -0.99784 0.0656921 0
    outer loop
      vertex 71.75 13.8 44
      vertex 71.7384 13.6238 1.95
      vertex 71.7384 13.6238 44
    endloop
  endfacet
  facet normal -0.980841 0.194809 0
    outer loop
      vertex 71.704 13.4506 1.95
      vertex 71.7384 13.6238 44
      vertex 71.7384 13.6238 1.95
    endloop
  endfacet
  facet normal -0.980841 0.194809 0
    outer loop
      vertex 71.7384 13.6238 44
      vertex 71.704 13.4506 1.95
      vertex 71.704 13.4506 44
    endloop
  endfacet
  facet normal -0.194809 -0.980841 0
    outer loop
      vertex 70.5762 15.1384 1.95
      vertex 70.7494 15.104 44
      vertex 70.5762 15.1384 44
    endloop
  endfacet
  facet normal -0.194809 -0.980841 -0
    outer loop
      vertex 70.7494 15.104 44
      vertex 70.5762 15.1384 1.95
      vertex 70.7494 15.104 1.95
    endloop
  endfacet
  facet normal 0.946856 -0.321659 0
    outer loop
      vertex 69.096 14.1494 44
      vertex 69.1528 14.3166 1.95
      vertex 69.1528 14.3166 44
    endloop
  endfacet
  facet normal 0.946856 -0.321659 0
    outer loop
      vertex 69.1528 14.3166 1.95
      vertex 69.096 14.1494 44
      vertex 69.096 14.1494 1.95
    endloop
  endfacet
  facet normal 0.896905 0.442224 0
    outer loop
      vertex 69.2309 13.125 44
      vertex 69.1528 13.2834 1.95
      vertex 69.1528 13.2834 44
    endloop
  endfacet
  facet normal 0.896905 0.442224 0
    outer loop
      vertex 69.1528 13.2834 1.95
      vertex 69.2309 13.125 44
      vertex 69.2309 13.125 1.95
    endloop
  endfacet
  facet normal -0.442224 0.896905 0
    outer loop
      vertex 71.075 12.6309 1.95
      vertex 70.9166 12.5528 44
      vertex 71.075 12.6309 44
    endloop
  endfacet
  facet normal -0.442224 0.896905 0
    outer loop
      vertex 70.9166 12.5528 44
      vertex 71.075 12.6309 1.95
      vertex 70.9166 12.5528 1.95
    endloop
  endfacet
  facet normal 0.0651282 0.997877 -0
    outer loop
      vertex 70.4 12.45 1.95
      vertex 70.2238 12.4615 44
      vertex 70.4 12.45 44
    endloop
  endfacet
  facet normal 0.0651282 0.997877 0
    outer loop
      vertex 70.2238 12.4615 44
      vertex 70.4 12.45 1.95
      vertex 70.2238 12.4615 1.95
    endloop
  endfacet
  facet normal -0.752015 -0.659146 0
    outer loop
      vertex 71.471 14.6218 1.95
      vertex 71.3546 14.7546 44
      vertex 71.3546 14.7546 1.95
    endloop
  endfacet
  facet normal -0.752015 -0.659146 0
    outer loop
      vertex 71.3546 14.7546 44
      vertex 71.471 14.6218 1.95
      vertex 71.471 14.6218 44
    endloop
  endfacet
  facet normal 0.896905 -0.442224 0
    outer loop
      vertex 69.1528 14.3166 44
      vertex 69.2309 14.475 1.95
      vertex 69.2309 14.475 44
    endloop
  endfacet
  facet normal 0.896905 -0.442224 0
    outer loop
      vertex 69.2309 14.475 1.95
      vertex 69.1528 14.3166 44
      vertex 69.1528 14.3166 1.95
    endloop
  endfacet
  facet normal 0.555615 0.83144 -0
    outer loop
      vertex 69.725 12.6309 1.95
      vertex 69.5782 12.729 44
      vertex 69.725 12.6309 44
    endloop
  endfacet
  facet normal 0.555615 0.83144 0
    outer loop
      vertex 69.5782 12.729 44
      vertex 69.725 12.6309 1.95
      vertex 69.5782 12.729 1.95
    endloop
  endfacet
  facet normal 0.194809 -0.980841 0
    outer loop
      vertex 70.0506 15.104 1.95
      vertex 70.2238 15.1384 44
      vertex 70.0506 15.104 44
    endloop
  endfacet
  facet normal 0.194809 -0.980841 0
    outer loop
      vertex 70.2238 15.1384 44
      vertex 70.0506 15.104 1.95
      vertex 70.2238 15.1384 1.95
    endloop
  endfacet
  facet normal -0.946856 -0.321659 0
    outer loop
      vertex 71.704 14.1494 1.95
      vertex 71.6472 14.3166 44
      vertex 71.6472 14.3166 1.95
    endloop
  endfacet
  facet normal -0.946856 -0.321659 0
    outer loop
      vertex 71.6472 14.3166 44
      vertex 71.704 14.1494 1.95
      vertex 71.704 14.1494 44
    endloop
  endfacet
  facet normal 0.752015 0.659146 0
    outer loop
      vertex 69.4454 12.8454 44
      vertex 69.329 12.9782 1.95
      vertex 69.329 12.9782 44
    endloop
  endfacet
  facet normal 0.752015 0.659146 0
    outer loop
      vertex 69.329 12.9782 1.95
      vertex 69.4454 12.8454 44
      vertex 69.4454 12.8454 1.95
    endloop
  endfacet
  facet normal 0.442224 -0.896905 0
    outer loop
      vertex 69.725 14.9691 1.95
      vertex 69.8834 15.0472 44
      vertex 69.725 14.9691 44
    endloop
  endfacet
  facet normal 0.442224 -0.896905 0
    outer loop
      vertex 69.8834 15.0472 44
      vertex 69.725 14.9691 1.95
      vertex 69.8834 15.0472 1.95
    endloop
  endfacet
  facet normal 0.555615 -0.83144 0
    outer loop
      vertex 69.5782 14.871 1.95
      vertex 69.725 14.9691 44
      vertex 69.5782 14.871 44
    endloop
  endfacet
  facet normal 0.555615 -0.83144 0
    outer loop
      vertex 69.725 14.9691 44
      vertex 69.5782 14.871 1.95
      vertex 69.725 14.9691 1.95
    endloop
  endfacet
  facet normal 0.0656921 -0.99784 0
    outer loop
      vertex 70.2238 15.1384 1.95
      vertex 70.4 15.15 44
      vertex 70.2238 15.1384 44
    endloop
  endfacet
  facet normal 0.0656921 -0.99784 0
    outer loop
      vertex 70.4 15.15 44
      vertex 70.2238 15.1384 1.95
      vertex 70.4 15.15 1.95
    endloop
  endfacet
  facet normal -0.659146 -0.752015 0
    outer loop
      vertex 71.2218 14.871 1.95
      vertex 71.3546 14.7546 44
      vertex 71.2218 14.871 44
    endloop
  endfacet
  facet normal -0.659146 -0.752015 -0
    outer loop
      vertex 71.3546 14.7546 44
      vertex 71.2218 14.871 1.95
      vertex 71.3546 14.7546 1.95
    endloop
  endfacet
  facet normal -0.0651282 0.997877 0
    outer loop
      vertex 70.5762 12.4615 1.95
      vertex 70.4 12.45 44
      vertex 70.5762 12.4615 44
    endloop
  endfacet
  facet normal -0.0651282 0.997877 0
    outer loop
      vertex 70.4 12.45 44
      vertex 70.5762 12.4615 1.95
      vertex 70.4 12.45 1.95
    endloop
  endfacet
  facet normal -0.659146 0.752015 0
    outer loop
      vertex 71.3546 12.8454 1.95
      vertex 71.2218 12.729 44
      vertex 71.3546 12.8454 44
    endloop
  endfacet
  facet normal -0.659146 0.752015 0
    outer loop
      vertex 71.2218 12.729 44
      vertex 71.3546 12.8454 1.95
      vertex 71.2218 12.729 1.95
    endloop
  endfacet
  facet normal 0.83144 -0.555615 0
    outer loop
      vertex 69.2309 14.475 44
      vertex 69.329 14.6218 1.95
      vertex 69.329 14.6218 44
    endloop
  endfacet
  facet normal 0.83144 -0.555615 0
    outer loop
      vertex 69.329 14.6218 1.95
      vertex 69.2309 14.475 44
      vertex 69.2309 14.475 1.95
    endloop
  endfacet
  facet normal 0.980733 -0.195354 0
    outer loop
      vertex 69.0615 13.9762 44
      vertex 69.096 14.1494 1.95
      vertex 69.096 14.1494 44
    endloop
  endfacet
  facet normal 0.980733 -0.195354 0
    outer loop
      vertex 69.096 14.1494 1.95
      vertex 69.0615 13.9762 44
      vertex 69.0615 13.9762 1.95
    endloop
  endfacet
  facet normal 0.752015 -0.659146 0
    outer loop
      vertex 69.329 14.6218 44
      vertex 69.4454 14.7546 1.95
      vertex 69.4454 14.7546 44
    endloop
  endfacet
  facet normal 0.752015 -0.659146 0
    outer loop
      vertex 69.4454 14.7546 1.95
      vertex 69.329 14.6218 44
      vertex 69.329 14.6218 1.95
    endloop
  endfacet
  facet normal -0.980841 -0.194809 0
    outer loop
      vertex 71.7384 -13.6238 1.95
      vertex 71.704 -13.4506 44
      vertex 71.704 -13.4506 1.95
    endloop
  endfacet
  facet normal -0.980841 -0.194809 0
    outer loop
      vertex 71.704 -13.4506 44
      vertex 71.7384 -13.6238 1.95
      vertex 71.7384 -13.6238 44
    endloop
  endfacet
  facet normal -0.99784 -0.0656921 0
    outer loop
      vertex 71.75 -13.8 1.95
      vertex 71.7384 -13.6238 44
      vertex 71.7384 -13.6238 1.95
    endloop
  endfacet
  facet normal -0.99784 -0.0656921 0
    outer loop
      vertex 71.7384 -13.6238 44
      vertex 71.75 -13.8 1.95
      vertex 71.75 -13.8 44
    endloop
  endfacet
  facet normal 0.659146 -0.752015 0
    outer loop
      vertex 69.4454 -12.8454 1.95
      vertex 69.5782 -12.729 44
      vertex 69.4454 -12.8454 44
    endloop
  endfacet
  facet normal 0.659146 -0.752015 0
    outer loop
      vertex 69.5782 -12.729 44
      vertex 69.4454 -12.8454 1.95
      vertex 69.5782 -12.729 1.95
    endloop
  endfacet
  facet normal -0.442224 -0.896905 0
    outer loop
      vertex 70.9166 -12.5528 1.95
      vertex 71.075 -12.6309 44
      vertex 70.9166 -12.5528 44
    endloop
  endfacet
  facet normal -0.442224 -0.896905 -0
    outer loop
      vertex 71.075 -12.6309 44
      vertex 70.9166 -12.5528 1.95
      vertex 71.075 -12.6309 1.95
    endloop
  endfacet
  facet normal 0.980733 -0.195354 0
    outer loop
      vertex 69.0615 -13.6238 44
      vertex 69.096 -13.4506 1.95
      vertex 69.096 -13.4506 44
    endloop
  endfacet
  facet normal 0.980733 -0.195354 0
    outer loop
      vertex 69.096 -13.4506 1.95
      vertex 69.0615 -13.6238 44
      vertex 69.0615 -13.6238 1.95
    endloop
  endfacet
  facet normal -0.980841 0.194809 0
    outer loop
      vertex 71.704 -14.1494 1.95
      vertex 71.7384 -13.9762 44
      vertex 71.7384 -13.9762 1.95
    endloop
  endfacet
  facet normal -0.980841 0.194809 0
    outer loop
      vertex 71.7384 -13.9762 44
      vertex 71.704 -14.1494 1.95
      vertex 71.704 -14.1494 44
    endloop
  endfacet
  facet normal 0.555615 -0.83144 0
    outer loop
      vertex 69.5782 -12.729 1.95
      vertex 69.725 -12.6309 44
      vertex 69.5782 -12.729 44
    endloop
  endfacet
  facet normal 0.555615 -0.83144 0
    outer loop
      vertex 69.725 -12.6309 44
      vertex 69.5782 -12.729 1.95
      vertex 69.725 -12.6309 1.95
    endloop
  endfacet
  facet normal 0.946856 0.321659 0
    outer loop
      vertex 69.1528 -14.3166 44
      vertex 69.096 -14.1494 1.95
      vertex 69.096 -14.1494 44
    endloop
  endfacet
  facet normal 0.946856 0.321659 0
    outer loop
      vertex 69.096 -14.1494 1.95
      vertex 69.1528 -14.3166 44
      vertex 69.1528 -14.3166 1.95
    endloop
  endfacet
  facet normal 0.442224 0.896905 -0
    outer loop
      vertex 69.8834 -15.0472 1.95
      vertex 69.725 -14.9691 44
      vertex 69.8834 -15.0472 44
    endloop
  endfacet
  facet normal 0.442224 0.896905 0
    outer loop
      vertex 69.725 -14.9691 44
      vertex 69.8834 -15.0472 1.95
      vertex 69.725 -14.9691 1.95
    endloop
  endfacet
  facet normal 0.83144 0.555615 0
    outer loop
      vertex 69.329 -14.6218 44
      vertex 69.2309 -14.475 1.95
      vertex 69.2309 -14.475 44
    endloop
  endfacet
  facet normal 0.83144 0.555615 0
    outer loop
      vertex 69.2309 -14.475 1.95
      vertex 69.329 -14.6218 44
      vertex 69.329 -14.6218 1.95
    endloop
  endfacet
  facet normal 0.980733 0.195354 0
    outer loop
      vertex 69.096 -14.1494 44
      vertex 69.0615 -13.9762 1.95
      vertex 69.0615 -13.9762 44
    endloop
  endfacet
  facet normal 0.980733 0.195354 0
    outer loop
      vertex 69.0615 -13.9762 1.95
      vertex 69.096 -14.1494 44
      vertex 69.096 -14.1494 1.95
    endloop
  endfacet
  facet normal -0.321659 0.946856 0
    outer loop
      vertex 70.9166 -15.0472 1.95
      vertex 70.7494 -15.104 44
      vertex 70.9166 -15.0472 44
    endloop
  endfacet
  facet normal -0.321659 0.946856 0
    outer loop
      vertex 70.7494 -15.104 44
      vertex 70.9166 -15.0472 1.95
      vertex 70.7494 -15.104 1.95
    endloop
  endfacet
  facet normal -0.659146 -0.752015 0
    outer loop
      vertex 71.2218 -12.729 1.95
      vertex 71.3546 -12.8454 44
      vertex 71.2218 -12.729 44
    endloop
  endfacet
  facet normal -0.659146 -0.752015 -0
    outer loop
      vertex 71.3546 -12.8454 44
      vertex 71.2218 -12.729 1.95
      vertex 71.3546 -12.8454 1.95
    endloop
  endfacet
  facet normal 0.997877 0.0651282 0
    outer loop
      vertex 69.0615 -13.9762 44
      vertex 69.05 -13.8 1.95
      vertex 69.05 -13.8 44
    endloop
  endfacet
  facet normal 0.997877 0.0651282 0
    outer loop
      vertex 69.05 -13.8 1.95
      vertex 69.0615 -13.9762 44
      vertex 69.0615 -13.9762 1.95
    endloop
  endfacet
  facet normal 0.752015 -0.659146 0
    outer loop
      vertex 69.329 -12.9782 44
      vertex 69.4454 -12.8454 1.95
      vertex 69.4454 -12.8454 44
    endloop
  endfacet
  facet normal 0.752015 -0.659146 0
    outer loop
      vertex 69.4454 -12.8454 1.95
      vertex 69.329 -12.9782 44
      vertex 69.329 -12.9782 1.95
    endloop
  endfacet
  facet normal -0.83144 0.555615 0
    outer loop
      vertex 71.471 -14.6218 1.95
      vertex 71.5691 -14.475 44
      vertex 71.5691 -14.475 1.95
    endloop
  endfacet
  facet normal -0.83144 0.555615 0
    outer loop
      vertex 71.5691 -14.475 44
      vertex 71.471 -14.6218 1.95
      vertex 71.471 -14.6218 44
    endloop
  endfacet
  facet normal -0.752015 -0.659146 0
    outer loop
      vertex 71.471 -12.9782 1.95
      vertex 71.3546 -12.8454 44
      vertex 71.3546 -12.8454 1.95
    endloop
  endfacet
  facet normal -0.752015 -0.659146 0
    outer loop
      vertex 71.3546 -12.8454 44
      vertex 71.471 -12.9782 1.95
      vertex 71.471 -12.9782 44
    endloop
  endfacet
  facet normal -0.83144 -0.555615 0
    outer loop
      vertex 71.5691 -13.125 1.95
      vertex 71.471 -12.9782 44
      vertex 71.471 -12.9782 1.95
    endloop
  endfacet
  facet normal -0.83144 -0.555615 0
    outer loop
      vertex 71.471 -12.9782 44
      vertex 71.5691 -13.125 1.95
      vertex 71.5691 -13.125 44
    endloop
  endfacet
  facet normal 0.659146 0.752015 -0
    outer loop
      vertex 69.5782 -14.871 1.95
      vertex 69.4454 -14.7546 44
      vertex 69.5782 -14.871 44
    endloop
  endfacet
  facet normal 0.659146 0.752015 0
    outer loop
      vertex 69.4454 -14.7546 44
      vertex 69.5782 -14.871 1.95
      vertex 69.4454 -14.7546 1.95
    endloop
  endfacet
  facet normal -0.99784 0.0656921 0
    outer loop
      vertex 71.7384 -13.9762 1.95
      vertex 71.75 -13.8 44
      vertex 71.75 -13.8 1.95
    endloop
  endfacet
  facet normal -0.99784 0.0656921 0
    outer loop
      vertex 71.75 -13.8 44
      vertex 71.7384 -13.9762 1.95
      vertex 71.7384 -13.9762 44
    endloop
  endfacet
  facet normal -0.0656921 0.99784 0
    outer loop
      vertex 70.5762 -15.1384 1.95
      vertex 70.4 -15.15 44
      vertex 70.5762 -15.1384 44
    endloop
  endfacet
  facet normal -0.0656921 0.99784 0
    outer loop
      vertex 70.4 -15.15 44
      vertex 70.5762 -15.1384 1.95
      vertex 70.4 -15.15 1.95
    endloop
  endfacet
  facet normal -0.555615 -0.83144 0
    outer loop
      vertex 71.075 -12.6309 1.95
      vertex 71.2218 -12.729 44
      vertex 71.075 -12.6309 44
    endloop
  endfacet
  facet normal -0.555615 -0.83144 -0
    outer loop
      vertex 71.2218 -12.729 44
      vertex 71.075 -12.6309 1.95
      vertex 71.2218 -12.729 1.95
    endloop
  endfacet
  facet normal -0.0651282 -0.997877 0
    outer loop
      vertex 70.4 -12.45 1.95
      vertex 70.5762 -12.4615 44
      vertex 70.4 -12.45 44
    endloop
  endfacet
  facet normal -0.0651282 -0.997877 -0
    outer loop
      vertex 70.5762 -12.4615 44
      vertex 70.4 -12.45 1.95
      vertex 70.5762 -12.4615 1.95
    endloop
  endfacet
  facet normal -0.321659 -0.946856 0
    outer loop
      vertex 70.7494 -12.496 1.95
      vertex 70.9166 -12.5528 44
      vertex 70.7494 -12.496 44
    endloop
  endfacet
  facet normal -0.321659 -0.946856 -0
    outer loop
      vertex 70.9166 -12.5528 44
      vertex 70.7494 -12.496 1.95
      vertex 70.9166 -12.5528 1.95
    endloop
  endfacet
  facet normal -0.896905 0.442224 0
    outer loop
      vertex 71.5691 -14.475 1.95
      vertex 71.6472 -14.3166 44
      vertex 71.6472 -14.3166 1.95
    endloop
  endfacet
  facet normal -0.896905 0.442224 0
    outer loop
      vertex 71.6472 -14.3166 44
      vertex 71.5691 -14.475 1.95
      vertex 71.5691 -14.475 44
    endloop
  endfacet
  facet normal 0.195354 -0.980733 0
    outer loop
      vertex 70.0506 -12.496 1.95
      vertex 70.2238 -12.4615 44
      vertex 70.0506 -12.496 44
    endloop
  endfacet
  facet normal 0.195354 -0.980733 0
    outer loop
      vertex 70.2238 -12.4615 44
      vertex 70.0506 -12.496 1.95
      vertex 70.2238 -12.4615 1.95
    endloop
  endfacet
  facet normal -0.442224 0.896905 0
    outer loop
      vertex 71.075 -14.9691 1.95
      vertex 70.9166 -15.0472 44
      vertex 71.075 -14.9691 44
    endloop
  endfacet
  facet normal -0.442224 0.896905 0
    outer loop
      vertex 70.9166 -15.0472 44
      vertex 71.075 -14.9691 1.95
      vertex 70.9166 -15.0472 1.95
    endloop
  endfacet
  facet normal 0.896905 0.442224 0
    outer loop
      vertex 69.2309 -14.475 44
      vertex 69.1528 -14.3166 1.95
      vertex 69.1528 -14.3166 44
    endloop
  endfacet
  facet normal 0.896905 0.442224 0
    outer loop
      vertex 69.1528 -14.3166 1.95
      vertex 69.2309 -14.475 44
      vertex 69.2309 -14.475 1.95
    endloop
  endfacet
  facet normal 0.0656921 0.99784 -0
    outer loop
      vertex 70.4 -15.15 1.95
      vertex 70.2238 -15.1384 44
      vertex 70.4 -15.15 44
    endloop
  endfacet
  facet normal 0.0656921 0.99784 0
    outer loop
      vertex 70.2238 -15.1384 44
      vertex 70.4 -15.15 1.95
      vertex 70.2238 -15.1384 1.95
    endloop
  endfacet
  facet normal 0.442224 -0.896905 0
    outer loop
      vertex 69.725 -12.6309 1.95
      vertex 69.8834 -12.5528 44
      vertex 69.725 -12.6309 44
    endloop
  endfacet
  facet normal 0.442224 -0.896905 0
    outer loop
      vertex 69.8834 -12.5528 44
      vertex 69.725 -12.6309 1.95
      vertex 69.8834 -12.5528 1.95
    endloop
  endfacet
  facet normal -0.555615 0.83144 0
    outer loop
      vertex 71.2218 -14.871 1.95
      vertex 71.075 -14.9691 44
      vertex 71.2218 -14.871 44
    endloop
  endfacet
  facet normal -0.555615 0.83144 0
    outer loop
      vertex 71.075 -14.9691 44
      vertex 71.2218 -14.871 1.95
      vertex 71.075 -14.9691 1.95
    endloop
  endfacet
  facet normal -0.194809 0.980841 0
    outer loop
      vertex 70.7494 -15.104 1.95
      vertex 70.5762 -15.1384 44
      vertex 70.7494 -15.104 44
    endloop
  endfacet
  facet normal -0.194809 0.980841 0
    outer loop
      vertex 70.5762 -15.1384 44
      vertex 70.7494 -15.104 1.95
      vertex 70.5762 -15.1384 1.95
    endloop
  endfacet
  facet normal 0.946856 -0.321659 0
    outer loop
      vertex 69.096 -13.4506 44
      vertex 69.1528 -13.2834 1.95
      vertex 69.1528 -13.2834 44
    endloop
  endfacet
  facet normal 0.946856 -0.321659 0
    outer loop
      vertex 69.1528 -13.2834 1.95
      vertex 69.096 -13.4506 44
      vertex 69.096 -13.4506 1.95
    endloop
  endfacet
  facet normal -0.659146 0.752015 0
    outer loop
      vertex 71.3546 -14.7546 1.95
      vertex 71.2218 -14.871 44
      vertex 71.3546 -14.7546 44
    endloop
  endfacet
  facet normal -0.659146 0.752015 0
    outer loop
      vertex 71.2218 -14.871 44
      vertex 71.3546 -14.7546 1.95
      vertex 71.2218 -14.871 1.95
    endloop
  endfacet
  facet normal 0.997877 -0.0651282 0
    outer loop
      vertex 69.05 -13.8 44
      vertex 69.0615 -13.6238 1.95
      vertex 69.0615 -13.6238 44
    endloop
  endfacet
  facet normal 0.997877 -0.0651282 0
    outer loop
      vertex 69.0615 -13.6238 1.95
      vertex 69.05 -13.8 44
      vertex 69.05 -13.8 1.95
    endloop
  endfacet
  facet normal -0.752015 0.659146 0
    outer loop
      vertex 71.3546 -14.7546 1.95
      vertex 71.471 -14.6218 44
      vertex 71.471 -14.6218 1.95
    endloop
  endfacet
  facet normal -0.752015 0.659146 0
    outer loop
      vertex 71.471 -14.6218 44
      vertex 71.3546 -14.7546 1.95
      vertex 71.3546 -14.7546 44
    endloop
  endfacet
  facet normal -0.946856 0.321659 0
    outer loop
      vertex 71.6472 -14.3166 1.95
      vertex 71.704 -14.1494 44
      vertex 71.704 -14.1494 1.95
    endloop
  endfacet
  facet normal -0.946856 0.321659 0
    outer loop
      vertex 71.704 -14.1494 44
      vertex 71.6472 -14.3166 1.95
      vertex 71.6472 -14.3166 44
    endloop
  endfacet
  facet normal 0.321659 -0.946856 0
    outer loop
      vertex 69.8834 -12.5528 1.95
      vertex 70.0506 -12.496 44
      vertex 69.8834 -12.5528 44
    endloop
  endfacet
  facet normal 0.321659 -0.946856 0
    outer loop
      vertex 70.0506 -12.496 44
      vertex 69.8834 -12.5528 1.95
      vertex 70.0506 -12.496 1.95
    endloop
  endfacet
  facet normal 0.0651282 -0.997877 0
    outer loop
      vertex 70.2238 -12.4615 1.95
      vertex 70.4 -12.45 44
      vertex 70.2238 -12.4615 44
    endloop
  endfacet
  facet normal 0.0651282 -0.997877 0
    outer loop
      vertex 70.4 -12.45 44
      vertex 70.2238 -12.4615 1.95
      vertex 70.4 -12.45 1.95
    endloop
  endfacet
  facet normal -0.896905 -0.442224 0
    outer loop
      vertex 71.6472 -13.2834 1.95
      vertex 71.5691 -13.125 44
      vertex 71.5691 -13.125 1.95
    endloop
  endfacet
  facet normal -0.896905 -0.442224 0
    outer loop
      vertex 71.5691 -13.125 44
      vertex 71.6472 -13.2834 1.95
      vertex 71.6472 -13.2834 44
    endloop
  endfacet
  facet normal -0.195354 -0.980733 0
    outer loop
      vertex 70.5762 -12.4615 1.95
      vertex 70.7494 -12.496 44
      vertex 70.5762 -12.4615 44
    endloop
  endfacet
  facet normal -0.195354 -0.980733 -0
    outer loop
      vertex 70.7494 -12.496 44
      vertex 70.5762 -12.4615 1.95
      vertex 70.7494 -12.496 1.95
    endloop
  endfacet
  facet normal 0.555615 0.83144 -0
    outer loop
      vertex 69.725 -14.9691 1.95
      vertex 69.5782 -14.871 44
      vertex 69.725 -14.9691 44
    endloop
  endfacet
  facet normal 0.555615 0.83144 0
    outer loop
      vertex 69.5782 -14.871 44
      vertex 69.725 -14.9691 1.95
      vertex 69.5782 -14.871 1.95
    endloop
  endfacet
  facet normal -0.946856 -0.321659 0
    outer loop
      vertex 71.704 -13.4506 1.95
      vertex 71.6472 -13.2834 44
      vertex 71.6472 -13.2834 1.95
    endloop
  endfacet
  facet normal -0.946856 -0.321659 0
    outer loop
      vertex 71.6472 -13.2834 44
      vertex 71.704 -13.4506 1.95
      vertex 71.704 -13.4506 44
    endloop
  endfacet
  facet normal 0 0 1
    outer loop
      vertex 71.7384 -13.6238 1.95
      vertex 71.7384 -13.9762 1.95
      vertex 71.75 -13.8 1.95
    endloop
  endfacet
  facet normal 0 0 1
    outer loop
      vertex 71.704 -13.4506 1.95
      vertex 71.7384 -13.9762 1.95
      vertex 71.7384 -13.6238 1.95
    endloop
  endfacet
  facet normal 0 0 1
    outer loop
      vertex 71.704 -13.4506 1.95
      vertex 71.704 -14.1494 1.95
      vertex 71.7384 -13.9762 1.95
    endloop
  endfacet
  facet normal 0 0 1
    outer loop
      vertex 71.6472 -13.2834 1.95
      vertex 71.704 -14.1494 1.95
      vertex 71.704 -13.4506 1.95
    endloop
  endfacet
  facet normal 0 0 1
    outer loop
      vertex 71.6472 -13.2834 1.95
      vertex 71.6472 -14.3166 1.95
      vertex 71.704 -14.1494 1.95
    endloop
  endfacet
  facet normal 0 0 1
    outer loop
      vertex 71.5691 -13.125 1.95
      vertex 71.6472 -14.3166 1.95
      vertex 71.6472 -13.2834 1.95
    endloop
  endfacet
  facet normal 0 0 1
    outer loop
      vertex 71.5691 -13.125 1.95
      vertex 71.5691 -14.475 1.95
      vertex 71.6472 -14.3166 1.95
    endloop
  endfacet
  facet normal 0 0 1
    outer loop
      vertex 71.471 -12.9782 1.95
      vertex 71.5691 -14.475 1.95
      vertex 71.5691 -13.125 1.95
    endloop
  endfacet
  facet normal 0 0 1
    outer loop
      vertex 71.471 -12.9782 1.95
      vertex 71.471 -14.6218 1.95
      vertex 71.5691 -14.475 1.95
    endloop
  endfacet
  facet normal 0 0 1
    outer loop
      vertex 71.3546 -12.8454 1.95
      vertex 71.471 -14.6218 1.95
      vertex 71.471 -12.9782 1.95
    endloop
  endfacet
  facet normal 0 0 1
    outer loop
      vertex 71.3546 -12.8454 1.95
      vertex 71.3546 -14.7546 1.95
      vertex 71.471 -14.6218 1.95
    endloop
  endfacet
  facet normal 0 0 1
    outer loop
      vertex 71.2218 -12.729 1.95
      vertex 71.3546 -14.7546 1.95
      vertex 71.3546 -12.8454 1.95
    endloop
  endfacet
  facet normal 0 0 1
    outer loop
      vertex 71.2218 -12.729 1.95
      vertex 71.2218 -14.871 1.95
      vertex 71.3546 -14.7546 1.95
    endloop
  endfacet
  facet normal 0 0 1
    outer loop
      vertex 71.075 -12.6309 1.95
      vertex 71.2218 -14.871 1.95
      vertex 71.2218 -12.729 1.95
    endloop
  endfacet
  facet normal 0 0 1
    outer loop
      vertex 71.075 -12.6309 1.95
      vertex 71.075 -14.9691 1.95
      vertex 71.2218 -14.871 1.95
    endloop
  endfacet
  facet normal 0 0 1
    outer loop
      vertex 70.9166 -12.5528 1.95
      vertex 71.075 -14.9691 1.95
      vertex 71.075 -12.6309 1.95
    endloop
  endfacet
  facet normal 0 0 1
    outer loop
      vertex 70.9166 -12.5528 1.95
      vertex 70.9166 -15.0472 1.95
      vertex 71.075 -14.9691 1.95
    endloop
  endfacet
  facet normal 0 0 1
    outer loop
      vertex 70.7494 -12.496 1.95
      vertex 70.9166 -15.0472 1.95
      vertex 70.9166 -12.5528 1.95
    endloop
  endfacet
  facet normal 0 0 1
    outer loop
      vertex 70.7494 -12.496 1.95
      vertex 70.7494 -15.104 1.95
      vertex 70.9166 -15.0472 1.95
    endloop
  endfacet
  facet normal 0 0 1
    outer loop
      vertex 70.5762 -12.4615 1.95
      vertex 70.7494 -15.104 1.95
      vertex 70.7494 -12.496 1.95
    endloop
  endfacet
  facet normal 0 0 1
    outer loop
      vertex 70.5762 -12.4615 1.95
      vertex 70.5762 -15.1384 1.95
      vertex 70.7494 -15.104 1.95
    endloop
  endfacet
  facet normal 0 0 1
    outer loop
      vertex 70.4 -12.45 1.95
      vertex 70.5762 -15.1384 1.95
      vertex 70.5762 -12.4615 1.95
    endloop
  endfacet
  facet normal 0 0 1
    outer loop
      vertex 70.4 -12.45 1.95
      vertex 70.4 -15.15 1.95
      vertex 70.5762 -15.1384 1.95
    endloop
  endfacet
  facet normal -0 0 1
    outer loop
      vertex 70.2238 -12.4615 1.95
      vertex 70.4 -15.15 1.95
      vertex 70.4 -12.45 1.95
    endloop
  endfacet
  facet normal 0 0 1
    outer loop
      vertex 70.2238 -12.4615 1.95
      vertex 70.2238 -15.1384 1.95
      vertex 70.4 -15.15 1.95
    endloop
  endfacet
  facet normal -0 0 1
    outer loop
      vertex 70.0506 -12.496 1.95
      vertex 70.2238 -15.1384 1.95
      vertex 70.2238 -12.4615 1.95
    endloop
  endfacet
  facet normal 0 0 1
    outer loop
      vertex 70.0506 -12.496 1.95
      vertex 70.0506 -15.104 1.95
      vertex 70.2238 -15.1384 1.95
    endloop
  endfacet
  facet normal -0 0 1
    outer loop
      vertex 69.8834 -12.5528 1.95
      vertex 70.0506 -15.104 1.95
      vertex 70.0506 -12.496 1.95
    endloop
  endfacet
  facet normal 0 0 1
    outer loop
      vertex 69.8834 -12.5528 1.95
      vertex 69.8834 -15.0472 1.95
      vertex 70.0506 -15.104 1.95
    endloop
  endfacet
  facet normal -0 0 1
    outer loop
      vertex 69.725 -12.6309 1.95
      vertex 69.8834 -15.0472 1.95
      vertex 69.8834 -12.5528 1.95
    endloop
  endfacet
  facet normal 0 0 1
    outer loop
      vertex 69.725 -12.6309 1.95
      vertex 69.725 -14.9691 1.95
      vertex 69.8834 -15.0472 1.95
    endloop
  endfacet
  facet normal -0 0 1
    outer loop
      vertex 69.5782 -12.729 1.95
      vertex 69.725 -14.9691 1.95
      vertex 69.725 -12.6309 1.95
    endloop
  endfacet
  facet normal 0 0 1
    outer loop
      vertex 69.5782 -12.729 1.95
      vertex 69.5782 -14.871 1.95
      vertex 69.725 -14.9691 1.95
    endloop
  endfacet
  facet normal -0 0 1
    outer loop
      vertex 69.4454 -12.8454 1.95
      vertex 69.5782 -14.871 1.95
      vertex 69.5782 -12.729 1.95
    endloop
  endfacet
  facet normal 0 0 1
    outer loop
      vertex 69.4454 -12.8454 1.95
      vertex 69.4454 -14.7546 1.95
      vertex 69.5782 -14.871 1.95
    endloop
  endfacet
  facet normal -0 0 1
    outer loop
      vertex 69.329 -12.9782 1.95
      vertex 69.4454 -14.7546 1.95
      vertex 69.4454 -12.8454 1.95
    endloop
  endfacet
  facet normal 0 0 1
    outer loop
      vertex 69.329 -12.9782 1.95
      vertex 69.329 -14.6218 1.95
      vertex 69.4454 -14.7546 1.95
    endloop
  endfacet
  facet normal -0 0 1
    outer loop
      vertex 69.2309 -13.125 1.95
      vertex 69.329 -14.6218 1.95
      vertex 69.329 -12.9782 1.95
    endloop
  endfacet
  facet normal 0 0 1
    outer loop
      vertex 69.2309 -13.125 1.95
      vertex 69.2309 -14.475 1.95
      vertex 69.329 -14.6218 1.95
    endloop
  endfacet
  facet normal -0 0 1
    outer loop
      vertex 69.1528 -13.2834 1.95
      vertex 69.2309 -14.475 1.95
      vertex 69.2309 -13.125 1.95
    endloop
  endfacet
  facet normal 0 0 1
    outer loop
      vertex 69.1528 -13.2834 1.95
      vertex 69.1528 -14.3166 1.95
      vertex 69.2309 -14.475 1.95
    endloop
  endfacet
  facet normal -0 0 1
    outer loop
      vertex 69.096 -13.4506 1.95
      vertex 69.1528 -14.3166 1.95
      vertex 69.1528 -13.2834 1.95
    endloop
  endfacet
  facet normal 0 0 1
    outer loop
      vertex 69.096 -13.4506 1.95
      vertex 69.096 -14.1494 1.95
      vertex 69.1528 -14.3166 1.95
    endloop
  endfacet
  facet normal -0 0 1
    outer loop
      vertex 69.0615 -13.6238 1.95
      vertex 69.096 -14.1494 1.95
      vertex 69.096 -13.4506 1.95
    endloop
  endfacet
  facet normal 0 0 1
    outer loop
      vertex 69.0615 -13.6238 1.95
      vertex 69.0615 -13.9762 1.95
      vertex 69.096 -14.1494 1.95
    endloop
  endfacet
  facet normal 0 -0 1
    outer loop
      vertex 69.0615 -13.9762 1.95
      vertex 69.0615 -13.6238 1.95
      vertex 69.05 -13.8 1.95
    endloop
  endfacet
  facet normal 0.321659 0.946856 -0
    outer loop
      vertex 70.0506 -15.104 1.95
      vertex 69.8834 -15.0472 44
      vertex 70.0506 -15.104 44
    endloop
  endfacet
  facet normal 0.321659 0.946856 0
    outer loop
      vertex 69.8834 -15.0472 44
      vertex 70.0506 -15.104 1.95
      vertex 69.8834 -15.0472 1.95
    endloop
  endfacet
  facet normal 0.194809 0.980841 -0
    outer loop
      vertex 70.2238 -15.1384 1.95
      vertex 70.0506 -15.104 44
      vertex 70.2238 -15.1384 44
    endloop
  endfacet
  facet normal 0.194809 0.980841 0
    outer loop
      vertex 70.0506 -15.104 44
      vertex 70.2238 -15.1384 1.95
      vertex 70.0506 -15.104 1.95
    endloop
  endfacet
  facet normal 0.752015 0.659146 0
    outer loop
      vertex 69.4454 -14.7546 44
      vertex 69.329 -14.6218 1.95
      vertex 69.329 -14.6218 44
    endloop
  endfacet
  facet normal 0.752015 0.659146 0
    outer loop
      vertex 69.329 -14.6218 1.95
      vertex 69.4454 -14.7546 44
      vertex 69.4454 -14.7546 1.95
    endloop
  endfacet
  facet normal 0.83144 -0.555615 0
    outer loop
      vertex 69.2309 -13.125 44
      vertex 69.329 -12.9782 1.95
      vertex 69.329 -12.9782 44
    endloop
  endfacet
  facet normal 0.83144 -0.555615 0
    outer loop
      vertex 69.329 -12.9782 1.95
      vertex 69.2309 -13.125 44
      vertex 69.2309 -13.125 1.95
    endloop
  endfacet
  facet normal 0.896905 -0.442224 0
    outer loop
      vertex 69.1528 -13.2834 44
      vertex 69.2309 -13.125 1.95
      vertex 69.2309 -13.125 44
    endloop
  endfacet
  facet normal 0.896905 -0.442224 0
    outer loop
      vertex 69.2309 -13.125 1.95
      vertex 69.1528 -13.2834 44
      vertex 69.1528 -13.2834 1.95
    endloop
  endfacet
  facet normal 0.896905 -0.442224 0
    outer loop
      vertex -71.6472 14.3166 44
      vertex -71.5691 14.475 1.95
      vertex -71.5691 14.475 44
    endloop
  endfacet
  facet normal 0.896905 -0.442224 0
    outer loop
      vertex -71.5691 14.475 1.95
      vertex -71.6472 14.3166 44
      vertex -71.6472 14.3166 1.95
    endloop
  endfacet
  facet normal -0.980733 -0.195354 0
    outer loop
      vertex -69.0615 13.9762 1.95
      vertex -69.096 14.1494 44
      vertex -69.096 14.1494 1.95
    endloop
  endfacet
  facet normal -0.980733 -0.195354 0
    outer loop
      vertex -69.096 14.1494 44
      vertex -69.0615 13.9762 1.95
      vertex -69.0615 13.9762 44
    endloop
  endfacet
  facet normal -0.997877 -0.0651282 0
    outer loop
      vertex -69.05 13.8 1.95
      vertex -69.0615 13.9762 44
      vertex -69.0615 13.9762 1.95
    endloop
  endfacet
  facet normal -0.997877 -0.0651282 0
    outer loop
      vertex -69.0615 13.9762 44
      vertex -69.05 13.8 1.95
      vertex -69.05 13.8 44
    endloop
  endfacet
  facet normal -0.946856 -0.321659 0
    outer loop
      vertex -69.096 14.1494 1.95
      vertex -69.1528 14.3166 44
      vertex -69.1528 14.3166 1.95
    endloop
  endfacet
  facet normal -0.946856 -0.321659 0
    outer loop
      vertex -69.1528 14.3166 44
      vertex -69.096 14.1494 1.95
      vertex -69.096 14.1494 44
    endloop
  endfacet
  facet normal -0.896905 0.442224 0
    outer loop
      vertex -69.2309 13.125 1.95
      vertex -69.1528 13.2834 44
      vertex -69.1528 13.2834 1.95
    endloop
  endfacet
  facet normal -0.896905 0.442224 0
    outer loop
      vertex -69.1528 13.2834 44
      vertex -69.2309 13.125 1.95
      vertex -69.2309 13.125 44
    endloop
  endfacet
  facet normal 0.442224 0.896905 -0
    outer loop
      vertex -70.9166 12.5528 1.95
      vertex -71.075 12.6309 44
      vertex -70.9166 12.5528 44
    endloop
  endfacet
  facet normal 0.442224 0.896905 0
    outer loop
      vertex -71.075 12.6309 44
      vertex -70.9166 12.5528 1.95
      vertex -71.075 12.6309 1.95
    endloop
  endfacet
  facet normal 0.99784 0.0656921 0
    outer loop
      vertex -71.7384 13.6238 44
      vertex -71.75 13.8 1.95
      vertex -71.75 13.8 44
    endloop
  endfacet
  facet normal 0.99784 0.0656921 0
    outer loop
      vertex -71.75 13.8 1.95
      vertex -71.7384 13.6238 44
      vertex -71.7384 13.6238 1.95
    endloop
  endfacet
  facet normal -0.896905 -0.442224 0
    outer loop
      vertex -69.1528 14.3166 1.95
      vertex -69.2309 14.475 44
      vertex -69.2309 14.475 1.95
    endloop
  endfacet
  facet normal -0.896905 -0.442224 0
    outer loop
      vertex -69.2309 14.475 44
      vertex -69.1528 14.3166 1.95
      vertex -69.1528 14.3166 44
    endloop
  endfacet
  facet normal -0.946856 0.321659 0
    outer loop
      vertex -69.1528 13.2834 1.95
      vertex -69.096 13.4506 44
      vertex -69.096 13.4506 1.95
    endloop
  endfacet
  facet normal -0.946856 0.321659 0
    outer loop
      vertex -69.096 13.4506 44
      vertex -69.1528 13.2834 1.95
      vertex -69.1528 13.2834 44
    endloop
  endfacet
  facet normal -0.83144 -0.555615 0
    outer loop
      vertex -69.2309 14.475 1.95
      vertex -69.329 14.6218 44
      vertex -69.329 14.6218 1.95
    endloop
  endfacet
  facet normal -0.83144 -0.555615 0
    outer loop
      vertex -69.329 14.6218 44
      vertex -69.2309 14.475 1.95
      vertex -69.2309 14.475 44
    endloop
  endfacet
  facet normal 0 0 1
    outer loop
      vertex -69.0615 13.9762 1.95
      vertex -69.0615 13.6238 1.95
      vertex -69.05 13.8 1.95
    endloop
  endfacet
  facet normal 0 0 1
    outer loop
      vertex -69.096 14.1494 1.95
      vertex -69.0615 13.6238 1.95
      vertex -69.0615 13.9762 1.95
    endloop
  endfacet
  facet normal 0 0 1
    outer loop
      vertex -69.096 14.1494 1.95
      vertex -69.096 13.4506 1.95
      vertex -69.0615 13.6238 1.95
    endloop
  endfacet
  facet normal 0 0 1
    outer loop
      vertex -69.1528 14.3166 1.95
      vertex -69.096 13.4506 1.95
      vertex -69.096 14.1494 1.95
    endloop
  endfacet
  facet normal 0 0 1
    outer loop
      vertex -69.1528 14.3166 1.95
      vertex -69.1528 13.2834 1.95
      vertex -69.096 13.4506 1.95
    endloop
  endfacet
  facet normal 0 0 1
    outer loop
      vertex -69.2309 14.475 1.95
      vertex -69.1528 13.2834 1.95
      vertex -69.1528 14.3166 1.95
    endloop
  endfacet
  facet normal 0 0 1
    outer loop
      vertex -69.2309 14.475 1.95
      vertex -69.2309 13.125 1.95
      vertex -69.1528 13.2834 1.95
    endloop
  endfacet
  facet normal 0 0 1
    outer loop
      vertex -69.329 14.6218 1.95
      vertex -69.2309 13.125 1.95
      vertex -69.2309 14.475 1.95
    endloop
  endfacet
  facet normal 0 0 1
    outer loop
      vertex -69.329 14.6218 1.95
      vertex -69.329 12.9782 1.95
      vertex -69.2309 13.125 1.95
    endloop
  endfacet
  facet normal 0 0 1
    outer loop
      vertex -69.4454 14.7546 1.95
      vertex -69.329 12.9782 1.95
      vertex -69.329 14.6218 1.95
    endloop
  endfacet
  facet normal 0 0 1
    outer loop
      vertex -69.4454 14.7546 1.95
      vertex -69.4454 12.8454 1.95
      vertex -69.329 12.9782 1.95
    endloop
  endfacet
  facet normal 0 0 1
    outer loop
      vertex -69.5782 14.871 1.95
      vertex -69.4454 12.8454 1.95
      vertex -69.4454 14.7546 1.95
    endloop
  endfacet
  facet normal 0 0 1
    outer loop
      vertex -69.5782 14.871 1.95
      vertex -69.5782 12.729 1.95
      vertex -69.4454 12.8454 1.95
    endloop
  endfacet
  facet normal 0 0 1
    outer loop
      vertex -69.725 14.9691 1.95
      vertex -69.5782 12.729 1.95
      vertex -69.5782 14.871 1.95
    endloop
  endfacet
  facet normal 0 0 1
    outer loop
      vertex -69.725 14.9691 1.95
      vertex -69.725 12.6309 1.95
      vertex -69.5782 12.729 1.95
    endloop
  endfacet
  facet normal 0 0 1
    outer loop
      vertex -69.8834 15.0472 1.95
      vertex -69.725 12.6309 1.95
      vertex -69.725 14.9691 1.95
    endloop
  endfacet
  facet normal 0 0 1
    outer loop
      vertex -69.8834 15.0472 1.95
      vertex -69.8834 12.5528 1.95
      vertex -69.725 12.6309 1.95
    endloop
  endfacet
  facet normal 0 0 1
    outer loop
      vertex -70.0506 15.104 1.95
      vertex -69.8834 12.5528 1.95
      vertex -69.8834 15.0472 1.95
    endloop
  endfacet
  facet normal 0 0 1
    outer loop
      vertex -70.0506 15.104 1.95
      vertex -70.0506 12.496 1.95
      vertex -69.8834 12.5528 1.95
    endloop
  endfacet
  facet normal 0 0 1
    outer loop
      vertex -70.2238 15.1384 1.95
      vertex -70.0506 12.496 1.95
      vertex -70.0506 15.104 1.95
    endloop
  endfacet
  facet normal 0 0 1
    outer loop
      vertex -70.2238 15.1384 1.95
      vertex -70.2238 12.4615 1.95
      vertex -70.0506 12.496 1.95
    endloop
  endfacet
  facet normal 0 0 1
    outer loop
      vertex -70.4 15.15 1.95
      vertex -70.2238 12.4615 1.95
      vertex -70.2238 15.1384 1.95
    endloop
  endfacet
  facet normal 0 0 1
    outer loop
      vertex -70.4 15.15 1.95
      vertex -70.4 12.45 1.95
      vertex -70.2238 12.4615 1.95
    endloop
  endfacet
  facet normal -0 0 1
    outer loop
      vertex -70.5762 15.1384 1.95
      vertex -70.4 12.45 1.95
      vertex -70.4 15.15 1.95
    endloop
  endfacet
  facet normal 0 0 1
    outer loop
      vertex -70.5762 15.1384 1.95
      vertex -70.5762 12.4615 1.95
      vertex -70.4 12.45 1.95
    endloop
  endfacet
  facet normal -0 0 1
    outer loop
      vertex -70.7494 15.104 1.95
      vertex -70.5762 12.4615 1.95
      vertex -70.5762 15.1384 1.95
    endloop
  endfacet
  facet normal 0 0 1
    outer loop
      vertex -70.7494 15.104 1.95
      vertex -70.7494 12.496 1.95
      vertex -70.5762 12.4615 1.95
    endloop
  endfacet
  facet normal -0 0 1
    outer loop
      vertex -70.9166 15.0472 1.95
      vertex -70.7494 12.496 1.95
      vertex -70.7494 15.104 1.95
    endloop
  endfacet
  facet normal 0 0 1
    outer loop
      vertex -70.9166 15.0472 1.95
      vertex -70.9166 12.5528 1.95
      vertex -70.7494 12.496 1.95
    endloop
  endfacet
  facet normal -0 0 1
    outer loop
      vertex -71.075 14.9691 1.95
      vertex -70.9166 12.5528 1.95
      vertex -70.9166 15.0472 1.95
    endloop
  endfacet
  facet normal 0 0 1
    outer loop
      vertex -71.075 14.9691 1.95
      vertex -71.075 12.6309 1.95
      vertex -70.9166 12.5528 1.95
    endloop
  endfacet
  facet normal -0 0 1
    outer loop
      vertex -71.2218 14.871 1.95
      vertex -71.075 12.6309 1.95
      vertex -71.075 14.9691 1.95
    endloop
  endfacet
  facet normal 0 0 1
    outer loop
      vertex -71.2218 14.871 1.95
      vertex -71.2218 12.729 1.95
      vertex -71.075 12.6309 1.95
    endloop
  endfacet
  facet normal -0 0 1
    outer loop
      vertex -71.3546 14.7546 1.95
      vertex -71.2218 12.729 1.95
      vertex -71.2218 14.871 1.95
    endloop
  endfacet
  facet normal 0 0 1
    outer loop
      vertex -71.3546 14.7546 1.95
      vertex -71.3546 12.8454 1.95
      vertex -71.2218 12.729 1.95
    endloop
  endfacet
  facet normal -0 0 1
    outer loop
      vertex -71.471 14.6218 1.95
      vertex -71.3546 12.8454 1.95
      vertex -71.3546 14.7546 1.95
    endloop
  endfacet
  facet normal 0 0 1
    outer loop
      vertex -71.471 14.6218 1.95
      vertex -71.471 12.9782 1.95
      vertex -71.3546 12.8454 1.95
    endloop
  endfacet
  facet normal -0 0 1
    outer loop
      vertex -71.5691 14.475 1.95
      vertex -71.471 12.9782 1.95
      vertex -71.471 14.6218 1.95
    endloop
  endfacet
  facet normal 0 0 1
    outer loop
      vertex -71.5691 14.475 1.95
      vertex -71.5691 13.125 1.95
      vertex -71.471 12.9782 1.95
    endloop
  endfacet
  facet normal -0 0 1
    outer loop
      vertex -71.6472 14.3166 1.95
      vertex -71.5691 13.125 1.95
      vertex -71.5691 14.475 1.95
    endloop
  endfacet
  facet normal 0 0 1
    outer loop
      vertex -71.6472 14.3166 1.95
      vertex -71.6472 13.2834 1.95
      vertex -71.5691 13.125 1.95
    endloop
  endfacet
  facet normal -0 0 1
    outer loop
      vertex -71.704 14.1494 1.95
      vertex -71.6472 13.2834 1.95
      vertex -71.6472 14.3166 1.95
    endloop
  endfacet
  facet normal 0 0 1
    outer loop
      vertex -71.704 14.1494 1.95
      vertex -71.704 13.4506 1.95
      vertex -71.6472 13.2834 1.95
    endloop
  endfacet
  facet normal -0 0 1
    outer loop
      vertex -71.7384 13.9762 1.95
      vertex -71.704 13.4506 1.95
      vertex -71.704 14.1494 1.95
    endloop
  endfacet
  facet normal 0 0 1
    outer loop
      vertex -71.7384 13.9762 1.95
      vertex -71.7384 13.6238 1.95
      vertex -71.704 13.4506 1.95
    endloop
  endfacet
  facet normal 0 -0 1
    outer loop
      vertex -71.7384 13.6238 1.95
      vertex -71.7384 13.9762 1.95
      vertex -71.75 13.8 1.95
    endloop
  endfacet
  facet normal -0.442224 0.896905 0
    outer loop
      vertex -69.725 12.6309 1.95
      vertex -69.8834 12.5528 44
      vertex -69.725 12.6309 44
    endloop
  endfacet
  facet normal -0.442224 0.896905 0
    outer loop
      vertex -69.8834 12.5528 44
      vertex -69.725 12.6309 1.95
      vertex -69.8834 12.5528 1.95
    endloop
  endfacet
  facet normal 0.194809 -0.980841 0
    outer loop
      vertex -70.7494 15.104 1.95
      vertex -70.5762 15.1384 44
      vertex -70.7494 15.104 44
    endloop
  endfacet
  facet normal 0.194809 -0.980841 0
    outer loop
      vertex -70.5762 15.1384 44
      vertex -70.7494 15.104 1.95
      vertex -70.5762 15.1384 1.95
    endloop
  endfacet
  facet normal 0.442224 -0.896905 0
    outer loop
      vertex -71.075 14.9691 1.95
      vertex -70.9166 15.0472 44
      vertex -71.075 14.9691 44
    endloop
  endfacet
  facet normal 0.442224 -0.896905 0
    outer loop
      vertex -70.9166 15.0472 44
      vertex -71.075 14.9691 1.95
      vertex -70.9166 15.0472 1.95
    endloop
  endfacet
  facet normal -0.555615 0.83144 0
    outer loop
      vertex -69.5782 12.729 1.95
      vertex -69.725 12.6309 44
      vertex -69.5782 12.729 44
    endloop
  endfacet
  facet normal -0.555615 0.83144 0
    outer loop
      vertex -69.725 12.6309 44
      vertex -69.5782 12.729 1.95
      vertex -69.725 12.6309 1.95
    endloop
  endfacet
  facet normal -0.0651282 0.997877 0
    outer loop
      vertex -70.2238 12.4615 1.95
      vertex -70.4 12.45 44
      vertex -70.2238 12.4615 44
    endloop
  endfacet
  facet normal -0.0651282 0.997877 0
    outer loop
      vertex -70.4 12.45 44
      vertex -70.2238 12.4615 1.95
      vertex -70.4 12.45 1.95
    endloop
  endfacet
  facet normal -0.0656921 -0.99784 0
    outer loop
      vertex -70.4 15.15 1.95
      vertex -70.2238 15.1384 44
      vertex -70.4 15.15 44
    endloop
  endfacet
  facet normal -0.0656921 -0.99784 -0
    outer loop
      vertex -70.2238 15.1384 44
      vertex -70.4 15.15 1.95
      vertex -70.2238 15.1384 1.95
    endloop
  endfacet
  facet normal 0.83144 0.555615 0
    outer loop
      vertex -71.471 12.9782 44
      vertex -71.5691 13.125 1.95
      vertex -71.5691 13.125 44
    endloop
  endfacet
  facet normal 0.83144 0.555615 0
    outer loop
      vertex -71.5691 13.125 1.95
      vertex -71.471 12.9782 44
      vertex -71.471 12.9782 1.95
    endloop
  endfacet
  facet normal 0.752015 0.659146 0
    outer loop
      vertex -71.3546 12.8454 44
      vertex -71.471 12.9782 1.95
      vertex -71.471 12.9782 44
    endloop
  endfacet
  facet normal 0.752015 0.659146 0
    outer loop
      vertex -71.471 12.9782 1.95
      vertex -71.3546 12.8454 44
      vertex -71.3546 12.8454 1.95
    endloop
  endfacet
  facet normal -0.997877 0.0651282 0
    outer loop
      vertex -69.0615 13.6238 1.95
      vertex -69.05 13.8 44
      vertex -69.05 13.8 1.95
    endloop
  endfacet
  facet normal -0.997877 0.0651282 0
    outer loop
      vertex -69.05 13.8 44
      vertex -69.0615 13.6238 1.95
      vertex -69.0615 13.6238 44
    endloop
  endfacet
  facet normal 0.555615 -0.83144 0
    outer loop
      vertex -71.2218 14.871 1.95
      vertex -71.075 14.9691 44
      vertex -71.2218 14.871 44
    endloop
  endfacet
  facet normal 0.555615 -0.83144 0
    outer loop
      vertex -71.075 14.9691 44
      vertex -71.2218 14.871 1.95
      vertex -71.075 14.9691 1.95
    endloop
  endfacet
  facet normal -0.321659 0.946856 0
    outer loop
      vertex -69.8834 12.5528 1.95
      vertex -70.0506 12.496 44
      vertex -69.8834 12.5528 44
    endloop
  endfacet
  facet normal -0.321659 0.946856 0
    outer loop
      vertex -70.0506 12.496 44
      vertex -69.8834 12.5528 1.95
      vertex -70.0506 12.496 1.95
    endloop
  endfacet
  facet normal -0.752015 -0.659146 0
    outer loop
      vertex -69.329 14.6218 1.95
      vertex -69.4454 14.7546 44
      vertex -69.4454 14.7546 1.95
    endloop
  endfacet
  facet normal -0.752015 -0.659146 0
    outer loop
      vertex -69.4454 14.7546 44
      vertex -69.329 14.6218 1.95
      vertex -69.329 14.6218 44
    endloop
  endfacet
  facet normal -0.659146 0.752015 0
    outer loop
      vertex -69.4454 12.8454 1.95
      vertex -69.5782 12.729 44
      vertex -69.4454 12.8454 44
    endloop
  endfacet
  facet normal -0.659146 0.752015 0
    outer loop
      vertex -69.5782 12.729 44
      vertex -69.4454 12.8454 1.95
      vertex -69.5782 12.729 1.95
    endloop
  endfacet
  facet normal 0.659146 -0.752015 0
    outer loop
      vertex -71.3546 14.7546 1.95
      vertex -71.2218 14.871 44
      vertex -71.3546 14.7546 44
    endloop
  endfacet
  facet normal 0.659146 -0.752015 0
    outer loop
      vertex -71.2218 14.871 44
      vertex -71.3546 14.7546 1.95
      vertex -71.2218 14.871 1.95
    endloop
  endfacet
  facet normal -0.555615 -0.83144 0
    outer loop
      vertex -69.725 14.9691 1.95
      vertex -69.5782 14.871 44
      vertex -69.725 14.9691 44
    endloop
  endfacet
  facet normal -0.555615 -0.83144 -0
    outer loop
      vertex -69.5782 14.871 44
      vertex -69.725 14.9691 1.95
      vertex -69.5782 14.871 1.95
    endloop
  endfacet
  facet normal -0.194809 -0.980841 0
    outer loop
      vertex -70.2238 15.1384 1.95
      vertex -70.0506 15.104 44
      vertex -70.2238 15.1384 44
    endloop
  endfacet
  facet normal -0.194809 -0.980841 -0
    outer loop
      vertex -70.0506 15.104 44
      vertex -70.2238 15.1384 1.95
      vertex -70.0506 15.104 1.95
    endloop
  endfacet
  facet normal -0.752015 0.659146 0
    outer loop
      vertex -69.4454 12.8454 1.95
      vertex -69.329 12.9782 44
      vertex -69.329 12.9782 1.95
    endloop
  endfacet
  facet normal -0.752015 0.659146 0
    outer loop
      vertex -69.329 12.9782 44
      vertex -69.4454 12.8454 1.95
      vertex -69.4454 12.8454 44
    endloop
  endfacet
  facet normal 0.980841 0.194809 0
    outer loop
      vertex -71.704 13.4506 44
      vertex -71.7384 13.6238 1.95
      vertex -71.7384 13.6238 44
    endloop
  endfacet
  facet normal 0.980841 0.194809 0
    outer loop
      vertex -71.7384 13.6238 1.95
      vertex -71.704 13.4506 44
      vertex -71.704 13.4506 1.95
    endloop
  endfacet
  facet normal -0.659146 -0.752015 0
    outer loop
      vertex -69.5782 14.871 1.95
      vertex -69.4454 14.7546 44
      vertex -69.5782 14.871 44
    endloop
  endfacet
  facet normal -0.659146 -0.752015 -0
    outer loop
      vertex -69.4454 14.7546 44
      vertex -69.5782 14.871 1.95
      vertex -69.4454 14.7546 1.95
    endloop
  endfacet
  facet normal -0.980733 0.195354 0
    outer loop
      vertex -69.096 13.4506 1.95
      vertex -69.0615 13.6238 44
      vertex -69.0615 13.6238 1.95
    endloop
  endfacet
  facet normal -0.980733 0.195354 0
    outer loop
      vertex -69.0615 13.6238 44
      vertex -69.096 13.4506 1.95
      vertex -69.096 13.4506 44
    endloop
  endfacet
  facet normal 0.321659 -0.946856 0
    outer loop
      vertex -70.9166 15.0472 1.95
      vertex -70.7494 15.104 44
      vertex -70.9166 15.0472 44
    endloop
  endfacet
  facet normal 0.321659 -0.946856 0
    outer loop
      vertex -70.7494 15.104 44
      vertex -70.9166 15.0472 1.95
      vertex -70.7494 15.104 1.95
    endloop
  endfacet
  facet normal 0.896905 0.442224 0
    outer loop
      vertex -71.5691 13.125 44
      vertex -71.6472 13.2834 1.95
      vertex -71.6472 13.2834 44
    endloop
  endfacet
  facet normal 0.896905 0.442224 0
    outer loop
      vertex -71.6472 13.2834 1.95
      vertex -71.5691 13.125 44
      vertex -71.5691 13.125 1.95
    endloop
  endfacet
  facet normal -0.442224 -0.896905 0
    outer loop
      vertex -69.8834 15.0472 1.95
      vertex -69.725 14.9691 44
      vertex -69.8834 15.0472 44
    endloop
  endfacet
  facet normal -0.442224 -0.896905 -0
    outer loop
      vertex -69.725 14.9691 44
      vertex -69.8834 15.0472 1.95
      vertex -69.725 14.9691 1.95
    endloop
  endfacet
  facet normal 0.980841 -0.194809 0
    outer loop
      vertex -71.7384 13.9762 44
      vertex -71.704 14.1494 1.95
      vertex -71.704 14.1494 44
    endloop
  endfacet
  facet normal 0.980841 -0.194809 0
    outer loop
      vertex -71.704 14.1494 1.95
      vertex -71.7384 13.9762 44
      vertex -71.7384 13.9762 1.95
    endloop
  endfacet
  facet normal 0.946856 -0.321659 0
    outer loop
      vertex -71.704 14.1494 44
      vertex -71.6472 14.3166 1.95
      vertex -71.6472 14.3166 44
    endloop
  endfacet
  facet normal 0.946856 -0.321659 0
    outer loop
      vertex -71.6472 14.3166 1.95
      vertex -71.704 14.1494 44
      vertex -71.704 14.1494 1.95
    endloop
  endfacet
  facet normal -0.195354 0.980733 0
    outer loop
      vertex -70.0506 12.496 1.95
      vertex -70.2238 12.4615 44
      vertex -70.0506 12.496 44
    endloop
  endfacet
  facet normal -0.195354 0.980733 0
    outer loop
      vertex -70.2238 12.4615 44
      vertex -70.0506 12.496 1.95
      vertex -70.2238 12.4615 1.95
    endloop
  endfacet
  facet normal -0.83144 0.555615 0
    outer loop
      vertex -69.329 12.9782 1.95
      vertex -69.2309 13.125 44
      vertex -69.2309 13.125 1.95
    endloop
  endfacet
  facet normal -0.83144 0.555615 0
    outer loop
      vertex -69.2309 13.125 44
      vertex -69.329 12.9782 1.95
      vertex -69.329 12.9782 44
    endloop
  endfacet
  facet normal 0.99784 -0.0656921 0
    outer loop
      vertex -71.75 13.8 44
      vertex -71.7384 13.9762 1.95
      vertex -71.7384 13.9762 44
    endloop
  endfacet
  facet normal 0.99784 -0.0656921 0
    outer loop
      vertex -71.7384 13.9762 1.95
      vertex -71.75 13.8 44
      vertex -71.75 13.8 1.95
    endloop
  endfacet
  facet normal -0.321659 -0.946856 0
    outer loop
      vertex -70.0506 15.104 1.95
      vertex -69.8834 15.0472 44
      vertex -70.0506 15.104 44
    endloop
  endfacet
  facet normal -0.321659 -0.946856 -0
    outer loop
      vertex -69.8834 15.0472 44
      vertex -70.0506 15.104 1.95
      vertex -69.8834 15.0472 1.95
    endloop
  endfacet
  facet normal 0.83144 -0.555615 0
    outer loop
      vertex -71.5691 14.475 44
      vertex -71.471 14.6218 1.95
      vertex -71.471 14.6218 44
    endloop
  endfacet
  facet normal 0.83144 -0.555615 0
    outer loop
      vertex -71.471 14.6218 1.95
      vertex -71.5691 14.475 44
      vertex -71.5691 14.475 1.95
    endloop
  endfacet
  facet normal 0.0656921 -0.99784 0
    outer loop
      vertex -70.5762 15.1384 1.95
      vertex -70.4 15.15 44
      vertex -70.5762 15.1384 44
    endloop
  endfacet
  facet normal 0.0656921 -0.99784 0
    outer loop
      vertex -70.4 15.15 44
      vertex -70.5762 15.1384 1.95
      vertex -70.4 15.15 1.95
    endloop
  endfacet
  facet normal 0.555615 0.83144 -0
    outer loop
      vertex -71.075 12.6309 1.95
      vertex -71.2218 12.729 44
      vertex -71.075 12.6309 44
    endloop
  endfacet
  facet normal 0.555615 0.83144 0
    outer loop
      vertex -71.2218 12.729 44
      vertex -71.075 12.6309 1.95
      vertex -71.2218 12.729 1.95
    endloop
  endfacet
  facet normal 0.195354 0.980733 -0
    outer loop
      vertex -70.5762 12.4615 1.95
      vertex -70.7494 12.496 44
      vertex -70.5762 12.4615 44
    endloop
  endfacet
  facet normal 0.195354 0.980733 0
    outer loop
      vertex -70.7494 12.496 44
      vertex -70.5762 12.4615 1.95
      vertex -70.7494 12.496 1.95
    endloop
  endfacet
  facet normal 0.946856 0.321659 0
    outer loop
      vertex -71.6472 13.2834 44
      vertex -71.704 13.4506 1.95
      vertex -71.704 13.4506 44
    endloop
  endfacet
  facet normal 0.946856 0.321659 0
    outer loop
      vertex -71.704 13.4506 1.95
      vertex -71.6472 13.2834 44
      vertex -71.6472 13.2834 1.95
    endloop
  endfacet
  facet normal 0.659146 0.752015 -0
    outer loop
      vertex -71.2218 12.729 1.95
      vertex -71.3546 12.8454 44
      vertex -71.2218 12.729 44
    endloop
  endfacet
  facet normal 0.659146 0.752015 0
    outer loop
      vertex -71.3546 12.8454 44
      vertex -71.2218 12.729 1.95
      vertex -71.3546 12.8454 1.95
    endloop
  endfacet
  facet normal 0.321659 0.946856 -0
    outer loop
      vertex -70.7494 12.496 1.95
      vertex -70.9166 12.5528 44
      vertex -70.7494 12.496 44
    endloop
  endfacet
  facet normal 0.321659 0.946856 0
    outer loop
      vertex -70.9166 12.5528 44
      vertex -70.7494 12.496 1.95
      vertex -70.9166 12.5528 1.95
    endloop
  endfacet
  facet normal 0.0651282 0.997877 -0
    outer loop
      vertex -70.4 12.45 1.95
      vertex -70.5762 12.4615 44
      vertex -70.4 12.45 44
    endloop
  endfacet
  facet normal 0.0651282 0.997877 0
    outer loop
      vertex -70.5762 12.4615 44
      vertex -70.4 12.45 1.95
      vertex -70.5762 12.4615 1.95
    endloop
  endfacet
  facet normal 0.752015 -0.659146 0
    outer loop
      vertex -71.471 14.6218 44
      vertex -71.3546 14.7546 1.95
      vertex -71.3546 14.7546 44
    endloop
  endfacet
  facet normal 0.752015 -0.659146 0
    outer loop
      vertex -71.3546 14.7546 1.95
      vertex -71.471 14.6218 44
      vertex -71.471 14.6218 1.95
    endloop
  endfacet
  facet normal -0.980733 -0.195354 0
    outer loop
      vertex -69.0615 -13.6238 1.95
      vertex -69.096 -13.4506 44
      vertex -69.096 -13.4506 1.95
    endloop
  endfacet
  facet normal -0.980733 -0.195354 0
    outer loop
      vertex -69.096 -13.4506 44
      vertex -69.0615 -13.6238 1.95
      vertex -69.0615 -13.6238 44
    endloop
  endfacet
  facet normal -0.997877 -0.0651282 0
    outer loop
      vertex -69.05 -13.8 1.95
      vertex -69.0615 -13.6238 44
      vertex -69.0615 -13.6238 1.95
    endloop
  endfacet
  facet normal -0.997877 -0.0651282 0
    outer loop
      vertex -69.0615 -13.6238 44
      vertex -69.05 -13.8 1.95
      vertex -69.05 -13.8 44
    endloop
  endfacet
  facet normal 0.0656921 0.99784 -0
    outer loop
      vertex -70.4 -15.15 1.95
      vertex -70.5762 -15.1384 44
      vertex -70.4 -15.15 44
    endloop
  endfacet
  facet normal 0.0656921 0.99784 0
    outer loop
      vertex -70.5762 -15.1384 44
      vertex -70.4 -15.15 1.95
      vertex -70.5762 -15.1384 1.95
    endloop
  endfacet
  facet normal 0.980841 -0.194809 0
    outer loop
      vertex -71.7384 -13.6238 44
      vertex -71.704 -13.4506 1.95
      vertex -71.704 -13.4506 44
    endloop
  endfacet
  facet normal 0.980841 -0.194809 0
    outer loop
      vertex -71.704 -13.4506 1.95
      vertex -71.7384 -13.6238 44
      vertex -71.7384 -13.6238 1.95
    endloop
  endfacet
  facet normal 0.659146 0.752015 -0
    outer loop
      vertex -71.2218 -14.871 1.95
      vertex -71.3546 -14.7546 44
      vertex -71.2218 -14.871 44
    endloop
  endfacet
  facet normal 0.659146 0.752015 0
    outer loop
      vertex -71.3546 -14.7546 44
      vertex -71.2218 -14.871 1.95
      vertex -71.3546 -14.7546 1.95
    endloop
  endfacet
  facet normal -0.896905 0.442224 0
    outer loop
      vertex -69.2309 -14.475 1.95
      vertex -69.1528 -14.3166 44
      vertex -69.1528 -14.3166 1.95
    endloop
  endfacet
  facet normal -0.896905 0.442224 0
    outer loop
      vertex -69.1528 -14.3166 44
      vertex -69.2309 -14.475 1.95
      vertex -69.2309 -14.475 44
    endloop
  endfacet
  facet normal -0.442224 -0.896905 0
    outer loop
      vertex -69.8834 -12.5528 1.95
      vertex -69.725 -12.6309 44
      vertex -69.8834 -12.5528 44
    endloop
  endfacet
  facet normal -0.442224 -0.896905 -0
    outer loop
      vertex -69.725 -12.6309 44
      vertex -69.8834 -12.5528 1.95
      vertex -69.725 -12.6309 1.95
    endloop
  endfacet
  facet normal 0.321659 -0.946856 0
    outer loop
      vertex -70.9166 -12.5528 1.95
      vertex -70.7494 -12.496 44
      vertex -70.9166 -12.5528 44
    endloop
  endfacet
  facet normal 0.321659 -0.946856 0
    outer loop
      vertex -70.7494 -12.496 44
      vertex -70.9166 -12.5528 1.95
      vertex -70.7494 -12.496 1.95
    endloop
  endfacet
  facet normal 0.99784 -0.0656921 0
    outer loop
      vertex -71.75 -13.8 44
      vertex -71.7384 -13.6238 1.95
      vertex -71.7384 -13.6238 44
    endloop
  endfacet
  facet normal 0.99784 -0.0656921 0
    outer loop
      vertex -71.7384 -13.6238 1.95
      vertex -71.75 -13.8 44
      vertex -71.75 -13.8 1.95
    endloop
  endfacet
  facet normal -0.980733 0.195354 0
    outer loop
      vertex -69.096 -14.1494 1.95
      vertex -69.0615 -13.9762 44
      vertex -69.0615 -13.9762 1.95
    endloop
  endfacet
  facet normal -0.980733 0.195354 0
    outer loop
      vertex -69.0615 -13.9762 44
      vertex -69.096 -14.1494 1.95
      vertex -69.096 -14.1494 44
    endloop
  endfacet
  facet normal -0.83144 0.555615 0
    outer loop
      vertex -69.329 -14.6218 1.95
      vertex -69.2309 -14.475 44
      vertex -69.2309 -14.475 1.95
    endloop
  endfacet
  facet normal -0.83144 0.555615 0
    outer loop
      vertex -69.2309 -14.475 44
      vertex -69.329 -14.6218 1.95
      vertex -69.329 -14.6218 44
    endloop
  endfacet
  facet normal 0.555615 -0.83144 0
    outer loop
      vertex -71.2218 -12.729 1.95
      vertex -71.075 -12.6309 44
      vertex -71.2218 -12.729 44
    endloop
  endfacet
  facet normal 0.555615 -0.83144 0
    outer loop
      vertex -71.075 -12.6309 44
      vertex -71.2218 -12.729 1.95
      vertex -71.075 -12.6309 1.95
    endloop
  endfacet
  facet normal -0.0651282 -0.997877 0
    outer loop
      vertex -70.4 -12.45 1.95
      vertex -70.2238 -12.4615 44
      vertex -70.4 -12.45 44
    endloop
  endfacet
  facet normal -0.0651282 -0.997877 -0
    outer loop
      vertex -70.2238 -12.4615 44
      vertex -70.4 -12.45 1.95
      vertex -70.2238 -12.4615 1.95
    endloop
  endfacet
  facet normal 0.946856 0.321659 0
    outer loop
      vertex -71.6472 -14.3166 44
      vertex -71.704 -14.1494 1.95
      vertex -71.704 -14.1494 44
    endloop
  endfacet
  facet normal 0.946856 0.321659 0
    outer loop
      vertex -71.704 -14.1494 1.95
      vertex -71.6472 -14.3166 44
      vertex -71.6472 -14.3166 1.95
    endloop
  endfacet
  facet normal -0.321659 0.946856 0
    outer loop
      vertex -69.8834 -15.0472 1.95
      vertex -70.0506 -15.104 44
      vertex -69.8834 -15.0472 44
    endloop
  endfacet
  facet normal -0.321659 0.946856 0
    outer loop
      vertex -70.0506 -15.104 44
      vertex -69.8834 -15.0472 1.95
      vertex -70.0506 -15.104 1.95
    endloop
  endfacet
  facet normal -0.946856 0.321659 0
    outer loop
      vertex -69.1528 -14.3166 1.95
      vertex -69.096 -14.1494 44
      vertex -69.096 -14.1494 1.95
    endloop
  endfacet
  facet normal -0.946856 0.321659 0
    outer loop
      vertex -69.096 -14.1494 44
      vertex -69.1528 -14.3166 1.95
      vertex -69.1528 -14.3166 44
    endloop
  endfacet
  facet normal -0.194809 0.980841 0
    outer loop
      vertex -70.0506 -15.104 1.95
      vertex -70.2238 -15.1384 44
      vertex -70.0506 -15.104 44
    endloop
  endfacet
  facet normal -0.194809 0.980841 0
    outer loop
      vertex -70.2238 -15.1384 44
      vertex -70.0506 -15.104 1.95
      vertex -70.2238 -15.1384 1.95
    endloop
  endfacet
  facet normal -0.83144 -0.555615 0
    outer loop
      vertex -69.2309 -13.125 1.95
      vertex -69.329 -12.9782 44
      vertex -69.329 -12.9782 1.95
    endloop
  endfacet
  facet normal -0.83144 -0.555615 0
    outer loop
      vertex -69.329 -12.9782 44
      vertex -69.2309 -13.125 1.95
      vertex -69.2309 -13.125 44
    endloop
  endfacet
  facet normal -0.752015 0.659146 0
    outer loop
      vertex -69.4454 -14.7546 1.95
      vertex -69.329 -14.6218 44
      vertex -69.329 -14.6218 1.95
    endloop
  endfacet
  facet normal -0.752015 0.659146 0
    outer loop
      vertex -69.329 -14.6218 44
      vertex -69.4454 -14.7546 1.95
      vertex -69.4454 -14.7546 44
    endloop
  endfacet
  facet normal 0.896905 -0.442224 0
    outer loop
      vertex -71.6472 -13.2834 44
      vertex -71.5691 -13.125 1.95
      vertex -71.5691 -13.125 44
    endloop
  endfacet
  facet normal 0.896905 -0.442224 0
    outer loop
      vertex -71.5691 -13.125 1.95
      vertex -71.6472 -13.2834 44
      vertex -71.6472 -13.2834 1.95
    endloop
  endfacet
  facet normal -0.0656921 0.99784 0
    outer loop
      vertex -70.2238 -15.1384 1.95
      vertex -70.4 -15.15 44
      vertex -70.2238 -15.1384 44
    endloop
  endfacet
  facet normal -0.0656921 0.99784 0
    outer loop
      vertex -70.4 -15.15 44
      vertex -70.2238 -15.1384 1.95
      vertex -70.4 -15.15 1.95
    endloop
  endfacet
  facet normal 0.752015 -0.659146 0
    outer loop
      vertex -71.471 -12.9782 44
      vertex -71.3546 -12.8454 1.95
      vertex -71.3546 -12.8454 44
    endloop
  endfacet
  facet normal 0.752015 -0.659146 0
    outer loop
      vertex -71.3546 -12.8454 1.95
      vertex -71.471 -12.9782 44
      vertex -71.471 -12.9782 1.95
    endloop
  endfacet
  facet normal -0.997877 0.0651282 0
    outer loop
      vertex -69.0615 -13.9762 1.95
      vertex -69.05 -13.8 44
      vertex -69.05 -13.8 1.95
    endloop
  endfacet
  facet normal -0.997877 0.0651282 0
    outer loop
      vertex -69.05 -13.8 44
      vertex -69.0615 -13.9762 1.95
      vertex -69.0615 -13.9762 44
    endloop
  endfacet
  facet normal -0.555615 -0.83144 0
    outer loop
      vertex -69.725 -12.6309 1.95
      vertex -69.5782 -12.729 44
      vertex -69.725 -12.6309 44
    endloop
  endfacet
  facet normal -0.555615 -0.83144 -0
    outer loop
      vertex -69.5782 -12.729 44
      vertex -69.725 -12.6309 1.95
      vertex -69.5782 -12.729 1.95
    endloop
  endfacet
  facet normal -0.659146 -0.752015 0
    outer loop
      vertex -69.5782 -12.729 1.95
      vertex -69.4454 -12.8454 44
      vertex -69.5782 -12.729 44
    endloop
  endfacet
  facet normal -0.659146 -0.752015 -0
    outer loop
      vertex -69.4454 -12.8454 44
      vertex -69.5782 -12.729 1.95
      vertex -69.4454 -12.8454 1.95
    endloop
  endfacet
  facet normal -0.321659 -0.946856 0
    outer loop
      vertex -70.0506 -12.496 1.95
      vertex -69.8834 -12.5528 44
      vertex -70.0506 -12.496 44
    endloop
  endfacet
  facet normal -0.321659 -0.946856 -0
    outer loop
      vertex -69.8834 -12.5528 44
      vertex -70.0506 -12.496 1.95
      vertex -69.8834 -12.5528 1.95
    endloop
  endfacet
  facet normal 0.83144 0.555615 0
    outer loop
      vertex -71.471 -14.6218 44
      vertex -71.5691 -14.475 1.95
      vertex -71.5691 -14.475 44
    endloop
  endfacet
  facet normal 0.83144 0.555615 0
    outer loop
      vertex -71.5691 -14.475 1.95
      vertex -71.471 -14.6218 44
      vertex -71.471 -14.6218 1.95
    endloop
  endfacet
  facet normal 0.195354 -0.980733 0
    outer loop
      vertex -70.7494 -12.496 1.95
      vertex -70.5762 -12.4615 44
      vertex -70.7494 -12.496 44
    endloop
  endfacet
  facet normal 0.195354 -0.980733 0
    outer loop
      vertex -70.5762 -12.4615 44
      vertex -70.7494 -12.496 1.95
      vertex -70.5762 -12.4615 1.95
    endloop
  endfacet
  facet normal 0.896905 0.442224 0
    outer loop
      vertex -71.5691 -14.475 44
      vertex -71.6472 -14.3166 1.95
      vertex -71.6472 -14.3166 44
    endloop
  endfacet
  facet normal 0.896905 0.442224 0
    outer loop
      vertex -71.6472 -14.3166 1.95
      vertex -71.5691 -14.475 44
      vertex -71.5691 -14.475 1.95
    endloop
  endfacet
  facet normal 0.946856 -0.321659 0
    outer loop
      vertex -71.704 -13.4506 44
      vertex -71.6472 -13.2834 1.95
      vertex -71.6472 -13.2834 44
    endloop
  endfacet
  facet normal 0.946856 -0.321659 0
    outer loop
      vertex -71.6472 -13.2834 1.95
      vertex -71.704 -13.4506 44
      vertex -71.704 -13.4506 1.95
    endloop
  endfacet
  facet normal 0.752015 0.659146 0
    outer loop
      vertex -71.3546 -14.7546 44
      vertex -71.471 -14.6218 1.95
      vertex -71.471 -14.6218 44
    endloop
  endfacet
  facet normal 0.752015 0.659146 0
    outer loop
      vertex -71.471 -14.6218 1.95
      vertex -71.3546 -14.7546 44
      vertex -71.3546 -14.7546 1.95
    endloop
  endfacet
  facet normal -0.659146 0.752015 0
    outer loop
      vertex -69.4454 -14.7546 1.95
      vertex -69.5782 -14.871 44
      vertex -69.4454 -14.7546 44
    endloop
  endfacet
  facet normal -0.659146 0.752015 0
    outer loop
      vertex -69.5782 -14.871 44
      vertex -69.4454 -14.7546 1.95
      vertex -69.5782 -14.871 1.95
    endloop
  endfacet
  facet normal 0.99784 0.0656921 0
    outer loop
      vertex -71.7384 -13.9762 44
      vertex -71.75 -13.8 1.95
      vertex -71.75 -13.8 44
    endloop
  endfacet
  facet normal 0.99784 0.0656921 0
    outer loop
      vertex -71.75 -13.8 1.95
      vertex -71.7384 -13.9762 44
      vertex -71.7384 -13.9762 1.95
    endloop
  endfacet
  facet normal -0.195354 -0.980733 0
    outer loop
      vertex -70.2238 -12.4615 1.95
      vertex -70.0506 -12.496 44
      vertex -70.2238 -12.4615 44
    endloop
  endfacet
  facet normal -0.195354 -0.980733 -0
    outer loop
      vertex -70.0506 -12.496 44
      vertex -70.2238 -12.4615 1.95
      vertex -70.0506 -12.496 1.95
    endloop
  endfacet
  facet normal -0.896905 -0.442224 0
    outer loop
      vertex -69.1528 -13.2834 1.95
      vertex -69.2309 -13.125 44
      vertex -69.2309 -13.125 1.95
    endloop
  endfacet
  facet normal -0.896905 -0.442224 0
    outer loop
      vertex -69.2309 -13.125 44
      vertex -69.1528 -13.2834 1.95
      vertex -69.1528 -13.2834 44
    endloop
  endfacet
  facet normal -0.752015 -0.659146 0
    outer loop
      vertex -69.329 -12.9782 1.95
      vertex -69.4454 -12.8454 44
      vertex -69.4454 -12.8454 1.95
    endloop
  endfacet
  facet normal -0.752015 -0.659146 0
    outer loop
      vertex -69.4454 -12.8454 44
      vertex -69.329 -12.9782 1.95
      vertex -69.329 -12.9782 44
    endloop
  endfacet
  facet normal 0.659146 -0.752015 0
    outer loop
      vertex -71.3546 -12.8454 1.95
      vertex -71.2218 -12.729 44
      vertex -71.3546 -12.8454 44
    endloop
  endfacet
  facet normal 0.659146 -0.752015 0
    outer loop
      vertex -71.2218 -12.729 44
      vertex -71.3546 -12.8454 1.95
      vertex -71.2218 -12.729 1.95
    endloop
  endfacet
  facet normal -0.946856 -0.321659 0
    outer loop
      vertex -69.096 -13.4506 1.95
      vertex -69.1528 -13.2834 44
      vertex -69.1528 -13.2834 1.95
    endloop
  endfacet
  facet normal -0.946856 -0.321659 0
    outer loop
      vertex -69.1528 -13.2834 44
      vertex -69.096 -13.4506 1.95
      vertex -69.096 -13.4506 44
    endloop
  endfacet
  facet normal 0.442224 -0.896905 0
    outer loop
      vertex -71.075 -12.6309 1.95
      vertex -70.9166 -12.5528 44
      vertex -71.075 -12.6309 44
    endloop
  endfacet
  facet normal 0.442224 -0.896905 0
    outer loop
      vertex -70.9166 -12.5528 44
      vertex -71.075 -12.6309 1.95
      vertex -70.9166 -12.5528 1.95
    endloop
  endfacet
  facet normal 0.980841 0.194809 0
    outer loop
      vertex -71.704 -14.1494 44
      vertex -71.7384 -13.9762 1.95
      vertex -71.7384 -13.9762 44
    endloop
  endfacet
  facet normal 0.980841 0.194809 0
    outer loop
      vertex -71.7384 -13.9762 1.95
      vertex -71.704 -14.1494 44
      vertex -71.704 -14.1494 1.95
    endloop
  endfacet
  facet normal -0.555615 0.83144 0
    outer loop
      vertex -69.5782 -14.871 1.95
      vertex -69.725 -14.9691 44
      vertex -69.5782 -14.871 44
    endloop
  endfacet
  facet normal -0.555615 0.83144 0
    outer loop
      vertex -69.725 -14.9691 44
      vertex -69.5782 -14.871 1.95
      vertex -69.725 -14.9691 1.95
    endloop
  endfacet
  facet normal -0.442224 0.896905 0
    outer loop
      vertex -69.725 -14.9691 1.95
      vertex -69.8834 -15.0472 44
      vertex -69.725 -14.9691 44
    endloop
  endfacet
  facet normal -0.442224 0.896905 0
    outer loop
      vertex -69.8834 -15.0472 44
      vertex -69.725 -14.9691 1.95
      vertex -69.8834 -15.0472 1.95
    endloop
  endfacet
  facet normal 0.442224 0.896905 -0
    outer loop
      vertex -70.9166 -15.0472 1.95
      vertex -71.075 -14.9691 44
      vertex -70.9166 -15.0472 44
    endloop
  endfacet
  facet normal 0.442224 0.896905 0
    outer loop
      vertex -71.075 -14.9691 44
      vertex -70.9166 -15.0472 1.95
      vertex -71.075 -14.9691 1.95
    endloop
  endfacet
  facet normal 0.321659 0.946856 -0
    outer loop
      vertex -70.7494 -15.104 1.95
      vertex -70.9166 -15.0472 44
      vertex -70.7494 -15.104 44
    endloop
  endfacet
  facet normal 0.321659 0.946856 0
    outer loop
      vertex -70.9166 -15.0472 44
      vertex -70.7494 -15.104 1.95
      vertex -70.9166 -15.0472 1.95
    endloop
  endfacet
  facet normal 0.0651282 -0.997877 0
    outer loop
      vertex -70.5762 -12.4615 1.95
      vertex -70.4 -12.45 44
      vertex -70.5762 -12.4615 44
    endloop
  endfacet
  facet normal 0.0651282 -0.997877 0
    outer loop
      vertex -70.4 -12.45 44
      vertex -70.5762 -12.4615 1.95
      vertex -70.4 -12.45 1.95
    endloop
  endfacet
  facet normal 0.194809 0.980841 -0
    outer loop
      vertex -70.5762 -15.1384 1.95
      vertex -70.7494 -15.104 44
      vertex -70.5762 -15.1384 44
    endloop
  endfacet
  facet normal 0.194809 0.980841 0
    outer loop
      vertex -70.7494 -15.104 44
      vertex -70.5762 -15.1384 1.95
      vertex -70.7494 -15.104 1.95
    endloop
  endfacet
  facet normal 0.83144 -0.555615 0
    outer loop
      vertex -71.5691 -13.125 44
      vertex -71.471 -12.9782 1.95
      vertex -71.471 -12.9782 44
    endloop
  endfacet
  facet normal 0.83144 -0.555615 0
    outer loop
      vertex -71.471 -12.9782 1.95
      vertex -71.5691 -13.125 44
      vertex -71.5691 -13.125 1.95
    endloop
  endfacet
  facet normal 0 0 1
    outer loop
      vertex -69.0615 -13.6238 1.95
      vertex -69.0615 -13.9762 1.95
      vertex -69.05 -13.8 1.95
    endloop
  endfacet
  facet normal 0 0 1
    outer loop
      vertex -69.096 -13.4506 1.95
      vertex -69.0615 -13.9762 1.95
      vertex -69.0615 -13.6238 1.95
    endloop
  endfacet
  facet normal 0 0 1
    outer loop
      vertex -69.096 -13.4506 1.95
      vertex -69.096 -14.1494 1.95
      vertex -69.0615 -13.9762 1.95
    endloop
  endfacet
  facet normal 0 0 1
    outer loop
      vertex -69.1528 -13.2834 1.95
      vertex -69.096 -14.1494 1.95
      vertex -69.096 -13.4506 1.95
    endloop
  endfacet
  facet normal 0 0 1
    outer loop
      vertex -69.1528 -13.2834 1.95
      vertex -69.1528 -14.3166 1.95
      vertex -69.096 -14.1494 1.95
    endloop
  endfacet
  facet normal 0 0 1
    outer loop
      vertex -69.2309 -13.125 1.95
      vertex -69.1528 -14.3166 1.95
      vertex -69.1528 -13.2834 1.95
    endloop
  endfacet
  facet normal 0 0 1
    outer loop
      vertex -69.2309 -13.125 1.95
      vertex -69.2309 -14.475 1.95
      vertex -69.1528 -14.3166 1.95
    endloop
  endfacet
  facet normal 0 0 1
    outer loop
      vertex -69.329 -12.9782 1.95
      vertex -69.2309 -14.475 1.95
      vertex -69.2309 -13.125 1.95
    endloop
  endfacet
  facet normal 0 0 1
    outer loop
      vertex -69.329 -12.9782 1.95
      vertex -69.329 -14.6218 1.95
      vertex -69.2309 -14.475 1.95
    endloop
  endfacet
  facet normal 0 0 1
    outer loop
      vertex -69.4454 -12.8454 1.95
      vertex -69.329 -14.6218 1.95
      vertex -69.329 -12.9782 1.95
    endloop
  endfacet
  facet normal 0 0 1
    outer loop
      vertex -69.4454 -12.8454 1.95
      vertex -69.4454 -14.7546 1.95
      vertex -69.329 -14.6218 1.95
    endloop
  endfacet
  facet normal 0 0 1
    outer loop
      vertex -69.5782 -12.729 1.95
      vertex -69.4454 -14.7546 1.95
      vertex -69.4454 -12.8454 1.95
    endloop
  endfacet
  facet normal 0 0 1
    outer loop
      vertex -69.5782 -12.729 1.95
      vertex -69.5782 -14.871 1.95
      vertex -69.4454 -14.7546 1.95
    endloop
  endfacet
  facet normal 0 0 1
    outer loop
      vertex -69.725 -12.6309 1.95
      vertex -69.5782 -14.871 1.95
      vertex -69.5782 -12.729 1.95
    endloop
  endfacet
  facet normal 0 0 1
    outer loop
      vertex -69.725 -12.6309 1.95
      vertex -69.725 -14.9691 1.95
      vertex -69.5782 -14.871 1.95
    endloop
  endfacet
  facet normal 0 0 1
    outer loop
      vertex -69.8834 -12.5528 1.95
      vertex -69.725 -14.9691 1.95
      vertex -69.725 -12.6309 1.95
    endloop
  endfacet
  facet normal 0 0 1
    outer loop
      vertex -69.8834 -12.5528 1.95
      vertex -69.8834 -15.0472 1.95
      vertex -69.725 -14.9691 1.95
    endloop
  endfacet
  facet normal 0 0 1
    outer loop
      vertex -70.0506 -12.496 1.95
      vertex -69.8834 -15.0472 1.95
      vertex -69.8834 -12.5528 1.95
    endloop
  endfacet
  facet normal 0 0 1
    outer loop
      vertex -70.0506 -12.496 1.95
      vertex -70.0506 -15.104 1.95
      vertex -69.8834 -15.0472 1.95
    endloop
  endfacet
  facet normal 0 0 1
    outer loop
      vertex -70.2238 -12.4615 1.95
      vertex -70.0506 -15.104 1.95
      vertex -70.0506 -12.496 1.95
    endloop
  endfacet
  facet normal 0 0 1
    outer loop
      vertex -70.2238 -12.4615 1.95
      vertex -70.2238 -15.1384 1.95
      vertex -70.0506 -15.104 1.95
    endloop
  endfacet
  facet normal 0 0 1
    outer loop
      vertex -70.4 -12.45 1.95
      vertex -70.2238 -15.1384 1.95
      vertex -70.2238 -12.4615 1.95
    endloop
  endfacet
  facet normal 0 0 1
    outer loop
      vertex -70.4 -12.45 1.95
      vertex -70.4 -15.15 1.95
      vertex -70.2238 -15.1384 1.95
    endloop
  endfacet
  facet normal -0 0 1
    outer loop
      vertex -70.5762 -12.4615 1.95
      vertex -70.4 -15.15 1.95
      vertex -70.4 -12.45 1.95
    endloop
  endfacet
  facet normal 0 0 1
    outer loop
      vertex -70.5762 -12.4615 1.95
      vertex -70.5762 -15.1384 1.95
      vertex -70.4 -15.15 1.95
    endloop
  endfacet
  facet normal -0 0 1
    outer loop
      vertex -70.7494 -12.496 1.95
      vertex -70.5762 -15.1384 1.95
      vertex -70.5762 -12.4615 1.95
    endloop
  endfacet
  facet normal 0 0 1
    outer loop
      vertex -70.7494 -12.496 1.95
      vertex -70.7494 -15.104 1.95
      vertex -70.5762 -15.1384 1.95
    endloop
  endfacet
  facet normal -0 0 1
    outer loop
      vertex -70.9166 -12.5528 1.95
      vertex -70.7494 -15.104 1.95
      vertex -70.7494 -12.496 1.95
    endloop
  endfacet
  facet normal 0 0 1
    outer loop
      vertex -70.9166 -12.5528 1.95
      vertex -70.9166 -15.0472 1.95
      vertex -70.7494 -15.104 1.95
    endloop
  endfacet
  facet normal -0 0 1
    outer loop
      vertex -71.075 -12.6309 1.95
      vertex -70.9166 -15.0472 1.95
      vertex -70.9166 -12.5528 1.95
    endloop
  endfacet
  facet normal 0 0 1
    outer loop
      vertex -71.075 -12.6309 1.95
      vertex -71.075 -14.9691 1.95
      vertex -70.9166 -15.0472 1.95
    endloop
  endfacet
  facet normal -0 0 1
    outer loop
      vertex -71.2218 -12.729 1.95
      vertex -71.075 -14.9691 1.95
      vertex -71.075 -12.6309 1.95
    endloop
  endfacet
  facet normal 0 0 1
    outer loop
      vertex -71.2218 -12.729 1.95
      vertex -71.2218 -14.871 1.95
      vertex -71.075 -14.9691 1.95
    endloop
  endfacet
  facet normal -0 0 1
    outer loop
      vertex -71.3546 -12.8454 1.95
      vertex -71.2218 -14.871 1.95
      vertex -71.2218 -12.729 1.95
    endloop
  endfacet
  facet normal 0 0 1
    outer loop
      vertex -71.3546 -12.8454 1.95
      vertex -71.3546 -14.7546 1.95
      vertex -71.2218 -14.871 1.95
    endloop
  endfacet
  facet normal -0 0 1
    outer loop
      vertex -71.471 -12.9782 1.95
      vertex -71.3546 -14.7546 1.95
      vertex -71.3546 -12.8454 1.95
    endloop
  endfacet
  facet normal 0 0 1
    outer loop
      vertex -71.471 -12.9782 1.95
      vertex -71.471 -14.6218 1.95
      vertex -71.3546 -14.7546 1.95
    endloop
  endfacet
  facet normal -0 0 1
    outer loop
      vertex -71.5691 -13.125 1.95
      vertex -71.471 -14.6218 1.95
      vertex -71.471 -12.9782 1.95
    endloop
  endfacet
  facet normal 0 0 1
    outer loop
      vertex -71.5691 -13.125 1.95
      vertex -71.5691 -14.475 1.95
      vertex -71.471 -14.6218 1.95
    endloop
  endfacet
  facet normal -0 0 1
    outer loop
      vertex -71.6472 -13.2834 1.95
      vertex -71.5691 -14.475 1.95
      vertex -71.5691 -13.125 1.95
    endloop
  endfacet
  facet normal 0 0 1
    outer loop
      vertex -71.6472 -13.2834 1.95
      vertex -71.6472 -14.3166 1.95
      vertex -71.5691 -14.475 1.95
    endloop
  endfacet
  facet normal -0 0 1
    outer loop
      vertex -71.704 -13.4506 1.95
      vertex -71.6472 -14.3166 1.95
      vertex -71.6472 -13.2834 1.95
    endloop
  endfacet
  facet normal 0 0 1
    outer loop
      vertex -71.704 -13.4506 1.95
      vertex -71.704 -14.1494 1.95
      vertex -71.6472 -14.3166 1.95
    endloop
  endfacet
  facet normal -0 0 1
    outer loop
      vertex -71.7384 -13.6238 1.95
      vertex -71.704 -14.1494 1.95
      vertex -71.704 -13.4506 1.95
    endloop
  endfacet
  facet normal 0 0 1
    outer loop
      vertex -71.7384 -13.6238 1.95
      vertex -71.7384 -13.9762 1.95
      vertex -71.704 -14.1494 1.95
    endloop
  endfacet
  facet normal 0 -0 1
    outer loop
      vertex -71.7384 -13.9762 1.95
      vertex -71.7384 -13.6238 1.95
      vertex -71.75 -13.8 1.95
    endloop
  endfacet
  facet normal 0.555615 0.83144 -0
    outer loop
      vertex -71.075 -14.9691 1.95
      vertex -71.2218 -14.871 44
      vertex -71.075 -14.9691 44
    endloop
  endfacet
  facet normal 0.555615 0.83144 0
    outer loop
      vertex -71.2218 -14.871 44
      vertex -71.075 -14.9691 1.95
      vertex -71.2218 -14.871 1.95
    endloop
  endfacet
  facet normal 0 0 -1
    outer loop
      vertex -74.4 -5 32.5
      vertex -64.4 5 32.5
      vertex -64.4 -5 32.5
    endloop
  endfacet
  facet normal -0 0 -1
    outer loop
      vertex -64.4 5 32.5
      vertex -74.4 -5 32.5
      vertex -74.4 5 32.5
    endloop
  endfacet
  facet normal -0 0 1
    outer loop
      vertex -74.4 5 23.5
      vertex -64.4 -5 23.5
      vertex -64.4 5 23.5
    endloop
  endfacet
  facet normal 0 0 1
    outer loop
      vertex -64.4 -5 23.5
      vertex -74.4 5 23.5
      vertex -74.4 -5 23.5
    endloop
  endfacet
  facet normal 0 -1 0
    outer loop
      vertex -74.4 5 23.5
      vertex -64.4 5 32.5
      vertex -74.4 5 32.5
    endloop
  endfacet
  facet normal 0 -1 -0
    outer loop
      vertex -64.4 5 32.5
      vertex -74.4 5 23.5
      vertex -64.4 5 23.5
    endloop
  endfacet
  facet normal 0 1 -0
    outer loop
      vertex -64.4 -5 23.5
      vertex -74.4 -5 32.5
      vertex -64.4 -5 32.5
    endloop
  endfacet
  facet normal 0 1 0
    outer loop
      vertex -74.4 -5 32.5
      vertex -64.4 -5 23.5
      vertex -74.4 -5 23.5
    endloop
  endfacet
  facet normal 0 0 -1
    outer loop
      vertex 64.4 -5 32.5
      vertex 74.4 5 32.5
      vertex 74.4 -5 32.5
    endloop
  endfacet
  facet normal -0 0 -1
    outer loop
      vertex 74.4 5 32.5
      vertex 64.4 -5 32.5
      vertex 64.4 5 32.5
    endloop
  endfacet
  facet normal -0 0 1
    outer loop
      vertex 64.4 5 23.5
      vertex 74.4 -5 23.5
      vertex 74.4 5 23.5
    endloop
  endfacet
  facet normal 0 0 1
    outer loop
      vertex 74.4 -5 23.5
      vertex 64.4 5 23.5
      vertex 64.4 -5 23.5
    endloop
  endfacet
  facet normal 0 -1 0
    outer loop
      vertex 64.4 5 23.5
      vertex 74.4 5 32.5
      vertex 64.4 5 32.5
    endloop
  endfacet
  facet normal 0 -1 -0
    outer loop
      vertex 74.4 5 32.5
      vertex 64.4 5 23.5
      vertex 74.4 5 23.5
    endloop
  endfacet
  facet normal 0 1 -0
    outer loop
      vertex 74.4 -5 23.5
      vertex 64.4 -5 32.5
      vertex 74.4 -5 32.5
    endloop
  endfacet
  facet normal 0 1 0
    outer loop
      vertex 64.4 -5 32.5
      vertex 74.4 -5 23.5
      vertex 64.4 -5 23.5
    endloop
  endfacet
  facet normal -1 0 0
    outer loop
      vertex 5 -18.4 25
      vertex 5 -16.4 31
      vertex 5 -16.4 25
    endloop
  endfacet
  facet normal -1 -0 0
    outer loop
      vertex 5 -16.4 31
      vertex 5 -18.4 25
      vertex 5 -18.4 31
    endloop
  endfacet
  facet normal 0 0 -1
    outer loop
      vertex -5 -18.4 31
      vertex 5 -16.4 31
      vertex 5 -18.4 31
    endloop
  endfacet
  facet normal -0 0 -1
    outer loop
      vertex 5 -16.4 31
      vertex -5 -18.4 31
      vertex -5 -16.4 31
    endloop
  endfacet
  facet normal -0 0 1
    outer loop
      vertex -5 -16.4 25
      vertex 5 -18.4 25
      vertex 5 -16.4 25
    endloop
  endfacet
  facet normal 0 0 1
    outer loop
      vertex 5 -18.4 25
      vertex -5 -16.4 25
      vertex -5 -18.4 25
    endloop
  endfacet
  facet normal 1 -0 0
    outer loop
      vertex -5 -18.4 31
      vertex -5 -16.4 25
      vertex -5 -16.4 31
    endloop
  endfacet
  facet normal 1 0 0
    outer loop
      vertex -5 -16.4 25
      vertex -5 -18.4 31
      vertex -5 -18.4 25
    endloop
  endfacet
endsolid OpenSCAD_Model
