solid OpenSCAD_Model
  facet normal -0.980813 -0.194949 0
    outer loop
      vertex -43.4137 3.70884 0
      vertex -43.4545 3.91411 2
      vertex -43.4545 3.91411 0
    endloop
  endfacet
  facet normal -0.980813 -0.194949 0
    outer loop
      vertex -43.4545 3.91411 2
      vertex -43.4137 3.70884 0
      vertex -43.4137 3.70884 2
    endloop
  endfacet
  facet normal -0.997855 -0.0654598 0
    outer loop
      vertex -43.4 3.5 0
      vertex -43.4137 3.70884 2
      vertex -43.4137 3.70884 0
    endloop
  endfacet
  facet normal -0.997855 -0.0654598 0
    outer loop
      vertex -43.4137 3.70884 2
      vertex -43.4 3.5 0
      vertex -43.4 3.5 2
    endloop
  endfacet
  facet normal -0.946891 -0.321555 0
    outer loop
      vertex -43.4545 3.91411 0
      vertex -43.5218 4.11229 2
      vertex -43.5218 4.11229 0
    endloop
  endfacet
  facet normal -0.946891 -0.321555 0
    outer loop
      vertex -43.5218 4.11229 2
      vertex -43.4545 3.91411 0
      vertex -43.4545 3.91411 2
    endloop
  endfacet
  facet normal -0.831638 -0.555318 0
    outer loop
      vertex -43.6144 4.3 0
      vertex -43.7306 4.47402 2
      vertex -43.7306 4.47402 0
    endloop
  endfacet
  facet normal -0.831638 -0.555318 0
    outer loop
      vertex -43.7306 4.47402 2
      vertex -43.6144 4.3 0
      vertex -43.6144 4.3 2
    endloop
  endfacet
  facet normal 0.946891 0.321555 0
    outer loop
      vertex -46.4782 2.88771 2
      vertex -46.5455 3.08589 0
      vertex -46.5455 3.08589 2
    endloop
  endfacet
  facet normal 0.946891 0.321555 0
    outer loop
      vertex -46.5455 3.08589 0
      vertex -46.4782 2.88771 2
      vertex -46.4782 2.88771 0
    endloop
  endfacet
  facet normal -0.555593 -0.831454 0
    outer loop
      vertex -44.2 4.88564 0
      vertex -44.026 4.76937 2
      vertex -44.2 4.88564 2
    endloop
  endfacet
  facet normal -0.555593 -0.831454 -0
    outer loop
      vertex -44.026 4.76937 2
      vertex -44.2 4.88564 0
      vertex -44.026 4.76937 0
    endloop
  endfacet
  facet normal -0.980813 0.194949 0
    outer loop
      vertex -43.4545 3.08589 0
      vertex -43.4137 3.29116 2
      vertex -43.4137 3.29116 0
    endloop
  endfacet
  facet normal -0.980813 0.194949 0
    outer loop
      vertex -43.4137 3.29116 2
      vertex -43.4545 3.08589 0
      vertex -43.4545 3.08589 2
    endloop
  endfacet
  facet normal 0.555593 -0.831454 0
    outer loop
      vertex -45.974 4.76937 0
      vertex -45.8 4.88564 2
      vertex -45.974 4.76937 2
    endloop
  endfacet
  facet normal 0.555593 -0.831454 0
    outer loop
      vertex -45.8 4.88564 2
      vertex -45.974 4.76937 0
      vertex -45.8 4.88564 0
    endloop
  endfacet
  facet normal -0.321397 -0.946944 0
    outer loop
      vertex -44.5859 5.04548 0
      vertex -44.3877 4.97821 2
      vertex -44.5859 5.04548 2
    endloop
  endfacet
  facet normal -0.321397 -0.946944 -0
    outer loop
      vertex -44.3877 4.97821 2
      vertex -44.5859 5.04548 0
      vertex -44.3877 4.97821 0
    endloop
  endfacet
  facet normal -0.946891 0.321555 0
    outer loop
      vertex -43.5218 2.88771 0
      vertex -43.4545 3.08589 2
      vertex -43.4545 3.08589 0
    endloop
  endfacet
  facet normal -0.946891 0.321555 0
    outer loop
      vertex -43.4545 3.08589 2
      vertex -43.5218 2.88771 0
      vertex -43.5218 2.88771 2
    endloop
  endfacet
  facet normal -0.442314 0.89686 0
    outer loop
      vertex -44.2 2.11436 0
      vertex -44.3877 2.02179 2
      vertex -44.2 2.11436 2
    endloop
  endfacet
  facet normal -0.442314 0.89686 0
    outer loop
      vertex -44.3877 2.02179 2
      vertex -44.2 2.11436 0
      vertex -44.3877 2.02179 0
    endloop
  endfacet
  facet normal 0.659248 -0.751925 0
    outer loop
      vertex -46.1314 4.63137 0
      vertex -45.974 4.76937 2
      vertex -46.1314 4.63137 2
    endloop
  endfacet
  facet normal 0.659248 -0.751925 0
    outer loop
      vertex -45.974 4.76937 2
      vertex -46.1314 4.63137 0
      vertex -45.974 4.76937 0
    endloop
  endfacet
  facet normal -0.896813 -0.44241 0
    outer loop
      vertex -43.5218 4.11229 0
      vertex -43.6144 4.3 2
      vertex -43.6144 4.3 0
    endloop
  endfacet
  facet normal -0.896813 -0.44241 0
    outer loop
      vertex -43.6144 4.3 2
      vertex -43.5218 4.11229 0
      vertex -43.5218 4.11229 2
    endloop
  endfacet
  facet normal 0.195059 -0.980791 0
    outer loop
      vertex -45.4141 5.04548 0
      vertex -45.2088 5.08631 2
      vertex -45.4141 5.04548 2
    endloop
  endfacet
  facet normal 0.195059 -0.980791 0
    outer loop
      vertex -45.2088 5.08631 2
      vertex -45.4141 5.04548 0
      vertex -45.2088 5.08631 0
    endloop
  endfacet
  facet normal -0.831638 0.555318 0
    outer loop
      vertex -43.7306 2.52598 0
      vertex -43.6144 2.7 2
      vertex -43.6144 2.7 0
    endloop
  endfacet
  facet normal -0.831638 0.555318 0
    outer loop
      vertex -43.6144 2.7 2
      vertex -43.7306 2.52598 0
      vertex -43.7306 2.52598 2
    endloop
  endfacet
  facet normal -0.0654247 0.997858 0
    outer loop
      vertex -44.7912 1.91369 0
      vertex -45 1.9 2
      vertex -44.7912 1.91369 2
    endloop
  endfacet
  facet normal -0.0654247 0.997858 0
    outer loop
      vertex -45 1.9 2
      vertex -44.7912 1.91369 0
      vertex -45 1.9 0
    endloop
  endfacet
  facet normal 0.896813 0.44241 0
    outer loop
      vertex -46.3856 2.7 2
      vertex -46.4782 2.88771 0
      vertex -46.4782 2.88771 2
    endloop
  endfacet
  facet normal 0.896813 0.44241 0
    outer loop
      vertex -46.4782 2.88771 0
      vertex -46.3856 2.7 2
      vertex -46.3856 2.7 0
    endloop
  endfacet
  facet normal -0.442314 -0.89686 0
    outer loop
      vertex -44.3877 4.97821 0
      vertex -44.2 4.88564 2
      vertex -44.3877 4.97821 2
    endloop
  endfacet
  facet normal -0.442314 -0.89686 -0
    outer loop
      vertex -44.2 4.88564 2
      vertex -44.3877 4.97821 0
      vertex -44.2 4.88564 0
    endloop
  endfacet
  facet normal 0.321397 0.946944 -0
    outer loop
      vertex -45.4141 1.95452 0
      vertex -45.6123 2.02179 2
      vertex -45.4141 1.95452 2
    endloop
  endfacet
  facet normal 0.321397 0.946944 0
    outer loop
      vertex -45.6123 2.02179 2
      vertex -45.4141 1.95452 0
      vertex -45.6123 2.02179 0
    endloop
  endfacet
  facet normal 0.442314 -0.89686 0
    outer loop
      vertex -45.8 4.88564 0
      vertex -45.6123 4.97821 2
      vertex -45.8 4.88564 2
    endloop
  endfacet
  facet normal 0.442314 -0.89686 0
    outer loop
      vertex -45.6123 4.97821 2
      vertex -45.8 4.88564 0
      vertex -45.6123 4.97821 0
    endloop
  endfacet
  facet normal 0.442314 0.89686 -0
    outer loop
      vertex -45.6123 2.02179 0
      vertex -45.8 2.11436 2
      vertex -45.6123 2.02179 2
    endloop
  endfacet
  facet normal 0.442314 0.89686 0
    outer loop
      vertex -45.8 2.11436 2
      vertex -45.6123 2.02179 0
      vertex -45.8 2.11436 0
    endloop
  endfacet
  facet normal 0.980813 0.194949 0
    outer loop
      vertex -46.5455 3.08589 2
      vertex -46.5863 3.29116 0
      vertex -46.5863 3.29116 2
    endloop
  endfacet
  facet normal 0.980813 0.194949 0
    outer loop
      vertex -46.5863 3.29116 0
      vertex -46.5455 3.08589 2
      vertex -46.5455 3.08589 0
    endloop
  endfacet
  facet normal 0.555593 0.831454 -0
    outer loop
      vertex -45.8 2.11436 0
      vertex -45.974 2.23063 2
      vertex -45.8 2.11436 2
    endloop
  endfacet
  facet normal 0.555593 0.831454 0
    outer loop
      vertex -45.974 2.23063 2
      vertex -45.8 2.11436 0
      vertex -45.974 2.23063 0
    endloop
  endfacet
  facet normal -0.195059 -0.980791 0
    outer loop
      vertex -44.7912 5.08631 0
      vertex -44.5859 5.04548 2
      vertex -44.7912 5.08631 2
    endloop
  endfacet
  facet normal -0.195059 -0.980791 -0
    outer loop
      vertex -44.5859 5.04548 2
      vertex -44.7912 5.08631 0
      vertex -44.5859 5.04548 0
    endloop
  endfacet
  facet normal -0.195059 0.980791 0
    outer loop
      vertex -44.5859 1.95452 0
      vertex -44.7912 1.91369 2
      vertex -44.5859 1.95452 2
    endloop
  endfacet
  facet normal -0.195059 0.980791 0
    outer loop
      vertex -44.7912 1.91369 2
      vertex -44.5859 1.95452 0
      vertex -44.7912 1.91369 0
    endloop
  endfacet
  facet normal 0.751821 0.659367 0
    outer loop
      vertex -46.1314 2.36863 2
      vertex -46.2694 2.52598 0
      vertex -46.2694 2.52598 2
    endloop
  endfacet
  facet normal 0.751821 0.659367 0
    outer loop
      vertex -46.2694 2.52598 0
      vertex -46.1314 2.36863 2
      vertex -46.1314 2.36863 0
    endloop
  endfacet
  facet normal 0.751821 -0.659367 0
    outer loop
      vertex -46.2694 4.47402 2
      vertex -46.1314 4.63137 0
      vertex -46.1314 4.63137 2
    endloop
  endfacet
  facet normal 0.751821 -0.659367 0
    outer loop
      vertex -46.1314 4.63137 0
      vertex -46.2694 4.47402 2
      vertex -46.2694 4.47402 0
    endloop
  endfacet
  facet normal -0.997855 0.0654598 0
    outer loop
      vertex -43.4137 3.29116 0
      vertex -43.4 3.5 2
      vertex -43.4 3.5 0
    endloop
  endfacet
  facet normal -0.997855 0.0654598 0
    outer loop
      vertex -43.4 3.5 2
      vertex -43.4137 3.29116 0
      vertex -43.4137 3.29116 2
    endloop
  endfacet
  facet normal 0.997855 0.0654598 0
    outer loop
      vertex -46.5863 3.29116 2
      vertex -46.6 3.5 0
      vertex -46.6 3.5 2
    endloop
  endfacet
  facet normal 0.997855 0.0654598 0
    outer loop
      vertex -46.6 3.5 0
      vertex -46.5863 3.29116 2
      vertex -46.5863 3.29116 0
    endloop
  endfacet
  facet normal -0.321397 0.946944 0
    outer loop
      vertex -44.3877 2.02179 0
      vertex -44.5859 1.95452 2
      vertex -44.3877 2.02179 2
    endloop
  endfacet
  facet normal -0.321397 0.946944 0
    outer loop
      vertex -44.5859 1.95452 2
      vertex -44.3877 2.02179 0
      vertex -44.5859 1.95452 0
    endloop
  endfacet
  facet normal -0.555593 0.831454 0
    outer loop
      vertex -44.026 2.23063 0
      vertex -44.2 2.11436 2
      vertex -44.026 2.23063 2
    endloop
  endfacet
  facet normal -0.555593 0.831454 0
    outer loop
      vertex -44.2 2.11436 2
      vertex -44.026 2.23063 0
      vertex -44.2 2.11436 0
    endloop
  endfacet
  facet normal -0.751821 0.659367 0
    outer loop
      vertex -43.8686 2.36863 0
      vertex -43.7306 2.52598 2
      vertex -43.7306 2.52598 0
    endloop
  endfacet
  facet normal -0.751821 0.659367 0
    outer loop
      vertex -43.7306 2.52598 2
      vertex -43.8686 2.36863 0
      vertex -43.8686 2.36863 2
    endloop
  endfacet
  facet normal 0.831638 0.555318 0
    outer loop
      vertex -46.2694 2.52598 2
      vertex -46.3856 2.7 0
      vertex -46.3856 2.7 2
    endloop
  endfacet
  facet normal 0.831638 0.555318 0
    outer loop
      vertex -46.3856 2.7 0
      vertex -46.2694 2.52598 2
      vertex -46.2694 2.52598 0
    endloop
  endfacet
  facet normal -0.659248 0.751925 0
    outer loop
      vertex -43.8686 2.36863 0
      vertex -44.026 2.23063 2
      vertex -43.8686 2.36863 2
    endloop
  endfacet
  facet normal -0.659248 0.751925 0
    outer loop
      vertex -44.026 2.23063 2
      vertex -43.8686 2.36863 0
      vertex -44.026 2.23063 0
    endloop
  endfacet
  facet normal 0.0654247 0.997858 -0
    outer loop
      vertex -45 1.9 0
      vertex -45.2088 1.91369 2
      vertex -45 1.9 2
    endloop
  endfacet
  facet normal 0.0654247 0.997858 0
    outer loop
      vertex -45.2088 1.91369 2
      vertex -45 1.9 0
      vertex -45.2088 1.91369 0
    endloop
  endfacet
  facet normal -0.896813 0.44241 0
    outer loop
      vertex -43.6144 2.7 0
      vertex -43.5218 2.88771 2
      vertex -43.5218 2.88771 0
    endloop
  endfacet
  facet normal -0.896813 0.44241 0
    outer loop
      vertex -43.5218 2.88771 2
      vertex -43.6144 2.7 0
      vertex -43.6144 2.7 2
    endloop
  endfacet
  facet normal 0.0654247 -0.997858 0
    outer loop
      vertex -45.2088 5.08631 0
      vertex -45 5.1 2
      vertex -45.2088 5.08631 2
    endloop
  endfacet
  facet normal 0.0654247 -0.997858 0
    outer loop
      vertex -45 5.1 2
      vertex -45.2088 5.08631 0
      vertex -45 5.1 0
    endloop
  endfacet
  facet normal 0.980813 -0.194949 0
    outer loop
      vertex -46.5863 3.70884 2
      vertex -46.5455 3.91411 0
      vertex -46.5455 3.91411 2
    endloop
  endfacet
  facet normal 0.980813 -0.194949 0
    outer loop
      vertex -46.5455 3.91411 0
      vertex -46.5863 3.70884 2
      vertex -46.5863 3.70884 0
    endloop
  endfacet
  facet normal 0.195059 0.980791 -0
    outer loop
      vertex -45.2088 1.91369 0
      vertex -45.4141 1.95452 2
      vertex -45.2088 1.91369 2
    endloop
  endfacet
  facet normal 0.195059 0.980791 0
    outer loop
      vertex -45.4141 1.95452 2
      vertex -45.2088 1.91369 0
      vertex -45.4141 1.95452 0
    endloop
  endfacet
  facet normal 0.321397 -0.946944 0
    outer loop
      vertex -45.6123 4.97821 0
      vertex -45.4141 5.04548 2
      vertex -45.6123 4.97821 2
    endloop
  endfacet
  facet normal 0.321397 -0.946944 0
    outer loop
      vertex -45.4141 5.04548 2
      vertex -45.6123 4.97821 0
      vertex -45.4141 5.04548 0
    endloop
  endfacet
  facet normal -0.659248 -0.751925 0
    outer loop
      vertex -44.026 4.76937 0
      vertex -43.8686 4.63137 2
      vertex -44.026 4.76937 2
    endloop
  endfacet
  facet normal -0.659248 -0.751925 -0
    outer loop
      vertex -43.8686 4.63137 2
      vertex -44.026 4.76937 0
      vertex -43.8686 4.63137 0
    endloop
  endfacet
  facet normal -0.0654247 -0.997858 0
    outer loop
      vertex -45 5.1 0
      vertex -44.7912 5.08631 2
      vertex -45 5.1 2
    endloop
  endfacet
  facet normal -0.0654247 -0.997858 -0
    outer loop
      vertex -44.7912 5.08631 2
      vertex -45 5.1 0
      vertex -44.7912 5.08631 0
    endloop
  endfacet
  facet normal 0.896813 -0.44241 0
    outer loop
      vertex -46.4782 4.11229 2
      vertex -46.3856 4.3 0
      vertex -46.3856 4.3 2
    endloop
  endfacet
  facet normal 0.896813 -0.44241 0
    outer loop
      vertex -46.3856 4.3 0
      vertex -46.4782 4.11229 2
      vertex -46.4782 4.11229 0
    endloop
  endfacet
  facet normal -0.751821 -0.659367 0
    outer loop
      vertex -43.7306 4.47402 0
      vertex -43.8686 4.63137 2
      vertex -43.8686 4.63137 0
    endloop
  endfacet
  facet normal -0.751821 -0.659367 0
    outer loop
      vertex -43.8686 4.63137 2
      vertex -43.7306 4.47402 0
      vertex -43.7306 4.47402 2
    endloop
  endfacet
  facet normal 0.659248 0.751925 -0
    outer loop
      vertex -45.974 2.23063 0
      vertex -46.1314 2.36863 2
      vertex -45.974 2.23063 2
    endloop
  endfacet
  facet normal 0.659248 0.751925 0
    outer loop
      vertex -46.1314 2.36863 2
      vertex -45.974 2.23063 0
      vertex -46.1314 2.36863 0
    endloop
  endfacet
  facet normal 0.946891 -0.321555 0
    outer loop
      vertex -46.5455 3.91411 2
      vertex -46.4782 4.11229 0
      vertex -46.4782 4.11229 2
    endloop
  endfacet
  facet normal 0.946891 -0.321555 0
    outer loop
      vertex -46.4782 4.11229 0
      vertex -46.5455 3.91411 2
      vertex -46.5455 3.91411 0
    endloop
  endfacet
  facet normal 0.997855 -0.0654598 0
    outer loop
      vertex -46.6 3.5 2
      vertex -46.5863 3.70884 0
      vertex -46.5863 3.70884 2
    endloop
  endfacet
  facet normal 0.997855 -0.0654598 0
    outer loop
      vertex -46.5863 3.70884 0
      vertex -46.6 3.5 2
      vertex -46.6 3.5 0
    endloop
  endfacet
  facet normal 0.831638 -0.555318 0
    outer loop
      vertex -46.3856 4.3 2
      vertex -46.2694 4.47402 0
      vertex -46.2694 4.47402 2
    endloop
  endfacet
  facet normal 0.831638 -0.555318 0
    outer loop
      vertex -46.2694 4.47402 0
      vertex -46.3856 4.3 2
      vertex -46.3856 4.3 0
    endloop
  endfacet
  facet normal -0.980813 -0.194949 0
    outer loop
      vertex 46.5863 3.70884 0
      vertex 46.5455 3.91411 2
      vertex 46.5455 3.91411 0
    endloop
  endfacet
  facet normal -0.980813 -0.194949 0
    outer loop
      vertex 46.5455 3.91411 2
      vertex 46.5863 3.70884 0
      vertex 46.5863 3.70884 2
    endloop
  endfacet
  facet normal -0.997855 -0.0654598 0
    outer loop
      vertex 46.6 3.5 0
      vertex 46.5863 3.70884 2
      vertex 46.5863 3.70884 0
    endloop
  endfacet
  facet normal -0.997855 -0.0654598 0
    outer loop
      vertex 46.5863 3.70884 2
      vertex 46.6 3.5 0
      vertex 46.6 3.5 2
    endloop
  endfacet
  facet normal -0.946891 -0.321555 0
    outer loop
      vertex 46.5455 3.91411 0
      vertex 46.4782 4.11229 2
      vertex 46.4782 4.11229 0
    endloop
  endfacet
  facet normal -0.946891 -0.321555 0
    outer loop
      vertex 46.4782 4.11229 2
      vertex 46.5455 3.91411 0
      vertex 46.5455 3.91411 2
    endloop
  endfacet
  facet normal -0.831638 -0.555318 0
    outer loop
      vertex 46.3856 4.3 0
      vertex 46.2694 4.47402 2
      vertex 46.2694 4.47402 0
    endloop
  endfacet
  facet normal -0.831638 -0.555318 0
    outer loop
      vertex 46.2694 4.47402 2
      vertex 46.3856 4.3 0
      vertex 46.3856 4.3 2
    endloop
  endfacet
  facet normal 0.946891 0.321555 0
    outer loop
      vertex 43.5218 2.88771 2
      vertex 43.4545 3.08589 0
      vertex 43.4545 3.08589 2
    endloop
  endfacet
  facet normal 0.946891 0.321555 0
    outer loop
      vertex 43.4545 3.08589 0
      vertex 43.5218 2.88771 2
      vertex 43.5218 2.88771 0
    endloop
  endfacet
  facet normal -0.980813 0.194949 0
    outer loop
      vertex 46.5455 3.08589 0
      vertex 46.5863 3.29116 2
      vertex 46.5863 3.29116 0
    endloop
  endfacet
  facet normal -0.980813 0.194949 0
    outer loop
      vertex 46.5863 3.29116 2
      vertex 46.5455 3.08589 0
      vertex 46.5455 3.08589 2
    endloop
  endfacet
  facet normal 0.555593 -0.831454 0
    outer loop
      vertex 44.026 4.76937 0
      vertex 44.2 4.88564 2
      vertex 44.026 4.76937 2
    endloop
  endfacet
  facet normal 0.555593 -0.831454 0
    outer loop
      vertex 44.2 4.88564 2
      vertex 44.026 4.76937 0
      vertex 44.2 4.88564 0
    endloop
  endfacet
  facet normal -0.321397 -0.946944 0
    outer loop
      vertex 45.4141 5.04548 0
      vertex 45.6123 4.97821 2
      vertex 45.4141 5.04548 2
    endloop
  endfacet
  facet normal -0.321397 -0.946944 -0
    outer loop
      vertex 45.6123 4.97821 2
      vertex 45.4141 5.04548 0
      vertex 45.6123 4.97821 0
    endloop
  endfacet
  facet normal -0.946891 0.321555 0
    outer loop
      vertex 46.4782 2.88771 0
      vertex 46.5455 3.08589 2
      vertex 46.5455 3.08589 0
    endloop
  endfacet
  facet normal -0.946891 0.321555 0
    outer loop
      vertex 46.5455 3.08589 2
      vertex 46.4782 2.88771 0
      vertex 46.4782 2.88771 2
    endloop
  endfacet
  facet normal -0.442314 0.89686 0
    outer loop
      vertex 45.8 2.11436 0
      vertex 45.6123 2.02179 2
      vertex 45.8 2.11436 2
    endloop
  endfacet
  facet normal -0.442314 0.89686 0
    outer loop
      vertex 45.6123 2.02179 2
      vertex 45.8 2.11436 0
      vertex 45.6123 2.02179 0
    endloop
  endfacet
  facet normal 0.659248 -0.751925 0
    outer loop
      vertex 43.8686 4.63137 0
      vertex 44.026 4.76937 2
      vertex 43.8686 4.63137 2
    endloop
  endfacet
  facet normal 0.659248 -0.751925 0
    outer loop
      vertex 44.026 4.76937 2
      vertex 43.8686 4.63137 0
      vertex 44.026 4.76937 0
    endloop
  endfacet
  facet normal -0.896813 -0.44241 0
    outer loop
      vertex 46.4782 4.11229 0
      vertex 46.3856 4.3 2
      vertex 46.3856 4.3 0
    endloop
  endfacet
  facet normal -0.896813 -0.44241 0
    outer loop
      vertex 46.3856 4.3 2
      vertex 46.4782 4.11229 0
      vertex 46.4782 4.11229 2
    endloop
  endfacet
  facet normal 0.195059 -0.980791 0
    outer loop
      vertex 44.5859 5.04548 0
      vertex 44.7912 5.08631 2
      vertex 44.5859 5.04548 2
    endloop
  endfacet
  facet normal 0.195059 -0.980791 0
    outer loop
      vertex 44.7912 5.08631 2
      vertex 44.5859 5.04548 0
      vertex 44.7912 5.08631 0
    endloop
  endfacet
  facet normal -0.831638 0.555318 0
    outer loop
      vertex 46.2694 2.52598 0
      vertex 46.3856 2.7 2
      vertex 46.3856 2.7 0
    endloop
  endfacet
  facet normal -0.831638 0.555318 0
    outer loop
      vertex 46.3856 2.7 2
      vertex 46.2694 2.52598 0
      vertex 46.2694 2.52598 2
    endloop
  endfacet
  facet normal -0.0654247 0.997858 0
    outer loop
      vertex 45.2088 1.91369 0
      vertex 45 1.9 2
      vertex 45.2088 1.91369 2
    endloop
  endfacet
  facet normal -0.0654247 0.997858 0
    outer loop
      vertex 45 1.9 2
      vertex 45.2088 1.91369 0
      vertex 45 1.9 0
    endloop
  endfacet
  facet normal 0.896813 0.44241 0
    outer loop
      vertex 43.6144 2.7 2
      vertex 43.5218 2.88771 0
      vertex 43.5218 2.88771 2
    endloop
  endfacet
  facet normal 0.896813 0.44241 0
    outer loop
      vertex 43.5218 2.88771 0
      vertex 43.6144 2.7 2
      vertex 43.6144 2.7 0
    endloop
  endfacet
  facet normal -0.442314 -0.89686 0
    outer loop
      vertex 45.6123 4.97821 0
      vertex 45.8 4.88564 2
      vertex 45.6123 4.97821 2
    endloop
  endfacet
  facet normal -0.442314 -0.89686 -0
    outer loop
      vertex 45.8 4.88564 2
      vertex 45.6123 4.97821 0
      vertex 45.8 4.88564 0
    endloop
  endfacet
  facet normal 0.321397 0.946944 -0
    outer loop
      vertex 44.5859 1.95452 0
      vertex 44.3877 2.02179 2
      vertex 44.5859 1.95452 2
    endloop
  endfacet
  facet normal 0.321397 0.946944 0
    outer loop
      vertex 44.3877 2.02179 2
      vertex 44.5859 1.95452 0
      vertex 44.3877 2.02179 0
    endloop
  endfacet
  facet normal 0.442314 -0.89686 0
    outer loop
      vertex 44.2 4.88564 0
      vertex 44.3877 4.97821 2
      vertex 44.2 4.88564 2
    endloop
  endfacet
  facet normal 0.442314 -0.89686 0
    outer loop
      vertex 44.3877 4.97821 2
      vertex 44.2 4.88564 0
      vertex 44.3877 4.97821 0
    endloop
  endfacet
  facet normal 0.442314 0.89686 -0
    outer loop
      vertex 44.3877 2.02179 0
      vertex 44.2 2.11436 2
      vertex 44.3877 2.02179 2
    endloop
  endfacet
  facet normal 0.442314 0.89686 0
    outer loop
      vertex 44.2 2.11436 2
      vertex 44.3877 2.02179 0
      vertex 44.2 2.11436 0
    endloop
  endfacet
  facet normal 0.980813 0.194949 0
    outer loop
      vertex 43.4545 3.08589 2
      vertex 43.4137 3.29116 0
      vertex 43.4137 3.29116 2
    endloop
  endfacet
  facet normal 0.980813 0.194949 0
    outer loop
      vertex 43.4137 3.29116 0
      vertex 43.4545 3.08589 2
      vertex 43.4545 3.08589 0
    endloop
  endfacet
  facet normal 0.555593 0.831454 -0
    outer loop
      vertex 44.2 2.11436 0
      vertex 44.026 2.23063 2
      vertex 44.2 2.11436 2
    endloop
  endfacet
  facet normal 0.555593 0.831454 0
    outer loop
      vertex 44.026 2.23063 2
      vertex 44.2 2.11436 0
      vertex 44.026 2.23063 0
    endloop
  endfacet
  facet normal -0.195059 -0.980791 0
    outer loop
      vertex 45.2088 5.08631 0
      vertex 45.4141 5.04548 2
      vertex 45.2088 5.08631 2
    endloop
  endfacet
  facet normal -0.195059 -0.980791 -0
    outer loop
      vertex 45.4141 5.04548 2
      vertex 45.2088 5.08631 0
      vertex 45.4141 5.04548 0
    endloop
  endfacet
  facet normal -0.195059 0.980791 0
    outer loop
      vertex 45.4141 1.95452 0
      vertex 45.2088 1.91369 2
      vertex 45.4141 1.95452 2
    endloop
  endfacet
  facet normal -0.195059 0.980791 0
    outer loop
      vertex 45.2088 1.91369 2
      vertex 45.4141 1.95452 0
      vertex 45.2088 1.91369 0
    endloop
  endfacet
  facet normal 0.751821 0.659367 0
    outer loop
      vertex 43.8686 2.36863 2
      vertex 43.7306 2.52598 0
      vertex 43.7306 2.52598 2
    endloop
  endfacet
  facet normal 0.751821 0.659367 0
    outer loop
      vertex 43.7306 2.52598 0
      vertex 43.8686 2.36863 2
      vertex 43.8686 2.36863 0
    endloop
  endfacet
  facet normal 0.751821 -0.659367 0
    outer loop
      vertex 43.7306 4.47402 2
      vertex 43.8686 4.63137 0
      vertex 43.8686 4.63137 2
    endloop
  endfacet
  facet normal 0.751821 -0.659367 0
    outer loop
      vertex 43.8686 4.63137 0
      vertex 43.7306 4.47402 2
      vertex 43.7306 4.47402 0
    endloop
  endfacet
  facet normal -0.997855 0.0654598 0
    outer loop
      vertex 46.5863 3.29116 0
      vertex 46.6 3.5 2
      vertex 46.6 3.5 0
    endloop
  endfacet
  facet normal -0.997855 0.0654598 0
    outer loop
      vertex 46.6 3.5 2
      vertex 46.5863 3.29116 0
      vertex 46.5863 3.29116 2
    endloop
  endfacet
  facet normal 0.997855 0.0654598 0
    outer loop
      vertex 43.4137 3.29116 2
      vertex 43.4 3.5 0
      vertex 43.4 3.5 2
    endloop
  endfacet
  facet normal 0.997855 0.0654598 0
    outer loop
      vertex 43.4 3.5 0
      vertex 43.4137 3.29116 2
      vertex 43.4137 3.29116 0
    endloop
  endfacet
  facet normal -0.659248 0.751925 0
    outer loop
      vertex 46.1314 2.36863 0
      vertex 45.974 2.23063 2
      vertex 46.1314 2.36863 2
    endloop
  endfacet
  facet normal -0.659248 0.751925 0
    outer loop
      vertex 45.974 2.23063 2
      vertex 46.1314 2.36863 0
      vertex 45.974 2.23063 0
    endloop
  endfacet
  facet normal -0.321397 0.946944 0
    outer loop
      vertex 45.6123 2.02179 0
      vertex 45.4141 1.95452 2
      vertex 45.6123 2.02179 2
    endloop
  endfacet
  facet normal -0.321397 0.946944 0
    outer loop
      vertex 45.4141 1.95452 2
      vertex 45.6123 2.02179 0
      vertex 45.4141 1.95452 0
    endloop
  endfacet
  facet normal -0.555593 0.831454 0
    outer loop
      vertex 45.974 2.23063 0
      vertex 45.8 2.11436 2
      vertex 45.974 2.23063 2
    endloop
  endfacet
  facet normal -0.555593 0.831454 0
    outer loop
      vertex 45.8 2.11436 2
      vertex 45.974 2.23063 0
      vertex 45.8 2.11436 0
    endloop
  endfacet
  facet normal -0.751821 0.659367 0
    outer loop
      vertex 46.1314 2.36863 0
      vertex 46.2694 2.52598 2
      vertex 46.2694 2.52598 0
    endloop
  endfacet
  facet normal -0.751821 0.659367 0
    outer loop
      vertex 46.2694 2.52598 2
      vertex 46.1314 2.36863 0
      vertex 46.1314 2.36863 2
    endloop
  endfacet
  facet normal 0.831638 0.555318 0
    outer loop
      vertex 43.7306 2.52598 2
      vertex 43.6144 2.7 0
      vertex 43.6144 2.7 2
    endloop
  endfacet
  facet normal 0.831638 0.555318 0
    outer loop
      vertex 43.6144 2.7 0
      vertex 43.7306 2.52598 2
      vertex 43.7306 2.52598 0
    endloop
  endfacet
  facet normal 0.0654247 0.997858 -0
    outer loop
      vertex 45 1.9 0
      vertex 44.7912 1.91369 2
      vertex 45 1.9 2
    endloop
  endfacet
  facet normal 0.0654247 0.997858 0
    outer loop
      vertex 44.7912 1.91369 2
      vertex 45 1.9 0
      vertex 44.7912 1.91369 0
    endloop
  endfacet
  facet normal -0.896813 0.44241 0
    outer loop
      vertex 46.3856 2.7 0
      vertex 46.4782 2.88771 2
      vertex 46.4782 2.88771 0
    endloop
  endfacet
  facet normal -0.896813 0.44241 0
    outer loop
      vertex 46.4782 2.88771 2
      vertex 46.3856 2.7 0
      vertex 46.3856 2.7 2
    endloop
  endfacet
  facet normal 0.0654247 -0.997858 0
    outer loop
      vertex 44.7912 5.08631 0
      vertex 45 5.1 2
      vertex 44.7912 5.08631 2
    endloop
  endfacet
  facet normal 0.0654247 -0.997858 0
    outer loop
      vertex 45 5.1 2
      vertex 44.7912 5.08631 0
      vertex 45 5.1 0
    endloop
  endfacet
  facet normal 0.980813 -0.194949 0
    outer loop
      vertex 43.4137 3.70884 2
      vertex 43.4545 3.91411 0
      vertex 43.4545 3.91411 2
    endloop
  endfacet
  facet normal 0.980813 -0.194949 0
    outer loop
      vertex 43.4545 3.91411 0
      vertex 43.4137 3.70884 2
      vertex 43.4137 3.70884 0
    endloop
  endfacet
  facet normal -0.555593 -0.831454 0
    outer loop
      vertex 45.8 4.88564 0
      vertex 45.974 4.76937 2
      vertex 45.8 4.88564 2
    endloop
  endfacet
  facet normal -0.555593 -0.831454 -0
    outer loop
      vertex 45.974 4.76937 2
      vertex 45.8 4.88564 0
      vertex 45.974 4.76937 0
    endloop
  endfacet
  facet normal 0.195059 0.980791 -0
    outer loop
      vertex 44.7912 1.91369 0
      vertex 44.5859 1.95452 2
      vertex 44.7912 1.91369 2
    endloop
  endfacet
  facet normal 0.195059 0.980791 0
    outer loop
      vertex 44.5859 1.95452 2
      vertex 44.7912 1.91369 0
      vertex 44.5859 1.95452 0
    endloop
  endfacet
  facet normal 0.321397 -0.946944 0
    outer loop
      vertex 44.3877 4.97821 0
      vertex 44.5859 5.04548 2
      vertex 44.3877 4.97821 2
    endloop
  endfacet
  facet normal 0.321397 -0.946944 0
    outer loop
      vertex 44.5859 5.04548 2
      vertex 44.3877 4.97821 0
      vertex 44.5859 5.04548 0
    endloop
  endfacet
  facet normal -0.659248 -0.751925 0
    outer loop
      vertex 45.974 4.76937 0
      vertex 46.1314 4.63137 2
      vertex 45.974 4.76937 2
    endloop
  endfacet
  facet normal -0.659248 -0.751925 -0
    outer loop
      vertex 46.1314 4.63137 2
      vertex 45.974 4.76937 0
      vertex 46.1314 4.63137 0
    endloop
  endfacet
  facet normal -0.0654247 -0.997858 0
    outer loop
      vertex 45 5.1 0
      vertex 45.2088 5.08631 2
      vertex 45 5.1 2
    endloop
  endfacet
  facet normal -0.0654247 -0.997858 -0
    outer loop
      vertex 45.2088 5.08631 2
      vertex 45 5.1 0
      vertex 45.2088 5.08631 0
    endloop
  endfacet
  facet normal 0.896813 -0.44241 0
    outer loop
      vertex 43.5218 4.11229 2
      vertex 43.6144 4.3 0
      vertex 43.6144 4.3 2
    endloop
  endfacet
  facet normal 0.896813 -0.44241 0
    outer loop
      vertex 43.6144 4.3 0
      vertex 43.5218 4.11229 2
      vertex 43.5218 4.11229 0
    endloop
  endfacet
  facet normal -0.751821 -0.659367 0
    outer loop
      vertex 46.2694 4.47402 0
      vertex 46.1314 4.63137 2
      vertex 46.1314 4.63137 0
    endloop
  endfacet
  facet normal -0.751821 -0.659367 0
    outer loop
      vertex 46.1314 4.63137 2
      vertex 46.2694 4.47402 0
      vertex 46.2694 4.47402 2
    endloop
  endfacet
  facet normal 0.659248 0.751925 -0
    outer loop
      vertex 44.026 2.23063 0
      vertex 43.8686 2.36863 2
      vertex 44.026 2.23063 2
    endloop
  endfacet
  facet normal 0.659248 0.751925 0
    outer loop
      vertex 43.8686 2.36863 2
      vertex 44.026 2.23063 0
      vertex 43.8686 2.36863 0
    endloop
  endfacet
  facet normal 0.946891 -0.321555 0
    outer loop
      vertex 43.4545 3.91411 2
      vertex 43.5218 4.11229 0
      vertex 43.5218 4.11229 2
    endloop
  endfacet
  facet normal 0.946891 -0.321555 0
    outer loop
      vertex 43.5218 4.11229 0
      vertex 43.4545 3.91411 2
      vertex 43.4545 3.91411 0
    endloop
  endfacet
  facet normal 0.997855 -0.0654598 0
    outer loop
      vertex 43.4 3.5 2
      vertex 43.4137 3.70884 0
      vertex 43.4137 3.70884 2
    endloop
  endfacet
  facet normal 0.997855 -0.0654598 0
    outer loop
      vertex 43.4137 3.70884 0
      vertex 43.4 3.5 2
      vertex 43.4 3.5 0
    endloop
  endfacet
  facet normal 0.831638 -0.555318 0
    outer loop
      vertex 43.6144 4.3 2
      vertex 43.7306 4.47402 0
      vertex 43.7306 4.47402 2
    endloop
  endfacet
  facet normal 0.831638 -0.555318 0
    outer loop
      vertex 43.7306 4.47402 0
      vertex 43.6144 4.3 2
      vertex 43.6144 4.3 0
    endloop
  endfacet
  facet normal -0.980815 -0.19494 0
    outer loop
      vertex -53.4051 3.57831 0
      vertex -53.4204 3.65529 2
      vertex -53.4204 3.65529 0
    endloop
  endfacet
  facet normal -0.980815 -0.19494 0
    outer loop
      vertex -53.4204 3.65529 2
      vertex -53.4051 3.57831 0
      vertex -53.4051 3.57831 2
    endloop
  endfacet
  facet normal -0.997886 -0.0649881 0
    outer loop
      vertex -53.4 3.5 0
      vertex -53.4051 3.57831 2
      vertex -53.4051 3.57831 0
    endloop
  endfacet
  facet normal -0.997886 -0.0649881 0
    outer loop
      vertex -53.4051 3.57831 2
      vertex -53.4 3.5 0
      vertex -53.4 3.5 2
    endloop
  endfacet
  facet normal -0.946652 -0.322259 0
    outer loop
      vertex -53.4204 3.65529 0
      vertex -53.4457 3.72961 2
      vertex -53.4457 3.72961 0
    endloop
  endfacet
  facet normal -0.946652 -0.322259 0
    outer loop
      vertex -53.4457 3.72961 2
      vertex -53.4204 3.65529 0
      vertex -53.4204 3.65529 2
    endloop
  endfacet
  facet normal -0.946652 0.322259 0
    outer loop
      vertex -53.4457 3.27039 0
      vertex -53.4204 3.34471 2
      vertex -53.4204 3.34471 0
    endloop
  endfacet
  facet normal -0.946652 0.322259 0
    outer loop
      vertex -53.4204 3.34471 2
      vertex -53.4457 3.27039 0
      vertex -53.4457 3.27039 2
    endloop
  endfacet
  facet normal -0.98081 0.194964 0
    outer loop
      vertex -53.4204 3.34471 0
      vertex -53.4051 3.42168 2
      vertex -53.4051 3.42168 0
    endloop
  endfacet
  facet normal -0.98081 0.194964 0
    outer loop
      vertex -53.4051 3.42168 2
      vertex -53.4204 3.34471 0
      vertex -53.4204 3.34471 2
    endloop
  endfacet
  facet normal -0.195014 0.980801 0
    outer loop
      vertex -53.8447 2.92044 0
      vertex -53.9217 2.90513 2
      vertex -53.8447 2.92044 2
    endloop
  endfacet
  facet normal -0.195014 0.980801 0
    outer loop
      vertex -53.9217 2.90513 2
      vertex -53.8447 2.92044 0
      vertex -53.9217 2.90513 0
    endloop
  endfacet
  facet normal -0.896936 0.44216 0
    outer loop
      vertex -53.4804 3.2 0
      vertex -53.4457 3.27039 2
      vertex -53.4457 3.27039 0
    endloop
  endfacet
  facet normal -0.896936 0.44216 0
    outer loop
      vertex -53.4457 3.27039 2
      vertex -53.4804 3.2 0
      vertex -53.4804 3.2 2
    endloop
  endfacet
  facet normal -0.442212 0.89691 0
    outer loop
      vertex -53.7 2.98038 0
      vertex -53.7704 2.94567 2
      vertex -53.7 2.98038 2
    endloop
  endfacet
  facet normal -0.442212 0.89691 0
    outer loop
      vertex -53.7704 2.94567 2
      vertex -53.7 2.98038 0
      vertex -53.7704 2.94567 0
    endloop
  endfacet
  facet normal 0.831501 -0.555523 0
    outer loop
      vertex -54.5196 3.8 2
      vertex -54.476 3.86526 0
      vertex -54.476 3.86526 2
    endloop
  endfacet
  facet normal 0.831501 -0.555523 0
    outer loop
      vertex -54.476 3.86526 0
      vertex -54.5196 3.8 2
      vertex -54.5196 3.8 0
    endloop
  endfacet
  facet normal -0.896936 -0.44216 0
    outer loop
      vertex -53.4457 3.72961 0
      vertex -53.4804 3.8 2
      vertex -53.4804 3.8 0
    endloop
  endfacet
  facet normal -0.896936 -0.44216 0
    outer loop
      vertex -53.4804 3.8 2
      vertex -53.4457 3.72961 0
      vertex -53.4457 3.72961 2
    endloop
  endfacet
  facet normal 0.752103 -0.659046 0
    outer loop
      vertex -54.476 3.86526 2
      vertex -54.4243 3.92426 0
      vertex -54.4243 3.92426 2
    endloop
  endfacet
  facet normal 0.752103 -0.659046 0
    outer loop
      vertex -54.4243 3.92426 0
      vertex -54.476 3.86526 2
      vertex -54.476 3.86526 0
    endloop
  endfacet
  facet normal 0.195014 0.980801 -0
    outer loop
      vertex -54.0783 2.90513 0
      vertex -54.1553 2.92044 2
      vertex -54.0783 2.90513 2
    endloop
  endfacet
  facet normal 0.195014 0.980801 0
    outer loop
      vertex -54.1553 2.92044 2
      vertex -54.0783 2.90513 0
      vertex -54.1553 2.92044 0
    endloop
  endfacet
  facet normal -0.195136 -0.980776 0
    outer loop
      vertex -53.9217 4.09487 0
      vertex -53.8447 4.07955 2
      vertex -53.9217 4.09487 2
    endloop
  endfacet
  facet normal -0.195136 -0.980776 -0
    outer loop
      vertex -53.8447 4.07955 2
      vertex -53.9217 4.09487 0
      vertex -53.8447 4.07955 0
    endloop
  endfacet
  facet normal -0.831501 0.555523 0
    outer loop
      vertex -53.524 3.13474 0
      vertex -53.4804 3.2 2
      vertex -53.4804 3.2 0
    endloop
  endfacet
  facet normal -0.831501 0.555523 0
    outer loop
      vertex -53.4804 3.2 2
      vertex -53.524 3.13474 0
      vertex -53.524 3.13474 2
    endloop
  endfacet
  facet normal -0.0653771 0.997861 0
    outer loop
      vertex -53.9217 2.90513 0
      vertex -54 2.9 2
      vertex -53.9217 2.90513 2
    endloop
  endfacet
  facet normal -0.0653771 0.997861 0
    outer loop
      vertex -54 2.9 2
      vertex -53.9217 2.90513 0
      vertex -54 2.9 0
    endloop
  endfacet
  facet normal 0.659406 0.751787 -0
    outer loop
      vertex -54.3653 3.02399 0
      vertex -54.4243 3.07574 2
      vertex -54.3653 3.02399 2
    endloop
  endfacet
  facet normal 0.659406 0.751787 0
    outer loop
      vertex -54.4243 3.07574 2
      vertex -54.3653 3.02399 0
      vertex -54.4243 3.07574 0
    endloop
  endfacet
  facet normal 0.997886 -0.0649881 0
    outer loop
      vertex -54.6 3.5 2
      vertex -54.5949 3.57831 0
      vertex -54.5949 3.57831 2
    endloop
  endfacet
  facet normal 0.997886 -0.0649881 0
    outer loop
      vertex -54.5949 3.57831 0
      vertex -54.6 3.5 2
      vertex -54.6 3.5 0
    endloop
  endfacet
  facet normal -0.442212 -0.89691 0
    outer loop
      vertex -53.7704 4.05433 0
      vertex -53.7 4.01962 2
      vertex -53.7704 4.05433 2
    endloop
  endfacet
  facet normal -0.442212 -0.89691 -0
    outer loop
      vertex -53.7 4.01962 2
      vertex -53.7704 4.05433 0
      vertex -53.7 4.01962 0
    endloop
  endfacet
  facet normal 0.896936 -0.44216 0
    outer loop
      vertex -54.5543 3.72961 2
      vertex -54.5196 3.8 0
      vertex -54.5196 3.8 2
    endloop
  endfacet
  facet normal 0.896936 -0.44216 0
    outer loop
      vertex -54.5196 3.8 0
      vertex -54.5543 3.72961 2
      vertex -54.5543 3.72961 0
    endloop
  endfacet
  facet normal 0.946652 0.322259 0
    outer loop
      vertex -54.5543 3.27039 2
      vertex -54.5796 3.34471 0
      vertex -54.5796 3.34471 2
    endloop
  endfacet
  facet normal 0.946652 0.322259 0
    outer loop
      vertex -54.5796 3.34471 0
      vertex -54.5543 3.27039 2
      vertex -54.5543 3.27039 0
    endloop
  endfacet
  facet normal -0.831501 -0.555523 0
    outer loop
      vertex -53.4804 3.8 0
      vertex -53.524 3.86526 2
      vertex -53.524 3.86526 0
    endloop
  endfacet
  facet normal -0.831501 -0.555523 0
    outer loop
      vertex -53.524 3.86526 2
      vertex -53.4804 3.8 0
      vertex -53.4804 3.8 2
    endloop
  endfacet
  facet normal 0.831501 0.555523 0
    outer loop
      vertex -54.476 3.13474 2
      vertex -54.5196 3.2 0
      vertex -54.5196 3.2 2
    endloop
  endfacet
  facet normal 0.831501 0.555523 0
    outer loop
      vertex -54.5196 3.2 0
      vertex -54.476 3.13474 2
      vertex -54.476 3.13474 0
    endloop
  endfacet
  facet normal 0.0653771 0.997861 -0
    outer loop
      vertex -54 2.9 0
      vertex -54.0783 2.90513 2
      vertex -54 2.9 2
    endloop
  endfacet
  facet normal 0.0653771 0.997861 0
    outer loop
      vertex -54.0783 2.90513 2
      vertex -54 2.9 0
      vertex -54.0783 2.90513 0
    endloop
  endfacet
  facet normal -0.752103 -0.659046 0
    outer loop
      vertex -53.524 3.86526 0
      vertex -53.5757 3.92426 2
      vertex -53.5757 3.92426 0
    endloop
  endfacet
  facet normal -0.752103 -0.659046 0
    outer loop
      vertex -53.5757 3.92426 2
      vertex -53.524 3.86526 0
      vertex -53.524 3.86526 2
    endloop
  endfacet
  facet normal -0.997887 0.0649798 0
    outer loop
      vertex -53.4051 3.42168 0
      vertex -53.4 3.5 2
      vertex -53.4 3.5 0
    endloop
  endfacet
  facet normal -0.997887 0.0649798 0
    outer loop
      vertex -53.4 3.5 2
      vertex -53.4051 3.42168 0
      vertex -53.4051 3.42168 2
    endloop
  endfacet
  facet normal -0.659406 -0.751787 0
    outer loop
      vertex -53.6347 3.97601 0
      vertex -53.5757 3.92426 2
      vertex -53.6347 3.97601 2
    endloop
  endfacet
  facet normal -0.659406 -0.751787 -0
    outer loop
      vertex -53.5757 3.92426 2
      vertex -53.6347 3.97601 0
      vertex -53.5757 3.92426 0
    endloop
  endfacet
  facet normal -0.555376 -0.831599 0
    outer loop
      vertex -53.7 4.01962 0
      vertex -53.6347 3.97601 2
      vertex -53.7 4.01962 2
    endloop
  endfacet
  facet normal -0.555376 -0.831599 -0
    outer loop
      vertex -53.6347 3.97601 2
      vertex -53.7 4.01962 0
      vertex -53.6347 3.97601 0
    endloop
  endfacet
  facet normal 0.442212 0.89691 -0
    outer loop
      vertex -54.2296 2.94567 0
      vertex -54.3 2.98038 2
      vertex -54.2296 2.94567 2
    endloop
  endfacet
  facet normal 0.442212 0.89691 0
    outer loop
      vertex -54.3 2.98038 2
      vertex -54.2296 2.94567 0
      vertex -54.3 2.98038 0
    endloop
  endfacet
  facet normal -0.321423 -0.946936 0
    outer loop
      vertex -53.8447 4.07955 0
      vertex -53.7704 4.05433 2
      vertex -53.8447 4.07955 2
    endloop
  endfacet
  facet normal -0.321423 -0.946936 -0
    outer loop
      vertex -53.7704 4.05433 2
      vertex -53.8447 4.07955 0
      vertex -53.7704 4.05433 0
    endloop
  endfacet
  facet normal -0.555376 0.831599 0
    outer loop
      vertex -53.6347 3.02399 0
      vertex -53.7 2.98038 2
      vertex -53.6347 3.02399 2
    endloop
  endfacet
  facet normal -0.555376 0.831599 0
    outer loop
      vertex -53.7 2.98038 2
      vertex -53.6347 3.02399 0
      vertex -53.7 2.98038 0
    endloop
  endfacet
  facet normal 0.442212 -0.89691 0
    outer loop
      vertex -54.3 4.01962 0
      vertex -54.2296 4.05433 2
      vertex -54.3 4.01962 2
    endloop
  endfacet
  facet normal 0.442212 -0.89691 0
    outer loop
      vertex -54.2296 4.05433 2
      vertex -54.3 4.01962 0
      vertex -54.2296 4.05433 0
    endloop
  endfacet
  facet normal 0.321537 0.946897 -0
    outer loop
      vertex -54.1553 2.92044 0
      vertex -54.2296 2.94567 2
      vertex -54.1553 2.92044 2
    endloop
  endfacet
  facet normal 0.321537 0.946897 0
    outer loop
      vertex -54.2296 2.94567 2
      vertex -54.1553 2.92044 0
      vertex -54.2296 2.94567 0
    endloop
  endfacet
  facet normal 0.555376 0.831599 -0
    outer loop
      vertex -54.3 2.98038 0
      vertex -54.3653 3.02399 2
      vertex -54.3 2.98038 2
    endloop
  endfacet
  facet normal 0.555376 0.831599 0
    outer loop
      vertex -54.3653 3.02399 2
      vertex -54.3 2.98038 0
      vertex -54.3653 3.02399 0
    endloop
  endfacet
  facet normal 0.997887 0.0649798 0
    outer loop
      vertex -54.5949 3.42168 2
      vertex -54.6 3.5 0
      vertex -54.6 3.5 2
    endloop
  endfacet
  facet normal 0.997887 0.0649798 0
    outer loop
      vertex -54.6 3.5 0
      vertex -54.5949 3.42168 2
      vertex -54.5949 3.42168 0
    endloop
  endfacet
  facet normal 0.896936 0.44216 0
    outer loop
      vertex -54.5196 3.2 2
      vertex -54.5543 3.27039 0
      vertex -54.5543 3.27039 2
    endloop
  endfacet
  facet normal 0.896936 0.44216 0
    outer loop
      vertex -54.5543 3.27039 0
      vertex -54.5196 3.2 2
      vertex -54.5196 3.2 0
    endloop
  endfacet
  facet normal -0.321537 0.946897 0
    outer loop
      vertex -53.7704 2.94567 0
      vertex -53.8447 2.92044 2
      vertex -53.7704 2.94567 2
    endloop
  endfacet
  facet normal -0.321537 0.946897 0
    outer loop
      vertex -53.8447 2.92044 2
      vertex -53.7704 2.94567 0
      vertex -53.8447 2.92044 0
    endloop
  endfacet
  facet normal -0.752103 0.659046 0
    outer loop
      vertex -53.5757 3.07574 0
      vertex -53.524 3.13474 2
      vertex -53.524 3.13474 0
    endloop
  endfacet
  facet normal -0.752103 0.659046 0
    outer loop
      vertex -53.524 3.13474 2
      vertex -53.5757 3.07574 0
      vertex -53.5757 3.07574 2
    endloop
  endfacet
  facet normal 0.659406 -0.751787 0
    outer loop
      vertex -54.4243 3.92426 0
      vertex -54.3653 3.97601 2
      vertex -54.4243 3.92426 2
    endloop
  endfacet
  facet normal 0.659406 -0.751787 0
    outer loop
      vertex -54.3653 3.97601 2
      vertex -54.4243 3.92426 0
      vertex -54.3653 3.97601 0
    endloop
  endfacet
  facet normal 0.555376 -0.831599 0
    outer loop
      vertex -54.3653 3.97601 0
      vertex -54.3 4.01962 2
      vertex -54.3653 3.97601 2
    endloop
  endfacet
  facet normal 0.555376 -0.831599 0
    outer loop
      vertex -54.3 4.01962 2
      vertex -54.3653 3.97601 0
      vertex -54.3 4.01962 0
    endloop
  endfacet
  facet normal 0.752103 0.659046 0
    outer loop
      vertex -54.4243 3.07574 2
      vertex -54.476 3.13474 0
      vertex -54.476 3.13474 2
    endloop
  endfacet
  facet normal 0.752103 0.659046 0
    outer loop
      vertex -54.476 3.13474 0
      vertex -54.4243 3.07574 2
      vertex -54.4243 3.07574 0
    endloop
  endfacet
  facet normal 0.980815 -0.19494 0
    outer loop
      vertex -54.5949 3.57831 2
      vertex -54.5796 3.65529 0
      vertex -54.5796 3.65529 2
    endloop
  endfacet
  facet normal 0.980815 -0.19494 0
    outer loop
      vertex -54.5796 3.65529 0
      vertex -54.5949 3.57831 2
      vertex -54.5949 3.57831 0
    endloop
  endfacet
  facet normal 0.321423 -0.946936 0
    outer loop
      vertex -54.2296 4.05433 0
      vertex -54.1553 4.07955 2
      vertex -54.2296 4.05433 2
    endloop
  endfacet
  facet normal 0.321423 -0.946936 0
    outer loop
      vertex -54.1553 4.07955 2
      vertex -54.2296 4.05433 0
      vertex -54.1553 4.07955 0
    endloop
  endfacet
  facet normal 0.98081 0.194964 0
    outer loop
      vertex -54.5796 3.34471 2
      vertex -54.5949 3.42168 0
      vertex -54.5949 3.42168 2
    endloop
  endfacet
  facet normal 0.98081 0.194964 0
    outer loop
      vertex -54.5949 3.42168 0
      vertex -54.5796 3.34471 2
      vertex -54.5796 3.34471 0
    endloop
  endfacet
  facet normal -0.0653771 -0.997861 0
    outer loop
      vertex -54 4.1 0
      vertex -53.9217 4.09487 2
      vertex -54 4.1 2
    endloop
  endfacet
  facet normal -0.0653771 -0.997861 -0
    outer loop
      vertex -53.9217 4.09487 2
      vertex -54 4.1 0
      vertex -53.9217 4.09487 0
    endloop
  endfacet
  facet normal 0.195136 -0.980776 0
    outer loop
      vertex -54.1553 4.07955 0
      vertex -54.0783 4.09487 2
      vertex -54.1553 4.07955 2
    endloop
  endfacet
  facet normal 0.195136 -0.980776 0
    outer loop
      vertex -54.0783 4.09487 2
      vertex -54.1553 4.07955 0
      vertex -54.0783 4.09487 0
    endloop
  endfacet
  facet normal -0.659406 0.751787 0
    outer loop
      vertex -53.5757 3.07574 0
      vertex -53.6347 3.02399 2
      vertex -53.5757 3.07574 2
    endloop
  endfacet
  facet normal -0.659406 0.751787 0
    outer loop
      vertex -53.6347 3.02399 2
      vertex -53.5757 3.07574 0
      vertex -53.6347 3.02399 0
    endloop
  endfacet
  facet normal 0.0653771 -0.997861 0
    outer loop
      vertex -54.0783 4.09487 0
      vertex -54 4.1 2
      vertex -54.0783 4.09487 2
    endloop
  endfacet
  facet normal 0.0653771 -0.997861 0
    outer loop
      vertex -54 4.1 2
      vertex -54.0783 4.09487 0
      vertex -54 4.1 0
    endloop
  endfacet
  facet normal 0.946652 -0.322259 0
    outer loop
      vertex -54.5796 3.65529 2
      vertex -54.5543 3.72961 0
      vertex -54.5543 3.72961 2
    endloop
  endfacet
  facet normal 0.946652 -0.322259 0
    outer loop
      vertex -54.5543 3.72961 0
      vertex -54.5796 3.65529 2
      vertex -54.5796 3.65529 0
    endloop
  endfacet
  facet normal -0.980815 -0.19494 0
    outer loop
      vertex 54.5949 3.57831 0
      vertex 54.5796 3.65529 2
      vertex 54.5796 3.65529 0
    endloop
  endfacet
  facet normal -0.980815 -0.19494 0
    outer loop
      vertex 54.5796 3.65529 2
      vertex 54.5949 3.57831 0
      vertex 54.5949 3.57831 2
    endloop
  endfacet
  facet normal -0.997886 -0.0649881 0
    outer loop
      vertex 54.6 3.5 0
      vertex 54.5949 3.57831 2
      vertex 54.5949 3.57831 0
    endloop
  endfacet
  facet normal -0.997886 -0.0649881 0
    outer loop
      vertex 54.5949 3.57831 2
      vertex 54.6 3.5 0
      vertex 54.6 3.5 2
    endloop
  endfacet
  facet normal -0.946652 -0.322259 0
    outer loop
      vertex 54.5796 3.65529 0
      vertex 54.5543 3.72961 2
      vertex 54.5543 3.72961 0
    endloop
  endfacet
  facet normal -0.946652 -0.322259 0
    outer loop
      vertex 54.5543 3.72961 2
      vertex 54.5796 3.65529 0
      vertex 54.5796 3.65529 2
    endloop
  endfacet
  facet normal -0.946652 0.322259 0
    outer loop
      vertex 54.5543 3.27039 0
      vertex 54.5796 3.34471 2
      vertex 54.5796 3.34471 0
    endloop
  endfacet
  facet normal -0.946652 0.322259 0
    outer loop
      vertex 54.5796 3.34471 2
      vertex 54.5543 3.27039 0
      vertex 54.5543 3.27039 2
    endloop
  endfacet
  facet normal -0.98081 0.194964 0
    outer loop
      vertex 54.5796 3.34471 0
      vertex 54.5949 3.42168 2
      vertex 54.5949 3.42168 0
    endloop
  endfacet
  facet normal -0.98081 0.194964 0
    outer loop
      vertex 54.5949 3.42168 2
      vertex 54.5796 3.34471 0
      vertex 54.5796 3.34471 2
    endloop
  endfacet
  facet normal -0.555376 -0.831599 0
    outer loop
      vertex 54.3 4.01962 0
      vertex 54.3653 3.97601 2
      vertex 54.3 4.01962 2
    endloop
  endfacet
  facet normal -0.555376 -0.831599 -0
    outer loop
      vertex 54.3653 3.97601 2
      vertex 54.3 4.01962 0
      vertex 54.3653 3.97601 0
    endloop
  endfacet
  facet normal -0.195014 0.980801 0
    outer loop
      vertex 54.1553 2.92044 0
      vertex 54.0783 2.90513 2
      vertex 54.1553 2.92044 2
    endloop
  endfacet
  facet normal -0.195014 0.980801 0
    outer loop
      vertex 54.0783 2.90513 2
      vertex 54.1553 2.92044 0
      vertex 54.0783 2.90513 0
    endloop
  endfacet
  facet normal -0.896936 0.44216 0
    outer loop
      vertex 54.5196 3.2 0
      vertex 54.5543 3.27039 2
      vertex 54.5543 3.27039 0
    endloop
  endfacet
  facet normal -0.896936 0.44216 0
    outer loop
      vertex 54.5543 3.27039 2
      vertex 54.5196 3.2 0
      vertex 54.5196 3.2 2
    endloop
  endfacet
  facet normal -0.442212 0.89691 0
    outer loop
      vertex 54.3 2.98038 0
      vertex 54.2296 2.94567 2
      vertex 54.3 2.98038 2
    endloop
  endfacet
  facet normal -0.442212 0.89691 0
    outer loop
      vertex 54.2296 2.94567 2
      vertex 54.3 2.98038 0
      vertex 54.2296 2.94567 0
    endloop
  endfacet
  facet normal 0.831501 -0.555523 0
    outer loop
      vertex 53.4804 3.8 2
      vertex 53.524 3.86526 0
      vertex 53.524 3.86526 2
    endloop
  endfacet
  facet normal 0.831501 -0.555523 0
    outer loop
      vertex 53.524 3.86526 0
      vertex 53.4804 3.8 2
      vertex 53.4804 3.8 0
    endloop
  endfacet
  facet normal -0.896936 -0.44216 0
    outer loop
      vertex 54.5543 3.72961 0
      vertex 54.5196 3.8 2
      vertex 54.5196 3.8 0
    endloop
  endfacet
  facet normal -0.896936 -0.44216 0
    outer loop
      vertex 54.5196 3.8 2
      vertex 54.5543 3.72961 0
      vertex 54.5543 3.72961 2
    endloop
  endfacet
  facet normal 0.752103 -0.659046 0
    outer loop
      vertex 53.524 3.86526 2
      vertex 53.5757 3.92426 0
      vertex 53.5757 3.92426 2
    endloop
  endfacet
  facet normal 0.752103 -0.659046 0
    outer loop
      vertex 53.5757 3.92426 0
      vertex 53.524 3.86526 2
      vertex 53.524 3.86526 0
    endloop
  endfacet
  facet normal -0.195136 -0.980776 0
    outer loop
      vertex 54.0783 4.09487 0
      vertex 54.1553 4.07955 2
      vertex 54.0783 4.09487 2
    endloop
  endfacet
  facet normal -0.195136 -0.980776 -0
    outer loop
      vertex 54.1553 4.07955 2
      vertex 54.0783 4.09487 0
      vertex 54.1553 4.07955 0
    endloop
  endfacet
  facet normal -0.831501 0.555523 0
    outer loop
      vertex 54.476 3.13474 0
      vertex 54.5196 3.2 2
      vertex 54.5196 3.2 0
    endloop
  endfacet
  facet normal -0.831501 0.555523 0
    outer loop
      vertex 54.5196 3.2 2
      vertex 54.476 3.13474 0
      vertex 54.476 3.13474 2
    endloop
  endfacet
  facet normal -0.0653771 0.997861 0
    outer loop
      vertex 54.0783 2.90513 0
      vertex 54 2.9 2
      vertex 54.0783 2.90513 2
    endloop
  endfacet
  facet normal -0.0653771 0.997861 0
    outer loop
      vertex 54 2.9 2
      vertex 54.0783 2.90513 0
      vertex 54 2.9 0
    endloop
  endfacet
  facet normal 0.659406 0.751787 -0
    outer loop
      vertex 53.6347 3.02399 0
      vertex 53.5757 3.07574 2
      vertex 53.6347 3.02399 2
    endloop
  endfacet
  facet normal 0.659406 0.751787 0
    outer loop
      vertex 53.5757 3.07574 2
      vertex 53.6347 3.02399 0
      vertex 53.5757 3.07574 0
    endloop
  endfacet
  facet normal 0.997886 -0.0649881 0
    outer loop
      vertex 53.4 3.5 2
      vertex 53.4051 3.57831 0
      vertex 53.4051 3.57831 2
    endloop
  endfacet
  facet normal 0.997886 -0.0649881 0
    outer loop
      vertex 53.4051 3.57831 0
      vertex 53.4 3.5 2
      vertex 53.4 3.5 0
    endloop
  endfacet
  facet normal -0.442212 -0.89691 0
    outer loop
      vertex 54.2296 4.05433 0
      vertex 54.3 4.01962 2
      vertex 54.2296 4.05433 2
    endloop
  endfacet
  facet normal -0.442212 -0.89691 -0
    outer loop
      vertex 54.3 4.01962 2
      vertex 54.2296 4.05433 0
      vertex 54.3 4.01962 0
    endloop
  endfacet
  facet normal 0.896936 -0.44216 0
    outer loop
      vertex 53.4457 3.72961 2
      vertex 53.4804 3.8 0
      vertex 53.4804 3.8 2
    endloop
  endfacet
  facet normal 0.896936 -0.44216 0
    outer loop
      vertex 53.4804 3.8 0
      vertex 53.4457 3.72961 2
      vertex 53.4457 3.72961 0
    endloop
  endfacet
  facet normal 0.946652 0.322259 0
    outer loop
      vertex 53.4457 3.27039 2
      vertex 53.4204 3.34471 0
      vertex 53.4204 3.34471 2
    endloop
  endfacet
  facet normal 0.946652 0.322259 0
    outer loop
      vertex 53.4204 3.34471 0
      vertex 53.4457 3.27039 2
      vertex 53.4457 3.27039 0
    endloop
  endfacet
  facet normal -0.831501 -0.555523 0
    outer loop
      vertex 54.5196 3.8 0
      vertex 54.476 3.86526 2
      vertex 54.476 3.86526 0
    endloop
  endfacet
  facet normal -0.831501 -0.555523 0
    outer loop
      vertex 54.476 3.86526 2
      vertex 54.5196 3.8 0
      vertex 54.5196 3.8 2
    endloop
  endfacet
  facet normal 0.831501 0.555523 0
    outer loop
      vertex 53.524 3.13474 2
      vertex 53.4804 3.2 0
      vertex 53.4804 3.2 2
    endloop
  endfacet
  facet normal 0.831501 0.555523 0
    outer loop
      vertex 53.4804 3.2 0
      vertex 53.524 3.13474 2
      vertex 53.524 3.13474 0
    endloop
  endfacet
  facet normal 0.0653771 0.997861 -0
    outer loop
      vertex 54 2.9 0
      vertex 53.9217 2.90513 2
      vertex 54 2.9 2
    endloop
  endfacet
  facet normal 0.0653771 0.997861 0
    outer loop
      vertex 53.9217 2.90513 2
      vertex 54 2.9 0
      vertex 53.9217 2.90513 0
    endloop
  endfacet
  facet normal -0.752103 -0.659046 0
    outer loop
      vertex 54.476 3.86526 0
      vertex 54.4243 3.92426 2
      vertex 54.4243 3.92426 0
    endloop
  endfacet
  facet normal -0.752103 -0.659046 0
    outer loop
      vertex 54.4243 3.92426 2
      vertex 54.476 3.86526 0
      vertex 54.476 3.86526 2
    endloop
  endfacet
  facet normal -0.997887 0.0649798 0
    outer loop
      vertex 54.5949 3.42168 0
      vertex 54.6 3.5 2
      vertex 54.6 3.5 0
    endloop
  endfacet
  facet normal -0.997887 0.0649798 0
    outer loop
      vertex 54.6 3.5 2
      vertex 54.5949 3.42168 0
      vertex 54.5949 3.42168 2
    endloop
  endfacet
  facet normal -0.659406 -0.751787 0
    outer loop
      vertex 54.3653 3.97601 0
      vertex 54.4243 3.92426 2
      vertex 54.3653 3.97601 2
    endloop
  endfacet
  facet normal -0.659406 -0.751787 -0
    outer loop
      vertex 54.4243 3.92426 2
      vertex 54.3653 3.97601 0
      vertex 54.4243 3.92426 0
    endloop
  endfacet
  facet normal 0.442212 0.89691 -0
    outer loop
      vertex 53.7704 2.94567 0
      vertex 53.7 2.98038 2
      vertex 53.7704 2.94567 2
    endloop
  endfacet
  facet normal 0.442212 0.89691 0
    outer loop
      vertex 53.7 2.98038 2
      vertex 53.7704 2.94567 0
      vertex 53.7 2.98038 0
    endloop
  endfacet
  facet normal -0.321423 -0.946936 0
    outer loop
      vertex 54.1553 4.07955 0
      vertex 54.2296 4.05433 2
      vertex 54.1553 4.07955 2
    endloop
  endfacet
  facet normal -0.321423 -0.946936 -0
    outer loop
      vertex 54.2296 4.05433 2
      vertex 54.1553 4.07955 0
      vertex 54.2296 4.05433 0
    endloop
  endfacet
  facet normal -0.555376 0.831599 0
    outer loop
      vertex 54.3653 3.02399 0
      vertex 54.3 2.98038 2
      vertex 54.3653 3.02399 2
    endloop
  endfacet
  facet normal -0.555376 0.831599 0
    outer loop
      vertex 54.3 2.98038 2
      vertex 54.3653 3.02399 0
      vertex 54.3 2.98038 0
    endloop
  endfacet
  facet normal 0.442212 -0.89691 0
    outer loop
      vertex 53.7 4.01962 0
      vertex 53.7704 4.05433 2
      vertex 53.7 4.01962 2
    endloop
  endfacet
  facet normal 0.442212 -0.89691 0
    outer loop
      vertex 53.7704 4.05433 2
      vertex 53.7 4.01962 0
      vertex 53.7704 4.05433 0
    endloop
  endfacet
  facet normal 0.321537 0.946897 -0
    outer loop
      vertex 53.8447 2.92044 0
      vertex 53.7704 2.94567 2
      vertex 53.8447 2.92044 2
    endloop
  endfacet
  facet normal 0.321537 0.946897 0
    outer loop
      vertex 53.7704 2.94567 2
      vertex 53.8447 2.92044 0
      vertex 53.7704 2.94567 0
    endloop
  endfacet
  facet normal 0.555376 0.831599 -0
    outer loop
      vertex 53.7 2.98038 0
      vertex 53.6347 3.02399 2
      vertex 53.7 2.98038 2
    endloop
  endfacet
  facet normal 0.555376 0.831599 0
    outer loop
      vertex 53.6347 3.02399 2
      vertex 53.7 2.98038 0
      vertex 53.6347 3.02399 0
    endloop
  endfacet
  facet normal 0.997887 0.0649798 0
    outer loop
      vertex 53.4051 3.42168 2
      vertex 53.4 3.5 0
      vertex 53.4 3.5 2
    endloop
  endfacet
  facet normal 0.997887 0.0649798 0
    outer loop
      vertex 53.4 3.5 0
      vertex 53.4051 3.42168 2
      vertex 53.4051 3.42168 0
    endloop
  endfacet
  facet normal 0.896936 0.44216 0
    outer loop
      vertex 53.4804 3.2 2
      vertex 53.4457 3.27039 0
      vertex 53.4457 3.27039 2
    endloop
  endfacet
  facet normal 0.896936 0.44216 0
    outer loop
      vertex 53.4457 3.27039 0
      vertex 53.4804 3.2 2
      vertex 53.4804 3.2 0
    endloop
  endfacet
  facet normal -0.321537 0.946897 0
    outer loop
      vertex 54.2296 2.94567 0
      vertex 54.1553 2.92044 2
      vertex 54.2296 2.94567 2
    endloop
  endfacet
  facet normal -0.321537 0.946897 0
    outer loop
      vertex 54.1553 2.92044 2
      vertex 54.2296 2.94567 0
      vertex 54.1553 2.92044 0
    endloop
  endfacet
  facet normal -0.752103 0.659046 0
    outer loop
      vertex 54.4243 3.07574 0
      vertex 54.476 3.13474 2
      vertex 54.476 3.13474 0
    endloop
  endfacet
  facet normal -0.752103 0.659046 0
    outer loop
      vertex 54.476 3.13474 2
      vertex 54.4243 3.07574 0
      vertex 54.4243 3.07574 2
    endloop
  endfacet
  facet normal 0.659406 -0.751787 0
    outer loop
      vertex 53.5757 3.92426 0
      vertex 53.6347 3.97601 2
      vertex 53.5757 3.92426 2
    endloop
  endfacet
  facet normal 0.659406 -0.751787 0
    outer loop
      vertex 53.6347 3.97601 2
      vertex 53.5757 3.92426 0
      vertex 53.6347 3.97601 0
    endloop
  endfacet
  facet normal 0.555376 -0.831599 0
    outer loop
      vertex 53.6347 3.97601 0
      vertex 53.7 4.01962 2
      vertex 53.6347 3.97601 2
    endloop
  endfacet
  facet normal 0.555376 -0.831599 0
    outer loop
      vertex 53.7 4.01962 2
      vertex 53.6347 3.97601 0
      vertex 53.7 4.01962 0
    endloop
  endfacet
  facet normal 0.752103 0.659046 0
    outer loop
      vertex 53.5757 3.07574 2
      vertex 53.524 3.13474 0
      vertex 53.524 3.13474 2
    endloop
  endfacet
  facet normal 0.752103 0.659046 0
    outer loop
      vertex 53.524 3.13474 0
      vertex 53.5757 3.07574 2
      vertex 53.5757 3.07574 0
    endloop
  endfacet
  facet normal 0.980815 -0.19494 0
    outer loop
      vertex 53.4051 3.57831 2
      vertex 53.4204 3.65529 0
      vertex 53.4204 3.65529 2
    endloop
  endfacet
  facet normal 0.980815 -0.19494 0
    outer loop
      vertex 53.4204 3.65529 0
      vertex 53.4051 3.57831 2
      vertex 53.4051 3.57831 0
    endloop
  endfacet
  facet normal 0.321423 -0.946936 0
    outer loop
      vertex 53.7704 4.05433 0
      vertex 53.8447 4.07955 2
      vertex 53.7704 4.05433 2
    endloop
  endfacet
  facet normal 0.321423 -0.946936 0
    outer loop
      vertex 53.8447 4.07955 2
      vertex 53.7704 4.05433 0
      vertex 53.8447 4.07955 0
    endloop
  endfacet
  facet normal 0.98081 0.194964 0
    outer loop
      vertex 53.4204 3.34471 2
      vertex 53.4051 3.42168 0
      vertex 53.4051 3.42168 2
    endloop
  endfacet
  facet normal 0.98081 0.194964 0
    outer loop
      vertex 53.4051 3.42168 0
      vertex 53.4204 3.34471 2
      vertex 53.4204 3.34471 0
    endloop
  endfacet
  facet normal -0.0653771 -0.997861 0
    outer loop
      vertex 54 4.1 0
      vertex 54.0783 4.09487 2
      vertex 54 4.1 2
    endloop
  endfacet
  facet normal -0.0653771 -0.997861 -0
    outer loop
      vertex 54.0783 4.09487 2
      vertex 54 4.1 0
      vertex 54.0783 4.09487 0
    endloop
  endfacet
  facet normal 0.195136 -0.980776 0
    outer loop
      vertex 53.8447 4.07955 0
      vertex 53.9217 4.09487 2
      vertex 53.8447 4.07955 2
    endloop
  endfacet
  facet normal 0.195136 -0.980776 0
    outer loop
      vertex 53.9217 4.09487 2
      vertex 53.8447 4.07955 0
      vertex 53.9217 4.09487 0
    endloop
  endfacet
  facet normal -0.659406 0.751787 0
    outer loop
      vertex 54.4243 3.07574 0
      vertex 54.3653 3.02399 2
      vertex 54.4243 3.07574 2
    endloop
  endfacet
  facet normal -0.659406 0.751787 0
    outer loop
      vertex 54.3653 3.02399 2
      vertex 54.4243 3.07574 0
      vertex 54.3653 3.02399 0
    endloop
  endfacet
  facet normal 0.195014 0.980801 -0
    outer loop
      vertex 53.9217 2.90513 0
      vertex 53.8447 2.92044 2
      vertex 53.9217 2.90513 2
    endloop
  endfacet
  facet normal 0.195014 0.980801 0
    outer loop
      vertex 53.8447 2.92044 2
      vertex 53.9217 2.90513 0
      vertex 53.8447 2.92044 0
    endloop
  endfacet
  facet normal 0.0653771 -0.997861 0
    outer loop
      vertex 53.9217 4.09487 0
      vertex 54 4.1 2
      vertex 53.9217 4.09487 2
    endloop
  endfacet
  facet normal 0.0653771 -0.997861 0
    outer loop
      vertex 54 4.1 2
      vertex 53.9217 4.09487 0
      vertex 54 4.1 0
    endloop
  endfacet
  facet normal 0.946652 -0.322259 0
    outer loop
      vertex 53.4204 3.65529 2
      vertex 53.4457 3.72961 0
      vertex 53.4457 3.72961 2
    endloop
  endfacet
  facet normal 0.946652 -0.322259 0
    outer loop
      vertex 53.4457 3.72961 0
      vertex 53.4204 3.65529 2
      vertex 53.4204 3.65529 0
    endloop
  endfacet
  facet normal 0.321574 -0.946885 0
    outer loop
      vertex 54.7764 -18.2978 0
      vertex 55.148 -18.1716 2
      vertex 54.7764 -18.2978 2
    endloop
  endfacet
  facet normal 0.321574 -0.946885 0
    outer loop
      vertex 55.148 -18.1716 2
      vertex 54.7764 -18.2978 0
      vertex 55.148 -18.1716 0
    endloop
  endfacet
  facet normal 0.946885 0.321574 0
    outer loop
      vertex 56.8978 16.1764 2
      vertex 56.7716 16.548 0
      vertex 56.7716 16.548 2
    endloop
  endfacet
  facet normal 0.946885 0.321574 0
    outer loop
      vertex 56.7716 16.548 0
      vertex 56.8978 16.1764 2
      vertex 56.8978 16.1764 0
    endloop
  endfacet
  facet normal -0.896961 -0.44211 0
    outer loop
      vertex -56.5981 -16.9 0
      vertex -56.7716 -16.548 2
      vertex -56.7716 -16.548 0
    endloop
  endfacet
  facet normal -0.896961 -0.44211 0
    outer loop
      vertex -56.7716 -16.548 2
      vertex -56.5981 -16.9 0
      vertex -56.5981 -16.9 2
    endloop
  endfacet
  facet normal -0.44211 -0.896961 0
    outer loop
      vertex -55.5 -17.9981 0
      vertex -55.148 -18.1716 2
      vertex -55.5 -17.9981 2
    endloop
  endfacet
  facet normal -0.44211 -0.896961 -0
    outer loop
      vertex -55.148 -18.1716 2
      vertex -55.5 -17.9981 0
      vertex -55.148 -18.1716 0
    endloop
  endfacet
  facet normal 0 1 -0
    outer loop
      vertex 54 18.4 0
      vertex -54 18.4 2
      vertex 54 18.4 2
    endloop
  endfacet
  facet normal 0 1 0
    outer loop
      vertex -54 18.4 2
      vertex 54 18.4 0
      vertex -54 18.4 0
    endloop
  endfacet
  facet normal 0 -1 0
    outer loop
      vertex -54 -18.4 0
      vertex 54 -18.4 2
      vertex -54 -18.4 2
    endloop
  endfacet
  facet normal 0 -1 -0
    outer loop
      vertex 54 -18.4 2
      vertex -54 -18.4 0
      vertex 54 -18.4 0
    endloop
  endfacet
  facet normal -0.0654873 -0.997853 0
    outer loop
      vertex -54.3916 -18.3743 0
      vertex -54 -18.4 2
      vertex -54.3916 -18.3743 2
    endloop
  endfacet
  facet normal -0.0654873 -0.997853 -0
    outer loop
      vertex -54 -18.4 2
      vertex -54.3916 -18.3743 0
      vertex -54 -18.4 0
    endloop
  endfacet
  facet normal -0.194989 0.980806 0
    outer loop
      vertex -54.3916 18.3743 0
      vertex -54.7764 18.2978 2
      vertex -54.3916 18.3743 2
    endloop
  endfacet
  facet normal -0.194989 0.980806 0
    outer loop
      vertex -54.7764 18.2978 2
      vertex -54.3916 18.3743 0
      vertex -54.7764 18.2978 0
    endloop
  endfacet
  facet normal 0.194989 -0.980806 0
    outer loop
      vertex 54.3916 -18.3743 0
      vertex 54.7764 -18.2978 2
      vertex 54.3916 -18.3743 2
    endloop
  endfacet
  facet normal 0.194989 -0.980806 0
    outer loop
      vertex 54.7764 -18.2978 2
      vertex 54.3916 -18.3743 0
      vertex 54.7764 -18.2978 0
    endloop
  endfacet
  facet normal -0.997853 -0.0654873 0
    outer loop
      vertex -56.9743 -15.7916 0
      vertex -57 -15.4 2
      vertex -57 -15.4 0
    endloop
  endfacet
  facet normal -0.997853 -0.0654873 0
    outer loop
      vertex -57 -15.4 2
      vertex -56.9743 -15.7916 0
      vertex -56.9743 -15.7916 2
    endloop
  endfacet
  facet normal 1 -0 0
    outer loop
      vertex 57 -15.4 2
      vertex 57 15.4 0
      vertex 57 15.4 2
    endloop
  endfacet
  facet normal 1 0 0
    outer loop
      vertex 57 15.4 0
      vertex 57 -15.4 2
      vertex 57 -15.4 0
    endloop
  endfacet
  facet normal -0.831501 -0.555523 0
    outer loop
      vertex -56.3801 -17.2263 0
      vertex -56.5981 -16.9 2
      vertex -56.5981 -16.9 0
    endloop
  endfacet
  facet normal -0.831501 -0.555523 0
    outer loop
      vertex -56.5981 -16.9 2
      vertex -56.3801 -17.2263 0
      vertex -56.3801 -17.2263 2
    endloop
  endfacet
  facet normal -0.946885 -0.321574 0
    outer loop
      vertex -56.7716 -16.548 0
      vertex -56.8978 -16.1764 2
      vertex -56.8978 -16.1764 0
    endloop
  endfacet
  facet normal -0.946885 -0.321574 0
    outer loop
      vertex -56.8978 -16.1764 2
      vertex -56.7716 -16.548 0
      vertex -56.7716 -16.548 2
    endloop
  endfacet
  facet normal 0.997853 0.0654873 0
    outer loop
      vertex 57 15.4 2
      vertex 56.9743 15.7916 0
      vertex 56.9743 15.7916 2
    endloop
  endfacet
  facet normal 0.997853 0.0654873 0
    outer loop
      vertex 56.9743 15.7916 0
      vertex 57 15.4 2
      vertex 57 15.4 0
    endloop
  endfacet
  facet normal 0.980806 0.194989 0
    outer loop
      vertex 56.9743 15.7916 2
      vertex 56.8978 16.1764 0
      vertex 56.8978 16.1764 2
    endloop
  endfacet
  facet normal 0.980806 0.194989 0
    outer loop
      vertex 56.8978 16.1764 0
      vertex 56.9743 15.7916 2
      vertex 56.9743 15.7916 0
    endloop
  endfacet
  facet normal -1 0 0
    outer loop
      vertex -57 -15.4 0
      vertex -57 15.4 2
      vertex -57 15.4 0
    endloop
  endfacet
  facet normal -1 -0 0
    outer loop
      vertex -57 15.4 2
      vertex -57 -15.4 0
      vertex -57 -15.4 2
    endloop
  endfacet
  facet normal -0.896961 0.44211 0
    outer loop
      vertex -56.7716 16.548 0
      vertex -56.5981 16.9 2
      vertex -56.5981 16.9 0
    endloop
  endfacet
  facet normal -0.896961 0.44211 0
    outer loop
      vertex -56.5981 16.9 2
      vertex -56.7716 16.548 0
      vertex -56.7716 16.548 2
    endloop
  endfacet
  facet normal -0.321574 0.946885 0
    outer loop
      vertex -54.7764 18.2978 0
      vertex -55.148 18.1716 2
      vertex -54.7764 18.2978 2
    endloop
  endfacet
  facet normal -0.321574 0.946885 0
    outer loop
      vertex -55.148 18.1716 2
      vertex -54.7764 18.2978 0
      vertex -55.148 18.1716 0
    endloop
  endfacet
  facet normal -0.980806 0.194989 0
    outer loop
      vertex -56.9743 15.7916 0
      vertex -56.8978 16.1764 2
      vertex -56.8978 16.1764 0
    endloop
  endfacet
  facet normal -0.980806 0.194989 0
    outer loop
      vertex -56.8978 16.1764 2
      vertex -56.9743 15.7916 0
      vertex -56.9743 15.7916 2
    endloop
  endfacet
  facet normal 0 0 -1
    outer loop
      vertex 54 -18.4 0
      vertex 57 -15.4 0
      vertex 56.9743 -15.7916 0
    endloop
  endfacet
  facet normal 0 0 -1
    outer loop
      vertex 57 -15.4 0
      vertex 54.6 3.5 0
      vertex 57 15.4 0
    endloop
  endfacet
  facet normal 0 0 -1
    outer loop
      vertex 54 -18.4 0
      vertex 56.9743 -15.7916 0
      vertex 56.8978 -16.1764 0
    endloop
  endfacet
  facet normal 0 0 -1
    outer loop
      vertex 54.5949 3.57831 0
      vertex 57 15.4 0
      vertex 54.6 3.5 0
    endloop
  endfacet
  facet normal 0 0 -1
    outer loop
      vertex 54 -18.4 0
      vertex 56.8978 -16.1764 0
      vertex 56.7716 -16.548 0
    endloop
  endfacet
  facet normal 0 0 -1
    outer loop
      vertex 54.5796 3.65529 0
      vertex 57 15.4 0
      vertex 54.5949 3.57831 0
    endloop
  endfacet
  facet normal 0 0 -1
    outer loop
      vertex 54 -18.4 0
      vertex 56.7716 -16.548 0
      vertex 56.5981 -16.9 0
    endloop
  endfacet
  facet normal 0 0 -1
    outer loop
      vertex 54.5543 3.72961 0
      vertex 57 15.4 0
      vertex 54.5796 3.65529 0
    endloop
  endfacet
  facet normal 0 0 -1
    outer loop
      vertex 54 -18.4 0
      vertex 56.5981 -16.9 0
      vertex 56.3801 -17.2263 0
    endloop
  endfacet
  facet normal 0 0 -1
    outer loop
      vertex 54.5196 3.8 0
      vertex 57 15.4 0
      vertex 54.5543 3.72961 0
    endloop
  endfacet
  facet normal 0 0 -1
    outer loop
      vertex 54 -18.4 0
      vertex 56.3801 -17.2263 0
      vertex 56.1213 -17.5213 0
    endloop
  endfacet
  facet normal 0 0 -1
    outer loop
      vertex 54.476 3.86526 0
      vertex 57 15.4 0
      vertex 54.5196 3.8 0
    endloop
  endfacet
  facet normal 0 0 -1
    outer loop
      vertex 54 -18.4 0
      vertex 56.1213 -17.5213 0
      vertex 55.8263 -17.78 0
    endloop
  endfacet
  facet normal 0 0 -1
    outer loop
      vertex 54.4243 3.92426 0
      vertex 57 15.4 0
      vertex 54.476 3.86526 0
    endloop
  endfacet
  facet normal 0 0 -1
    outer loop
      vertex 54 -18.4 0
      vertex 55.8263 -17.78 0
      vertex 55.5 -17.9981 0
    endloop
  endfacet
  facet normal 0 0 -1
    outer loop
      vertex 54.3653 3.97601 0
      vertex 57 15.4 0
      vertex 54.4243 3.92426 0
    endloop
  endfacet
  facet normal 0 0 -1
    outer loop
      vertex 54 -18.4 0
      vertex 55.5 -17.9981 0
      vertex 55.148 -18.1716 0
    endloop
  endfacet
  facet normal 0 0 -1
    outer loop
      vertex 54.3 4.01962 0
      vertex 57 15.4 0
      vertex 54.3653 3.97601 0
    endloop
  endfacet
  facet normal 0 0 -1
    outer loop
      vertex 54 -18.4 0
      vertex 55.148 -18.1716 0
      vertex 54.7764 -18.2978 0
    endloop
  endfacet
  facet normal 0 0 -1
    outer loop
      vertex 54.2296 4.05433 0
      vertex 57 15.4 0
      vertex 54.3 4.01962 0
    endloop
  endfacet
  facet normal 0 0 -1
    outer loop
      vertex 54.1553 4.07955 0
      vertex 57 15.4 0
      vertex 54.2296 4.05433 0
    endloop
  endfacet
  facet normal 0 0 -1
    outer loop
      vertex 57 -15.4 0
      vertex 54.5949 3.42168 0
      vertex 54.6 3.5 0
    endloop
  endfacet
  facet normal 0 0 -1
    outer loop
      vertex 57 -15.4 0
      vertex 54.5796 3.34471 0
      vertex 54.5949 3.42168 0
    endloop
  endfacet
  facet normal 0 0 -1
    outer loop
      vertex 57 -15.4 0
      vertex 54.5543 3.27039 0
      vertex 54.5796 3.34471 0
    endloop
  endfacet
  facet normal 0 0 -1
    outer loop
      vertex 57 -15.4 0
      vertex 54.5196 3.2 0
      vertex 54.5543 3.27039 0
    endloop
  endfacet
  facet normal 0 0 -1
    outer loop
      vertex 57 -15.4 0
      vertex 54.476 3.13474 0
      vertex 54.5196 3.2 0
    endloop
  endfacet
  facet normal 0 0 -1
    outer loop
      vertex 57 -15.4 0
      vertex 54.4243 3.07574 0
      vertex 54.476 3.13474 0
    endloop
  endfacet
  facet normal 0 0 -1
    outer loop
      vertex 54 -18.4 0
      vertex 54.7764 -18.2978 0
      vertex 54.3916 -18.3743 0
    endloop
  endfacet
  facet normal 0 0 -1
    outer loop
      vertex 57 -15.4 0
      vertex 54.3653 3.02399 0
      vertex 54.4243 3.07574 0
    endloop
  endfacet
  facet normal 0 0 -1
    outer loop
      vertex 57 -15.4 0
      vertex 54.3 2.98038 0
      vertex 54.3653 3.02399 0
    endloop
  endfacet
  facet normal 0 0 -1
    outer loop
      vertex 57 -15.4 0
      vertex 54.2296 2.94567 0
      vertex 54.3 2.98038 0
    endloop
  endfacet
  facet normal 0 0 -1
    outer loop
      vertex 57 -15.4 0
      vertex 54.1553 2.92044 0
      vertex 54.2296 2.94567 0
    endloop
  endfacet
  facet normal 0 0 -1
    outer loop
      vertex 57 -15.4 0
      vertex 54.0783 2.90513 0
      vertex 54.1553 2.92044 0
    endloop
  endfacet
  facet normal -0 0 -1
    outer loop
      vertex 57 -15.4 0
      vertex 54 -18.4 0
      vertex 45.4141 1.95452 0
    endloop
  endfacet
  facet normal 0 0 -1
    outer loop
      vertex 57 -15.4 0
      vertex 54 2.9 0
      vertex 54.0783 2.90513 0
    endloop
  endfacet
  facet normal 0 0 -1
    outer loop
      vertex 57 -15.4 0
      vertex 53.9217 2.90513 0
      vertex 54 2.9 0
    endloop
  endfacet
  facet normal 0 0 -1
    outer loop
      vertex 57 -15.4 0
      vertex 53.8447 2.92044 0
      vertex 53.9217 2.90513 0
    endloop
  endfacet
  facet normal 0 0 -1
    outer loop
      vertex 57 -15.4 0
      vertex 45.8 2.11436 0
      vertex 53.8447 2.92044 0
    endloop
  endfacet
  facet normal -0 0 -1
    outer loop
      vertex 53.8447 2.92044 0
      vertex 45.8 2.11436 0
      vertex 53.7704 2.94567 0
    endloop
  endfacet
  facet normal 0 -0 -1
    outer loop
      vertex 45.974 2.23063 0
      vertex 53.7704 2.94567 0
      vertex 45.8 2.11436 0
    endloop
  endfacet
  facet normal -0 0 -1
    outer loop
      vertex 53.7704 2.94567 0
      vertex 45.974 2.23063 0
      vertex 53.7 2.98038 0
    endloop
  endfacet
  facet normal 0 -0 -1
    outer loop
      vertex 46.1314 2.36863 0
      vertex 53.7 2.98038 0
      vertex 45.974 2.23063 0
    endloop
  endfacet
  facet normal -0 0 -1
    outer loop
      vertex 53.7 2.98038 0
      vertex 46.1314 2.36863 0
      vertex 53.6347 3.02399 0
    endloop
  endfacet
  facet normal 0 -0 -1
    outer loop
      vertex 46.2694 2.52598 0
      vertex 53.6347 3.02399 0
      vertex 46.1314 2.36863 0
    endloop
  endfacet
  facet normal -0 0 -1
    outer loop
      vertex 53.6347 3.02399 0
      vertex 46.2694 2.52598 0
      vertex 53.5757 3.07574 0
    endloop
  endfacet
  facet normal -0 0 -1
    outer loop
      vertex 53.5757 3.07574 0
      vertex 46.2694 2.52598 0
      vertex 53.524 3.13474 0
    endloop
  endfacet
  facet normal 0 -0 -1
    outer loop
      vertex 46.3856 2.7 0
      vertex 53.524 3.13474 0
      vertex 46.2694 2.52598 0
    endloop
  endfacet
  facet normal -0 0 -1
    outer loop
      vertex 53.524 3.13474 0
      vertex 46.3856 2.7 0
      vertex 53.4804 3.2 0
    endloop
  endfacet
  facet normal 0 0 -1
    outer loop
      vertex 53.4051 3.42168 0
      vertex 46.6 3.5 0
      vertex 53.4 3.5 0
    endloop
  endfacet
  facet normal 0 -0 -1
    outer loop
      vertex 46.6 3.5 0
      vertex 53.4051 3.42168 0
      vertex 46.5863 3.29116 0
    endloop
  endfacet
  facet normal -0 0 -1
    outer loop
      vertex 53.4204 3.34471 0
      vertex 46.5863 3.29116 0
      vertex 53.4051 3.42168 0
    endloop
  endfacet
  facet normal 0 -0 -1
    outer loop
      vertex 46.5863 3.29116 0
      vertex 53.4204 3.34471 0
      vertex 46.5455 3.08589 0
    endloop
  endfacet
  facet normal -0 0 -1
    outer loop
      vertex 53.4457 3.27039 0
      vertex 46.5455 3.08589 0
      vertex 53.4204 3.34471 0
    endloop
  endfacet
  facet normal 0 -0 -1
    outer loop
      vertex 46.5455 3.08589 0
      vertex 53.4457 3.27039 0
      vertex 46.4782 2.88771 0
    endloop
  endfacet
  facet normal -0 0 -1
    outer loop
      vertex 53.4804 3.2 0
      vertex 46.4782 2.88771 0
      vertex 53.4457 3.27039 0
    endloop
  endfacet
  facet normal 0 -0 -1
    outer loop
      vertex 46.4782 2.88771 0
      vertex 53.4804 3.2 0
      vertex 46.3856 2.7 0
    endloop
  endfacet
  facet normal 0 0 -1
    outer loop
      vertex 57 -15.4 0
      vertex 45.6123 2.02179 0
      vertex 45.8 2.11436 0
    endloop
  endfacet
  facet normal 0 0 -1
    outer loop
      vertex 57 -15.4 0
      vertex 45.4141 1.95452 0
      vertex 45.6123 2.02179 0
    endloop
  endfacet
  facet normal 0 0 -1
    outer loop
      vertex 54 -18.4 0
      vertex 45.2088 1.91369 0
      vertex 45.4141 1.95452 0
    endloop
  endfacet
  facet normal 0 0 -1
    outer loop
      vertex 54 -18.4 0
      vertex 45 1.9 0
      vertex 45.2088 1.91369 0
    endloop
  endfacet
  facet normal 0 0 -1
    outer loop
      vertex 54 -18.4 0
      vertex 44.7912 1.91369 0
      vertex 45 1.9 0
    endloop
  endfacet
  facet normal 0 0 -1
    outer loop
      vertex 54 -18.4 0
      vertex 44.5859 1.95452 0
      vertex 44.7912 1.91369 0
    endloop
  endfacet
  facet normal 0 0 -1
    outer loop
      vertex 54 -18.4 0
      vertex 44.3877 2.02179 0
      vertex 44.5859 1.95452 0
    endloop
  endfacet
  facet normal 0 0 -1
    outer loop
      vertex 54 -18.4 0
      vertex 44.2 2.11436 0
      vertex 44.3877 2.02179 0
    endloop
  endfacet
  facet normal 0 0 -1
    outer loop
      vertex 54 -18.4 0
      vertex 44.026 2.23063 0
      vertex 44.2 2.11436 0
    endloop
  endfacet
  facet normal 0 0 -1
    outer loop
      vertex 54 -18.4 0
      vertex 43.8686 2.36863 0
      vertex 44.026 2.23063 0
    endloop
  endfacet
  facet normal 0 0 -1
    outer loop
      vertex 54 -18.4 0
      vertex 43.7306 2.52598 0
      vertex 43.8686 2.36863 0
    endloop
  endfacet
  facet normal 0 0 -1
    outer loop
      vertex -43.7306 2.52598 0
      vertex 43.7306 2.52598 0
      vertex 54 -18.4 0
    endloop
  endfacet
  facet normal 0 0 -1
    outer loop
      vertex 43.7306 2.52598 0
      vertex -43.7306 2.52598 0
      vertex 43.6144 2.7 0
    endloop
  endfacet
  facet normal 0 0 -1
    outer loop
      vertex 43.4137 3.29116 0
      vertex -43.4 3.5 0
      vertex 43.4 3.5 0
    endloop
  endfacet
  facet normal 0 0 -1
    outer loop
      vertex -43.4137 3.29116 0
      vertex 43.4137 3.29116 0
      vertex 43.4545 3.08589 0
    endloop
  endfacet
  facet normal 0 0 -1
    outer loop
      vertex -43.4545 3.08589 0
      vertex 43.4545 3.08589 0
      vertex 43.5218 2.88771 0
    endloop
  endfacet
  facet normal 0 -0 -1
    outer loop
      vertex -43.6144 2.7 0
      vertex 43.6144 2.7 0
      vertex -43.7306 2.52598 0
    endloop
  endfacet
  facet normal 0 0 -1
    outer loop
      vertex 43.4137 3.29116 0
      vertex -43.4137 3.29116 0
      vertex -43.4 3.5 0
    endloop
  endfacet
  facet normal 0 0 -1
    outer loop
      vertex 43.4545 3.08589 0
      vertex -43.4545 3.08589 0
      vertex -43.4137 3.29116 0
    endloop
  endfacet
  facet normal 0 0 -1
    outer loop
      vertex 43.5218 2.88771 0
      vertex -43.5218 2.88771 0
      vertex -43.4545 3.08589 0
    endloop
  endfacet
  facet normal -0 0 -1
    outer loop
      vertex 43.5218 2.88771 0
      vertex -43.6144 2.7 0
      vertex -43.5218 2.88771 0
    endloop
  endfacet
  facet normal 0 0 -1
    outer loop
      vertex 43.6144 2.7 0
      vertex -43.6144 2.7 0
      vertex 43.5218 2.88771 0
    endloop
  endfacet
  facet normal 0 0 -1
    outer loop
      vertex -54 -18.4 0
      vertex -43.7306 2.52598 0
      vertex 54 -18.4 0
    endloop
  endfacet
  facet normal 0 0 -1
    outer loop
      vertex -43.7306 2.52598 0
      vertex -54 -18.4 0
      vertex -43.8686 2.36863 0
    endloop
  endfacet
  facet normal 0 0 -1
    outer loop
      vertex -43.8686 2.36863 0
      vertex -54 -18.4 0
      vertex -44.026 2.23063 0
    endloop
  endfacet
  facet normal 0 0 -1
    outer loop
      vertex -44.026 2.23063 0
      vertex -54 -18.4 0
      vertex -44.2 2.11436 0
    endloop
  endfacet
  facet normal 0 0 -1
    outer loop
      vertex -44.2 2.11436 0
      vertex -54 -18.4 0
      vertex -44.3877 2.02179 0
    endloop
  endfacet
  facet normal 0 0 -1
    outer loop
      vertex -44.3877 2.02179 0
      vertex -54 -18.4 0
      vertex -44.5859 1.95452 0
    endloop
  endfacet
  facet normal 0 0 -1
    outer loop
      vertex -44.5859 1.95452 0
      vertex -54 -18.4 0
      vertex -44.7912 1.91369 0
    endloop
  endfacet
  facet normal 0 0 -1
    outer loop
      vertex -44.7912 1.91369 0
      vertex -54 -18.4 0
      vertex -45 1.9 0
    endloop
  endfacet
  facet normal -0 0 -1
    outer loop
      vertex -45 1.9 0
      vertex -54 -18.4 0
      vertex -45.2088 1.91369 0
    endloop
  endfacet
  facet normal 0 0 -1
    outer loop
      vertex -53.4051 3.42168 0
      vertex -46.6 3.5 0
      vertex -46.5863 3.29116 0
    endloop
  endfacet
  facet normal 0 0 -1
    outer loop
      vertex -53.4204 3.34471 0
      vertex -46.5863 3.29116 0
      vertex -46.5455 3.08589 0
    endloop
  endfacet
  facet normal 0 0 -1
    outer loop
      vertex -53.4457 3.27039 0
      vertex -46.5455 3.08589 0
      vertex -46.4782 2.88771 0
    endloop
  endfacet
  facet normal 0 0 -1
    outer loop
      vertex -53.4804 3.2 0
      vertex -46.4782 2.88771 0
      vertex -46.3856 2.7 0
    endloop
  endfacet
  facet normal 0 0 -1
    outer loop
      vertex -53.524 3.13474 0
      vertex -46.3856 2.7 0
      vertex -46.2694 2.52598 0
    endloop
  endfacet
  facet normal 0 0 -1
    outer loop
      vertex -53.6347 3.02399 0
      vertex -46.2694 2.52598 0
      vertex -46.1314 2.36863 0
    endloop
  endfacet
  facet normal 0 0 -1
    outer loop
      vertex -53.7 2.98038 0
      vertex -46.1314 2.36863 0
      vertex -45.974 2.23063 0
    endloop
  endfacet
  facet normal 0 0 -1
    outer loop
      vertex -53.7704 2.94567 0
      vertex -45.974 2.23063 0
      vertex -45.8 2.11436 0
    endloop
  endfacet
  facet normal 0 0 -1
    outer loop
      vertex -57 -15.4 0
      vertex -45.8 2.11436 0
      vertex -45.6123 2.02179 0
    endloop
  endfacet
  facet normal 0 0 -1
    outer loop
      vertex -57 -15.4 0
      vertex -45.6123 2.02179 0
      vertex -45.4141 1.95452 0
    endloop
  endfacet
  facet normal -0 0 -1
    outer loop
      vertex -45.2088 1.91369 0
      vertex -54 -18.4 0
      vertex -45.4141 1.95452 0
    endloop
  endfacet
  facet normal -0 0 -1
    outer loop
      vertex -46.6 3.5 0
      vertex -53.4051 3.42168 0
      vertex -53.4 3.5 0
    endloop
  endfacet
  facet normal 0 0 -1
    outer loop
      vertex -46.5863 3.29116 0
      vertex -53.4204 3.34471 0
      vertex -53.4051 3.42168 0
    endloop
  endfacet
  facet normal 0 0 -1
    outer loop
      vertex -57 -15.4 0
      vertex -45.4141 1.95452 0
      vertex -54 -18.4 0
    endloop
  endfacet
  facet normal 0 0 -1
    outer loop
      vertex -46.5455 3.08589 0
      vertex -53.4457 3.27039 0
      vertex -53.4204 3.34471 0
    endloop
  endfacet
  facet normal 0 0 -1
    outer loop
      vertex -46.4782 2.88771 0
      vertex -53.4804 3.2 0
      vertex -53.4457 3.27039 0
    endloop
  endfacet
  facet normal 0 0 -1
    outer loop
      vertex -46.3856 2.7 0
      vertex -53.524 3.13474 0
      vertex -53.4804 3.2 0
    endloop
  endfacet
  facet normal 0 0 -1
    outer loop
      vertex -46.2694 2.52598 0
      vertex -53.5757 3.07574 0
      vertex -53.524 3.13474 0
    endloop
  endfacet
  facet normal 0 0 -1
    outer loop
      vertex -46.2694 2.52598 0
      vertex -53.6347 3.02399 0
      vertex -53.5757 3.07574 0
    endloop
  endfacet
  facet normal 0 0 -1
    outer loop
      vertex -46.1314 2.36863 0
      vertex -53.7 2.98038 0
      vertex -53.6347 3.02399 0
    endloop
  endfacet
  facet normal -0 0 -1
    outer loop
      vertex -45.8 2.11436 0
      vertex -57 -15.4 0
      vertex -53.8447 2.92044 0
    endloop
  endfacet
  facet normal 0 0 -1
    outer loop
      vertex -45.974 2.23063 0
      vertex -53.7704 2.94567 0
      vertex -53.7 2.98038 0
    endloop
  endfacet
  facet normal 0 0 -1
    outer loop
      vertex -45.8 2.11436 0
      vertex -53.8447 2.92044 0
      vertex -53.7704 2.94567 0
    endloop
  endfacet
  facet normal 0 0 -1
    outer loop
      vertex -53.8447 2.92044 0
      vertex -57 -15.4 0
      vertex -53.9217 2.90513 0
    endloop
  endfacet
  facet normal 0 0 -1
    outer loop
      vertex -53.9217 2.90513 0
      vertex -57 -15.4 0
      vertex -54 2.9 0
    endloop
  endfacet
  facet normal -0 0 -1
    outer loop
      vertex -54 2.9 0
      vertex -57 -15.4 0
      vertex -54.0783 2.90513 0
    endloop
  endfacet
  facet normal -0 0 -1
    outer loop
      vertex -54.0783 2.90513 0
      vertex -57 -15.4 0
      vertex -54.1553 2.92044 0
    endloop
  endfacet
  facet normal -0 0 -1
    outer loop
      vertex -54.1553 2.92044 0
      vertex -57 -15.4 0
      vertex -54.2296 2.94567 0
    endloop
  endfacet
  facet normal -0 0 -1
    outer loop
      vertex -54.2296 2.94567 0
      vertex -57 -15.4 0
      vertex -54.3 2.98038 0
    endloop
  endfacet
  facet normal 0 0 -1
    outer loop
      vertex -57 -15.4 0
      vertex -54 -18.4 0
      vertex -54.3916 -18.3743 0
    endloop
  endfacet
  facet normal -0 0 -1
    outer loop
      vertex -54.3 2.98038 0
      vertex -57 -15.4 0
      vertex -54.3653 3.02399 0
    endloop
  endfacet
  facet normal -0 0 -1
    outer loop
      vertex -54.3653 3.02399 0
      vertex -57 -15.4 0
      vertex -54.4243 3.07574 0
    endloop
  endfacet
  facet normal -0 0 -1
    outer loop
      vertex -54.4243 3.07574 0
      vertex -57 -15.4 0
      vertex -54.476 3.13474 0
    endloop
  endfacet
  facet normal -0 0 -1
    outer loop
      vertex -54.476 3.13474 0
      vertex -57 -15.4 0
      vertex -54.5196 3.2 0
    endloop
  endfacet
  facet normal -0 0 -1
    outer loop
      vertex -54.5196 3.2 0
      vertex -57 -15.4 0
      vertex -54.5543 3.27039 0
    endloop
  endfacet
  facet normal -0 0 -1
    outer loop
      vertex -54.5543 3.27039 0
      vertex -57 -15.4 0
      vertex -54.5796 3.34471 0
    endloop
  endfacet
  facet normal -0 0 -1
    outer loop
      vertex -54.5796 3.34471 0
      vertex -57 -15.4 0
      vertex -54.5949 3.42168 0
    endloop
  endfacet
  facet normal 0 0 -1
    outer loop
      vertex -57 -15.4 0
      vertex -54.3916 -18.3743 0
      vertex -54.7764 -18.2978 0
    endloop
  endfacet
  facet normal 0 0 -1
    outer loop
      vertex 54.0783 4.09487 0
      vertex 57 15.4 0
      vertex 54.1553 4.07955 0
    endloop
  endfacet
  facet normal 0 0 -1
    outer loop
      vertex 54 4.1 0
      vertex 57 15.4 0
      vertex 54.0783 4.09487 0
    endloop
  endfacet
  facet normal 0 0 -1
    outer loop
      vertex 53.9217 4.09487 0
      vertex 57 15.4 0
      vertex 54 4.1 0
    endloop
  endfacet
  facet normal 0 0 -1
    outer loop
      vertex 53.8447 4.07955 0
      vertex 57 15.4 0
      vertex 53.9217 4.09487 0
    endloop
  endfacet
  facet normal 0 0 -1
    outer loop
      vertex 53.7704 4.05433 0
      vertex 57 15.4 0
      vertex 53.8447 4.07955 0
    endloop
  endfacet
  facet normal 0 0 -1
    outer loop
      vertex 45.974 4.76937 0
      vertex 57 15.4 0
      vertex 53.7704 4.05433 0
    endloop
  endfacet
  facet normal 0 0 -1
    outer loop
      vertex 45.8 4.88564 0
      vertex 57 15.4 0
      vertex 45.974 4.76937 0
    endloop
  endfacet
  facet normal 0 0 -1
    outer loop
      vertex 56.9743 15.7916 0
      vertex 54 18.4 0
      vertex 56.8978 16.1764 0
    endloop
  endfacet
  facet normal 0 0 -1
    outer loop
      vertex 56.7716 16.548 0
      vertex 54 18.4 0
      vertex 56.5981 16.9 0
    endloop
  endfacet
  facet normal 0 0 -1
    outer loop
      vertex 56.5981 16.9 0
      vertex 54 18.4 0
      vertex 56.3801 17.2263 0
    endloop
  endfacet
  facet normal 0 0 -1
    outer loop
      vertex 56.1213 17.5213 0
      vertex 54 18.4 0
      vertex 55.8263 17.78 0
    endloop
  endfacet
  facet normal 0 0 -1
    outer loop
      vertex 55.8263 17.78 0
      vertex 54 18.4 0
      vertex 55.5 17.9981 0
    endloop
  endfacet
  facet normal 0 0 -1
    outer loop
      vertex 55.148 18.1716 0
      vertex 54 18.4 0
      vertex 54.7764 18.2978 0
    endloop
  endfacet
  facet normal 0 0 -1
    outer loop
      vertex 54.7764 18.2978 0
      vertex 54 18.4 0
      vertex 54.3916 18.3743 0
    endloop
  endfacet
  facet normal 0 0 -1
    outer loop
      vertex 55.5 17.9981 0
      vertex 54 18.4 0
      vertex 55.148 18.1716 0
    endloop
  endfacet
  facet normal 0 0 -1
    outer loop
      vertex 56.3801 17.2263 0
      vertex 54 18.4 0
      vertex 56.1213 17.5213 0
    endloop
  endfacet
  facet normal 0 0 -1
    outer loop
      vertex 56.8978 16.1764 0
      vertex 54 18.4 0
      vertex 56.7716 16.548 0
    endloop
  endfacet
  facet normal 0 0 -1
    outer loop
      vertex 45.974 4.76937 0
      vertex 53.7704 4.05433 0
      vertex 53.7 4.01962 0
    endloop
  endfacet
  facet normal 0 0 -1
    outer loop
      vertex 46.1314 4.63137 0
      vertex 53.7 4.01962 0
      vertex 53.6347 3.97601 0
    endloop
  endfacet
  facet normal 0 0 -1
    outer loop
      vertex 46.2694 4.47402 0
      vertex 53.6347 3.97601 0
      vertex 53.5757 3.92426 0
    endloop
  endfacet
  facet normal 0 0 -1
    outer loop
      vertex 46.2694 4.47402 0
      vertex 53.5757 3.92426 0
      vertex 53.524 3.86526 0
    endloop
  endfacet
  facet normal 0 0 -1
    outer loop
      vertex 46.3856 4.3 0
      vertex 53.524 3.86526 0
      vertex 53.4804 3.8 0
    endloop
  endfacet
  facet normal 0 0 -1
    outer loop
      vertex 46.4782 4.11229 0
      vertex 53.4804 3.8 0
      vertex 53.4457 3.72961 0
    endloop
  endfacet
  facet normal 0 0 -1
    outer loop
      vertex 46.5455 3.91411 0
      vertex 53.4457 3.72961 0
      vertex 53.4204 3.65529 0
    endloop
  endfacet
  facet normal 0 0 -1
    outer loop
      vertex 46.5863 3.70884 0
      vertex 53.4204 3.65529 0
      vertex 53.4051 3.57831 0
    endloop
  endfacet
  facet normal 0 0 -1
    outer loop
      vertex 46.6 3.5 0
      vertex 53.4051 3.57831 0
      vertex 53.4 3.5 0
    endloop
  endfacet
  facet normal -0 0 -1
    outer loop
      vertex 53.4051 3.57831 0
      vertex 46.6 3.5 0
      vertex 46.5863 3.70884 0
    endloop
  endfacet
  facet normal 0 0 -1
    outer loop
      vertex 53.4204 3.65529 0
      vertex 46.5863 3.70884 0
      vertex 46.5455 3.91411 0
    endloop
  endfacet
  facet normal 0 0 -1
    outer loop
      vertex 53.4457 3.72961 0
      vertex 46.5455 3.91411 0
      vertex 46.4782 4.11229 0
    endloop
  endfacet
  facet normal 0 0 -1
    outer loop
      vertex 53.4804 3.8 0
      vertex 46.4782 4.11229 0
      vertex 46.3856 4.3 0
    endloop
  endfacet
  facet normal 0 0 -1
    outer loop
      vertex 53.524 3.86526 0
      vertex 46.3856 4.3 0
      vertex 46.2694 4.47402 0
    endloop
  endfacet
  facet normal 0 0 -1
    outer loop
      vertex 53.6347 3.97601 0
      vertex 46.2694 4.47402 0
      vertex 46.1314 4.63137 0
    endloop
  endfacet
  facet normal 0 0 -1
    outer loop
      vertex 53.7 4.01962 0
      vertex 46.1314 4.63137 0
      vertex 45.974 4.76937 0
    endloop
  endfacet
  facet normal 0 0 -1
    outer loop
      vertex 57 15.4 0
      vertex 54 18.4 0
      vertex 56.9743 15.7916 0
    endloop
  endfacet
  facet normal -0 0 -1
    outer loop
      vertex 57 15.4 0
      vertex 45.8 4.88564 0
      vertex 54 18.4 0
    endloop
  endfacet
  facet normal 0 0 -1
    outer loop
      vertex 45.6123 4.97821 0
      vertex 54 18.4 0
      vertex 45.8 4.88564 0
    endloop
  endfacet
  facet normal 0 0 -1
    outer loop
      vertex 45.4141 5.04548 0
      vertex 54 18.4 0
      vertex 45.6123 4.97821 0
    endloop
  endfacet
  facet normal 0 0 -1
    outer loop
      vertex 45.2088 5.08631 0
      vertex 54 18.4 0
      vertex 45.4141 5.04548 0
    endloop
  endfacet
  facet normal 0 0 -1
    outer loop
      vertex 45 5.1 0
      vertex 54 18.4 0
      vertex 45.2088 5.08631 0
    endloop
  endfacet
  facet normal 0 0 -1
    outer loop
      vertex 44.7912 5.08631 0
      vertex 54 18.4 0
      vertex 45 5.1 0
    endloop
  endfacet
  facet normal 0 0 -1
    outer loop
      vertex 44.5859 5.04548 0
      vertex 54 18.4 0
      vertex 44.7912 5.08631 0
    endloop
  endfacet
  facet normal 0 0 -1
    outer loop
      vertex 44.3877 4.97821 0
      vertex 54 18.4 0
      vertex 44.5859 5.04548 0
    endloop
  endfacet
  facet normal 0 0 -1
    outer loop
      vertex 44.2 4.88564 0
      vertex 54 18.4 0
      vertex 44.3877 4.97821 0
    endloop
  endfacet
  facet normal 0 0 -1
    outer loop
      vertex 44.026 4.76937 0
      vertex 54 18.4 0
      vertex 44.2 4.88564 0
    endloop
  endfacet
  facet normal 0 0 -1
    outer loop
      vertex 43.8686 4.63137 0
      vertex 54 18.4 0
      vertex 44.026 4.76937 0
    endloop
  endfacet
  facet normal 0 0 -1
    outer loop
      vertex -43.8686 4.63137 0
      vertex 43.8686 4.63137 0
      vertex 43.7306 4.47402 0
    endloop
  endfacet
  facet normal 0 0 -1
    outer loop
      vertex -43.4 3.5 0
      vertex 43.4137 3.70884 0
      vertex 43.4 3.5 0
    endloop
  endfacet
  facet normal 0 0 -1
    outer loop
      vertex -43.4137 3.70884 0
      vertex 43.4137 3.70884 0
      vertex -43.4 3.5 0
    endloop
  endfacet
  facet normal 0 0 -1
    outer loop
      vertex 43.4137 3.70884 0
      vertex -43.4137 3.70884 0
      vertex 43.4545 3.91411 0
    endloop
  endfacet
  facet normal 0 0 -1
    outer loop
      vertex -43.4545 3.91411 0
      vertex 43.4545 3.91411 0
      vertex -43.4137 3.70884 0
    endloop
  endfacet
  facet normal 0 0 -1
    outer loop
      vertex 43.4545 3.91411 0
      vertex -43.4545 3.91411 0
      vertex 43.5218 4.11229 0
    endloop
  endfacet
  facet normal 0 0 -1
    outer loop
      vertex -43.5218 4.11229 0
      vertex 43.5218 4.11229 0
      vertex -43.4545 3.91411 0
    endloop
  endfacet
  facet normal 0 0 -1
    outer loop
      vertex 43.5218 4.11229 0
      vertex -43.5218 4.11229 0
      vertex 43.6144 4.3 0
    endloop
  endfacet
  facet normal 0 0 -1
    outer loop
      vertex -43.6144 4.3 0
      vertex 43.6144 4.3 0
      vertex -43.5218 4.11229 0
    endloop
  endfacet
  facet normal 0 0 -1
    outer loop
      vertex 43.6144 4.3 0
      vertex -43.6144 4.3 0
      vertex 43.7306 4.47402 0
    endloop
  endfacet
  facet normal 0 0 -1
    outer loop
      vertex -43.7306 4.47402 0
      vertex 43.7306 4.47402 0
      vertex -43.6144 4.3 0
    endloop
  endfacet
  facet normal 0 0 -1
    outer loop
      vertex -43.8686 4.63137 0
      vertex 43.7306 4.47402 0
      vertex -43.7306 4.47402 0
    endloop
  endfacet
  facet normal 0 0 -1
    outer loop
      vertex 43.8686 4.63137 0
      vertex -43.8686 4.63137 0
      vertex 54 18.4 0
    endloop
  endfacet
  facet normal 0 0 -1
    outer loop
      vertex -54 18.4 0
      vertex -43.8686 4.63137 0
      vertex -44.026 4.76937 0
    endloop
  endfacet
  facet normal 0 0 -1
    outer loop
      vertex -54 18.4 0
      vertex -44.026 4.76937 0
      vertex -44.2 4.88564 0
    endloop
  endfacet
  facet normal 0 0 -1
    outer loop
      vertex -54 18.4 0
      vertex -44.2 4.88564 0
      vertex -44.3877 4.97821 0
    endloop
  endfacet
  facet normal 0 0 -1
    outer loop
      vertex -54 18.4 0
      vertex -44.3877 4.97821 0
      vertex -44.5859 5.04548 0
    endloop
  endfacet
  facet normal 0 0 -1
    outer loop
      vertex -54 18.4 0
      vertex -44.5859 5.04548 0
      vertex -44.7912 5.08631 0
    endloop
  endfacet
  facet normal 0 0 -1
    outer loop
      vertex -54 18.4 0
      vertex -44.7912 5.08631 0
      vertex -45 5.1 0
    endloop
  endfacet
  facet normal 0 0 -1
    outer loop
      vertex -54 18.4 0
      vertex -45 5.1 0
      vertex -45.2088 5.08631 0
    endloop
  endfacet
  facet normal 0 0 -1
    outer loop
      vertex -53.4051 3.57831 0
      vertex -46.6 3.5 0
      vertex -53.4 3.5 0
    endloop
  endfacet
  facet normal 0 0 -1
    outer loop
      vertex -46.6 3.5 0
      vertex -53.4051 3.57831 0
      vertex -46.5863 3.70884 0
    endloop
  endfacet
  facet normal 0 0 -1
    outer loop
      vertex -53.4204 3.65529 0
      vertex -46.5863 3.70884 0
      vertex -53.4051 3.57831 0
    endloop
  endfacet
  facet normal -0 0 -1
    outer loop
      vertex -46.5863 3.70884 0
      vertex -53.4204 3.65529 0
      vertex -46.5455 3.91411 0
    endloop
  endfacet
  facet normal 0 0 -1
    outer loop
      vertex -53.4457 3.72961 0
      vertex -46.5455 3.91411 0
      vertex -53.4204 3.65529 0
    endloop
  endfacet
  facet normal -0 0 -1
    outer loop
      vertex -46.5455 3.91411 0
      vertex -53.4457 3.72961 0
      vertex -46.4782 4.11229 0
    endloop
  endfacet
  facet normal 0 0 -1
    outer loop
      vertex -53.4804 3.8 0
      vertex -46.4782 4.11229 0
      vertex -53.4457 3.72961 0
    endloop
  endfacet
  facet normal -0 0 -1
    outer loop
      vertex -46.4782 4.11229 0
      vertex -53.4804 3.8 0
      vertex -46.3856 4.3 0
    endloop
  endfacet
  facet normal 0 0 -1
    outer loop
      vertex -53.524 3.86526 0
      vertex -46.3856 4.3 0
      vertex -53.4804 3.8 0
    endloop
  endfacet
  facet normal -0 0 -1
    outer loop
      vertex -46.3856 4.3 0
      vertex -53.524 3.86526 0
      vertex -46.2694 4.47402 0
    endloop
  endfacet
  facet normal 0 0 -1
    outer loop
      vertex -53.5757 3.92426 0
      vertex -46.2694 4.47402 0
      vertex -53.524 3.86526 0
    endloop
  endfacet
  facet normal 0 0 -1
    outer loop
      vertex -53.6347 3.97601 0
      vertex -46.2694 4.47402 0
      vertex -53.5757 3.92426 0
    endloop
  endfacet
  facet normal -0 0 -1
    outer loop
      vertex -46.2694 4.47402 0
      vertex -53.6347 3.97601 0
      vertex -46.1314 4.63137 0
    endloop
  endfacet
  facet normal 0 0 -1
    outer loop
      vertex -53.7 4.01962 0
      vertex -46.1314 4.63137 0
      vertex -53.6347 3.97601 0
    endloop
  endfacet
  facet normal -0 0 -1
    outer loop
      vertex -46.1314 4.63137 0
      vertex -53.7 4.01962 0
      vertex -45.974 4.76937 0
    endloop
  endfacet
  facet normal 0 0 -1
    outer loop
      vertex -53.7704 4.05433 0
      vertex -45.974 4.76937 0
      vertex -53.7 4.01962 0
    endloop
  endfacet
  facet normal 0 0 -1
    outer loop
      vertex -57 15.4 0
      vertex -45.974 4.76937 0
      vertex -53.7704 4.05433 0
    endloop
  endfacet
  facet normal 0 0 -1
    outer loop
      vertex -45.974 4.76937 0
      vertex -57 15.4 0
      vertex -45.8 4.88564 0
    endloop
  endfacet
  facet normal 0 -0 -1
    outer loop
      vertex -54 18.4 0
      vertex -45.8 4.88564 0
      vertex -57 15.4 0
    endloop
  endfacet
  facet normal 0 0 -1
    outer loop
      vertex -45.6123 4.97821 0
      vertex -54 18.4 0
      vertex -45.4141 5.04548 0
    endloop
  endfacet
  facet normal 0 0 -1
    outer loop
      vertex -45.8 4.88564 0
      vertex -54 18.4 0
      vertex -45.6123 4.97821 0
    endloop
  endfacet
  facet normal 0 0 -1
    outer loop
      vertex -57 15.4 0
      vertex -53.7704 4.05433 0
      vertex -53.8447 4.07955 0
    endloop
  endfacet
  facet normal 0 0 -1
    outer loop
      vertex -57 15.4 0
      vertex -53.8447 4.07955 0
      vertex -53.9217 4.09487 0
    endloop
  endfacet
  facet normal 0 0 -1
    outer loop
      vertex -57 15.4 0
      vertex -53.9217 4.09487 0
      vertex -54 4.1 0
    endloop
  endfacet
  facet normal 0 0 -1
    outer loop
      vertex -43.8686 4.63137 0
      vertex -54 18.4 0
      vertex 54 18.4 0
    endloop
  endfacet
  facet normal 0 0 -1
    outer loop
      vertex -57 15.4 0
      vertex -54 4.1 0
      vertex -54.0783 4.09487 0
    endloop
  endfacet
  facet normal 0 0 -1
    outer loop
      vertex -57 15.4 0
      vertex -54.0783 4.09487 0
      vertex -54.1553 4.07955 0
    endloop
  endfacet
  facet normal 0 0 -1
    outer loop
      vertex -57 15.4 0
      vertex -54.1553 4.07955 0
      vertex -54.2296 4.05433 0
    endloop
  endfacet
  facet normal 0 0 -1
    outer loop
      vertex -57 15.4 0
      vertex -54.2296 4.05433 0
      vertex -54.3 4.01962 0
    endloop
  endfacet
  facet normal 0 0 -1
    outer loop
      vertex -57 15.4 0
      vertex -54.3 4.01962 0
      vertex -54.3653 3.97601 0
    endloop
  endfacet
  facet normal 0 0 -1
    outer loop
      vertex -45.4141 5.04548 0
      vertex -54 18.4 0
      vertex -45.2088 5.08631 0
    endloop
  endfacet
  facet normal 0 0 -1
    outer loop
      vertex -57 15.4 0
      vertex -54.3653 3.97601 0
      vertex -54.4243 3.92426 0
    endloop
  endfacet
  facet normal 0 0 -1
    outer loop
      vertex -57 15.4 0
      vertex -54.4243 3.92426 0
      vertex -54.476 3.86526 0
    endloop
  endfacet
  facet normal 0 0 -1
    outer loop
      vertex -57 15.4 0
      vertex -54.476 3.86526 0
      vertex -54.5196 3.8 0
    endloop
  endfacet
  facet normal 0 0 -1
    outer loop
      vertex -57 15.4 0
      vertex -54.5196 3.8 0
      vertex -54.5543 3.72961 0
    endloop
  endfacet
  facet normal 0 0 -1
    outer loop
      vertex -57 15.4 0
      vertex -54.5543 3.72961 0
      vertex -54.5796 3.65529 0
    endloop
  endfacet
  facet normal 0 0 -1
    outer loop
      vertex -57 15.4 0
      vertex -54.5796 3.65529 0
      vertex -54.5949 3.57831 0
    endloop
  endfacet
  facet normal 0 0 -1
    outer loop
      vertex -57 15.4 0
      vertex -54.5949 3.57831 0
      vertex -54.6 3.5 0
    endloop
  endfacet
  facet normal 0 0 -1
    outer loop
      vertex -54 18.4 0
      vertex -57 15.4 0
      vertex -54.3916 18.3743 0
    endloop
  endfacet
  facet normal -0 0 -1
    outer loop
      vertex -54.5949 3.42168 0
      vertex -57 -15.4 0
      vertex -54.6 3.5 0
    endloop
  endfacet
  facet normal 0 0 -1
    outer loop
      vertex -57 -15.4 0
      vertex -54.7764 -18.2978 0
      vertex -55.148 -18.1716 0
    endloop
  endfacet
  facet normal 0 0 -1
    outer loop
      vertex -57 15.4 0
      vertex -54.6 3.5 0
      vertex -57 -15.4 0
    endloop
  endfacet
  facet normal 0 0 -1
    outer loop
      vertex -57 -15.4 0
      vertex -55.148 -18.1716 0
      vertex -55.5 -17.9981 0
    endloop
  endfacet
  facet normal 0 0 -1
    outer loop
      vertex -54.3916 18.3743 0
      vertex -57 15.4 0
      vertex -54.7764 18.2978 0
    endloop
  endfacet
  facet normal 0 0 -1
    outer loop
      vertex -57 -15.4 0
      vertex -55.5 -17.9981 0
      vertex -55.8263 -17.78 0
    endloop
  endfacet
  facet normal 0 0 -1
    outer loop
      vertex -54.7764 18.2978 0
      vertex -57 15.4 0
      vertex -55.148 18.1716 0
    endloop
  endfacet
  facet normal 0 0 -1
    outer loop
      vertex -57 -15.4 0
      vertex -55.8263 -17.78 0
      vertex -56.1213 -17.5213 0
    endloop
  endfacet
  facet normal 0 0 -1
    outer loop
      vertex -55.148 18.1716 0
      vertex -57 15.4 0
      vertex -55.5 17.9981 0
    endloop
  endfacet
  facet normal 0 0 -1
    outer loop
      vertex -57 -15.4 0
      vertex -56.1213 -17.5213 0
      vertex -56.3801 -17.2263 0
    endloop
  endfacet
  facet normal 0 0 -1
    outer loop
      vertex -55.5 17.9981 0
      vertex -57 15.4 0
      vertex -55.8263 17.78 0
    endloop
  endfacet
  facet normal 0 0 -1
    outer loop
      vertex -57 -15.4 0
      vertex -56.3801 -17.2263 0
      vertex -56.5981 -16.9 0
    endloop
  endfacet
  facet normal 0 0 -1
    outer loop
      vertex -55.8263 17.78 0
      vertex -57 15.4 0
      vertex -56.1213 17.5213 0
    endloop
  endfacet
  facet normal 0 0 -1
    outer loop
      vertex -57 -15.4 0
      vertex -56.5981 -16.9 0
      vertex -56.7716 -16.548 0
    endloop
  endfacet
  facet normal 0 0 -1
    outer loop
      vertex -56.1213 17.5213 0
      vertex -57 15.4 0
      vertex -56.3801 17.2263 0
    endloop
  endfacet
  facet normal 0 0 -1
    outer loop
      vertex -57 -15.4 0
      vertex -56.7716 -16.548 0
      vertex -56.8978 -16.1764 0
    endloop
  endfacet
  facet normal 0 0 -1
    outer loop
      vertex -56.3801 17.2263 0
      vertex -57 15.4 0
      vertex -56.5981 16.9 0
    endloop
  endfacet
  facet normal 0 0 -1
    outer loop
      vertex -57 -15.4 0
      vertex -56.8978 -16.1764 0
      vertex -56.9743 -15.7916 0
    endloop
  endfacet
  facet normal 0 0 -1
    outer loop
      vertex -56.5981 16.9 0
      vertex -57 15.4 0
      vertex -56.7716 16.548 0
    endloop
  endfacet
  facet normal 0 0 -1
    outer loop
      vertex -56.7716 16.548 0
      vertex -57 15.4 0
      vertex -56.8978 16.1764 0
    endloop
  endfacet
  facet normal 0 0 -1
    outer loop
      vertex -56.8978 16.1764 0
      vertex -57 15.4 0
      vertex -56.9743 15.7916 0
    endloop
  endfacet
  facet normal -0.980806 -0.194989 0
    outer loop
      vertex -56.8978 -16.1764 0
      vertex -56.9743 -15.7916 2
      vertex -56.9743 -15.7916 0
    endloop
  endfacet
  facet normal -0.980806 -0.194989 0
    outer loop
      vertex -56.9743 -15.7916 2
      vertex -56.8978 -16.1764 0
      vertex -56.8978 -16.1764 2
    endloop
  endfacet
  facet normal -0.321574 -0.946885 0
    outer loop
      vertex -55.148 -18.1716 0
      vertex -54.7764 -18.2978 2
      vertex -55.148 -18.1716 2
    endloop
  endfacet
  facet normal -0.321574 -0.946885 -0
    outer loop
      vertex -54.7764 -18.2978 2
      vertex -55.148 -18.1716 0
      vertex -54.7764 -18.2978 0
    endloop
  endfacet
  facet normal -0.44211 0.896961 0
    outer loop
      vertex -55.148 18.1716 0
      vertex -55.5 17.9981 2
      vertex -55.148 18.1716 2
    endloop
  endfacet
  facet normal -0.44211 0.896961 0
    outer loop
      vertex -55.5 17.9981 2
      vertex -55.148 18.1716 0
      vertex -55.5 17.9981 0
    endloop
  endfacet
  facet normal 0.831501 -0.555523 0
    outer loop
      vertex 56.3801 -17.2263 2
      vertex 56.5981 -16.9 0
      vertex 56.5981 -16.9 2
    endloop
  endfacet
  facet normal 0.831501 -0.555523 0
    outer loop
      vertex 56.5981 -16.9 0
      vertex 56.3801 -17.2263 2
      vertex 56.3801 -17.2263 0
    endloop
  endfacet
  facet normal -0.555699 -0.831383 0
    outer loop
      vertex -55.8263 -17.78 0
      vertex -55.5 -17.9981 2
      vertex -55.8263 -17.78 2
    endloop
  endfacet
  facet normal -0.555699 -0.831383 -0
    outer loop
      vertex -55.5 -17.9981 2
      vertex -55.8263 -17.78 0
      vertex -55.5 -17.9981 0
    endloop
  endfacet
  facet normal 0.0654873 -0.997853 0
    outer loop
      vertex 54 -18.4 0
      vertex 54.3916 -18.3743 2
      vertex 54 -18.4 2
    endloop
  endfacet
  facet normal 0.0654873 -0.997853 0
    outer loop
      vertex 54.3916 -18.3743 2
      vertex 54 -18.4 0
      vertex 54.3916 -18.3743 0
    endloop
  endfacet
  facet normal 0.751724 0.659478 0
    outer loop
      vertex 56.3801 17.2263 2
      vertex 56.1213 17.5213 0
      vertex 56.1213 17.5213 2
    endloop
  endfacet
  facet normal 0.751724 0.659478 0
    outer loop
      vertex 56.1213 17.5213 0
      vertex 56.3801 17.2263 2
      vertex 56.3801 17.2263 0
    endloop
  endfacet
  facet normal -0.0654873 0.997853 0
    outer loop
      vertex -54 18.4 0
      vertex -54.3916 18.3743 2
      vertex -54 18.4 2
    endloop
  endfacet
  facet normal -0.0654873 0.997853 0
    outer loop
      vertex -54.3916 18.3743 2
      vertex -54 18.4 0
      vertex -54.3916 18.3743 0
    endloop
  endfacet
  facet normal 0.896961 -0.44211 0
    outer loop
      vertex 56.5981 -16.9 2
      vertex 56.7716 -16.548 0
      vertex 56.7716 -16.548 2
    endloop
  endfacet
  facet normal 0.896961 -0.44211 0
    outer loop
      vertex 56.7716 -16.548 0
      vertex 56.5981 -16.9 2
      vertex 56.5981 -16.9 0
    endloop
  endfacet
  facet normal 0 0 1
    outer loop
      vertex 54 18.4 2
      vertex 57 15.4 2
      vertex 56.9743 15.7916 2
    endloop
  endfacet
  facet normal 0 0 1
    outer loop
      vertex 57 15.4 2
      vertex 54.6 3.5 2
      vertex 57 -15.4 2
    endloop
  endfacet
  facet normal 0 0 1
    outer loop
      vertex 54 18.4 2
      vertex 56.9743 15.7916 2
      vertex 56.8978 16.1764 2
    endloop
  endfacet
  facet normal -0 0 1
    outer loop
      vertex 54.5949 3.42168 2
      vertex 57 -15.4 2
      vertex 54.6 3.5 2
    endloop
  endfacet
  facet normal 0 0 1
    outer loop
      vertex 54 18.4 2
      vertex 56.8978 16.1764 2
      vertex 56.7716 16.548 2
    endloop
  endfacet
  facet normal -0 0 1
    outer loop
      vertex 54.5796 3.34471 2
      vertex 57 -15.4 2
      vertex 54.5949 3.42168 2
    endloop
  endfacet
  facet normal 0 0 1
    outer loop
      vertex 54 18.4 2
      vertex 56.7716 16.548 2
      vertex 56.5981 16.9 2
    endloop
  endfacet
  facet normal -0 0 1
    outer loop
      vertex 54.5543 3.27039 2
      vertex 57 -15.4 2
      vertex 54.5796 3.34471 2
    endloop
  endfacet
  facet normal 0 0 1
    outer loop
      vertex 54 18.4 2
      vertex 56.5981 16.9 2
      vertex 56.3801 17.2263 2
    endloop
  endfacet
  facet normal -0 0 1
    outer loop
      vertex 54.5196 3.2 2
      vertex 57 -15.4 2
      vertex 54.5543 3.27039 2
    endloop
  endfacet
  facet normal 0 0 1
    outer loop
      vertex 54 18.4 2
      vertex 56.3801 17.2263 2
      vertex 56.1213 17.5213 2
    endloop
  endfacet
  facet normal -0 0 1
    outer loop
      vertex 54.476 3.13474 2
      vertex 57 -15.4 2
      vertex 54.5196 3.2 2
    endloop
  endfacet
  facet normal 0 0 1
    outer loop
      vertex 54 18.4 2
      vertex 56.1213 17.5213 2
      vertex 55.8263 17.78 2
    endloop
  endfacet
  facet normal -0 0 1
    outer loop
      vertex 54.4243 3.07574 2
      vertex 57 -15.4 2
      vertex 54.476 3.13474 2
    endloop
  endfacet
  facet normal 0 0 1
    outer loop
      vertex 54 18.4 2
      vertex 55.8263 17.78 2
      vertex 55.5 17.9981 2
    endloop
  endfacet
  facet normal -0 0 1
    outer loop
      vertex 54.3653 3.02399 2
      vertex 57 -15.4 2
      vertex 54.4243 3.07574 2
    endloop
  endfacet
  facet normal 0 0 1
    outer loop
      vertex 54 18.4 2
      vertex 55.5 17.9981 2
      vertex 55.148 18.1716 2
    endloop
  endfacet
  facet normal -0 0 1
    outer loop
      vertex 54.3 2.98038 2
      vertex 57 -15.4 2
      vertex 54.3653 3.02399 2
    endloop
  endfacet
  facet normal 0 0 1
    outer loop
      vertex 54 18.4 2
      vertex 55.148 18.1716 2
      vertex 54.7764 18.2978 2
    endloop
  endfacet
  facet normal -0 0 1
    outer loop
      vertex 54.2296 2.94567 2
      vertex 57 -15.4 2
      vertex 54.3 2.98038 2
    endloop
  endfacet
  facet normal -0 0 1
    outer loop
      vertex 54.1553 2.92044 2
      vertex 57 -15.4 2
      vertex 54.2296 2.94567 2
    endloop
  endfacet
  facet normal 0 0 1
    outer loop
      vertex 57 15.4 2
      vertex 54.5949 3.57831 2
      vertex 54.6 3.5 2
    endloop
  endfacet
  facet normal 0 0 1
    outer loop
      vertex 57 15.4 2
      vertex 54.5796 3.65529 2
      vertex 54.5949 3.57831 2
    endloop
  endfacet
  facet normal 0 0 1
    outer loop
      vertex 57 15.4 2
      vertex 54.5543 3.72961 2
      vertex 54.5796 3.65529 2
    endloop
  endfacet
  facet normal 0 0 1
    outer loop
      vertex 57 15.4 2
      vertex 54.5196 3.8 2
      vertex 54.5543 3.72961 2
    endloop
  endfacet
  facet normal 0 0 1
    outer loop
      vertex 57 15.4 2
      vertex 54.476 3.86526 2
      vertex 54.5196 3.8 2
    endloop
  endfacet
  facet normal 0 0 1
    outer loop
      vertex 57 15.4 2
      vertex 54.4243 3.92426 2
      vertex 54.476 3.86526 2
    endloop
  endfacet
  facet normal 0 0 1
    outer loop
      vertex 54 18.4 2
      vertex 54.7764 18.2978 2
      vertex 54.3916 18.3743 2
    endloop
  endfacet
  facet normal 0 0 1
    outer loop
      vertex 57 15.4 2
      vertex 54.3653 3.97601 2
      vertex 54.4243 3.92426 2
    endloop
  endfacet
  facet normal 0 0 1
    outer loop
      vertex 57 15.4 2
      vertex 54.3 4.01962 2
      vertex 54.3653 3.97601 2
    endloop
  endfacet
  facet normal 0 0 1
    outer loop
      vertex 57 15.4 2
      vertex 54.2296 4.05433 2
      vertex 54.3 4.01962 2
    endloop
  endfacet
  facet normal 0 0 1
    outer loop
      vertex 57 15.4 2
      vertex 54.1553 4.07955 2
      vertex 54.2296 4.05433 2
    endloop
  endfacet
  facet normal 0 0 1
    outer loop
      vertex 57 15.4 2
      vertex 54.0783 4.09487 2
      vertex 54.1553 4.07955 2
    endloop
  endfacet
  facet normal 0 0 1
    outer loop
      vertex 45.8 4.88564 2
      vertex 57 15.4 2
      vertex 54 18.4 2
    endloop
  endfacet
  facet normal 0 0 1
    outer loop
      vertex 57 15.4 2
      vertex 54 4.1 2
      vertex 54.0783 4.09487 2
    endloop
  endfacet
  facet normal 0 0 1
    outer loop
      vertex 57 15.4 2
      vertex 53.9217 4.09487 2
      vertex 54 4.1 2
    endloop
  endfacet
  facet normal 0 0 1
    outer loop
      vertex 57 15.4 2
      vertex 53.8447 4.07955 2
      vertex 53.9217 4.09487 2
    endloop
  endfacet
  facet normal 0 0 1
    outer loop
      vertex 57 15.4 2
      vertex 53.7704 4.05433 2
      vertex 53.8447 4.07955 2
    endloop
  endfacet
  facet normal 0 0 1
    outer loop
      vertex 57 15.4 2
      vertex 45.974 4.76937 2
      vertex 53.7704 4.05433 2
    endloop
  endfacet
  facet normal 0 0 1
    outer loop
      vertex 53.7704 4.05433 2
      vertex 45.974 4.76937 2
      vertex 53.7 4.01962 2
    endloop
  endfacet
  facet normal -0 -0 1
    outer loop
      vertex 46.1314 4.63137 2
      vertex 53.7 4.01962 2
      vertex 45.974 4.76937 2
    endloop
  endfacet
  facet normal 0 0 1
    outer loop
      vertex 53.7 4.01962 2
      vertex 46.1314 4.63137 2
      vertex 53.6347 3.97601 2
    endloop
  endfacet
  facet normal -0 -0 1
    outer loop
      vertex 46.2694 4.47402 2
      vertex 53.6347 3.97601 2
      vertex 46.1314 4.63137 2
    endloop
  endfacet
  facet normal 0 0 1
    outer loop
      vertex 53.6347 3.97601 2
      vertex 46.2694 4.47402 2
      vertex 53.5757 3.92426 2
    endloop
  endfacet
  facet normal 0 0 1
    outer loop
      vertex 53.5757 3.92426 2
      vertex 46.2694 4.47402 2
      vertex 53.524 3.86526 2
    endloop
  endfacet
  facet normal -0 -0 1
    outer loop
      vertex 46.3856 4.3 2
      vertex 53.524 3.86526 2
      vertex 46.2694 4.47402 2
    endloop
  endfacet
  facet normal 0 0 1
    outer loop
      vertex 53.524 3.86526 2
      vertex 46.3856 4.3 2
      vertex 53.4804 3.8 2
    endloop
  endfacet
  facet normal -0 -0 1
    outer loop
      vertex 46.4782 4.11229 2
      vertex 53.4804 3.8 2
      vertex 46.3856 4.3 2
    endloop
  endfacet
  facet normal 0 0 1
    outer loop
      vertex 53.4051 3.57831 2
      vertex 46.6 3.5 2
      vertex 53.4 3.5 2
    endloop
  endfacet
  facet normal 0 -0 1
    outer loop
      vertex 46.6 3.5 2
      vertex 53.4051 3.57831 2
      vertex 46.5863 3.70884 2
    endloop
  endfacet
  facet normal 0 0 1
    outer loop
      vertex 53.4204 3.65529 2
      vertex 46.5863 3.70884 2
      vertex 53.4051 3.57831 2
    endloop
  endfacet
  facet normal -0 -0 1
    outer loop
      vertex 46.5863 3.70884 2
      vertex 53.4204 3.65529 2
      vertex 46.5455 3.91411 2
    endloop
  endfacet
  facet normal 0 0 1
    outer loop
      vertex 53.4457 3.72961 2
      vertex 46.5455 3.91411 2
      vertex 53.4204 3.65529 2
    endloop
  endfacet
  facet normal -0 -0 1
    outer loop
      vertex 46.5455 3.91411 2
      vertex 53.4457 3.72961 2
      vertex 46.4782 4.11229 2
    endloop
  endfacet
  facet normal 0 0 1
    outer loop
      vertex 53.4804 3.8 2
      vertex 46.4782 4.11229 2
      vertex 53.4457 3.72961 2
    endloop
  endfacet
  facet normal 0 0 1
    outer loop
      vertex 57 15.4 2
      vertex 45.8 4.88564 2
      vertex 45.974 4.76937 2
    endloop
  endfacet
  facet normal 0 0 1
    outer loop
      vertex 54 18.4 2
      vertex 45.6123 4.97821 2
      vertex 45.8 4.88564 2
    endloop
  endfacet
  facet normal 0 0 1
    outer loop
      vertex 54 18.4 2
      vertex 45.4141 5.04548 2
      vertex 45.6123 4.97821 2
    endloop
  endfacet
  facet normal 0 0 1
    outer loop
      vertex 54 18.4 2
      vertex 45.2088 5.08631 2
      vertex 45.4141 5.04548 2
    endloop
  endfacet
  facet normal 0 0 1
    outer loop
      vertex 54 18.4 2
      vertex 45 5.1 2
      vertex 45.2088 5.08631 2
    endloop
  endfacet
  facet normal 0 0 1
    outer loop
      vertex 54 18.4 2
      vertex 44.7912 5.08631 2
      vertex 45 5.1 2
    endloop
  endfacet
  facet normal 0 0 1
    outer loop
      vertex 54 18.4 2
      vertex 44.5859 5.04548 2
      vertex 44.7912 5.08631 2
    endloop
  endfacet
  facet normal 0 0 1
    outer loop
      vertex 54 18.4 2
      vertex 44.3877 4.97821 2
      vertex 44.5859 5.04548 2
    endloop
  endfacet
  facet normal 0 0 1
    outer loop
      vertex 54 18.4 2
      vertex 44.2 4.88564 2
      vertex 44.3877 4.97821 2
    endloop
  endfacet
  facet normal 0 0 1
    outer loop
      vertex 54 18.4 2
      vertex 44.026 4.76937 2
      vertex 44.2 4.88564 2
    endloop
  endfacet
  facet normal 0 0 1
    outer loop
      vertex 54 18.4 2
      vertex 43.8686 4.63137 2
      vertex 44.026 4.76937 2
    endloop
  endfacet
  facet normal 0 0 1
    outer loop
      vertex -43.8686 4.63137 2
      vertex 43.8686 4.63137 2
      vertex 54 18.4 2
    endloop
  endfacet
  facet normal 0 0 1
    outer loop
      vertex 43.4137 3.70884 2
      vertex -43.4 3.5 2
      vertex 43.4 3.5 2
    endloop
  endfacet
  facet normal 0 0 1
    outer loop
      vertex -43.4137 3.70884 2
      vertex 43.4137 3.70884 2
      vertex 43.4545 3.91411 2
    endloop
  endfacet
  facet normal 0 0 1
    outer loop
      vertex -43.4545 3.91411 2
      vertex 43.4545 3.91411 2
      vertex 43.5218 4.11229 2
    endloop
  endfacet
  facet normal 0 0 1
    outer loop
      vertex -43.5218 4.11229 2
      vertex 43.5218 4.11229 2
      vertex 43.6144 4.3 2
    endloop
  endfacet
  facet normal 0 0 1
    outer loop
      vertex -43.6144 4.3 2
      vertex 43.6144 4.3 2
      vertex 43.7306 4.47402 2
    endloop
  endfacet
  facet normal 0 0 1
    outer loop
      vertex 43.8686 4.63137 2
      vertex -43.8686 4.63137 2
      vertex 43.7306 4.47402 2
    endloop
  endfacet
  facet normal 0 0 1
    outer loop
      vertex 43.4137 3.70884 2
      vertex -43.4137 3.70884 2
      vertex -43.4 3.5 2
    endloop
  endfacet
  facet normal 0 0 1
    outer loop
      vertex 43.4545 3.91411 2
      vertex -43.4545 3.91411 2
      vertex -43.4137 3.70884 2
    endloop
  endfacet
  facet normal 0 0 1
    outer loop
      vertex 43.5218 4.11229 2
      vertex -43.5218 4.11229 2
      vertex -43.4545 3.91411 2
    endloop
  endfacet
  facet normal 0 0 1
    outer loop
      vertex 43.6144 4.3 2
      vertex -43.6144 4.3 2
      vertex -43.5218 4.11229 2
    endloop
  endfacet
  facet normal 0 0 1
    outer loop
      vertex 43.7306 4.47402 2
      vertex -43.7306 4.47402 2
      vertex -43.6144 4.3 2
    endloop
  endfacet
  facet normal 0 0 1
    outer loop
      vertex 43.7306 4.47402 2
      vertex -43.8686 4.63137 2
      vertex -43.7306 4.47402 2
    endloop
  endfacet
  facet normal -0 0 1
    outer loop
      vertex -54 18.4 2
      vertex -43.8686 4.63137 2
      vertex 54 18.4 2
    endloop
  endfacet
  facet normal 0 0 1
    outer loop
      vertex -43.8686 4.63137 2
      vertex -54 18.4 2
      vertex -44.026 4.76937 2
    endloop
  endfacet
  facet normal 0 0 1
    outer loop
      vertex -44.026 4.76937 2
      vertex -54 18.4 2
      vertex -44.2 4.88564 2
    endloop
  endfacet
  facet normal 0 0 1
    outer loop
      vertex -44.2 4.88564 2
      vertex -54 18.4 2
      vertex -44.3877 4.97821 2
    endloop
  endfacet
  facet normal 0 0 1
    outer loop
      vertex -44.3877 4.97821 2
      vertex -54 18.4 2
      vertex -44.5859 5.04548 2
    endloop
  endfacet
  facet normal 0 0 1
    outer loop
      vertex -44.5859 5.04548 2
      vertex -54 18.4 2
      vertex -44.7912 5.08631 2
    endloop
  endfacet
  facet normal 0 0 1
    outer loop
      vertex -44.7912 5.08631 2
      vertex -54 18.4 2
      vertex -45 5.1 2
    endloop
  endfacet
  facet normal -0 0 1
    outer loop
      vertex -53.4051 3.57831 2
      vertex -46.6 3.5 2
      vertex -46.5863 3.70884 2
    endloop
  endfacet
  facet normal 0 0 1
    outer loop
      vertex -53.4204 3.65529 2
      vertex -46.5863 3.70884 2
      vertex -46.5455 3.91411 2
    endloop
  endfacet
  facet normal 0 0 1
    outer loop
      vertex -53.4457 3.72961 2
      vertex -46.5455 3.91411 2
      vertex -46.4782 4.11229 2
    endloop
  endfacet
  facet normal 0 0 1
    outer loop
      vertex -53.4804 3.8 2
      vertex -46.4782 4.11229 2
      vertex -46.3856 4.3 2
    endloop
  endfacet
  facet normal 0 0 1
    outer loop
      vertex -53.524 3.86526 2
      vertex -46.3856 4.3 2
      vertex -46.2694 4.47402 2
    endloop
  endfacet
  facet normal 0 0 1
    outer loop
      vertex -53.6347 3.97601 2
      vertex -46.2694 4.47402 2
      vertex -46.1314 4.63137 2
    endloop
  endfacet
  facet normal 0 0 1
    outer loop
      vertex -53.7 4.01962 2
      vertex -46.1314 4.63137 2
      vertex -45.974 4.76937 2
    endloop
  endfacet
  facet normal 0 0 1
    outer loop
      vertex -57 15.4 2
      vertex -45.974 4.76937 2
      vertex -45.8 4.88564 2
    endloop
  endfacet
  facet normal 0 0 1
    outer loop
      vertex -54 18.4 2
      vertex -45.8 4.88564 2
      vertex -45.6123 4.97821 2
    endloop
  endfacet
  facet normal 0 0 1
    outer loop
      vertex -54 18.4 2
      vertex -45.6123 4.97821 2
      vertex -45.4141 5.04548 2
    endloop
  endfacet
  facet normal 0 0 1
    outer loop
      vertex -54 18.4 2
      vertex -45.4141 5.04548 2
      vertex -45.2088 5.08631 2
    endloop
  endfacet
  facet normal 0 0 1
    outer loop
      vertex -46.6 3.5 2
      vertex -53.4051 3.57831 2
      vertex -53.4 3.5 2
    endloop
  endfacet
  facet normal 0 0 1
    outer loop
      vertex -46.5863 3.70884 2
      vertex -53.4204 3.65529 2
      vertex -53.4051 3.57831 2
    endloop
  endfacet
  facet normal 0 0 1
    outer loop
      vertex -46.5455 3.91411 2
      vertex -53.4457 3.72961 2
      vertex -53.4204 3.65529 2
    endloop
  endfacet
  facet normal 0 0 1
    outer loop
      vertex -46.4782 4.11229 2
      vertex -53.4804 3.8 2
      vertex -53.4457 3.72961 2
    endloop
  endfacet
  facet normal 0 0 1
    outer loop
      vertex -46.3856 4.3 2
      vertex -53.524 3.86526 2
      vertex -53.4804 3.8 2
    endloop
  endfacet
  facet normal 0 0 1
    outer loop
      vertex -46.2694 4.47402 2
      vertex -53.5757 3.92426 2
      vertex -53.524 3.86526 2
    endloop
  endfacet
  facet normal 0 0 1
    outer loop
      vertex -46.2694 4.47402 2
      vertex -53.6347 3.97601 2
      vertex -53.5757 3.92426 2
    endloop
  endfacet
  facet normal 0 0 1
    outer loop
      vertex -45 5.1 2
      vertex -54 18.4 2
      vertex -45.2088 5.08631 2
    endloop
  endfacet
  facet normal 0 0 1
    outer loop
      vertex -45.8 4.88564 2
      vertex -54 18.4 2
      vertex -57 15.4 2
    endloop
  endfacet
  facet normal 0 0 1
    outer loop
      vertex -46.1314 4.63137 2
      vertex -53.7 4.01962 2
      vertex -53.6347 3.97601 2
    endloop
  endfacet
  facet normal 0 0 1
    outer loop
      vertex -45.974 4.76937 2
      vertex -57 15.4 2
      vertex -53.7704 4.05433 2
    endloop
  endfacet
  facet normal 0 0 1
    outer loop
      vertex -45.974 4.76937 2
      vertex -53.7704 4.05433 2
      vertex -53.7 4.01962 2
    endloop
  endfacet
  facet normal 0 0 1
    outer loop
      vertex -53.7704 4.05433 2
      vertex -57 15.4 2
      vertex -53.8447 4.07955 2
    endloop
  endfacet
  facet normal 0 0 1
    outer loop
      vertex -53.8447 4.07955 2
      vertex -57 15.4 2
      vertex -53.9217 4.09487 2
    endloop
  endfacet
  facet normal 0 0 1
    outer loop
      vertex -53.9217 4.09487 2
      vertex -57 15.4 2
      vertex -54 4.1 2
    endloop
  endfacet
  facet normal 0 0 1
    outer loop
      vertex -54 4.1 2
      vertex -57 15.4 2
      vertex -54.0783 4.09487 2
    endloop
  endfacet
  facet normal 0 0 1
    outer loop
      vertex -54.0783 4.09487 2
      vertex -57 15.4 2
      vertex -54.1553 4.07955 2
    endloop
  endfacet
  facet normal 0 0 1
    outer loop
      vertex -54.1553 4.07955 2
      vertex -57 15.4 2
      vertex -54.2296 4.05433 2
    endloop
  endfacet
  facet normal 0 0 1
    outer loop
      vertex -54.2296 4.05433 2
      vertex -57 15.4 2
      vertex -54.3 4.01962 2
    endloop
  endfacet
  facet normal 0 0 1
    outer loop
      vertex -57 15.4 2
      vertex -54 18.4 2
      vertex -54.3916 18.3743 2
    endloop
  endfacet
  facet normal 0 0 1
    outer loop
      vertex -54.3 4.01962 2
      vertex -57 15.4 2
      vertex -54.3653 3.97601 2
    endloop
  endfacet
  facet normal 0 0 1
    outer loop
      vertex -54.3653 3.97601 2
      vertex -57 15.4 2
      vertex -54.4243 3.92426 2
    endloop
  endfacet
  facet normal 0 0 1
    outer loop
      vertex -54.4243 3.92426 2
      vertex -57 15.4 2
      vertex -54.476 3.86526 2
    endloop
  endfacet
  facet normal 0 0 1
    outer loop
      vertex -54.476 3.86526 2
      vertex -57 15.4 2
      vertex -54.5196 3.8 2
    endloop
  endfacet
  facet normal 0 0 1
    outer loop
      vertex -54.5196 3.8 2
      vertex -57 15.4 2
      vertex -54.5543 3.72961 2
    endloop
  endfacet
  facet normal 0 0 1
    outer loop
      vertex -54.5543 3.72961 2
      vertex -57 15.4 2
      vertex -54.5796 3.65529 2
    endloop
  endfacet
  facet normal 0 0 1
    outer loop
      vertex -54.5796 3.65529 2
      vertex -57 15.4 2
      vertex -54.5949 3.57831 2
    endloop
  endfacet
  facet normal 0 0 1
    outer loop
      vertex -57 15.4 2
      vertex -54.3916 18.3743 2
      vertex -54.7764 18.2978 2
    endloop
  endfacet
  facet normal -0 0 1
    outer loop
      vertex 54.0783 2.90513 2
      vertex 57 -15.4 2
      vertex 54.1553 2.92044 2
    endloop
  endfacet
  facet normal -0 0 1
    outer loop
      vertex 54 2.9 2
      vertex 57 -15.4 2
      vertex 54.0783 2.90513 2
    endloop
  endfacet
  facet normal 0 0 1
    outer loop
      vertex 53.9217 2.90513 2
      vertex 57 -15.4 2
      vertex 54 2.9 2
    endloop
  endfacet
  facet normal 0 0 1
    outer loop
      vertex 53.8447 2.92044 2
      vertex 57 -15.4 2
      vertex 53.9217 2.90513 2
    endloop
  endfacet
  facet normal -0 0 1
    outer loop
      vertex 45.8 2.11436 2
      vertex 57 -15.4 2
      vertex 53.8447 2.92044 2
    endloop
  endfacet
  facet normal -0 0 1
    outer loop
      vertex 45.6123 2.02179 2
      vertex 57 -15.4 2
      vertex 45.8 2.11436 2
    endloop
  endfacet
  facet normal -0 0 1
    outer loop
      vertex 45.4141 1.95452 2
      vertex 57 -15.4 2
      vertex 45.6123 2.02179 2
    endloop
  endfacet
  facet normal 0 -0 1
    outer loop
      vertex 54 -18.4 2
      vertex 57 -15.4 2
      vertex 45.4141 1.95452 2
    endloop
  endfacet
  facet normal 0 0 1
    outer loop
      vertex 57 -15.4 2
      vertex 54 -18.4 2
      vertex 56.9743 -15.7916 2
    endloop
  endfacet
  facet normal 0 0 1
    outer loop
      vertex 56.8978 -16.1764 2
      vertex 54 -18.4 2
      vertex 56.7716 -16.548 2
    endloop
  endfacet
  facet normal 0 0 1
    outer loop
      vertex 56.3801 -17.2263 2
      vertex 54 -18.4 2
      vertex 56.1213 -17.5213 2
    endloop
  endfacet
  facet normal 0 0 1
    outer loop
      vertex 55.8263 -17.78 2
      vertex 54 -18.4 2
      vertex 55.5 -17.9981 2
    endloop
  endfacet
  facet normal 0 0 1
    outer loop
      vertex 55.5 -17.9981 2
      vertex 54 -18.4 2
      vertex 55.148 -18.1716 2
    endloop
  endfacet
  facet normal 0 0 1
    outer loop
      vertex 54.7764 -18.2978 2
      vertex 54 -18.4 2
      vertex 54.3916 -18.3743 2
    endloop
  endfacet
  facet normal 0 0 1
    outer loop
      vertex 55.148 -18.1716 2
      vertex 54 -18.4 2
      vertex 54.7764 -18.2978 2
    endloop
  endfacet
  facet normal 0 0 1
    outer loop
      vertex 56.1213 -17.5213 2
      vertex 54 -18.4 2
      vertex 55.8263 -17.78 2
    endloop
  endfacet
  facet normal 0 0 1
    outer loop
      vertex 45.8 2.11436 2
      vertex 53.8447 2.92044 2
      vertex 53.7704 2.94567 2
    endloop
  endfacet
  facet normal 0 0 1
    outer loop
      vertex 45.974 2.23063 2
      vertex 53.7704 2.94567 2
      vertex 53.7 2.98038 2
    endloop
  endfacet
  facet normal 0 0 1
    outer loop
      vertex 46.1314 2.36863 2
      vertex 53.7 2.98038 2
      vertex 53.6347 3.02399 2
    endloop
  endfacet
  facet normal 0 0 1
    outer loop
      vertex 46.2694 2.52598 2
      vertex 53.6347 3.02399 2
      vertex 53.5757 3.07574 2
    endloop
  endfacet
  facet normal 0 0 1
    outer loop
      vertex 46.2694 2.52598 2
      vertex 53.5757 3.07574 2
      vertex 53.524 3.13474 2
    endloop
  endfacet
  facet normal 0 0 1
    outer loop
      vertex 46.3856 2.7 2
      vertex 53.524 3.13474 2
      vertex 53.4804 3.2 2
    endloop
  endfacet
  facet normal 0 0 1
    outer loop
      vertex 46.4782 2.88771 2
      vertex 53.4804 3.2 2
      vertex 53.4457 3.27039 2
    endloop
  endfacet
  facet normal 0 0 1
    outer loop
      vertex 46.5455 3.08589 2
      vertex 53.4457 3.27039 2
      vertex 53.4204 3.34471 2
    endloop
  endfacet
  facet normal 0 0 1
    outer loop
      vertex 46.5863 3.29116 2
      vertex 53.4204 3.34471 2
      vertex 53.4051 3.42168 2
    endloop
  endfacet
  facet normal -0 0 1
    outer loop
      vertex 46.6 3.5 2
      vertex 53.4051 3.42168 2
      vertex 53.4 3.5 2
    endloop
  endfacet
  facet normal 0 0 1
    outer loop
      vertex 53.4051 3.42168 2
      vertex 46.6 3.5 2
      vertex 46.5863 3.29116 2
    endloop
  endfacet
  facet normal 0 0 1
    outer loop
      vertex 53.4204 3.34471 2
      vertex 46.5863 3.29116 2
      vertex 46.5455 3.08589 2
    endloop
  endfacet
  facet normal 0 0 1
    outer loop
      vertex 53.4457 3.27039 2
      vertex 46.5455 3.08589 2
      vertex 46.4782 2.88771 2
    endloop
  endfacet
  facet normal 0 0 1
    outer loop
      vertex 53.4804 3.2 2
      vertex 46.4782 2.88771 2
      vertex 46.3856 2.7 2
    endloop
  endfacet
  facet normal 0 0 1
    outer loop
      vertex 53.524 3.13474 2
      vertex 46.3856 2.7 2
      vertex 46.2694 2.52598 2
    endloop
  endfacet
  facet normal 0 0 1
    outer loop
      vertex 53.6347 3.02399 2
      vertex 46.2694 2.52598 2
      vertex 46.1314 2.36863 2
    endloop
  endfacet
  facet normal 0 0 1
    outer loop
      vertex 53.7 2.98038 2
      vertex 46.1314 2.36863 2
      vertex 45.974 2.23063 2
    endloop
  endfacet
  facet normal 0 0 1
    outer loop
      vertex 53.7704 2.94567 2
      vertex 45.974 2.23063 2
      vertex 45.8 2.11436 2
    endloop
  endfacet
  facet normal 0 0 1
    outer loop
      vertex 56.7716 -16.548 2
      vertex 54 -18.4 2
      vertex 56.5981 -16.9 2
    endloop
  endfacet
  facet normal 0 0 1
    outer loop
      vertex 56.5981 -16.9 2
      vertex 54 -18.4 2
      vertex 56.3801 -17.2263 2
    endloop
  endfacet
  facet normal 0 0 1
    outer loop
      vertex 56.9743 -15.7916 2
      vertex 54 -18.4 2
      vertex 56.8978 -16.1764 2
    endloop
  endfacet
  facet normal -0 0 1
    outer loop
      vertex 45.2088 1.91369 2
      vertex 54 -18.4 2
      vertex 45.4141 1.95452 2
    endloop
  endfacet
  facet normal -0 0 1
    outer loop
      vertex 45 1.9 2
      vertex 54 -18.4 2
      vertex 45.2088 1.91369 2
    endloop
  endfacet
  facet normal 0 0 1
    outer loop
      vertex 44.7912 1.91369 2
      vertex 54 -18.4 2
      vertex 45 1.9 2
    endloop
  endfacet
  facet normal 0 0 1
    outer loop
      vertex 44.5859 1.95452 2
      vertex 54 -18.4 2
      vertex 44.7912 1.91369 2
    endloop
  endfacet
  facet normal 0 0 1
    outer loop
      vertex 44.3877 2.02179 2
      vertex 54 -18.4 2
      vertex 44.5859 1.95452 2
    endloop
  endfacet
  facet normal 0 0 1
    outer loop
      vertex 44.2 2.11436 2
      vertex 54 -18.4 2
      vertex 44.3877 2.02179 2
    endloop
  endfacet
  facet normal 0 0 1
    outer loop
      vertex 44.026 2.23063 2
      vertex 54 -18.4 2
      vertex 44.2 2.11436 2
    endloop
  endfacet
  facet normal 0 0 1
    outer loop
      vertex 43.8686 2.36863 2
      vertex 54 -18.4 2
      vertex 44.026 2.23063 2
    endloop
  endfacet
  facet normal 0 0 1
    outer loop
      vertex 43.7306 2.52598 2
      vertex 54 -18.4 2
      vertex 43.8686 2.36863 2
    endloop
  endfacet
  facet normal 0 0 1
    outer loop
      vertex -43.7306 2.52598 2
      vertex 43.7306 2.52598 2
      vertex 43.6144 2.7 2
    endloop
  endfacet
  facet normal 0 0 1
    outer loop
      vertex -43.6144 2.7 2
      vertex 43.6144 2.7 2
      vertex 43.5218 2.88771 2
    endloop
  endfacet
  facet normal -0 0 1
    outer loop
      vertex -43.4 3.5 2
      vertex 43.4137 3.29116 2
      vertex 43.4 3.5 2
    endloop
  endfacet
  facet normal 0 0 1
    outer loop
      vertex -43.4137 3.29116 2
      vertex 43.4137 3.29116 2
      vertex -43.4 3.5 2
    endloop
  endfacet
  facet normal 0 0 1
    outer loop
      vertex 43.4137 3.29116 2
      vertex -43.4137 3.29116 2
      vertex 43.4545 3.08589 2
    endloop
  endfacet
  facet normal 0 0 1
    outer loop
      vertex -43.4545 3.08589 2
      vertex 43.4545 3.08589 2
      vertex -43.4137 3.29116 2
    endloop
  endfacet
  facet normal 0 0 1
    outer loop
      vertex 43.4545 3.08589 2
      vertex -43.4545 3.08589 2
      vertex 43.5218 2.88771 2
    endloop
  endfacet
  facet normal 0 0 1
    outer loop
      vertex -43.5218 2.88771 2
      vertex 43.5218 2.88771 2
      vertex -43.4545 3.08589 2
    endloop
  endfacet
  facet normal 0 0 1
    outer loop
      vertex -43.6144 2.7 2
      vertex 43.5218 2.88771 2
      vertex -43.5218 2.88771 2
    endloop
  endfacet
  facet normal 0 0 1
    outer loop
      vertex 43.6144 2.7 2
      vertex -43.6144 2.7 2
      vertex -43.7306 2.52598 2
    endloop
  endfacet
  facet normal 0 0 1
    outer loop
      vertex 43.7306 2.52598 2
      vertex -43.7306 2.52598 2
      vertex 54 -18.4 2
    endloop
  endfacet
  facet normal 0 0 1
    outer loop
      vertex -54 -18.4 2
      vertex -43.7306 2.52598 2
      vertex -43.8686 2.36863 2
    endloop
  endfacet
  facet normal 0 0 1
    outer loop
      vertex -54 -18.4 2
      vertex -43.8686 2.36863 2
      vertex -44.026 2.23063 2
    endloop
  endfacet
  facet normal 0 0 1
    outer loop
      vertex -54 -18.4 2
      vertex -44.026 2.23063 2
      vertex -44.2 2.11436 2
    endloop
  endfacet
  facet normal 0 0 1
    outer loop
      vertex -54 -18.4 2
      vertex -44.2 2.11436 2
      vertex -44.3877 2.02179 2
    endloop
  endfacet
  facet normal 0 0 1
    outer loop
      vertex -54 -18.4 2
      vertex -44.3877 2.02179 2
      vertex -44.5859 1.95452 2
    endloop
  endfacet
  facet normal 0 0 1
    outer loop
      vertex -54 -18.4 2
      vertex -44.5859 1.95452 2
      vertex -44.7912 1.91369 2
    endloop
  endfacet
  facet normal 0 0 1
    outer loop
      vertex -54 -18.4 2
      vertex -44.7912 1.91369 2
      vertex -45 1.9 2
    endloop
  endfacet
  facet normal 0 0 1
    outer loop
      vertex -54 -18.4 2
      vertex -45 1.9 2
      vertex -45.2088 1.91369 2
    endloop
  endfacet
  facet normal 0 0 1
    outer loop
      vertex -54 -18.4 2
      vertex -45.2088 1.91369 2
      vertex -45.4141 1.95452 2
    endloop
  endfacet
  facet normal 0 0 1
    outer loop
      vertex -53.4051 3.42168 2
      vertex -46.6 3.5 2
      vertex -53.4 3.5 2
    endloop
  endfacet
  facet normal 0 0 1
    outer loop
      vertex -46.6 3.5 2
      vertex -53.4051 3.42168 2
      vertex -46.5863 3.29116 2
    endloop
  endfacet
  facet normal -0 0 1
    outer loop
      vertex -53.4204 3.34471 2
      vertex -46.5863 3.29116 2
      vertex -53.4051 3.42168 2
    endloop
  endfacet
  facet normal 0 0 1
    outer loop
      vertex -46.5863 3.29116 2
      vertex -53.4204 3.34471 2
      vertex -46.5455 3.08589 2
    endloop
  endfacet
  facet normal -0 0 1
    outer loop
      vertex -53.4457 3.27039 2
      vertex -46.5455 3.08589 2
      vertex -53.4204 3.34471 2
    endloop
  endfacet
  facet normal 0 0 1
    outer loop
      vertex -46.5455 3.08589 2
      vertex -53.4457 3.27039 2
      vertex -46.4782 2.88771 2
    endloop
  endfacet
  facet normal -0 0 1
    outer loop
      vertex -53.4804 3.2 2
      vertex -46.4782 2.88771 2
      vertex -53.4457 3.27039 2
    endloop
  endfacet
  facet normal 0 0 1
    outer loop
      vertex -46.4782 2.88771 2
      vertex -53.4804 3.2 2
      vertex -46.3856 2.7 2
    endloop
  endfacet
  facet normal -0 0 1
    outer loop
      vertex -53.524 3.13474 2
      vertex -46.3856 2.7 2
      vertex -53.4804 3.2 2
    endloop
  endfacet
  facet normal 0 0 1
    outer loop
      vertex -46.3856 2.7 2
      vertex -53.524 3.13474 2
      vertex -46.2694 2.52598 2
    endloop
  endfacet
  facet normal -0 0 1
    outer loop
      vertex -53.5757 3.07574 2
      vertex -46.2694 2.52598 2
      vertex -53.524 3.13474 2
    endloop
  endfacet
  facet normal -0 0 1
    outer loop
      vertex -53.6347 3.02399 2
      vertex -46.2694 2.52598 2
      vertex -53.5757 3.07574 2
    endloop
  endfacet
  facet normal 0 0 1
    outer loop
      vertex -46.2694 2.52598 2
      vertex -53.6347 3.02399 2
      vertex -46.1314 2.36863 2
    endloop
  endfacet
  facet normal -0 0 1
    outer loop
      vertex -53.7 2.98038 2
      vertex -46.1314 2.36863 2
      vertex -53.6347 3.02399 2
    endloop
  endfacet
  facet normal 0 0 1
    outer loop
      vertex -46.1314 2.36863 2
      vertex -53.7 2.98038 2
      vertex -45.974 2.23063 2
    endloop
  endfacet
  facet normal -0 0 1
    outer loop
      vertex -53.7704 2.94567 2
      vertex -45.974 2.23063 2
      vertex -53.7 2.98038 2
    endloop
  endfacet
  facet normal 0 0 1
    outer loop
      vertex -45.974 2.23063 2
      vertex -53.7704 2.94567 2
      vertex -45.8 2.11436 2
    endloop
  endfacet
  facet normal -0 0 1
    outer loop
      vertex -53.8447 2.92044 2
      vertex -45.8 2.11436 2
      vertex -53.7704 2.94567 2
    endloop
  endfacet
  facet normal 0 0 1
    outer loop
      vertex -57 -15.4 2
      vertex -45.8 2.11436 2
      vertex -53.8447 2.92044 2
    endloop
  endfacet
  facet normal 0 0 1
    outer loop
      vertex -45.8 2.11436 2
      vertex -57 -15.4 2
      vertex -45.6123 2.02179 2
    endloop
  endfacet
  facet normal 0 0 1
    outer loop
      vertex -45.6123 2.02179 2
      vertex -57 -15.4 2
      vertex -45.4141 1.95452 2
    endloop
  endfacet
  facet normal 0 0 1
    outer loop
      vertex -57 -15.4 2
      vertex -53.8447 2.92044 2
      vertex -53.9217 2.90513 2
    endloop
  endfacet
  facet normal 0 0 1
    outer loop
      vertex -57 -15.4 2
      vertex -53.9217 2.90513 2
      vertex -54 2.9 2
    endloop
  endfacet
  facet normal 0 0 1
    outer loop
      vertex -43.7306 2.52598 2
      vertex -54 -18.4 2
      vertex 54 -18.4 2
    endloop
  endfacet
  facet normal 0 0 1
    outer loop
      vertex -57 -15.4 2
      vertex -54 2.9 2
      vertex -54.0783 2.90513 2
    endloop
  endfacet
  facet normal 0 0 1
    outer loop
      vertex -57 -15.4 2
      vertex -54.0783 2.90513 2
      vertex -54.1553 2.92044 2
    endloop
  endfacet
  facet normal 0 0 1
    outer loop
      vertex -57 -15.4 2
      vertex -54.1553 2.92044 2
      vertex -54.2296 2.94567 2
    endloop
  endfacet
  facet normal 0 0 1
    outer loop
      vertex -57 -15.4 2
      vertex -54.2296 2.94567 2
      vertex -54.3 2.98038 2
    endloop
  endfacet
  facet normal 0 0 1
    outer loop
      vertex -57 -15.4 2
      vertex -54.3 2.98038 2
      vertex -54.3653 3.02399 2
    endloop
  endfacet
  facet normal 0 0 1
    outer loop
      vertex -45.4141 1.95452 2
      vertex -57 -15.4 2
      vertex -54 -18.4 2
    endloop
  endfacet
  facet normal 0 0 1
    outer loop
      vertex -57 -15.4 2
      vertex -54.3653 3.02399 2
      vertex -54.4243 3.07574 2
    endloop
  endfacet
  facet normal 0 0 1
    outer loop
      vertex -57 -15.4 2
      vertex -54.4243 3.07574 2
      vertex -54.476 3.13474 2
    endloop
  endfacet
  facet normal 0 0 1
    outer loop
      vertex -57 -15.4 2
      vertex -54.476 3.13474 2
      vertex -54.5196 3.2 2
    endloop
  endfacet
  facet normal 0 0 1
    outer loop
      vertex -57 -15.4 2
      vertex -54.5196 3.2 2
      vertex -54.5543 3.27039 2
    endloop
  endfacet
  facet normal 0 0 1
    outer loop
      vertex -57 -15.4 2
      vertex -54.5543 3.27039 2
      vertex -54.5796 3.34471 2
    endloop
  endfacet
  facet normal 0 0 1
    outer loop
      vertex -57 -15.4 2
      vertex -54.5796 3.34471 2
      vertex -54.5949 3.42168 2
    endloop
  endfacet
  facet normal 0 0 1
    outer loop
      vertex -57 -15.4 2
      vertex -54.5949 3.42168 2
      vertex -54.6 3.5 2
    endloop
  endfacet
  facet normal 0 0 1
    outer loop
      vertex -54.5949 3.57831 2
      vertex -57 15.4 2
      vertex -54.6 3.5 2
    endloop
  endfacet
  facet normal 0 0 1
    outer loop
      vertex -57 -15.4 2
      vertex -54.6 3.5 2
      vertex -57 15.4 2
    endloop
  endfacet
  facet normal 0 0 1
    outer loop
      vertex -57 15.4 2
      vertex -54.7764 18.2978 2
      vertex -55.148 18.1716 2
    endloop
  endfacet
  facet normal 0 0 1
    outer loop
      vertex -54 -18.4 2
      vertex -57 -15.4 2
      vertex -54.3916 -18.3743 2
    endloop
  endfacet
  facet normal 0 0 1
    outer loop
      vertex -57 15.4 2
      vertex -55.148 18.1716 2
      vertex -55.5 17.9981 2
    endloop
  endfacet
  facet normal 0 0 1
    outer loop
      vertex -54.3916 -18.3743 2
      vertex -57 -15.4 2
      vertex -54.7764 -18.2978 2
    endloop
  endfacet
  facet normal 0 0 1
    outer loop
      vertex -57 15.4 2
      vertex -55.5 17.9981 2
      vertex -55.8263 17.78 2
    endloop
  endfacet
  facet normal 0 0 1
    outer loop
      vertex -54.7764 -18.2978 2
      vertex -57 -15.4 2
      vertex -55.148 -18.1716 2
    endloop
  endfacet
  facet normal 0 0 1
    outer loop
      vertex -57 15.4 2
      vertex -55.8263 17.78 2
      vertex -56.1213 17.5213 2
    endloop
  endfacet
  facet normal 0 0 1
    outer loop
      vertex -55.148 -18.1716 2
      vertex -57 -15.4 2
      vertex -55.5 -17.9981 2
    endloop
  endfacet
  facet normal 0 0 1
    outer loop
      vertex -57 15.4 2
      vertex -56.1213 17.5213 2
      vertex -56.3801 17.2263 2
    endloop
  endfacet
  facet normal 0 0 1
    outer loop
      vertex -55.5 -17.9981 2
      vertex -57 -15.4 2
      vertex -55.8263 -17.78 2
    endloop
  endfacet
  facet normal 0 0 1
    outer loop
      vertex -57 15.4 2
      vertex -56.3801 17.2263 2
      vertex -56.5981 16.9 2
    endloop
  endfacet
  facet normal 0 0 1
    outer loop
      vertex -55.8263 -17.78 2
      vertex -57 -15.4 2
      vertex -56.1213 -17.5213 2
    endloop
  endfacet
  facet normal 0 0 1
    outer loop
      vertex -57 15.4 2
      vertex -56.5981 16.9 2
      vertex -56.7716 16.548 2
    endloop
  endfacet
  facet normal 0 0 1
    outer loop
      vertex -56.1213 -17.5213 2
      vertex -57 -15.4 2
      vertex -56.3801 -17.2263 2
    endloop
  endfacet
  facet normal 0 0 1
    outer loop
      vertex -57 15.4 2
      vertex -56.7716 16.548 2
      vertex -56.8978 16.1764 2
    endloop
  endfacet
  facet normal 0 0 1
    outer loop
      vertex -56.3801 -17.2263 2
      vertex -57 -15.4 2
      vertex -56.5981 -16.9 2
    endloop
  endfacet
  facet normal 0 0 1
    outer loop
      vertex -57 15.4 2
      vertex -56.8978 16.1764 2
      vertex -56.9743 15.7916 2
    endloop
  endfacet
  facet normal 0 0 1
    outer loop
      vertex -56.5981 -16.9 2
      vertex -57 -15.4 2
      vertex -56.7716 -16.548 2
    endloop
  endfacet
  facet normal 0 0 1
    outer loop
      vertex -56.7716 -16.548 2
      vertex -57 -15.4 2
      vertex -56.8978 -16.1764 2
    endloop
  endfacet
  facet normal 0 0 1
    outer loop
      vertex -56.8978 -16.1764 2
      vertex -57 -15.4 2
      vertex -56.9743 -15.7916 2
    endloop
  endfacet
  facet normal -0.946885 0.321574 0
    outer loop
      vertex -56.8978 16.1764 0
      vertex -56.7716 16.548 2
      vertex -56.7716 16.548 0
    endloop
  endfacet
  facet normal -0.946885 0.321574 0
    outer loop
      vertex -56.7716 16.548 2
      vertex -56.8978 16.1764 0
      vertex -56.8978 16.1764 2
    endloop
  endfacet
  facet normal 0.0654873 0.997853 -0
    outer loop
      vertex 54.3916 18.3743 0
      vertex 54 18.4 2
      vertex 54.3916 18.3743 2
    endloop
  endfacet
  facet normal 0.0654873 0.997853 0
    outer loop
      vertex 54 18.4 2
      vertex 54.3916 18.3743 0
      vertex 54 18.4 0
    endloop
  endfacet
  facet normal 0.321574 0.946885 -0
    outer loop
      vertex 55.148 18.1716 0
      vertex 54.7764 18.2978 2
      vertex 55.148 18.1716 2
    endloop
  endfacet
  facet normal 0.321574 0.946885 0
    outer loop
      vertex 54.7764 18.2978 2
      vertex 55.148 18.1716 0
      vertex 54.7764 18.2978 0
    endloop
  endfacet
  facet normal -0.194989 -0.980806 0
    outer loop
      vertex -54.7764 -18.2978 0
      vertex -54.3916 -18.3743 2
      vertex -54.7764 -18.2978 2
    endloop
  endfacet
  facet normal -0.194989 -0.980806 -0
    outer loop
      vertex -54.3916 -18.3743 2
      vertex -54.7764 -18.2978 0
      vertex -54.3916 -18.3743 0
    endloop
  endfacet
  facet normal -0.555699 0.831383 0
    outer loop
      vertex -55.5 17.9981 0
      vertex -55.8263 17.78 2
      vertex -55.5 17.9981 2
    endloop
  endfacet
  facet normal -0.555699 0.831383 0
    outer loop
      vertex -55.8263 17.78 2
      vertex -55.5 17.9981 0
      vertex -55.8263 17.78 0
    endloop
  endfacet
  facet normal 0.194989 0.980806 -0
    outer loop
      vertex 54.7764 18.2978 0
      vertex 54.3916 18.3743 2
      vertex 54.7764 18.2978 2
    endloop
  endfacet
  facet normal 0.194989 0.980806 0
    outer loop
      vertex 54.3916 18.3743 2
      vertex 54.7764 18.2978 0
      vertex 54.3916 18.3743 0
    endloop
  endfacet
  facet normal 0.896961 0.44211 0
    outer loop
      vertex 56.7716 16.548 2
      vertex 56.5981 16.9 0
      vertex 56.5981 16.9 2
    endloop
  endfacet
  facet normal 0.896961 0.44211 0
    outer loop
      vertex 56.5981 16.9 0
      vertex 56.7716 16.548 2
      vertex 56.7716 16.548 0
    endloop
  endfacet
  facet normal -0.659334 0.75185 0
    outer loop
      vertex -55.8263 17.78 0
      vertex -56.1213 17.5213 2
      vertex -55.8263 17.78 2
    endloop
  endfacet
  facet normal -0.659334 0.75185 0
    outer loop
      vertex -56.1213 17.5213 2
      vertex -55.8263 17.78 0
      vertex -56.1213 17.5213 0
    endloop
  endfacet
  facet normal 0.555699 -0.831383 0
    outer loop
      vertex 55.5 -17.9981 0
      vertex 55.8263 -17.78 2
      vertex 55.5 -17.9981 2
    endloop
  endfacet
  facet normal 0.555699 -0.831383 0
    outer loop
      vertex 55.8263 -17.78 2
      vertex 55.5 -17.9981 0
      vertex 55.8263 -17.78 0
    endloop
  endfacet
  facet normal 0.44211 -0.896961 0
    outer loop
      vertex 55.148 -18.1716 0
      vertex 55.5 -17.9981 2
      vertex 55.148 -18.1716 2
    endloop
  endfacet
  facet normal 0.44211 -0.896961 0
    outer loop
      vertex 55.5 -17.9981 2
      vertex 55.148 -18.1716 0
      vertex 55.5 -17.9981 0
    endloop
  endfacet
  facet normal 0.659334 -0.75185 0
    outer loop
      vertex 55.8263 -17.78 0
      vertex 56.1213 -17.5213 2
      vertex 55.8263 -17.78 2
    endloop
  endfacet
  facet normal 0.659334 -0.75185 0
    outer loop
      vertex 56.1213 -17.5213 2
      vertex 55.8263 -17.78 0
      vertex 56.1213 -17.5213 0
    endloop
  endfacet
  facet normal -0.831501 0.555523 0
    outer loop
      vertex -56.5981 16.9 0
      vertex -56.3801 17.2263 2
      vertex -56.3801 17.2263 0
    endloop
  endfacet
  facet normal -0.831501 0.555523 0
    outer loop
      vertex -56.3801 17.2263 2
      vertex -56.5981 16.9 0
      vertex -56.5981 16.9 2
    endloop
  endfacet
  facet normal -0.751724 -0.659478 0
    outer loop
      vertex -56.1213 -17.5213 0
      vertex -56.3801 -17.2263 2
      vertex -56.3801 -17.2263 0
    endloop
  endfacet
  facet normal -0.751724 -0.659478 0
    outer loop
      vertex -56.3801 -17.2263 2
      vertex -56.1213 -17.5213 0
      vertex -56.1213 -17.5213 2
    endloop
  endfacet
  facet normal 0.44211 0.896961 -0
    outer loop
      vertex 55.5 17.9981 0
      vertex 55.148 18.1716 2
      vertex 55.5 17.9981 2
    endloop
  endfacet
  facet normal 0.44211 0.896961 0
    outer loop
      vertex 55.148 18.1716 2
      vertex 55.5 17.9981 0
      vertex 55.148 18.1716 0
    endloop
  endfacet
  facet normal -0.659334 -0.75185 0
    outer loop
      vertex -56.1213 -17.5213 0
      vertex -55.8263 -17.78 2
      vertex -56.1213 -17.5213 2
    endloop
  endfacet
  facet normal -0.659334 -0.75185 -0
    outer loop
      vertex -55.8263 -17.78 2
      vertex -56.1213 -17.5213 0
      vertex -55.8263 -17.78 0
    endloop
  endfacet
  facet normal 0.659334 0.75185 -0
    outer loop
      vertex 56.1213 17.5213 0
      vertex 55.8263 17.78 2
      vertex 56.1213 17.5213 2
    endloop
  endfacet
  facet normal 0.659334 0.75185 0
    outer loop
      vertex 55.8263 17.78 2
      vertex 56.1213 17.5213 0
      vertex 55.8263 17.78 0
    endloop
  endfacet
  facet normal 0.946885 -0.321574 0
    outer loop
      vertex 56.7716 -16.548 2
      vertex 56.8978 -16.1764 0
      vertex 56.8978 -16.1764 2
    endloop
  endfacet
  facet normal 0.946885 -0.321574 0
    outer loop
      vertex 56.8978 -16.1764 0
      vertex 56.7716 -16.548 2
      vertex 56.7716 -16.548 0
    endloop
  endfacet
  facet normal -0.751724 0.659478 0
    outer loop
      vertex -56.3801 17.2263 0
      vertex -56.1213 17.5213 2
      vertex -56.1213 17.5213 0
    endloop
  endfacet
  facet normal -0.751724 0.659478 0
    outer loop
      vertex -56.1213 17.5213 2
      vertex -56.3801 17.2263 0
      vertex -56.3801 17.2263 2
    endloop
  endfacet
  facet normal 0.831501 0.555523 0
    outer loop
      vertex 56.5981 16.9 2
      vertex 56.3801 17.2263 0
      vertex 56.3801 17.2263 2
    endloop
  endfacet
  facet normal 0.831501 0.555523 0
    outer loop
      vertex 56.3801 17.2263 0
      vertex 56.5981 16.9 2
      vertex 56.5981 16.9 0
    endloop
  endfacet
  facet normal 0.555699 0.831383 -0
    outer loop
      vertex 55.8263 17.78 0
      vertex 55.5 17.9981 2
      vertex 55.8263 17.78 2
    endloop
  endfacet
  facet normal 0.555699 0.831383 0
    outer loop
      vertex 55.5 17.9981 2
      vertex 55.8263 17.78 0
      vertex 55.5 17.9981 0
    endloop
  endfacet
  facet normal 0.751724 -0.659478 0
    outer loop
      vertex 56.1213 -17.5213 2
      vertex 56.3801 -17.2263 0
      vertex 56.3801 -17.2263 2
    endloop
  endfacet
  facet normal 0.751724 -0.659478 0
    outer loop
      vertex 56.3801 -17.2263 0
      vertex 56.1213 -17.5213 2
      vertex 56.1213 -17.5213 0
    endloop
  endfacet
  facet normal 0.980806 -0.194989 0
    outer loop
      vertex 56.8978 -16.1764 2
      vertex 56.9743 -15.7916 0
      vertex 56.9743 -15.7916 2
    endloop
  endfacet
  facet normal 0.980806 -0.194989 0
    outer loop
      vertex 56.9743 -15.7916 0
      vertex 56.8978 -16.1764 2
      vertex 56.8978 -16.1764 0
    endloop
  endfacet
  facet normal 0.997853 -0.0654873 0
    outer loop
      vertex 56.9743 -15.7916 2
      vertex 57 -15.4 0
      vertex 57 -15.4 2
    endloop
  endfacet
  facet normal 0.997853 -0.0654873 0
    outer loop
      vertex 57 -15.4 0
      vertex 56.9743 -15.7916 2
      vertex 56.9743 -15.7916 0
    endloop
  endfacet
  facet normal -0.997853 0.0654873 0
    outer loop
      vertex -57 15.4 0
      vertex -56.9743 15.7916 2
      vertex -56.9743 15.7916 0
    endloop
  endfacet
  facet normal -0.997853 0.0654873 0
    outer loop
      vertex -56.9743 15.7916 2
      vertex -57 15.4 0
      vertex -57 15.4 2
    endloop
  endfacet
endsolid OpenSCAD_Model
